X2;mean;X0,5_inf;X0,5_sup;X0,95_inf;X0,95_sup;mean,1;X0,5_inf,1;X0,5_sup,1;X0,95_inf,1;X0,95_sup,1;mean,2;X0,5_inf,2;X0,5_sup,2;X0,95_inf,2;X0,95_sup,2;mean,3;X0,5_inf,3;X0,5_sup,3;X0,95_inf,3;X0,95_sup,3;mean,4;X0,5_inf,4;X0,5_sup,4;X0,95_inf,4;X0,95_sup,4
2396,070946;4,350056988;2,810406711;5,876872221;-0,262448262;8,9515174;573,1081228;324,3450009;596,7326694;183,9765038;1070,830072;12,84306398;10,55728527;15,18625589;5,977001059;19,72685011;-2,346262698;-5,150620296;0,459558058;-10,66205058;5,965220606;7254,196618;4475,628425;9064,589868;1096,168778;13092,89504
2768,732889;4,322366486;2,783816167;5,885882548;-0,291818087;8,966888455;569,0294167;324,5539874;593,2571746;183,9748477;1057,642898;12,82302406;10,45142172;15,23374766;5,755292983;19,91141114;-2,324392439;-5,275027257;0,595909829;-10,99536111;6,356704219;7128,88356;4445,358837;8917,967864;1102,310971;12828,5634
3146,842834;4,646905407;3,251120877;6,03348765;0,476201551;8,78789048;566,2314682;334,6414807;594,4976022;194,7178739;1032,036922;12,69684302;10,35570719;14,99210659;5,805580234;19,58449138;-1,713859298;-4,360198561;0,96147671;-9,608283877;6,160904471;6966,568234;4444,439072;8731,325713;1100,807269;12410,59414
3514,851571;4,464364338;3,057765166;5,880518262;0,271703189;8,692996843;555,394343;322,8714571;581,8957549;185,1638451;1023,040344;12,54942994;10,24412179;14,89886965;5,655689894;19,48854032;-1,912488438;-4,656533731;0,805610789;-10,02004755;6,163096448;6898,92867;4352,985121;8640,81958;1051,905579;12349,90596
3878,586443;4,309022354;3,102305925;5,53287471;0,658001258;7,961835659;524,6307728;307,2967422;550,1769505;177,5303722;961,536051;12,01376544;9,797690072;14,2362772;5,41680971;18,58901875;-1,841986288;-4,374242872;0,700148134;-9,375428693;5,677434932;6402,63428;4107,689054;8036,251485;1004,791843;11389,27567
4242,917962;4,226905917;2,916532659;5,573012798;0,24577752;8,206077943;544,0837019;302,5975409;565,7280738;168,0397908;1025,42685;12,28874679;10,07513776;14,46171172;5,782463961;18,82507905;-2,159785985;-4,829631015;0,493697257;-10,02789233;5,716735693;6936,074358;4236,645742;8677,309776;1009,707034;12566,83424
4609,330769;4,392405757;3,200843177;5,613500767;0,751874201;8,008968961;535,2669495;304,7246716;558,4246375;173,0688644;996,6103262;12,25668172;10,18497277;14,36094655;6,080459238;18,44658854;-1,95280715;-4,365928495;0,462819274;-9,067075563;5,190605998;6701,731562;4172,581951;8401,944545;997,060415;12064,9942
4979,506773;4,587648821;3,20154573;5,956586762;0,438329651;8,704944769;565,9264258;317,7403059;589,7479886;177,8756997;1062,757897;12,96069932;10,74514754;15,18651493;6,333204422;19,55662308;-2,130023659;-4,782780446;0,503654668;-9,976710732;5,696009277;7129,737355;4364,484929;8916,951569;1042,889257;12920,79099
5351,021504;4,416820734;3,155861997;5,683945072;0,616319178;8,204583698;556,0308551;308,9340333;577,6158513;173,0377809;1048,38174;12,6572569;10,55589299;14,77528059;6,363246239;18,91704365;-2,256167903;-4,779910092;0,243716983;-9,723321636;5,203202682;7136,882553;4342,385008;8948,656246;1023,145342;12963,74627
5715,113859;4,357231785;3,163065978;5,567410637;0,725668812;7,973374727;547,378885;301,5020823;567,9396335;167,1385184;1036,670827;12,3911419;10,32111241;14,44186208;6,292415785;18,47758083;-2,168076215;-4,643577534;0,290919547;-9,437853809;5,122228291;7103,392564;4299,521613;8901,099969;992,221872;12926,63132
6087,759622;4,354673732;3,169049172;5,525059435;0,8088218;7,907596709;545,6433008;301,4140084;566,1511769;167,8187865;1032,423796;12,37639207;10,31089499;14,41153065;6,243601933;18,46980711;-2,154398264;-4,625498182;0,328831614;-9,491239244;5,143046576;7082,144784;4306,857288;8881,485789;992,1363471;12874,32156
6458,376813;4,219615433;3,083448261;5,390348036;0,724775946;7,698715726;528,3295239;294,5688299;548,775401;166,1968089;994,9441534;12,28590954;10,17129344;14,3921166;6,020008437;18,57092192;-2,304036243;-4,823231719;0,209279007;-9,796040602;5,205974536;6863,035229;4220,171314;8624,800847;977,8027609;12422,37447
6833,758072;4,050985911;2,806355954;5,294346481;0,337022334;7,778819798;537,4099134;293,6901251;556,9648935;162,2645409;1022,933235;12,25844961;10,11686003;14,42423235;5,829501197;18,67125005;-2,643581668;-5,279388116;0,000669715;-10,43580827;5,145069544;7182,79046;4394,363468;9032,948444;989,7217883;13059,79859
7210,657944;4,288697621;2,951026023;5,595371114;0,343691354;8,25881592;557,1160281;313,4286623;579,6993145;177,3068407;1044,37669;12,73173686;10,49306806;14,98025827;6,082180861;19,39468083;-2,620824692;-5,256047919;0,001389362;-10,41718496;5,16035221;7347,675183;4523,831909;9238,010213;1017,972953;13332,70639
7578,433129;4,128316252;2,864099377;5,380727964;0,386440361;7,900316392;530,4410086;295,1611179;551,2391549;165,1261618;1000,37392;12,26355961;10,09984223;14,39099674;5,858472391;18,65017905;-2,543630858;-5,057539773;-0,066935262;-9,958331595;4,82703105;6980,075584;4283,097267;8788,256366;948,8911138;12692,5428
7937,690167;4,585731311;3,134644282;6,066861797;0,19446569;8,978616948;600,0993656;346,5861936;625,927356;201,5812124;1108,300721;13,41687339;11,0227413;15,78343343;6,338614151;20,50400186;-2,64720307;-5,376002439;0,060125536;-10,69205814;5,377831961;7851,80619;4849,787803;9883,715541;1065,659409;14242,72052
8307,797195;4,281867152;2,959817668;5,621493604;0,332806243;8,249237729;558,2695571;313,8964246;580,9558797;177,4470324;1048,09395;12,66865438;10,42824624;14,88462705;6,04814579;19,26950979;-2,605093018;-5,186181385;0,003788152;-10,32359199;5,096816723;7367,72088;4521,269819;9267,930687;1004,113496;13389,63479
8677,562639;4,425098499;2,949043024;5,871523243;0,030721123;8,773590051;593,7623404;333,3546736;617,06959;188,9524706;1114,165088;13,29225976;10,8851856;15,72483993;6,078229102;20,49008846;-2,773161891;-5,7243948;0,163423101;-11,4626487;5,905754963;7928,255334;4872,928412;9984,076771;1079,232146;14415,04121
9054,808368;4,865029812;3,350201753;6,336124495;0,353125144;9,320057861;610,491276;353,0318144;636,8745972;205,5894422;1128,431818;13,95548007;11,49792911;16,40925112;6,687613574;21,23830281;-2,594279239;-5,418941156;0,209068175;-10,91727755;5,74985755;7823,280913;4810,373537;9833,677186;1093,626012;14181,73511
9427,476876;4,939243492;3,296999299;6,548236798;0,050557373;9,795227748;635,5995179;373,4744542;665,2918001;220,4477658;1163,838272;14,28404457;11,75342103;16,8463713;6,75019141;21,83124209;-2,633074077;-5,460345377;0,155141695;-11,02665252;5,689096437;8068,207517;4984,764476;10134,63719;1152,725172;14599,65007
9801,382754;5,004643256;3,150024402;6,862141424;-0,529654808;10,55845185;673,5295433;389,2685455;702,6032865;227,7511999;1243,568189;14,94686767;12,22906862;17,67649336;6,87084008;23,01748024;-2,906128283;-6,153052415;0,328341096;-12,48094896;6,669949165;8648,657511;5285,004562;10844,16127;1222,746541;15690,87101
10169,42178;4,980931479;2,541270499;7,422430401;-2,284530447;12,24732734;695,4678925;388,9299068;719,746818;223,7842731;1312,795971;16,19388354;13,07596581;19,34352737;6,935191673;25,45810314;-3,610816342;-7,612139588;0,392143066;-15,44124161;8,213884743;8826,814404;5288,852302;11002,30563;1255,228306;16048,22882
10535,23671;4,599895623;1,981613312;7,207698104;-3,135489382;12,36468589;674,3273717;358,7557396;690,9686802;200,4579705;1309,662562;16,32701253;13,24627877;19,42734412;7,178192902;25,47696277;-4,335077039;-8,614369959;-0,017553202;-17,02343549;8,34587812;8504,597571;5078,856484;10534,78422;1320,367259;15451,20607
10910,00029;4,222695952;1,398585401;7,083500689;-4,221704261;12,64369058;661,5790926;348,3248151;675,7808992;192,7166967;1292,980063;16,5705297;13,35102867;19,74733707;7,099930917;26,00079359;-5,543911623;-10,30683026;-0,780709761;-19,57664406;8,478571034;8505,451797;5080,293646;10530,19558;1335,038867;15448,19326
11275,39388;4,151780024;1,314624533;6,984728135;-4,260838651;12,56507301;665,3229639;353,3389273;679,5500853;197,6091404;1297,03581;16,52733811;13,31554276;19,7639949;6,992853557;26,09513254;-5,820831775;-10,64536182;-1,0109024;-20,04400221;8,408260376;8530,689542;5069,258426;10553,08196;1337,187005;15520,64936
11627,27831;3,989667267;1,521802167;6,481771596;-3,346146283;11,38723204;664,5125048;356,9187438;678,4521095;202,854416;1287,471787;15,60293376;12,54739686;18,64414485;6,566696363;24,66123007;-5,444813647;-9,975997234;-0,897705316;-18,8078496;7,942295221;8755,308257;5125,924408;10850,57979;1245,143184;16031,32406
11801,55578;3,814386077;1,325091769;6,272506532;-3,543715391;11,17164281;650,4754104;342,9531505;662,1648925;192,0129966;1274,989907;15,41983346;12,42841814;18,39807411;6,602593733;24,26405673;-5,520799953;-10,08209071;-0,954143875;-18,92886252;7,87899917;8705,936651;5070,817085;10774,00765;1248,25285;15955,61218
16810,74853;3,861330875;1,527353754;6,232272892;-3,137700307;10,83511387;622,6498666;318,7205348;630,4209009;174,6920133;1237,849246;15,10120938;12,13691768;18,07159033;6,332308608;23,90682585;-5,083437497;-9,512658131;-0,65885188;-18,11862073;7,982855718;8324,512553;4817,693563;10279,18918;1187,009984;15295,9163
16880,37951;4,047978218;1,49754024;6,602104685;-3,496841603;11,58637271;614,6000257;317,5642159;623,9931043;174,4430794;1214,617575;15,76084854;12,66234376;18,84049784;6,597204889;24,90210287;-5,000475424;-9,45401261;-0,504101777;-18,16730775;8,195071827;7895,784577;4727,702469;9768,499849;1232,941128;14338,15401
17156,8475;3,780635135;1,079588982;6,497890618;-4,246655406;11,79990037;587,0765928;303,3764163;595,9804197;166,75718;1160,474721;16,064127;12,91049094;19,21567094;6,746526903;25,40275624;-5,90343625;-10,59379759;-1,20250505;-19,72086077;7,936206196;7497,245068;4592,143314;9277,00469;1281,598818;13501,60364
17260,3462;3,406643328;0,412725997;6,366801432;-5,419367986;12,24610589;563,8008325;285,7832687;568,6571506;155,7950929;1126,161406;16,43732679;13,23245099;19,59576105;7,000471272;25,82816898;-6,167737362;-11,01442099;-1,331513705;-20,45365128;8,088518217;7337,869237;4550,58718;9074,988728;1318,994537;13156,51921
18030,33778;3,365586749;0,0454898;6,698650148;-6,459918467;13,17502114;568,3646812;287,5411023;572,0791559;157,9297691;1137,402943;17,10959612;13,7703432;20,44247626;7,27923744;26,96978675;-6,106280804;-11,32288123;-0,897456344;-21,42712255;9,19722437;7283,024891;4579,587487;9016,940305;1347,705362;12983,86942
18773,65198;3,178267715;0,196646773;6,13479594;-5,604598506;11,96817176;573,4296338;288,1074911;576,0930215;156,9421316;1153,440393;16,08763525;12,99407135;19,18009582;6,934042549;25,27329078;-6,284055349;-11,19349302;-1,360207146;-20,77818699;8,201531564;7665,637133;4624,467873;9462,571639;1269,559495;13860,16002
19509,84403;3,187036053;0,273669423;6,098757144;-5,445589122;11,79929286;577,1556381;288,6398216;578,7296785;157,1591982;1163,897913;15,87190815;12,79178236;18,94591933;6,793471183;24,95045569;-6,135047195;-11,04832099;-1,250017747;-20,55014919;8,289076771;7787,46953;4646,791982;9607,195108;1253,205109;14143,21339
20173,26864;3,0352825;0,03964349;6,02629648;-5,832186447;11,88766553;568,11071;284,2087001;569,4867726;155,6156239;1146,979774;15,8893359;12,75948335;19,00782822;6,616072332;25,12527313;-6,479592764;-11,76482203;-1,425129393;-21,55720939;8,510908194;7639,242272;4557,158801;9420,869854;1235,127009;13864,56028
20890,86916;3,218943918;0,227255225;6,196895839;-5,61165392;12,05623224;566,9164559;285,5740704;569,3328875;156,508313;1139,082231;15,98751764;12,78182358;19,17425512;6,55997223;25,42224498;-6,10719933;-11,40204643;-1,081915236;-21,1667605;8,828055697;7454,612874;4503,115065;9202,90135;1228,901748;13484,30586
21181,94096;3,528012715;0,59288595;6,479476018;-5,139212959;12,21698356;573,5675378;288,5392137;576,7021976;157,4578566;1151,441506;16,1744233;12,9473988;19,41935697;6,605743691;25,74294724;-5,703416776;-10,62025104;-0,781687336;-20,1741204;8,789946255;7481,360922;4517,082193;9239,247372;1250,522281;13539,94867
21468,70966;3,60163772;0,859278525;6,347791145;-4,514846448;11,73807412;583,7325023;291,6938737;586,4405958;158,5337723;1175,306388;15,6088709;12,55165068;18,67181478;6,539957972;24,67654886;-4,673311545;-9,257091178;-0,05480349;-18,20477984;8,861236683;7701,924925;4573,34359;9503,684306;1218,846008;14015,51748
21713,95909;3,266637983;0,47586421;6,118831569;-5,086993842;11,64171492;573,0744633;287,6720937;576,000336;156,8502371;1153,652302;15,50898435;12,44197539;18,60511386;6,421065802;24,61931297;-5,998739449;-10,93808761;-1,032677373;-20,56601521;8,585775834;7689,222453;4579,546783;9487,426338;1230,268022;13977,53239
21812,66349;3,791360216;1,085856686;6,468145566;-4,188983348;11,80102032;588,7923735;297,1448443;593,4713346;161,9013638;1178,518289;15,62817627;12,532031;18,72183641;6,418322319;24,8301949;-4,746871638;-9,373104409;-0,12415933;-18,40032407;8,872236503;7669,003166;4579,651198;9469,768748;1226,101643;13922,72273
22057,19049;3,563610732;0,665219224;6,450686227;-5,01741708;12,11733176;574,973219;291,8993899;580,6326072;159,5998948;1148,299367;16,02077231;12,87254239;19,18441;6,666826182;25,36541278;-5,683257825;-10,54149749;-0,834306067;-19,97557301;8,593986952;7464,092566;4572,392496;9243,889429;1265,456313;13447,96301
22776,04511;3,424163953;0,62430876;6,22351038;-4,841021229;11,71359494;578,7902219;292,1067086;583,3263623;158,7637159;1158,509956;15,65388938;12,60432011;18,68706383;6,63225344;24,68420429;-5,839904221;-10,59308403;-1,070640316;-19,90034586;8,189643182;7701,103822;4627,441902;9525,711085;1240,964171;13958,99317
23796,39446;4,34201377;1,790002801;6,859778344;-3,192915843;11,83956186;610,4103308;314,8753504;621,5367897;171,9630408;1202,463272;15,58148927;12,56736649;18,63473538;6,574627296;24,58710534;-3,803163047;-7,995156833;0,387063822;-16,2122265;8,579882503;7713,94648;4684,714309;9564,84693;1233,601023;13952,71058
24881,47003;4,145516226;1,316090932;6,983822875;-4,257232289;12,53709554;603,0545679;308,8076447;611,6153831;168,6069153;1196,147793;16,23857787;12,96953314;19,48920016;6,612994403;25,89329902;-4,766234826;-9,532237026;-0,04657279;-18,72442318;9,208359156;7666,416309;4666,091636;9498,041032;1265,160651;13848,99904
25023,91379;4,430305251;1,636288115;7,232174593;-3,842416075;12,69130712;623,333583;322,7221115;635,0700713;175,8499446;1228,372882;16,46940123;13,19522955;19,7408698;6,812956341;26,13239318;-4,4593759;-9,030275239;0,129370829;-17,92565059;9,018067344;7847,592593;4791,056726;9736,532663;1291,830514;14170,48946
25166,35755;4,159981059;1,178206822;7,144437862;-4,6788713;12,99836551;634,1153218;322,5570769;642,4446569;175,4269569;1261,497839;16,68767031;13,37101912;19,98632956;6,900502957;26,44517304;-5,426601122;-10,34653433;-0,50745179;-19,92923682;9,090919578;8270,072534;4932,172951;10227,02763;1318,631801;15029,41456
25591,22386;3,94867899;0,985241963;6,917533318;-4,787407252;12,69129765;613,8130155;311,586893;621,2175898;169,7430436;1223,154837;16,37006109;13,12948086;19,58332564;6,819194479;25,91194913;-5,481861869;-10,37647855;-0,569245445;-19,92221024;8,941295653;7946,482174;4789,961671;9828,815453;1305,242713;14386,644
26150,42168;4,167413361;1,480035648;6,870174462;-3,82433237;12,17911158;623,4422782;322,823241;633,7512601;177,6207991;1230,276615;16,00108308;12,76988607;19,2304485;6,456780915;25,54072323;-5,059673636;-9,779439246;-0,34298761;-18,9999051;8,842255314;7977,624037;4759,992025;9870,29659;1250,531601;14505,14179
27000,90714;4,195315163;1,447674564;6,92574042;-3,931429996;12,30090522;614,2704437;316,0689801;623,1429639;173,442343;1217,349789;16,14734889;12,87767147;19,42545073;6,46665333;25,84050148;-4,979502042;-9,700036994;-0,225088264;-18,93482142;8,965161128;7834,028854;4698,288013;9695,395115;1247,810059;14215,47093
27834,7235;3,81117262;0,531404384;7,111711821;-5,878601728;13,53301953;606,4895273;310,4671973;612,8350319;170,7918083;1205,847242;17,3250056;13,80499643;20,84259381;6,884608986;27,75516875;-7,259977429;-13,06838661;-1,447091291;-24,30970338;9,824341201;7660,486356;4726,250578;9502,795254;1302,881147;13770,7583
28471,8654;4,393438827;1,354628224;7,433470107;-4,63377059;13,36374647;634,1778833;321,5433346;642,5590867;173,8649913;1262,701412;16,87562131;13,50251594;20,26241875;6,863312034;26,84965792;-4,885954087;-9,827691785;0,097975213;-19,49520745;9,736887226;8146,902615;4888,138246;10072,44965;1319,784233;14773,66475
29039,48737;3,771371185;1,280190742;6,289859783;-3,691111018;11,22261353;615,1906955;316,2546991;622,7319809;173,9730194;1220,697512;15,11778136;12,04053847;18,15265017;6,058194976;24,15071763;-5,341828958;-10,09218332;-0,549059621;-19,35282421;8,677608508;8183,788487;4773,089984;10109,74949;1211,582017;14996,48204
29324,04001;3,607111716;0,829661575;6,367264463;-4,615191616;11,82728049;594,1804835;304,6912069;602,16251;166,2778432;1177,129672;15,94786372;12,83440867;19,05262775;6,764382023;25,10128606;-6,167752459;-10,94694468;-1,37556268;-20,26461141;7,930088434;7734,172031;4685,269697;9563,079831;1282,310399;13976,28334
30101,70845;3,832391397;1,099538039;6,538051138;-4,256716691;11,89679039;600,6344456;310,4405365;609,7683621;169,9146052;1186,4622;15,88628003;12,75298788;19,02193064;6,613415835;25,18049361;-5,644432585;-10,43682945;-0,866012325;-19,71600053;8,420575382;7750,610282;4693,419517;9600,389035;1257,47169;14002,62136
30524,46158;3,896757339;1,228804878;6,54340427;-3,993808764;11,77978394;603,9914476;311,6586622;612,4124127;170,6193475;1196,557837;15,71524859;12,51285436;18,91601835;6,221943189;25,18217869;-5,495520222;-10,3067515;-0,707533869;-19,64073197;8,634402948;7776,380515;4626,772916;9597,65539;1236,425662;14152,32959
30945,73672;3,837737897;1,283231876;6,385153141;-3,77013916;11,41059575;598,8198973;311,2035076;608,1798595;171,3764741;1182,12922;15,48636381;12,41082842;18,62035412;6,314263322;24,71772148;-5,472561306;-10,18584089;-0,785553212;-19,30213184;8,359024461;7690,111708;4614,549568;9516,484761;1222,534362;13952,34061
31324,61244;3,708720006;0,912786992;6,525272932;-4,620292176;12,0468364;598,9095332;307,4580045;607,1915537;168,7148461;1187,586459;16,11442906;13,00906388;19,2555301;6,882851329;25,33828442;-5,9990218;-10,7952042;-1,228462028;-20,07449908;8,074020817;7753,944107;4721,545619;9592,438188;1300,738507;13989,19697
31771,12949;3,922006389;1,142404915;6,691461497;-4,333532282;12,14619621;598,7362727;309,9975099;607,9731296;170,1366929;1183,339373;15,97353245;12,73767021;19,23208565;6,406295726;25,56011212;-5,588347954;-10,53509023;-0,677342801;-20,07029264;8,914898808;7607,738465;4618,686055;9417,430101;1260,64043;13742,23479
32217,36185;3,76041446;1,208477698;6,315920602;-3,794340995;11,32848154;610,680339;316,1373533;619,6011604;174,4553007;1208,352559;15,35048614;12,31446564;18,44721098;6,256287803;24,48044213;-5,551715878;-10,25414678;-0,897266834;-19,34823674;8,213210112;8026,517939;4701,878239;9908,2705;1207,607429;14686,38078
32685,3745;4,12475349;1,640537504;6,648742492;-3,301032817;11,56539582;626,5082704;327,9255571;637,5440843;182,1302565;1231,120417;15,58399407;12,41678488;18,73869463;6,212048499;24,9175682;-5,063268251;-9,679476547;-0,430221928;-18,64389917;8,544900693;8031,723673;4744,833324;9935,611941;1216,719702;14655,85146
33160,6591;3,809231216;1,216819834;6,3762245;-3,864658819;11,48314034;599,9334354;313,0395627;610,3244104;173,3118636;1181,57538;15,47260872;12,37238246;18,57393679;6,288087917;24,64379722;-5,542386659;-10,29737383;-0,775598592;-19,54040869;8,461498605;7700,757918;4637,699426;9535,631188;1236,064721;13952,82615
33718,83617;3,825609243;1,131590742;6,464011904;-4,10334853;11,72116016;597,8880273;310,2002285;607,1481351;171,2007741;1178,493401;15,79212943;12,67735918;18,89573214;6,565721744;24,96941137;-5,620429396;-10,2699388;-0,947250318;-19,37604389;8,123293015;7650,538278;4635,646671;9466,873446;1260,83357;13827,98231
34327,21464;3,824353754;1,294261879;6,349445125;-3,662954743;11,32984767;612,4613973;315,710931;620,4874496;174,5015386;1214,578163;15,26785685;12,2014398;18,3452968;6,180195812;24,37131201;-5,270409031;-9,947917136;-0,634278656;-18,96849851;8,442503853;8065,516344;4711,863322;9952,325938;1200,389075;14769,90111
34587,2217;3,779327235;1,188102143;6,378154414;-3,898122202;11,45274111;622,4599361;326,802081;632,4946512;181,9809317;1222,210895;15,33971401;12,23447759;18,43656392;6,156577607;24,47387682;-5,496009392;-10,30472394;-0,693530279;-19,65056397;8,629960089;8120,383092;4784,199866;10035,71034;1242,755221;14812,23276
35032,38421;3,943062613;1,376546404;6,505385407;-3,674371341;11,56990634;646,1226047;339,5024482;656,6731113;190,3790754;1269,622078;15,44131483;12,29364932;18,55894193;6,17080311;24,72528545;-5,344352783;-10,12398807;-0,545949077;-19,44200616;8,724241536;8593,370182;4968,840149;10616,99078;1231,196823;15784,99595
35476,62915;3,982968079;1,509530855;6,463558008;-3,329242968;11,33041777;624,8894186;324,4254901;633,7824233;179,7866452;1234,819597;15,18546947;12,06654941;18,32290975;5,948951018;24,45132176;-5,012920171;-9,743476454;-0,310734025;-18,89510545;8,850823436;8221,423867;4767,540815;10161,50657;1194,760138;15096,23271
36426,70874;4,184946239;1,706376959;6,684660602;-3,199559101;11,57336694;618,3102195;322,3623057;628,3276909;178,2822938;1216,889687;15,46247633;12,26254756;18,65753432;5,995360401;24,96408082;-4,778918761;-9,419013089;-0,111090646;-18,51343471;8,931340755;7900,491733;4663,783489;9765,296292;1191,929086;14413,20411
37599,18467;3,778875442;1,211994714;6,328327848;-3,803449856;11,34823425;605,6719391;314,3071569;615,240623;172,6981141;1196,346545;15,44590254;12,4014297;18,47333569;6,443056139;24,43083187;-5,236679636;-9,816441527;-0,698133695;-18,67736903;8,2013795;7829,677609;4673,404996;9681,650366;1243,548715;14229,16452
38776,49274;3,924200228;1,173419713;6,683704155;-4,217403543;12,08828025;598,2959837;312,6929327;609,6855369;171,7619102;1174,968148;16,23180377;13,06081223;19,44233478;6,76746471;25,68973142;-5,832258484;-10,61383438;-1,077271028;-19,86439861;8,204064498;7536,676592;4644,640605;9333,561234;1298,673003;13541,89881
39953,77759;3,943820206;1,455061349;6,444875635;-3,470427844;11,36830762;626,7127309;329,5919065;637,8919017;183,1779192;1230,288684;15,36903507;12,24552558;18,45834526;6,166484137;24,58356836;-5,180559159;-9,792614908;-0,577065268;-18,78700554;8,400087754;8169,131398;4775,510399;10092,6751;1214,900379;14958,34037
40918,12826;3,946816729;1,424285071;6,464298439;-3,499507732;11,4014954;620,4525804;324,1777108;631,4690061;179,1960192;1219,06625;15,41330385;12,34259836;18,4568319;6,41094551;24,42434032;-4,9175333;-9,391729039;-0,383928512;-18,18891643;8,351886385;8021,187507;4766,426533;9922,049828;1231,39469;14603,07545
41499,13479;3,814280113;1,157102636;6,454909252;-4,05565725;11,67384082;607,529455;315,1113369;616,4090968;174,0028392;1200,307622;15,42577005;12,25241956;18,57889552;6,07997975;24,75337555;-5,488334015;-10,38151911;-0,594568998;-19,8926242;8,915918378;7878,45896;4681,334645;9742,345303;1230,829253;14344,73084
42124,33863;4,530149755;2,201241348;6,856195662;-2,423260906;11,47474604;621,9214354;327,9518321;635,2763154;181,7986866;1213,968483;15,21350577;12,20993111;18,27583218;6,246680837;24,1924557;-3,371712554;-7,424415053;0,720497812;-15,38919396;8,645307175;7901,65661;4696,87147;9789,430672;1191,380744;14416,36945
42591,40161;4,253232026;1,794175821;6,703688419;-3,011963329;11,53939975;638,7807249;337,8930275;652,3495976;188,5421883;1246,949377;15,26969039;12,20806071;18,31438347;6,232989131;24,32558822;-4,158574815;-8,51942279;0,155355676;-16,94553604;8,60890134;8290,887865;4875,719167;10271,28446;1214,562817;15168,77289
43058,46458;3,981319295;1,403858727;6,523498666;-3,596485973;11,55317045;642,117911;336,5117661;652,9783934;187,9316133;1263,595995;15,44708972;12,33586888;18,57329252;6,237479795;24,64912868;-5,113620513;-9,763632453;-0,410730569;-18,87821675;8,66244903;8497,706242;4926,065535;10495,03269;1230,947259;15609,79547
43525,52756;3,655087618;1,234771351;6,094301248;-3,594156488;10,88953225;632,940707;331,1393294;642,1307878;185,7818616;1246,867415;14,85047601;11,85885397;17,8506905;5,967829909;23,67512326;-5,434974932;-10,13777942;-0,729218728;-19,32989493;8,459281624;8598,251097;4960,157123;10629,83643;1216,397342;15827,6164
43992,59053;3,837123904;1,394921487;6,269425726;-3,407028206;11,06417438;648,8429877;341,9043654;658,8855565;192,6816838;1272,410486;15,06981251;12,04307538;18,11517959;6,091532573;24,05643081;-5,270334446;-9,944148631;-0,595421433;-19,03769413;8,477734235;8776,899653;5052,374082;10859,19692;1225,006872;16171,50974
44459,65351;3,610509261;1,05682676;6,11083168;-3,880506699;11,11341082;610,6589882;315,96831;618,9936251;174,4302462;1210,111927;15,20288887;12,23050503;18,18505585;6,393363428;24,00921202;-5,580150108;-10,14164135;-0,995327461;-19,0370861;7,933901082;8099,333327;4745,030096;9994,979715;1232,591427;14799,22812
45238,0918;3,801440139;1,012581121;6,566575517;-4,435286359;12,00352341;604,4271179;313,3548966;613,9712399;172,305783;1191,591503;16,08183357;12,93356304;19,22586859;6,76021621;25,38981063;-5,964328335;-10,75589284;-1,139668998;-20,12524555;8,208432012;7747,528017;4717,035519;9587,548844;1288,870904;13973,04805
45860,84244;3,81828583;1,153811459;6,479102416;-4,084825072;11,70359866;606,5078941;311,6793415;615,1369259;170,619343;1201,807338;15,75930026;12,69656027;18,80409781;6,698813502;24,7953053;-5,355568045;-9,931514841;-0,752201483;-18,88143864;8,19515395;7903,22875;4734,862836;9776,712364;1254,219905;14328,76576
46483,59307;3,861938119;1,332415045;6,391447249;-3,638554984;11,38227925;618,1016297;320,1310145;626,4371627;176,6351133;1220,888132;15,39049833;12,30952091;18,47412686;6,273477544;24,52510433;-5,393401929;-10,08617902;-0,715915545;-19,19188546;8,400358465;8087,039039;4753,701375;9988,146272;1222,298003;14777,4502
47262,03136;3,853025033;1,224385974;6,505487121;-3,986480597;11,68667721;605,6140306;314,1517667;614,9113973;173,1102652;1195,858126;15,6408816;12,47658114;18,80709239;6,266115837;25,00618852;-5,584903261;-10,40811582;-0,753525306;-19,76180607;8,597382693;7779,625456;4643,601622;9615,563074;1240,037985;14137,123
47884,782;3,671948688;1,119243094;6,207952283;-3,870873468;11,20952071;617,9663495;318,1150129;625,9214028;175,3211469;1227,433623;15,31379254;12,28029755;18,31475598;6,355396284;24,25821047;-5,723374965;-10,39695926;-1,028182898;-19,51725624;8,05516942;8254,010622;4797,631678;10184,23434;1226,286554;15133,94525
48663,22029;3,920124993;1,472068399;6,352018063;-3,304755654;11,13469194;626,0480176;323,8250818;634,8213679;179,2135001;1238,436941;15,20497152;12,1769349;18,21545566;6,254079995;24,16906986;-4,944113642;-9,448268591;-0,387822162;-18,27197028;8,414207114;8260,483677;4808,376817;10200,80199;1210,511377;15144,05776
49753,0339;4,196118394;1,976620334;6,434941754;-2,422925216;10,81598621;651,2112264;340,6619805;663,226427;190,0458993;1279,679589;14,89671041;11,84696752;17,99410424;5,806052569;23,99274774;-4,384006296;-8,858837857;0,056898826;-17,50885177;8,701699673;8685,122969;4994,747964;10751,28998;1170,70043;16020,08631
50842,84751;3,515009691;0,64389898;6,389688551;-4,983778124;11,99853801;583,7003762;295,7525663;588,8766164;160,9657552;1167,106869;16,18711002;13,07769358;19,3093152;6,965344986;25,44518822;-6,198640909;-10,95147901;-1,401357528;-20,27453421;7,884212398;7671,636522;4651,595064;9473,999745;1295,909926;13844,97204
51465,59814;3,839659636;0,863235874;6,803155587;-4,969512043;12,62610525;578,2413671;294,7545299;585,6840273;160,7921659;1149,382677;16,66579147;13,3861064;19,95327829;6,95244889;26,36577086;-5,867433212;-10,70618335;-1,020069102;-20,13404;8,387650819;7339,872864;4561,105684;9080,882979;1322,826995;13144,61936
52244,03644;4,009262544;1,035173427;7,001690737;-4,790951545;12,82949439;582,9606493;296,4883494;589,9688629;161,3749003;1159,307812;16,81947313;13,54671986;20,10965486;7,093315145;26,52288511;-5,224903923;-9,917433743;-0,479354397;-19,10513922;8,690508118;7347,412255;4579,390949;9094,10403;1324,36934;13143,09903
53178,16239;4,187592637;1,607757698;6,794840969;-3,51231636;11,8655113;607,4914833;312,8012613;616,8902794;170,9411193;1201,299787;15,75668264;12,63263527;18,912548;6,483822419;25,04356882;-4,378176138;-8,806859579;0,045036347;-17,47065404;8,724465565;7744,403373;4655,525628;9588,759639;1226,938966;14045,388
54112,28834;4,273295402;1,820161834;6,726440749;-3,019867477;11,56784924;599,9092549;317,7004024;614,1784809;176,1795145;1166,780938;15,41511601;12,41967525;18,41581282;6,548544058;24,29213155;-4,084948121;-8,213036695;0,046141246;-16,28045571;8,096964814;7459,389183;4587,750478;9266,919949;1224,472316;13432,29399
54890,72663;4,115871812;1,800373939;6,434671346;-2,765047678;11,01135314;617,2227796;326,0886983;630,4723025;181,1810887;1204,496011;15,04450001;12,17040604;17,92529206;6,525998723;23,55961244;-4,190564421;-8,237120562;-0,157354336;-16,06721865;7,738189347;7874,960432;4705,083321;9761,930635;1213,062458;14313,93874
55669,16492;4,740313935;2,791097785;6,687334671;-1,05303741;10,55359248;618,1826593;327,0945113;634,7918755;180,2254217;1198,727644;14,54985304;11,86979226;17,20104802;6,665717991;22,42430546;-2,736786249;-6,109412378;0,633101529;-12,66667469;7,195586259;7857,901691;4667,407789;9759,37082;1140,236917;14332,75812
55876,74847;4,419744974;2,07034905;6,770019721;-2,539590203;11,40885373;602,6518209;317,4960133;616,2556408;175,1025811;1175,309539;15,30362182;12,39085905;18,20432629;6,696039957;23,89308947;-3,698062732;-7,530230683;0,114811593;-14,98711492;7,56705457;7492,440517;4555,654378;9293,284743;1210,16925;13552,06656
56240,01967;4,77270575;2,984007101;6,602591326;-0,668787392;10,19802599;630,6377275;347,1608343;653,276656;195,5976941;1197,768606;14,3109847;11,72780593;16,87950398;6,692408524;21,91406923;-2,706833327;-5,783617607;0,400215448;-11,85283054;6,452208718;7913,005395;4774,41155;9874,894736;1132,401662;14391,97369
58731,02221;4,841795906;2,951116583;6,721790714;-0,776564752;10,45869017;622,5189578;344,1603049;645,1611861;194,1425969;1179,392515;14,4981919;11,88977786;17,14429539;6,712031235;22,2936074;-2,674913124;-5,796088403;0,446809153;-11,88073849;6,542854819;7599,816871;4656,494418;9479,90681;1150,824944;13736,2302
58834,81398;5,049157115;3,14642618;6,95001581;-0,613265449;10,69375119;636,5540902;351,8118712;660,059673;199,2897454;1206,769961;14,81691696;12,16481743;17,44106448;6,976510457;22,61664393;-2,620681269;-5,709126499;0,482956911;-11,75959863;6,534011238;7765,707906;4711,237187;9677,874594;1152,721316;14084,45939
58990,50164;4,301797177;2,03463071;6,601287016;-2,472943909;11,09650623;599,9116606;310,6261012;609,951542;170,3444209;1182,924281;14,81570282;11,77193885;17,83718145;5,865269296;23,75323501;-3,474400356;-7,608956244;0,618831897;-15,60315804;8,653725565;7636,4625;4512,444751;9456,785906;1141,463271;13951,19617
59094,29341;4,350297382;2,010388803;6,686997477;-2,565451168;11,26461768;628,229838;325,4437815;639,1720613;178,9748913;1237,567638;15,31514649;12,30746494;18,32335097;6,406493198;24,22976892;-3,843081509;-7,978157446;0,279873198;-16,0467487;8,311095781;8038,730087;4731,441818;9940,936815;1192,731368;14684,45139
59249,98107;3,646620115;0,951187653;6,321288333;-4,305239515;11,57415181;607,6555866;313,9159583;616,3692758;172,5202858;1200,857463;15,77563044;12,74227643;18,86950969;6,751596721;24,81896667;-6,005917252;-10,72703303;-1,306009187;-19,8366113;7,818115468;7927,985431;4749,517771;9802,329268;1276,995894;14379,13818
59353,77284;4,084648259;1,533571198;6,61645504;-3,494129328;11,65710022;621,2816513;323,970555;632,736108;178,2868897;1220,767537;15,81901602;12,77867058;18,897976;6,745328507;24,90721035;-4,933773847;-9,4156494;-0,453867571;-18,11794693;8,285154927;7883,460572;4764,017043;9759,527531;1273,140291;14268,79298
59509,4605;3,864518273;1,154924821;6,537351147;-4,118523286;11,83384922;611,3393234;316,5988979;621,1176293;174,2002929;1206,951687;15,93170453;12,83241733;19,05082422;6,743443889;25,15552362;-5,645013537;-10,35731661;-0,930540757;-19,533322;8,231164981;7837,313699;4733,052854;9694,09379;1284,546223;14182,9971
59613,25227;3,9443528;1,235102596;6,669933606;-4,11498576;12,01117154;617,038117;318,5513244;626,880432;174,7055373;1218,909295;16,01066377;12,93078872;19,09748734;6,869059546;25,1585981;-5,25076287;-9,832669329;-0,671276339;-18,75438346;8,234587431;7914,078174;4774,324467;9784,19207;1299,878871;14323,72731
59768,93993;4,117341664;1,265560372;6,984949252;-4,323393963;12,59230959;645,7092301;336,9228875;657,1640124;186,3596299;1271,223202;16,27494355;12,9875448;19,53802353;6,589186311;25,9697892;-5,609766047;-10,55868809;-0,642741253;-20,23655289;8,971363641;8329,011219;4911,976158;10295,55052;1304,7888;15185,9797
59872,7317;4,180451798;1,555569664;6,790676896;-3,580927072;11,9480652;661,4254012;346,2729451;673,1602215;192,7133989;1298,138257;15,6271666;12,57880997;18,70205549;6,571634963;24,7343643;-4,599331528;-9,126980134;-0,070811661;-17,93650477;8,753519652;8857,922085;5146,02347;10975,24648;1272,561624;16265,9897
60028,41936;3,881442062;1,444435883;6,347753712;-3,37554;11,15160281;648,3076821;341,4860463;659,6958411;191,0436147;1270,925313;15,08082846;12,12218692;18,03338541;6,352886657;23,85057472;-4,923358613;-9,409024314;-0,460052043;-18,12536214;8,21605841;8799,453646;5081,170864;10897,80134;1220,236001;16204,02489
60132,21114;4,474394193;2,253406178;6,712553351;-2,172016953;11,10574604;626,4666412;332,7990212;642,9230835;184,1269144;1214,710617;15,18239199;12,33924758;18,01247286;6,749172898;23,62456942;-3,573585032;-7,341688662;0,183075525;-14,71974481;7,593878245;7811,593633;4733,725271;9698,039008;1218,03235;14139,38939
60287,89879;4,229451037;1,530478714;6,913656772;-3,772597473;12,18809718;639,5923011;330,7367163;652,5956818;179,876065;1259,101066;15,81074808;12,68050488;18,92712207;6,591556058;25,05934959;-4,409000603;-8,87231322;0,052428463;-17,55680686;8,755826687;8368,820109;5052,16525;10392,67593;1308,287786;15193,39234
60391,69057;4,242253154;1,732356859;6,748000987;-3,225533979;11,6681668;646,3173153;342,7825272;662,7882948;189,7063393;1256,0217;15,45508197;12,42518538;18,45264322;6,558110842;24,35649611;-4,249404312;-8,460516604;-0,007742285;-16,67506241;8,175374167;8387,716138;5101,28087;10437,35639;1301,00458;15192,35199
60547,37822;4,223194259;1,956508309;6,504340954;-2,540835645;10,97747628;638,965222;344,3063032;658,150024;191,5427568;1230,022332;14,82680285;12,01603774;17,66231603;6,497833549;23,16034385;-3,78594911;-7,518446069;-0,02184412;-14,83407447;7,315141522;8333,086083;5064,91164;10387,51178;1265,59695;15131,33602
60651,17;3,944063357;2,399198605;5,4775853;-0,661565424;8,519302818;570,4087834;305,2567296;587,4228237;167,4298229;1100,111624;12,72804147;10,47898934;14,9368672;6,109582743;19,34198362;-2,78043364;-5,636081947;0,073806127;-11,21157171;5,678807457;7522,145613;4551,156117;9390,023128;1082,751322;13700,73648
60806,85766;4,403509061;2,510941348;6,310111015;-1,263799189;10,05058055;617,5082105;340,6996739;640,9930281;190,9700832;1170,73223;14,1303024;11,58746533;16,68922463;6,560129537;21,71351125;-3,031937755;-6,203462567;0,106971101;-12,38178566;6,304089029;7882,902003;4866,840773;9857,317441;1197,793197;14234,44086
60910,64943;4,877797363;3,126089002;6,643096562;-0,34754739;10,12569391;619,6642115;349,6976108;646,5346791;198,9459978;1159,029248;14,25385853;11,77393971;16,72238579;6,899999588;21,58344677;-2,555987782;-5,393375843;0,264566763;-10,95287165;5,832439212;7660,734376;4744,365559;9590,189089;1146,864706;13806,73434
61066,33709;4,931897244;3,284485955;6,6034905;-0,032756256;9,887374234;610,7640205;344,0917821;636,8508401;195,1552102;1143,61595;14,1031685;11,68231307;16,51271328;6,981159485;21,22752645;-2,365339515;-5,14320631;0,379806279;-10,53984515;5,811216505;7598,911611;4712,624991;9507,656191;1146,666642;13695,12884
61170,12886;4,713510966;3,341586678;6,078306757;0,6053304;8,80335393;579,7604722;336,7935989;607,3487151;195,7131547;1065,902272;13,05987893;10,89242258;15,23400835;6,626193781;19,49442321;-2,124734682;-4,423949469;0,195673119;-9,010943989;4,772899922;7230,479902;4526,159596;9087,85418;1045,27892;13007,14215
61325,81652;4,746949622;3,322103768;6,145430352;0,533098481;8,988432762;586,8554704;339,9526199;614,7755415;196,2104977;1081,881116;13,23324468;11,02744452;15,4359023;6,666056752;19,7618229;-2,17959754;-4,577740522;0,219174078;-9,313588708;4,939416935;7333,395546;4581,96415;9210,241928;1059,727813;13198,40187
61429,60829;4,603076517;3,195763692;6,000976159;0,415273748;8,788087608;577,3499751;331,5299165;603,5527936;190,5321142;1070,620042;13,03240919;10,85698548;15,21406479;6,56296029;19,5270148;-2,260944576;-4,65345628;0,14187026;-9,387937342;4,906863552;7243,340602;4510,8698;9105,377018;1043,474385;13071,20423
61689,08772;4,780533632;3,394613937;6,134914614;0,645313266;8,884478461;579,9410549;334,925453;607,1462598;193,9608214;1070,145458;13,18529122;11,04543744;15,33352286;6,825234483;19,54259221;-2,102613276;-4,404942484;0,199195523;-8,949547854;4,730948635;7196,490097;4491,116036;9041,07167;1051,76883;12965,49596
62986,48487;4,588995008;3,18461219;6,000660381;0,378751107;8,771916994;579,6386035;334,8155737;606,3675546;193,9689151;1069,98156;13,01753821;10,83515568;15,1922123;6,522932237;19,50302552;-2,281450287;-4,670999166;0,101630508;-9,330834427;4,783215927;7269,618422;4548,803267;9139,888131;1055,343579;13096,03695
63142,17253;4,703094631;3,219767026;6,169401921;0,283866981;9,097677714;595,7949099;341,8315857;623,1179465;196,4553427;1104,028976;13,32266875;11,09394276;15,55754854;6,672705881;19,94082513;-2,303163935;-4,767219383;0,153508947;-9,608877984;4,977573988;7463,777398;4634,202068;9368,498694;1076,55773;13475,5626
63245,96431;4,561678566;3,190723408;5,920366506;0,488532891;8,634939856;582,1716817;333,9416828;608,4197472;192,0429379;1079,476827;12,91540053;10,78911486;15,03957007;6,625761578;19,2234406;-2,275487411;-4,6158504;0,062683437;-9,212972428;4,685663013;7420,336906;4590,838934;9327,913387;1046,258733;13409,05974
63401,65196;4,562401595;3,142913786;5,944111242;0,348626097;8,733017954;591,1536572;337,8129411;616,8786876;194,0738486;1098,232532;13,01628262;10,87490485;15,17543474;6,626814997;19,41722127;-2,349781558;-4,749003764;0,033080233;-9,437938598;4,71696801;7579,970732;4668,816352;9521,565872;1054,591119;13723,95309
63505,44374;4,538507337;3,082728429;5,983654572;0,20188936;8,857501526;595,4981916;339,7272737;621,4017583;195,5014837;1107,571735;13,12918711;10,89593586;15,33638712;6,509063253;19,73766347;-2,45623123;-4,949227287;0,013671863;-9,819063351;4,932593404;7670,40375;4716,742417;9639,374169;1062,39387;13904,10519
63661,13139;4,570626067;3,125182284;6,032660083;0,222898192;8,927208847;597,3747877;340,8884412;623,2025103;196,3815611;1110,182632;13,18044108;10,99587739;15,40874103;6,622869474;19,77450253;-2,438562812;-4,913006046;-0,000860509;-9,750919123;4,86375474;7652,91363;4714,01719;9609,918952;1065,021912;13857,27378
63764,92317;4,613701596;3,176070771;6,040674481;0,316780633;8,88696505;599,8831451;341,263676;626,1155279;195,2566519;1117,478265;13,18507407;10,99950235;15,38111522;6,684523195;19,70366856;-2,36671786;-4,8373703;0,048861262;-9,636129734;4,884944885;7688,15943;4720,93519;9657,219553;1069,743286;13939,05916
63920,61083;4,58441805;3,092902316;6,090885473;0,101349268;9,08641297;604,7936958;347,7141137;632,1777789;201,0610731;1120,396397;13,29440728;11,01375903;15,57160827;6,518095066;20,02999876;-2,458643726;-4,940666901;0,035652816;-9,853559657;4,962379001;7684,623913;4746,401869;9660,242796;1091,11941;13909,14998
64024,4026;4,490771777;3,046653963;5,927455316;0,153436986;8,8086106;593,8131167;340,9965691;620,4341417;197,5491144;1100,469442;13,07672735;10,85797299;15,31378118;6,477768954;19,69220276;-2,477112685;-4,937381176;-0,060490099;-9,702862183;4,766538444;7643,973003;4723,991066;9613,345639;1074,946876;13843,4662
64180,09026;4,735915232;3,357661362;6,1113217;0,621867896;8,842339613;597,6318527;345,0705641;624,2882189;200,9188194;1103,656019;13,22865297;11,08850905;15,35349252;6,870711556;19,57501355;-2,256747385;-4,548364049;0,047954545;-9,122516062;4,604841829;7601,686534;4697,293292;9554,493732;1072,550143;13755,92588
64283,88203;5,059184977;3,577146589;6,538757543;0,628179482;9,479807591;632,5391981;363,0997876;660,5317737;210,1301313;1172,997385;13,93392941;11,69031904;16,17772365;7,260541601;20,59871932;-2,179661872;-4,651558475;0,322495695;-9,56398932;5,208940093;7949,264994;4861,313243;9962,382491;1130,708518;14421,13352
64439,56969;4,864555273;2,786582063;6,954459285;-1,281240047;11,05125695;659,4941238;363,4179526;682,2501163;205,5512939;1254,024686;15,11867507;12,31494225;17,91531055;6,833556519;23,4376271;-3,015187951;-6,457192459;0,424232629;-13,18435451;7,12547116;8130,566415;4898,239938;10122,8144;1186,452343;14767,27882
64543,36146;4,213693125;1,775128454;6,620148095;-2,968020351;11,38658483;664,7758178;354,9726461;678,6186501;200,864683;1290,904055;15,47238439;12,44621442;18,46892807;6,567629006;24,40402548;-4,464329561;-8,723102376;-0,156034531;-17,1057821;8,205980024;8678,293322;5070,060026;10749,56179;1234,299855;15893,14781
64699,04912;3,993646361;1,472811941;6,512825954;-3,464670193;11,43289922;667,5215723;359,1460189;681,4488279;204,5713075;1293,769343;15,61041123;12,53236759;18,71494089;6,459252963;24,7816051;-5,445656999;-10,11495891;-0,818875733;-19,13512384;8,220346145;8775,963178;5133,116173;10878,02251;1255,529668;16068,91391
64802,84089;4,066829576;1,578970555;6,560250198;-3,300186861;11,44590298;657,3685565;352,5971443;671,3254522;200,1316086;1274,5628;15,68102063;12,61844135;18,73602728;6,612424578;24,74855412;-5,049021674;-9,51464624;-0,590190416;-18,21886972;8,133241649;8448,848601;5012,658837;10472,06835;1265,272716;15398,9226
64958,52855;4,062239797;1,623793478;6,489355937;-3,167557296;11,27843169;665,5698375;359,504068;680,4209642;204,4266289;1287,74265;15,56299117;12,47662088;18,65728099;6,4563379;24,670545;-5,219393549;-9,73491385;-0,716655099;-18,49670887;8,115759084;8657,585249;5086,511679;10724,40234;1246,125274;15830,5911
65062,32032;3,962463502;1,559515443;6,393813173;-3,217281257;11,17357683;637,8826359;339,8819751;650,6883888;191,3362311;1242,471271;15,38350286;12,31476095;18,4153191;6,352526528;24,4321865;-5,234676552;-9,779518986;-0,669655698;-18,66939976;8,176507681;8206,427642;4869,394467;10163,56531;1233,734691;14942,99599
65218,00798;4,505291609;2,176999458;6,810774152;-2,360800304;11,37272269;657,7217315;350,5563504;672,1908256;196,7457882;1277,588097;15,56222179;12,39839938;18,72731134;6,211623942;24,90936416;-4,146274949;-8,48552499;0,161509796;-16,90790823;8,581481435;8334,582069;4906,601024;10327,3616;1197,522368;15234,18277
65321,79975;4,537763096;2,269175751;6,781763819;-2,164550234;11,25389161;654,6602904;350,5785198;670,0673218;196,8120467;1270,531329;15,42280735;12,25212756;18,60386042;6,044695436;24,80411343;-4,025679288;-8,349305037;0,25108787;-16,71570538;8,629618958;8293,965629;4866,523969;10272,97562;1173,796899;15184,82663
65477,48741;4,320286714;1,966957213;6,6975954;-2,713950457;11,32141193;637,8293206;340,0477711;651,8903143;190,3123849;1240,608012;15,51676604;12,38984043;18,64131255;6,275426568;24,77467994;-4,595855982;-8,996824779;-0,188931074;-17,52308515;8,391404435;8033,246412;4786,593289;9961,314255;1211,801174;14625,96111
65581,27918;4,218999705;1,678432905;6,758193684;-3,305053849;11,75904995;609,5042733;320,6243458;621,6132453;177,1871831;1192,127081;15,961259;12,78665422;19,16405624;6,523190192;25,3957315;-5,08334226;-9,593757683;-0,548586107;-18,38189611;8,231010057;7629,983842;4646,572976;9461,638109;1239,206708;13791,2186
65736,96684;4,278074698;1,615893056;6,939097565;-3,603716954;12,18375283;607,9370835;318,0989572;620,1424859;174,6599233;1191,836144;16,4051131;13,18465183;19,6432658;6,828298157;25,96378648;-5,087596569;-9,61187792;-0,573658615;-18,41918851;8,224488702;7544,824869;4636,645291;9342,069004;1283,490664;13563,52476
65840,75861;4,160598489;1,384109149;6,928820514;-4,060018683;12,34491606;607,6817512;313,5733231;618,221377;170,833359;1198,00177;16,29477559;13,14754748;19,44048484;6,973159486;25,61490526;-4,88142998;-9,36481732;-0,378264376;-18,11964133;8,361630553;7644,401414;4719,265267;9475,276081;1310,253684;13732,94943
65996,44627;4,483604228;1,911565905;7,024704004;-3,138295993;12,08409203;658,2272087;352,1786012;675,4342768;197,1928863;1275,783889;15,85749254;12,74426542;18,94150469;6,660330465;25,00922464;-4,207743071;-8,463855378;0,070694898;-16,76397274;8,385322022;8365,136956;5018,551787;10384,02331;1280,385654;15208,46898
66100,23805;4,960642169;2,639311711;7,284629095;-1,954938847;11,85884756;664,1616489;357,6707661;683,2980453;200,4992503;1278,796035;15,69650849;12,72062286;18,65173933;6,93825488;24,44203859;-3,208292693;-6,99100569;0,566422313;-14,37621054;7,969818841;8470,953397;5090,245858;10535,86383;1266,517606;15402,07043
66255,9257;5,123752005;2,888753705;7,381111687;-1,537070855;11,81627103;664,240567;361,7540952;686,5645772;202,1911388;1270,610942;15,64912995;12,80520344;18,52111264;7,195619731;24,09390238;-2,989082754;-6,52818565;0,569600055;-13,47557851;7,506491788;8349,101967;5052,034799;10395,98344;1257,199837;15126,56774
66359,71748;4,034631736;1,486420228;6,593212972;-3,544389324;11,6157949;643,0821368;341,3441084;658,8805412;189,1294518;1249,771185;15,41333635;12,41572601;18,39632543;6,56831593;24,28734054;-4,652597147;-8,910231603;-0,391029693;-17,21496223;7,910996318;8321,793089;5089,056919;10345,28826;1320,866158;15045,75797
66515,40513;4,449603338;2,121794368;6,777876373;-2,447618274;11,36801736;651,3209756;350,4479988;670,198656;195,0317637;1255,984089;15,26727181;12,36816944;18,18504151;6,691113432;23,85287616;-3,802985254;-7,727474744;0,122852023;-15,35891289;7,76465136;8542,520093;5214,658852;10643,32355;1313,852038;15479,26738
66619,19691;5,062923435;2,842948226;7,326205283;-1,583986829;11,73135016;657,0520142;356,9970564;677,5204588;200,2472724;1258,586709;15,62104103;12,76492318;18,49054517;7,10586222;24,13568647;-2,989955958;-6,577138835;0,611346177;-13,61065006;7,632875319;8285,770684;5037,229823;10306,62954;1276,066038;14994,36327
66774,88457;4,070897599;1,354949773;6,800721083;-4,007947787;12,12644461;642,4880151;334,7492373;657,3345299;182,5676607;1259,275781;15,78186875;12,69619102;18,86069709;6,647669895;24,93431548;-4,744913663;-9,217085851;-0,314778184;-17,86216671;8,384759374;8457,375141;5148,523287;10511,24707;1334,960742;15304,32195
66878,67634;4,359851872;1,35107075;7,374980901;-4,542014447;13,26719394;645,3910833;331,6425455;657,6554497;179,5638344;1274,52653;16,70428745;13,38651457;20,01530305;6,91544897;26,52001518;-4,934954547;-9,767896877;-0,100839073;-19,15746471;9,312536327;8295,160159;5041,988189;10285,63402;1370,623566;14994,34245
68176,07349;4,050088848;1,386154819;6,7066092;-3,843532551;11,95073253;643,3968322;334,8684439;656,8081609;183,4220822;1263,159882;15,59820484;12,5430458;18,65843134;6,566263104;24,63957491;-4,746179892;-9,218644661;-0,27007679;-17,90554729;8,416919634;8538,949926;5107,05044;10599,28512;1308,290203;15541,40286
68331,76115;4,522621677;2,078281631;6,953232485;-2,720171209;11,78382411;665,1137661;360,2419539;683,7074815;203,5845223;1280,800482;15,83143807;12,69202926;18,97608368;6,558703531;25,12985786;-4,303704913;-8,633900995;0,007199228;-17,02435209;8,436761239;8401,339763;5044,987835;10441,39582;1257,975319;15268,83579
68435,55292;4,274756559;1,705245231;6,849717342;-3,354515861;11,9132397;654,7250019;347,6672018;672,4153787;191,9086343;1271,413416;15,64571044;12,63913622;18,68044307;6,716053005;24,59405821;-4,316728803;-8,542566677;-0,089097131;-16,78408521;8,129572149;8538,731953;5176,488229;10619,92797;1309,84425;15475,45868
68591,24058;4,733362203;2,429015974;7,046835463;-2,117278842;11,57819601;655,2437551;351,7655667;673,3767807;196,0744263;1265,23456;15,52436116;12,59737507;18,44724972;6,860303399;24,18840114;-3,425871126;-7,258276423;0,436759388;-14,78376605;7,945094994;8414,170268;5096,977457;10467,4614;1282,493026;15262,01604
68695,03235;3,970009607;1,537377297;6,432753214;-3,285456589;11,26362987;634,5409903;334,0601944;649,0573631;184,7954845;1237,910218;15,08053193;12,20185467;17,97025604;6,540066416;23,6009042;-4,417587253;-8,500136545;-0,348991293;-16,4656526;7,606221991;8356,490309;5054,286944;10397,80355;1285,64847;15178,49466
68850,72001;4,130912473;1,746278683;6,561409756;-3,016853745;11,25846119;643,5445074;343,9573495;660,7552615;192,1903881;1246,486294;15,11121529;12,18338781;18,04200224;6,465571504;23,78611325;-4,268019912;-8,371712625;-0,151470063;-16,40533204;7,853267319;8452,638933;5100,676567;10525,36117;1262,254358;15367,30426
68954,51178;4,718671826;2,608415439;6,835248429;-1,567738065;10,99835531;647,8303811;350,4784728;666,98384;195,3226131;1245,179132;15,25039016;12,44534171;18,03130453;6,922155738;23,5544905;-3,21836072;-6,881585165;0,522315142;-14,12422434;7,713312346;8342,725688;5082,361078;10380,19394;1280,589021;15104,10879
69110,19944;4,992173643;3,065179655;6,888870135;-0,717560215;10,67409244;632,7459736;347,5743934;654,9118676;195,3753702;1203,047518;14,71015422;12,15232117;17,31855548;7,067975116;22,37889692;-2,523364839;-5,607025406;0,551324955;-11,66601014;6,584374005;7950,392764;4862,294329;9916,760597;1188,545584;14365,5001
69213,99122;4,784658314;2,806109014;6,790790709;-1,129717301;10,69784751;637,3798419;348,0088929;659,0349857;194,5264088;1216,761923;14,77977122;12,10128322;17,4331293;6,847052651;22,68824236;-2,944324198;-6,314130959;0,398681789;-12,86986536;6,957849164;8159,990227;4978,672986;10179,2045;1206,484248;14769,00285
69369,67887;4,957815462;3,032667348;6,892355696;-0,795086505;10,69835818;637,9031671;353,3927907;662,1139755;199,2439892;1206,24943;14,76148943;12,13893396;17,41036096;6,980929555;22,57523368;-2,748891276;-5,901863966;0,382345824;-12,04792738;6,528027801;8005,525423;4946,537022;10008,57644;1214,112474;14438,61487
69473,47065;4,87763424;2,925681151;6,830592542;-0,896393805;10,6591248;630,629576;344,1865015;652,5597253;191,959155;1203,626437;14,69857237;12,11386445;17,30084218;6,973151963;22,38680688;-2,709358593;-5,898897557;0,425548018;-12,08459494;6,665585702;8039,75347;4934,887704;10034,98719;1206,40746;14530,31014
69629,15831;5,164670801;3,425189001;6,893829386;-0,000811773;10,3582664;630,0498125;352,9544809;656,0922925;199,9222899;1185,442039;14,55791738;12,0886672;17,01318061;7,261442392;21,85616407;-2,284663451;-5,082077897;0,540488105;-10,64167411;6,053188911;7829,381317;4813,283319;9785,216035;1165,974483;14133,21052
69732,95008;4,969809081;3,342748191;6,601532412;0,115560701;9,843364282;611,6187861;345,8815871;637,6919158;196,5944153;1143,274698;14,04051544;11,63975462;16,41744596;6,981115483;21,13869444;-2,2404818;-4,908080453;0,451947722;-10,19402566;5,710733268;7569,605354;4702,794688;9472,38505;1140,802546;13633,53891
69888,63774;4,694483506;3,042253426;6,382842587;-0,275815376;9,690282174;605,4127101;338,8767475;629,4174661;191,6020109;1139,461609;13,92719295;11,49084786;16,40643238;6,669513537;21,20638826;-2,542053089;-5,414578729;0,368207636;-11,08767237;6,048843818;7648,692845;4777,117074;9576,237242;1168,044849;13783,58256
69992,42951;4,942579673;3,48414514;6,396915497;0,599463322;9,282387125;590,2894925;338,1240972;617,2337548;193,5919173;1095,767683;13,57592583;11,37585852;15,78502754;7,018298643;20,14324471;-1,990718622;-4,433509305;0,402247652;-9,206698112;5,175167053;7258,514339;4553,707053;9097,005822;1103,523516;13040,84336
70148,11717;4,759321696;3,194461987;6,307432786;0,088491599;9,411365957;601,1846723;341,4664143;627,6598599;195,2460496;1120,802987;13,66546756;11,33079012;16,00782388;6,726284937;20,6089989;-2,330987599;-5,005168401;0,351432567;-10,24907802;5,595342181;7535,314706;4705,504786;9446,689367;1123,38977;13565,17718
70251,90894;4,627277295;3,09908536;6,157092291;0,081707051;9,192950587;592,1696876;335,2180338;618,1761685;191,0091898;1105,560505;13,41213449;11,11037066;15,72204619;6,524619817;20,27643017;-2,391770422;-5,036336381;0,263309273;-10,23400964;5,455540014;7445,47987;4645,740248;9341,071365;1100,636647;13420,97685
70407,5966;4,755294436;3,276378841;6,221805811;0,376941682;9,148848156;592,0949482;341,8037921;619,655473;197,9699542;1094,044569;13,44908716;11,1244442;15,73073068;6,601640131;20,26609856;-2,189326577;-4,720750884;0,387581787;-9,778439638;5,403431864;7345,219531;4606,116068;9204,790976;1092,46416;13185,6403
70511,38837;4,699877939;3,152568899;6,221139762;0,100042784;9,275494646;595,8901083;339,1611587;621,9523528;194,2265985;1109,655095;13,5733891;11,22178347;15,92632331;6,602635654;20,52224855;-2,361437215;-5,076796884;0,308649711;-10,36869794;5,604574741;7441,993435;4677,06308;9330,499443;1132,449205;13374,67272
70667,07603;4,736831523;3,354687941;6,151517587;0,553441722;8,920083649;568,5782663;329,5206152;595,6410208;190,0215922;1047,66626;13,22462788;10,98279312;15,46714254;6,53460585;19,89358645;-2,102897607;-4,556061724;0,366397901;-9,416849236;5,171980194;6979,28012;4436,939491;8763,136305;1060,831266;12482,87539
70770,8678;4,710658133;3,416739885;6,020818016;0,786370822;8,662347005;562,9357705;326,4059613;590,1199851;187,5379934;1036,896879;12,94667293;10,81793946;15,08086584;6,638379707;19,23737032;-1,970052973;-4,27094945;0,343432121;-8,832731476;4,871612425;6945,468319;4386,223897;8724,366686;1035,895088;12456,25356
70926,55546;4,61655853;3,278657429;5,980546109;0,574164098;8,669841509;560,629115;322,4357846;586,6960243;185,2448327;1038,807497;12,93314283;10,73350162;15,1323648;6,42843374;19,43686381;-2,060701475;-4,487825338;0,389223407;-9,28404167;5,15534971;6961,683219;4390,629943;8740,668116;1028,22507;12488,58156
71030,34723;4,639037825;3,308870726;5,942353227;0,665241439;8,598427913;550,5299721;320,0546849;576,8274686;184,7701334;1012,946614;12,95586923;10,70250281;15,16835949;6,320862737;19,56564378;-2,057733208;-4,493799208;0,398262819;-9,330584454;5,232288093;6764,723925;4326,941459;8503,409787;1026,757899;12076,60789
71186,03489;4,667842485;3,391246633;5,954634655;0,854657467;8,520219579;553,3699096;322,5652968;580,1157006;186,4151618;1016,673315;12,86284243;10,71657701;15,0124497;6,507904843;19,20753849;-1,987166492;-4,344186825;0,333608171;-8,916847919;4,942252131;6830,811591;4335,403354;8587,250444;1016,062459;12222,98239
71289,82666;4,737737052;3,408243284;6,034996574;0,768083842;8,673975112;557,0975017;323,705871;583,4486171;187,4316558;1025,138566;13,0967317;10,89726593;15,28620617;6,555137288;19,6202064;-2,007476549;-4,427782043;0,39826554;-9,189059431;5,146398266;6805,316259;4343,376813;8545,633469;1045,66512;12163,65918
71445,51432;4,708349629;3,408037264;5,993772325;0,832253991;8,584993929;560,2613023;328,7105302;587,3444189;191,9357774;1025,987253;12,98288824;10,83518956;15,13194274;6,604024787;19,39812341;-2,078557297;-4,408618951;0,21882129;-8,991797523;4,786120272;6937,045613;4382,884878;8726,382534;1031,701843;12440,03401
71549,30609;5,042740791;3,542317187;6,548999194;0,542680538;9,540852126;616,0005357;356,7959333;644,0582835;207,9050257;1135,980968;13,99018369;11,67736802;16,30780908;7,126310496;20,88327329;-2,22483812;-4,776741624;0,326063312;-9,801395374;5,387649002;7604,854223;4727,590968;9540,814475;1125,166074;13724,92215
71704,99375;5,244719059;3,554889558;6,914651875;0,236280753;10,2789949;640,3123801;370,3970796;669,4224649;215,3567553;1182,694574;14,65291195;12,16359193;17,14468961;7,254746612;22,08971372;-2,376556296;-5,162866731;0,430306033;-10,62643339;5,901778154;7931,002868;4912,855167;9945,486667;1158,926948;14325,24924
71808,78552;5,456294286;3,411745635;7,476833676;-0,595115111;11,52881013;653,2763394;364,065856;679,230555;205,1121513;1232,691587;15,55340273;12,8127744;18,29962363;7,416129154;23,69032976;-2,501161123;-5,653197646;0,680565346;-11,86922826;6,875156228;8100,785365;4952,73087;10119,65682;1212,808081;14635,52165
71964,47318;4,666133809;2,006838569;7,3208368;-3,228714254;12,52427471;666,9491481;357,1903957;686,1332801;198,4598353;1289,630293;16,15075778;12,96281345;19,35227407;6,689742159;25,61596183;-4,090837911;-8,393484802;0,213495602;-16,78597614;8,621321596;8548,308166;5120,703374;10623,46591;1304,476741;15545,83152
72068,26496;4,80995669;1,83477255;7,789259919;-4,017468883;13,65596513;679,9824264;356,9683491;696,5434243;196,1176163;1328,090361;17,1731376;13,70617109;20,64201731;6,889159282;27,44167605;-4,743117065;-9,602840811;0,11519353;-19,08364196;9,576643275;8724,222457;5217,757181;10816,48833;1372,550796;15839,35226
72846,70325;4,776706477;2,306681089;7,269803424;-2,5659835;12,13059478;648,3670956;349,814364;668,0104064;195,397285;1247,262242;15,98904347;12,92450265;19,08997648;6,872594402;25,13817867;-3,664943779;-7,698240109;0,377940299;-15,60228783;8,258924407;7943,078308;4875,839606;9879,570989;1278,541307;14319,13556
73002,39091;4,585565171;2,362144271;6,814848422;-2,066972762;11,22167853;647,6058513;348,0103271;666,1246272;193,7013668;1249,677704;15,19116823;12,37696693;18,00896282;6,840597347;23,51523398;-3,457933129;-7,170571872;0,245149928;-14,4032785;7,498288754;8427,965102;5133,61645;10501,26239;1284,997894;15280,39462
73106,18268;4,514009275;2,352693575;6,692244485;-1,951622764;10,98438657;629,9235645;341,7398457;650,2062169;190,7883773;1206,680333;14,83190653;12,06368513;17,59821275;6,632339896;23,04396146;-3,264245447;-6,773275564;0,204853093;-13,60850076;7,062844305;7962,21115;4872,341955;9925,790417;1210,94015;14390,17027
73261,87034;4,61911119;3,163664995;6,050590189;0,264592144;8,958721133;588,0913683;334,7087877;613,8212453;191,8577483;1094,54762;13,25083481;10,98386434;15,49063341;6,518724152;19,9386259;-2,26401476;-4,862275978;0,299912162;-9,936524246;5,356633449;7403,326365;4612,645338;9281,312954;1087,843761;13338,98662
73365,66211;4,786661996;3,379203619;6,202419682;0,540905945;9,021751294;581,2828566;335,2699341;607,7547627;193,159259;1074,684666;13,3705458;11,10655545;15,61857547;6,700800742;20,05870924;-2,113405263;-4,58621492;0,410021938;-9,521982746;5,27961137;7199,219273;4548,146009;9042,95115;1089,090289;12924,16451
73521,34977;5,305619219;2,963290337;7,616490838;-1,609681742;12,22404591;683,8997214;374,2777001;706,1038071;211,4667608;1305,617938;16,09752156;13,09314395;19,10869817;7,20055527;25,02136252;-2,977731358;-6,70213279;0,735757707;-13,96824999;8,018656429;8649,13735;5185,173795;10765,26168;1271,451964;15722,0658
73625,14154;5,193971695;3,513802899;6,888659561;0,140393081;10,24168862;639,4173252;364,6023895;666,8753953;209,9805251;1190,076137;14,62320151;12,10408059;17,1072701;7,184584553;22,04286813;-2,401243404;-5,225276165;0,445584326;-10,821979;6,02873415;7930,314501;4886,506419;9927,203445;1171,042886;14339,4373
73780,8292;5,168851221;3,155384215;7,158254254;-0,784082379;11,12413315;653,2693588;364,2781342;679,5617005;206,2600831;1230,099427;15,16870213;12,47974161;17,90334897;7,12058234;23,22284797;-2,752877883;-5,946032345;0,42670018;-12,18062636;6,666280999;8121,59088;5010,619251;10154,45768;1225,635165;14652,25343
73884,62097;5,457795293;3,218827837;7,698753063;-1,185964878;12,13670529;677,3048118;369,7574773;700,4051975;207,1169243;1292,491666;16,07112122;13,12945148;19,01336592;7,339310102;24,81539953;-2,726194449;-6,342125472;0,859181578;-13,42128644;7,927637017;8483,122263;5180,629959;10579,54042;1276,343233;15323,52709
74040,30863;4,597219009;2,21609017;6,974088354;-2,502236489;11,65938902;663,7134654;352,2178279;678,7279122;196,9400286;1290,789179;15,57493633;12,62265713;18,50829556;6,856408861;24,28173604;-3,556385486;-7,584470527;0,458639742;-15,41657566;8,310737123;8800,866184;5173,671713;10926,39497;1260,151611;16107,69206
74144,1004;4,194720713;1,69681466;6,732967114;-3,268279817;11,66727283;660,7450852;353,6321057;677,4247035;198,036014;1280,686306;15,57307754;12,54399247;18,60625985;6,615731828;24,52338361;-4,508543149;-8,851532974;-0,173809235;-17,29244151;8,302089334;8521,62529;5166,799057;10599,87084;1278,190013;15430,27925
74299,78806;4,496208891;2,128882438;6,848722281;-2,488325341;11,47445543;670,8441165;365,0882335;689,2167459;207,4065391;1289,642381;15,50458572;12,34980819;18,66905337;6,143151031;24,87268125;-4,258929702;-8,649174624;0,149356673;-17,19346355;8,7252652;8629,541667;5141,100943;10732,78942;1222,583083;15737,69065
74403,57983;4,903152856;2,64940979;7,156482114;-1,803778468;11,64505229;680,7378034;371,2319849;700,8689137;210,5365898;1305,118802;15,76679323;12,70568914;18,83740896;6,679346405;24,86906674;-3,320424812;-7,32242863;0,660268487;-15,11448019;8,468225467;8672,24256;5175,500891;10787,79237;1232,352069;15799,92924
74559,26749;4,378815169;2,155818717;6,577212048;-2,221590046;10,96452329;674,4064175;362,6888789;690,0779549;205,7405017;1306,115619;15,14352303;12,0385545;18,28095989;5,941898381;24,34540352;-4,293167874;-8,651159791;0,102605046;-17,20513685;8,618902291;8998,787719;5218,918341;11176,49212;1175,652559;16561,44296
74663,05926;4,45827904;2,308693189;6,543311427;-1,816099218;10,73335251;672,270987;359,0865279;687,4899384;202,3996789;1303,713704;14,88565812;11,74982315;18,06097637;5,5712959;24,20254626;-3,886214408;-8,20958093;0,473533197;-16,69465667;8,912892101;9029,015874;5219,249348;11228,1729;1151,77178;16656,19599
74818,74692;4,506048515;2,266743208;6,72537386;-2,064736865;11,09892513;656,5049923;348,0869174;671,2964906;194,1582707;1278,874947;15,18492334;12,0620238;18,32675668;5,918067983;24,45914657;-3,925037239;-8,225168199;0,363259462;-16,52552963;8,751392052;8578,747928;4990,186086;10643,2832;1160,089777;15772,93574
74922,5387;3,629784258;1,009530627;6,271321191;-4,164291693;11,46685918;608,8721783;313,3919886;617,5068746;171,2148871;1205,908501;15,63799435;12,66766028;18,65062604;6,721399101;24,5408889;-5,851331222;-10,50813537;-1,236370707;-19,56653646;7,820095182;8043,531328;4817,997098;9957,270103;1243,175823;14598,96
75078,22635;4,081234131;1,637463118;6,489621036;-3,120164701;11,24606781;618,8615722;322,6330453;630,0199119;177,6340912;1216,628099;15,36425624;12,29223495;18,41428058;6,293835285;24,42385144;-4,816917002;-9,302539534;-0,377703914;-17,94082216;8,302202431;7998,549218;4766,17477;9914,2468;1194,181778;14568,95284
75182,01813;4,358616671;1,887070598;6,831683511;-2,994441909;11,68522645;638,6918928;338,1846761;653,0616092;187,429943;1245,047531;15,76434103;12,59956049;18,91474293;6,42282361;25,1164061;-4,664878748;-9,143358509;-0,202612614;-17,82967334;8,528964463;8094,044275;4860,380778;10043,1701;1225,804153;14703,93517
75337,70578;4,682494919;2,053255808;7,325134803;-3,128772229;12,50721848;664,4953091;350,8137907;681,4740602;193,0834624;1294,190805;16,21922878;12,96961727;19,42612909;6,643529993;25,81375339;-3,960980544;-8,373998464;0,467905466;-16,96700957;9,073674939;8592,798528;5183,426405;10683,2419;1313,881801;15592,39166
75441,49756;4,723051465;1,897642018;7,536233744;-3,599556753;13,05212003;663,6472283;348,0007657;679,7957294;189,702007;1296,109894;16,69286026;13,38239542;20,00065682;6,906285906;26,49844895;-4,14983008;-8,670853658;0,369095716;-17,46330529;9,197622944;8450,274146;5158,171769;10502,95965;1359,384675;15260,95219
75597,18522;4,329253778;1,924270166;6,706069412;-2,792882823;11,44251286;653,8124541;347,530487;671,1536847;192,7705186;1267,84043;15,39217665;12,41149841;18,39587562;6,533053607;24,24043619;-4,028107716;-8,159573808;0,11508856;-16,2617453;8,15767057;8532,455061;5191,514159;10634,59616;1285,106276;15465,02237
75700,97699;3,827136791;1,300350593;6,345370792;-3,65258613;11,25249387;635,6767148;337,6408244;653,492633;185,7934242;1233,803562;15,37139022;12,3466802;18,365307;6,453178867;24,2530351;-4,948916927;-9,294272572;-0,606083649;-17,7210758;7,849916386;8243,958306;5193,149818;10283,3945;1355,626778;14773,4607
75960,45642;3,730770148;1,276007539;6,182979585;-3,535812572;11,00017093;638,3450588;338,5394142;654,8608363;187,079938;1241,526467;15,07238799;12,12215315;17,99885444;6,386655387;23,78299497;-5,089089517;-9,412556447;-0,761825795;-17,84410873;7,662796645;8528,002962;5236,036136;10622,86083;1325,634754;15409,92926
76219,93585;4,193744036;1,694064571;6,705143247;-3,24694559;11,64032109;640,6783965;340,0025844;658,293752;187,0282936;1243,791654;15,45038207;12,44725252;18,45476157;6,533909906;24,33497256;-4,275784751;-8,463146936;-0,084775626;-16,62461771;8,096548639;8293,226658;5107,9612;10328,07469;1305,698803;14964,62493
76479,41528;3,599800955;0,873596654;6,331402176;-4,479270462;11,69371788;627,4384526;324,2849222;641,0579047;175,864229;1235,48577;15,54235473;12,48385286;18,58633062;6,48559391;24,5884373;-5,348964037;-9,908455313;-0,77030172;-18,82799494;8,105355167;8417,127386;5240,583521;10484,85638;1381,491194;15126,05061
76738,89471;4,225253851;1,808327515;6,622428788;-2,880055681;11,3401338;652,5460597;358,2422804;674,6793507;201,2766269;1245,596763;15,35729866;12,2887999;18,44525076;6,269570958;24,45684409;-4,243017996;-8,47979266;0,023602993;-16,7759914;8,314362994;8142,347324;5201,750567;10158,15049;1391,324543;14544,75438
76998,37414;3,663742812;1,409312241;5,918366234;-3,010586808;10,36248155;619,6376904;329,1530734;636,2678969;181,5132469;1203,593801;14,5197137;11,73997164;17,30545706;6,262709695;22,76015239;-4,616301757;-8,656397393;-0,605100559;-16,48789715;7,238451637;8231,267036;5103,71963;10264,60594;1290,353884;14850,19629
77154,0618;4,193097246;2,236701219;6,134671498;-1,593454833;9,960231947;615,521883;338,2432008;635,8741593;190,4200553;1172,718109;14,22302266;11,48404141;16,90321067;6,172143929;22,25829728;-3,413396644;-7,022138774;0,177641713;-14,03004347;7,195991982;7784,632655;4932,347835;9723,524557;1285,028942;13977,07157
77205,95769;3,820653723;1,829805882;5,819730179;-2,135632776;9,755647014;596,8047138;324,6010998;614,0424281;182,2179635;1146,334452;14,03222843;11,26691129;16,7939064;5,851419698;22,19136402;-3,985918822;-7,845458895;-0,155629195;-15,32511008;7,326447641;7573,981601;4766,017163;9445,22263;1224,988803;13606,53741
77257,85357;4,030338398;2,034591618;6,0238084;-1,939516674;9,939821133;606,5794882;333,5998022;626,9437055;188,0713369;1155,749021;14,19696715;11,40640824;16,96553129;5,971005614;22,392447;-3,627357458;-7,309023165;0,06697821;-14,49900301;7,261482142;7548,816383;4806,564644;9421,142158;1255,707262;13512,93551
77413,54123;4,476733433;2,884139778;6,035724504;-0,258016908;9,210748629;572,5204063;321,7933422;595,8991291;182,2935739;1074,466864;13,40937788;10,88055101;15,93486399;5,926827896;20,86972151;-2,351759694;-5,398242333;0,672606754;-11,30479568;6,622971763;6909,094049;4407,84309;8642,811658;1113,200411;12351,49759
77465,43712;4,421226118;2,807181592;6,00755481;-0,381169177;9,224686151;568,6747333;318,717687;590,8354241;180,7195252;1070,478107;13,37473004;10,87916188;15,89328501;5,954130846;20,77094538;-2,347859512;-5,338652513;0,627402861;-11,198458;6,491577718;6884,534697;4368,394541;8596,313156;1109,903324;12299,99147
77517,333;4,423758723;2,867585304;5,95736533;-0,251759636;9,064097573;567,9490309;315,7184013;589,7848235;177,4673972;1072,767253;13,26074469;10,7760487;15,71785007;5,995586029;20,55783983;-2,307457108;-5,306443459;0,66292491;-11,099915;6,481489964;6918,093752;4357,047975;8639,877549;1088,260039;12414,32018
77776,81243;4,314086325;2,715935003;5,937250921;-0,466119482;9,124646111;568,653445;320,0930185;591,419742;182,4055859;1068,412901;13,2834284;10,71123362;15,86911667;5,630103108;20,98676562;-2,462799169;-5,624549299;0,70196745;-11,83220573;6,896366584;6851,445203;4379,273904;8558,121112;1122,626407;12240,80308
78036,29187;4,280705496;2,713231799;5,894006;-0,443466976;9,011909767;559,6232213;312,4005243;581,000428;176,4144035;1055,394692;13,13913521;10,67705132;15,63250568;5,779790396;20,49114385;-2,485921169;-5,48964241;0,500945628;-11,34684934;6,336879234;6779,239997;4283,95625;8469,664464;1072,669153;12148,29695
78295,7713;4,175810476;2,580305476;5,803019116;-0,640286608;8,986423379;554,8061295;305,4086502;572,9419108;171,3731243;1056,48192;13,13591701;10,72953658;15,59531445;5,956945383;20,37780772;-2,574931613;-5,581800738;0,417956566;-11,41229733;6,287828787;6970,194786;4322,474368;8691,550922;1064,13257;12556,9105
78555,25073;4,378677765;2,841230415;5,858069381;-0,137299003;8,861598116;553,3185652;307,1065209;574,0005087;172,8187554;1047,573648;12,9821388;10,62894146;15,31703855;6,025333072;19,93363002;-2,249491679;-4,992687232;0,509964166;-10,36894036;5,937161911;6858,043536;4256,35186;8567,242554;1036,395027;12352,37935
78814,73016;4,343010793;2,870962811;5,832292013;-0,061944339;8,75708956;557,6394567;316,6980505;581,0399618;181,1058294;1041,050352;12,92170696;10,4577945;15,39269273;5,626469516;20,21892536;-2,294843572;-5,177512473;0,600837806;-10,80583658;6,260921535;6721,897754;4277,449548;8401,485283;1071,692361;12018,50887
79074,20959;4,605938196;3,190780958;6,00187715;0,372222633;8,813644864;555,1145738;319,1606765;580,5147449;183,6308892;1027,244427;12,99056012;10,57202851;15,37348838;5,850224796;20,12213597;-1,983484181;-4,68821156;0,748060303;-10,01648487;6,033408834;6602,63432;4218,430121;8260,448083;1056,041035;11773,59401
79333,68902;4,451027575;3,110089244;5,801994686;0,40686527;8,440372677;539,0344611;307,7315159;562,7976155;174,9260421;1002,990744;12,60651475;10,22244945;14,95133554;5,571535838;19,6306977;-2,010693621;-4,726061917;0,682655739;-10,00565112;6,020574348;6469,163297;4094,451548;8113,854576;963,3845623;11583,03067
79593,16845;4,598738166;3,156187617;6,062337135;0,248879588;8,910905308;556,1240675;320,4747686;581,4313176;183,526309;1029,415525;13,11674625;10,64058961;15,63837637;5,745008028;20,50659547;-2,07220067;-4,895307009;0,78137666;-10,43482594;6,309040574;6659,217135;4232,127659;8334,239632;1026,473005;11899,57419
79852,64788;4,585913054;3,177752437;6,039199206;0,299792078;8,896757466;559,3394482;324,1678635;585,0289918;187,1434058;1030,160687;13,10358504;10,55632142;15,66798451;5,515618621;20,69162973;-2,11513157;-5,012928265;0,833858578;-10,76357713;6,532273087;6589,467788;4249,772338;8261,277534;1059,294837;11738,2833
80112,12731;4,524777735;3,185111515;5,844369907;0,548218448;8,49157922;542,2255309;314,6673703;568,2763559;180,7634698;999,1953224;12,64103543;10,23762848;15,03670386;5,536050039;19,72423064;-1,943896175;-4,639303928;0,755069856;-9,898698384;6,052935903;6416,894066;4116,515084;8050,456201;1000,957269;11435,71838
80371,60674;4,387859169;3,086121345;5,728583258;0,422215443;8,336872655;534,3518702;307,0176157;558,6173574;175,7450163;990,098877;12,50308151;10,12487048;14,88531583;5,458943235;19,54440356;-2,069810323;-4,792792937;0,635809143;-10,10504163;5,934947648;6373,817229;4057,766185;7983,162544;959,8205807;11374,97957
80631,08617;4,666960939;3,33593072;5,977053858;0,726949408;8,589133075;545,3718387;322,3744402;573,2596711;187,9916187;994,4212377;12,81740638;10,39331338;15,19040206;5,690308016;19,92278304;-1,91216996;-4,516296989;0,671442718;-9,576821782;5,768253335;6442,96502;4164,212198;8084,216739;999,1123827;11458,98257
80890,56561;4,541272365;3,03524969;6,073228408;0,015433086;9,07071254;567,8525974;328,8678494;593,6998989;190,1016743;1049,600667;13,25211526;10,652428;15,85408775;5,540062993;20,93976501;-2,268267805;-5,221349094;0,754452603;-11,11034901;6,607495372;6765,61005;4319,894478;8469,087578;1062,418652;12075,54686
81150,04504;4,684518712;3,373478663;5,991036296;0,784594735;8,559711843;545,0073143;320,152783;572,2494457;185,8672389;996,4261136;12,81035145;10,47882228;15,10111068;5,972845422;19,65820233;-1,891712743;-4,368113155;0,625129648;-9,245700926;5,509729179;6538,937639;4190,055469;8204,751915;989,2628673;11636,59802
81409,52447;4,331812604;3,071812018;5,612930063;0,521335307;8,160570499;523,5040447;304,9085439;548,3361506;176,6111529;962,0171479;12,28665119;10,00571866;14,51848063;5,596888899;18,95142869;-2,076833225;-4,528596742;0,373684367;-9,374392069;5,182840762;6513,031669;4161,004252;8184,868152;945,3969262;11610,23187
81669,0039;4,474435408;3,218685641;5,732513724;0,69890753;8,210906852;530,3869539;308,2545803;556,1106144;177,704605;975,0447477;12,43462101;10,2054849;14,60984282;5,903109399;18,98388445;-1,974159638;-4,378085442;0,41740132;-9,11081686;5,162562602;6544,570004;4169,897297;8231,182135;953,0178917;11679,8688
81928,48333;4,485218521;3,226817112;5,761331341;0,683848081;8,265494085;528,0504715;307,5634705;553,3786253;177,3851586;970,3337415;12,45403783;10,22166923;14,6937798;5,827016863;19,08942365;-1,946162122;-4,363898959;0,480753674;-9,135452862;5,248784146;6442,329147;4121,638571;8089,866532;952,4251069;11481,20664
82187,96276;4,315253179;3,000869247;5,617964426;0,387152929;8,229939182;531,2209801;305,9712679;555,1738607;175,3257921;983,5141229;12,33799346;10,08009534;14,59541731;5,671576055;19,00491507;-2,112768585;-4,632016822;0,374121436;-9,537911251;5,307179589;6723,777312;4238,682327;8444,427354;949,2483921;12040,35333
82447,44219;4,182056943;2,965344492;5,414050605;0,472278913;7,846499507;509,0044171;293,9289761;532,5867308;168,7588307;942,0500036;11,93464035;9,791021657;14,11995071;5,506646684;18,40432568;-2,015185656;-4,41695308;0,398960529;-9,165691829;5,101063928;6483,991353;4116,054606;8152,271575;916,0910739;11583,76885
83225,88048;4,203674452;3,037998899;5,397246999;0,649937694;7,737994145;513,5551562;293,6697747;537,0673299;166,8218355;953,6618173;11,77891058;9,737390843;13,82170448;5,752972867;17,84250857;-1,998967305;-4,252987391;0,257601568;-8,701484475;4,706098653;6559,613336;4109,220436;8250,21889;908,9704628;11784,4936
83485,35991;4,143283682;2,95637219;5,294209289;0,59835831;7,697965705;514,9950563;290,8465857;537,6030328;163,2513668;962,6326939;11,8081886;9,766897609;13,85893468;5,723571399;17,86047994;-2,156147923;-4,453892482;0,172268661;-8,9990784;4,724459661;6635,832983;4127,134673;8358,28587;901,5648899;11979,31342
83744,83935;4,12045107;2,884608121;5,33817784;0,419064372;7,808053391;532,8276669;297,3844626;554,4402641;166,9852947;1003,500735;11,96721096;9,938908468;13,98086684;5,969481792;17,97810198;-2,35205979;-4,633612413;-0,04638292;-9,145827923;4,447271997;6969,156727;4264,23308;8763,242712;932,0260769;12662,28615
84004,31878;4,367256276;3,048603406;5,630353754;0,50005115;8,234755597;550,5820555;307,7673065;572,8052916;172,5402282;1035,831662;12,45355803;10,33076188;14,57933442;6,155734884;18,73698194;-2,267616612;-4,681952332;0,140295798;-9,476335461;4,881593985;7113,356346;4344,960599;8935,30029;964,4684519;12931,61289
84263,79821;4,227735563;2,995320772;5,443369213;0,562800386;7,877366897;538,9589236;298,8490048;559,9606235;167,0348068;1017,699302;12,08374408;10,11291132;14,057899;6,172811809;17,99815313;-2,268085516;-4,526633041;0,006324588;-8,975995615;4,42354783;7001,230913;4275,479318;8802,255325;951,3142483;12744,07355
84523,27764;4,311593149;3,034116267;5,570131628;0,475196438;8,124012358;546,5254923;304,9691137;568,7211798;171,1977834;1029,20845;12,38787011;10,30550614;14,48506929;6,192384783;18,59838526;-2,371823966;-4,729765359;-0,004009129;-9,384366352;4,689374553;7086,237482;4325,610814;8914,736523;950,5036135;12895,14811
84782,75707;4,449038024;3,149351022;5,716518724;0,597366243;8,261837082;552,0923311;312,3597192;575,4997893;176,8599973;1032,161373;12,58048942;10,44576812;14,68799292;6,295610547;18,84055047;-2,300351514;-4,661368266;0,088478678;-9,300345147;4,770349092;7050,330735;4316,642696;8864,70642;952,5957363;12814,38852
85042,2365;4,353134288;3,108557338;5,545856873;0,696145564;8,021490532;548,8425035;305,9527363;571,0841486;170,4357358;1033,926733;12,1620312;10,18643339;14,14439071;6,295384087;18,03228583;-2,16924692;-4,435521783;0,047168943;-8,860453201;4,491920373;7112,988353;4334,692539;8938,277799;960,4381494;12952,2235
85301,71593;4,459709336;3,246581382;5,675054464;0,833300537;8,101661485;545,1589241;304,7011228;567,3435502;170,2324807;1026,055259;12,24759256;10,28496133;14,21824845;6,425447673;18,10729058;-2,037939265;-4,271282327;0,169667611;-8,623408242;4,521861931;6979,379931;4243,094969;8769,519433;943,828946;12713,61593
85561,19536;4,490592013;3,254792527;5,77441083;0,733267384;8,258024809;552,1269842;310,2209175;574,8656097;174,7481237;1036,007528;12,45834047;10,40785033;14,49517819;6,394552631;18,51252704;-2,157567861;-4,436420819;0,124913514;-8,972666714;4,646707334;7067,407465;4307,815093;8884,723254;948,7577905;12865,56155
85820,67479;4,549137856;3,228522864;5,87807227;0,571203644;8,543234902;569,8853011;321,3370693;593,3508433;182,4974339;1067,391701;12,76483638;10,60846357;14,88241626;6,422733637;19,12774212;-2,25040694;-4,652028847;0,136358731;-9,31991091;4,85802976;7335,042546;4475,095485;9219,655912;985,2577048;13355,76667
86080,15422;4,377881264;3,00826035;5,768818618;0,270454719;8,463268726;572,615746;319,8055406;595,5205249;180,279159;1077,265473;12,63748711;10,39244125;14,85227729;5,98758807;19,26807465;-2,405816477;-4,989286492;0,15644005;-10,03992091;5,228739314;7532,213693;4586,267566;9475,312311;990,057236;13726,81479
86339,63365;4,428075176;3,125826397;5,697509269;0,55719737;8,290480202;557,2416348;314,7410765;580,5356665;178,9573984;1042,646566;12,61652249;10,47825807;14,73730724;6,29317883;18,93114737;-2,33945161;-4,751380453;0,056185588;-9,472200649;4,771059697;7222,037291;4423,046672;9082,911262;971,4745086;13124,40641
86599,11308;4,091894539;2,899974371;5,314348516;0,465899765;7,728925756;528,887879;295,7587111;549,9198331;165,4452907;994,3364731;12,00239767;9,927763519;14,04070354;5,860983424;18,12723146;-2,453032789;-4,80538442;-0,099867099;-9,409933247;4,535204077;6955,621735;4276,328012;8767,118872;923,7593862;12642,11715
86858,59252;4,26888508;3,118618825;5,408717479;0,833292337;7,726057114;520,7335794;295,3734121;542,7466126;167,5306798;972,1570504;12,00790975;10,06586237;13,97104853;6,214296745;17,79183525;-2,153850783;-4,29608088;0,01405057;-8,53041449;4,264607091;6650,758648;4104,131789;8370,467223;913,8421303;12060,75078
87118,07195;4,25925587;3,07238167;5,451885414;0,710520167;7,820440307;533,2736733;302,9975284;555,8659229;172,6999772;995,3084635;12,16309955;10,14411445;14,15914565;6,219836637;18,09809794;-2,284333721;-4,522541402;-0,033740939;-8,934089065;4,397518657;6906,32572;4264,07559;8696,65677;953,708639;12519,6642
87377,55138;4,641434414;3,420769769;5,86140789;0,954451704;8,299994373;556,5867534;319,0989608;580,4963336;183,6808335;1031,432275;12,71160001;10,65001197;14,76664268;6,619027508;18,85740704;-2,062408703;-4,354776384;0,188561052;-8,785474787;4,676881763;7021,558615;4321,669403;8820,083444;969,8009367;12728,28159
87637,03081;4,453692917;3,155847788;5,724988093;0,604762337;8,321327371;562,5574684;318,6751285;586,2641668;181,7406481;1049,977879;12,61550871;10,50418322;14,72466074;6,342886457;18,89710214;-2,301748089;-4,657710678;0,061108426;-9,302765339;4,692948144;7299,414773;4478,722727;9187,320808;983,9998957;13266,65663
87792,71847;4,662828109;3,40584209;5,967371305;0,842733691;8,51525646;564,2791224;323,4186065;589,9331878;184,3172728;1045,958205;12,83069636;10,6868294;14,94808115;6,495998818;19,18419908;-2,099488383;-4,44699583;0,270141096;-9,10477944;4,892626834;7041,563788;4356,130136;8845,763669;982,1088885;12741,10222
87896,51024;4,597427527;3,490963041;5,721242608;1,260749039;7,938672217;531,1562142;308,2877947;556,0766799;178,4068388;979,1378645;12,17170506;10,36492376;13,98110173;6,809720038;17,51469994;-1,62351133;-3,487778295;0,240521399;-7,192373204;3,942429918;6527,782093;4058,158847;8182,697946;982,9777706;11772,87379
88052,1979;5,274150392;3,757482622;6,801917477;0,727272159;9,793966038;634,5301935;366,2917139;663,3845102;212,8234693;1171,627176;14,4562966;12,10284171;16,80207691;7,464649711;21,4698619;-2,253331653;-4,864681994;0,389908571;-10,02258464;5,541562261;7892,316487;4892,628986;9901,094379;1187,100056;14254,39125
88155,98967;6,114351225;4,127861235;8,113729336;0,179216696;12,05708621;718,1151232;412,012029;752,5297293;237,5752032;1330,135497;16,65765074;13,9065213;19,39243757;8,551735604;24,79954319;-2,417454029;-5,527968327;0,677264095;-11,63007511;6,7767547;8728,184934;5493,930936;10895,98443;1476,749748;15637,29217
88311,67733;4,761039814;2,297412517;7,239156604;-2,568679873;12,13500179;694,1951872;377,09165;713,5342589;213,9508453;1335,042908;16,23302455;13,0570849;19,41915161;6,782613575;25,64803726;-4,083873966;-8,350158247;0,192910091;-16,71525506;8,527062391;8894,040208;5254,809877;11041,84087;1271,185538;16233,01686
88415,4691;4,665398134;2,188867682;7,169760313;-2,708231016;12,04909035;691,6402793;379,2981315;710,9057019;217,4138152;1325,382745;16,19809102;12,91950877;19,47313276;6,472945611;25,91200983;-4,616846086;-9,127256437;-0,107786624;-17,92535166;8,704873124;8786,710701;5188,534309;10903,37278;1257,342673;16043,3396
88571,15676;4,426810388;2,03246492;6,844508106;-2,7052485;11,58439281;676,2741453;367,8026991;693,6018309;209,2639872;1302,188653;15,88749189;12,702406;19,08877755;6,468914572;25,30216741;-4,81859838;-9,262334188;-0,381955749;-17,94317426;8,263613738;8630,488646;5091,005454;10702,49371;1239,606509;15756,62075
88674,94853;4,421127476;2,102702022;6,755717169;-2,494626527;11,33151102;658,3991868;347,5391112;671,666152;193,9374293;1285,829761;15,49475283;12,32804771;18,63271029;6,156543551;24,82173032;-4,441371772;-8,878264905;-0,004000351;-17,47580821;8,564521082;8582,452909;4995,129566;10629,1547;1189,715206;15741,85293
88830,63619;4,537417683;1,967052901;7,115695044;-3,080160735;12,17529551;643,699596;336,4419818;655,5273282;186,2763867;1262,174739;16,24685634;12,97377328;19,53358656;6,541859018;25,93512718;-4,23589581;-8,700598116;0,253033608;-17,42014149;8,936789916;8219,000796;4901,786862;10198,70156;1208,625721;14952,32351
88934,42796;3,488372601;0,470210498;6,532414988;-5,460260319;12,48513736;608,3962585;305,2383378;613,1524577;165,2897229;1221,806823;16,38868081;13,27574572;19,48783321;7,196392056;25,57245097;-6,353907215;-11,27641176;-1,423037834;-20,84989824;8,160609787;8185,130722;4901,212969;10122,11176;1300,84984;14839,8592
89193,90739;3,077964859;0,164690735;6,00769753;-5,570413438;11,71986073;600,5248995;297,1736819;602,1511333;160,4790946;1214,151455;15,70411538;12,75092053;18,63885905;6,957506819;24,46325986;-6,885223446;-11,81320835;-1,923023087;-21,46577204;7,709785867;8382,048324;4901,331066;10332,06411;1289,924032;15309,31516
89453,38682;3,478917296;0,075460872;6,856615851;-6,535073233;13,50583985;590,1211088;302,0753363;596,0931737;166,6829006;1173,358467;17,12768255;13,80250856;20,48357626;7,266085834;27,04338933;-5,996750231;-11,57866793;-0,656078041;-21,96323907;9,73478476;7528,48609;4732,452172;9348,00834;1334,025749;13420,84693
89712,86626;3,635211886;0,592427142;6,673627192;-5,353417745;12,60059412;609,4586695;306,5464125;613,4450318;167,2920226;1223,056348;16,36026448;13,1437168;19,56222131;6,834053102;25,84652603;-5,502423439;-10,49918172;-0,491200923;-20,24176777;9,220357107;8116,843899;4837,559577;10040,1101;1258,903262;14756,25239
89972,34569;3,574397641;-0,060034389;7,182074813;-7,122613969;14,2438243;601,6944762;302,038277;605,8262217;164,6993898;1207,529314;17,93519053;14,40753067;21,43901986;7,539436857;28,36896542;-6,076349414;-11,67850934;-0,560206322;-22,39068428;10,19388833;7711,997931;4832,347937;9555,685353;1401,005058;13770,72406
90231,82512;3,252580074;0,145778615;6,393038541;-5,961971842;12,51900535;592,6032334;295,3517027;594,4688827;160,5082585;1194,548019;16,28740026;13,13624316;19,40557575;7,002474681;25,59108056;-5,919364008;-11,00337611;-0,845121952;-20,86031153;9,011444224;7988,163178;4800,917749;9888,498662;1273,709445;14483,4917
90491,30455;3,875403945;0,88501106;6,871578299;-4,951566535;12,70065542;607,3386955;305,1035541;612,4095527;165,7167104;1216,821758;16,36180677;13,14016706;19,54746461;6,874024033;25,84071005;-4,736799837;-9,449302696;-0,037097742;-18,5752136;9,080684543;7990,895507;4783,3653;9885,538373;1281,790055;14509,55384
90750,78398;3,082372495;0,181532406;5,991107782;-5,495487228;11,70297999;586,1146767;290,1942404;586,5188105;157,3781417;1188,821624;15,55485978;12,56002476;18,56156287;6,651138866;24,41847209;-6,132404182;-11,11757926;-1,14911405;-20,78763736;8,528733105;8156,088794;4749,516419;10050,29193;1234,738396;14936,63677
91010,26341;3,504896654;0,726535519;6,248703167;-4,666173715;11,68862113;588,0927588;294,9957188;591,0895827;161,0992273;1183,169424;15,52878763;12,44558022;18,6465843;6,367998779;24,69147026;-5,388979078;-10,19104314;-0,600055704;-19,55208914;8,718637124;7929,620338;4637,668529;9776,340573;1203,313574;14507,37533