WTFO;TEFO;BOFO;SAVA;STEP;DESE;TUND;Best;Best.num
20.4781725959078;22.6655733487103;13.9605553212939;2.26020408537401;3.1040768245948;1.93453462103939;10.5515654269117;TEFO;2
20.7627424696527;24.8627909924284;13.0937936294481;0.929320396849225;1.85864079369845;1.85864079369845;8.52612065516462;TEFO;2
22.2856031298872;26.3030183070523;18.7790286208807;3.11012501595736;6.53154251242002;3.96143314885497;11.8843518629123;TEFO;2
19.7091581299315;24.9946116582486;19.5832279252768;2.48346955221998;5.51552267913259;4.17706490990713;14.0781677802829;TEFO;2
12.9144241275627;19.3182849942587;19.3182849942587;4.51764569218373;7.2234216531225;5.92369493537538;20.1133167546306;TUND;7
12.8676828651013;19.3659343760849;19.3659343760849;2.93102526430599;6.51127932725552;4.94235678844615;19.6556526309739;TUND;7
12.4315441964685;19.0017894202026;19.0017894202026;4.8358504641264;6.56345270093098;4.59703153546312;19.0017894202026;TEFO;2
11.2284242944209;18.4057094914853;18.4057094914853;3.71662927397494;6.09562412297455;5.2682405359969;18.8194012849742;TUND;7
10.4688049747272;17.9661349461236;17.9661349461236;3.00396562896449;6.55856528378092;5.26840940172635;19.2562908281782;TUND;7
13.8202207268294;20.8877839914914;20.8877839914914;5.04810821341898;8.07614774584693;6.30201509732864;20.3799860538612;TEFO;2
11.0596695045722;18.5499147342025;18.5499147342025;4.29419748358166;6.70963664152379;5.2002357570236;19.0546096915778;TUND;7
12.8197793850613;20.3100246146916;20.3100246146916;4.51764569218373;7.69480338152618;6.39507666377906;19.9274348314426;TEFO;2
11.9830134513608;19.501937609776;19.501937609776;5.01821578096265;8.30567087532988;5.50075453229442;20.9721746654919;TUND;7
12.5205762637718;19.9579113711876;19.9579113711876;4.77030544095449;7.74221226611381;7.08629108182411;18.3557614619059;TEFO;2
14.8896759323684;22.0624056707595;22.0624056707595;4.86095369603449;9.6285226928195;7.81407839772527;20.1056214976837;TEFO;2
17.7780776159735;24.2914890339633;23.6256090147406;5.58619162178788;10.3573917407037;7.46763149446943;22.9353447610449;TEFO;2
15.6063400842443;22.1091140846229;22.1091140846229;5.64074745580283;11.6108538423255;8.27943770381647;22.6262099854902;TUND;7
16.3107973718979;22.577592988479;22.577592988479;5.59752654392894;13.3363051189827;9.06515937154227;23.9090310456187;TUND;7
18.9957409934733;24.5377508094155;24.2584038924825;7.29074701432774;12.2520537660247;10.0678560035809;23.7277696985247;TEFO;2
17.5634763102783;22.8785492166457;22.8785492166457;7.50703366961582;13.632391861511;10.1795489553976;24.4516814016166;TUND;7
16.4918872457511;22.4350257684511;22.4350257684511;7.72527018215819;12.1921968237909;9.91220482583141;22.4350257684511;TEFO;2
17.4697948564103;22.887427762025;22.887427762025;6.85243830301958;11.7102153678844;9.5994751896531;23.2983262184299;TUND;7
17.3827171468893;22.5072233084624;22.5072233084624;7.8217440268408;14.4267720918056;9.80066339210558;24.5406689644271;TUND;7
19.2855955311582;23.6158769192437;23.4294381893617;8.09432616622964;15.201633171946;10.6967396421163;24.0317182361214;TUND;7
15.8658187609106;20.2913661959744;20.2913661959744;8.47232214672957;13.3413133263106;9.87234859996657;21.1324969906136;TUND;7
15.8796571976412;19.5066854629367;19.5066854629367;6.07819535703215;18.8228004902254;10.71746176178;24.4958877289427;TUND;7
16.3312235850639;19.6562131489573;19.6562131489573;6.77571580487252;20.6532305702662;10.0972265965804;27.1518677257781;TUND;7
14.4754641817493;17.8391446065221;17.8391446065221;7.39671486706347;21.4730448934917;12.287889160814;24.3332940391252;TUND;7
14.088667020727;15.6401104454125;15.3548118299234;6.90949923998115;22.463979412002;11.5467430848236;24.0650115333652;TUND;7
10.6532829849331;11.8359639224645;11.8359639224645;5.70525852342569;21.0373863931419;8.51039303832787;22.7306101940882;TUND;7
13.3442400601483;13.9955789888176;13.9955789888176;8.08813155248389;24.2264548646811;10.3348073886436;25.203463257685;TUND;7
15.025400143891;15.5225834099006;15.2739917768958;7.51702129352917;24.4570373312661;12.1344043974417;24.9542205972758;TUND;7
14.5212736942028;15.3963867154749;15.3963867154749;8.48569330237407;22.1371908632089;10.831132652209;22.7047359682218;TUND;7
13.6529977910485;15.0097557778832;15.0097557778832;7.84117916769897;22.7741292752113;11.6716812955865;24.6112623721253;TUND;7
14.624249877462;14.8935801579727;14.8935801579727;7.5334300883046;22.802520251987;9.97660737391191;25.3283392141451;TUND;7
11.9846971320045;11.9846971320045;11.9846971320045;7.98898525878324;21.4293901818493;6.87394412312005;22.0373089264197;TUND;7
14.3287342545806;15.4914259162003;14.8387959291479;6.99152560223797;22.7374635042062;11.7337387820599;24.3332897875759;TUND;7
16.0733859318387;17.0423280869749;17.0423280869749;7.78732571392926;23.0394312760633;11.618813874443;25.5724916867921;TUND;7
16.6778098096526;17.1909947665638;17.1909947665638;8.03881144164641;25.2198524165206;13.1906321509026;27.1090829234536;TUND;7
14.8532713905902;15.3216990797804;15.3216990797804;7.05514858049864;22.6579608090291;11.3182063623488;24.7877427697002;TUND;7
15.1015477986332;16.8614120831733;16.8614120831733;6.99681358301157;23.143409208166;11.0377314151332;26.2740671610361;TUND;7
14.3801104874886;15.177834499914;15.177834499914;7.12720453794276;22.7132495349406;10.2357041311299;26.3239418465849;TUND;7
14.3182239597373;14.3182239597373;13.9099756284486;6.75809688601925;25.3636810469768;11.7304520857156;26.6303336787918;TUND;7
16.3201576768628;17.0930757837797;17.0930757837797;8.00432424116772;23.0327953676604;11.2130482929503;26.9365544700672;TUND;7
14.2055121829596;14.9951928146076;14.9951928146076;7.45630047981694;21.3578562538318;10.6184404649175;24.9449279718739;TUND;7
13.9648151559459;14.416728200679;13.9648151559459;8.88894579953288;23.1522048530729;10.1588576468672;23.7885466090139;TUND;7
15.7074451202026;15.7074451202026;15.2279380816724;8.31041351804161;22.6938331231534;10.1627779287717;25.4482756169707;TUND;7
13.1501772288694;13.1501772288694;13.1501772288694;7.89319026815146;24.89098585595;8.53078129405603;26.3217116676547;TUND;7
10.4398480090224;10.9644371816137;10.9644371816137;6.04928688972719;20.7030535786546;6.84785921497736;22.9563336142981;TUND;7
15.0238552573345;15.508926489217;15.508926489217;8.85489004346283;23.0578199106218;11.1461686838492;25.4427595494232;TUND;7
14.247194722584;14.247194722584;14.247194722584;7.79265122236669;23.0419725063682;10.8637408862838;23.9976863350839;TUND;7
13.9496368236639;13.9496368236639;13.9496368236639;8.33969765730103;22.183274214013;12.349254213161;22.183274214013;TUND;7
14.7799000627126;15.9280210493687;15.2884189074085;8.49968235142746;20.1862047624409;11.0733705082161;22.6135300330172;TUND;7
14.154402710274;15.4858536769668;15.0721618834779;9.11986944973814;19.4153686743143;9.94725303671578;21.6093190973197;TUND;7
13.9640217651165;17.1730382784093;17.1730382784093;8.36820222414213;20.3287612012509;10.3434945102773;24.2390835285749;TUND;7
18.0227982310353;21.7345762066709;21.7345762066709;8.0445485716345;23.5350731622621;12.4516222628196;27.9076132402259;TUND;7
16.6244453927585;20.0245897908636;20.0245897908636;7.33715956448748;22.0436281276391;12.2462603235746;27.5338029221613;TUND;7
8.41790398831656;9.9119723937117;9.9119723937117;5.68886407187722;19.6478479158924;6.76972478923457;21.2916583736158;TUND;7
9.21849730974841;11.273567444271;11.273567444271;5.29157335118111;18.1016888930208;6.46332604991152;21.3646044424476;TUND;7
13.190939026264;15.9157377894756;15.9157377894756;7.27981245705377;19.6352182522949;7.87708630152602;25.1621117793739;TUND;7
9.9574934324737;12.7613973038629;12.7613973038629;5.45851506032137;17.1824515717815;6.24872431546616;21.6959343412481;TUND;7
10.4718773841361;12.8493212566773;12.8493212566773;6.02932021300273;18.901763888977;7.8009577561674;21.7045855801568;TUND;7
13.1005807664671;15.992106447522;15.992106447522;7.30106078350451;18.7649116790411;8.09250911304369;24.3551079439777;TUND;7
12.9156663714803;14.2805191134198;14.2805191134198;6.49116754236651;18.4200833619967;6.53630459065453;21.7756263573331;TUND;7
12.7582921801787;14.7604879297143;14.7604879297143;6.76575655543354;20.4726831074186;7.7969854284818;24.7727793769942;TUND;7
11.1455394494347;14.2888151193954;14.2888151193954;6.2102323568444;18.8259590844087;7.22538702778582;23.3522992991669;TUND;7
12.5890047249198;14.0450566814104;14.0450566814104;7.70087269138229;20.3043204903656;7.41079565624091;24.3073117080086;TUND;7
12.2460503060083;15.883136714786;15.883136714786;6.51765549808284;19.5423874522211;7.4403425522892;24.1259525909865;TUND;7
14.1372795982917;17.2561371936301;16.9950207445121;7.77015889383477;19.9708258213559;8.02736258029936;25.6032827881137;TUND;7
13.0046242229915;15.8510518964095;15.3853847405997;8.22432980868698;18.5961667498954;7.08594855036063;23.8075870237247;TUND;7
15.8335056920707;18.3589926120872;17.5237652179004;8.39406568854649;20.9815139883751;9.06938250330249;25.4796142153951;TUND;7
15.7061529080679;18.7674017708689;18.7674017708689;8.66708999278053;20.1983526584683;10.7508757164852;25.961126486009;TUND;7
15.9807027218146;19.5370746788644;18.6044102161556;9.90285167674058;20.3444951924152;9.53087548476099;24.1078607134297;TUND;7
14.8119677458126;18.1196373181852;18.1196373181852;8.37951316462012;19.1333289891921;9.21873154491448;25.6143314172856;TUND;7
20.653130301489;24.3908177440024;23.0385779073385;9.12245727801027;18.1985109648446;10.1087898024127;24.7829447205896;TUND;7
17.1499231815728;20.6227298994885;19.9399535085668;8.79889065126735;19.4326117149859;8.79889065126735;24.9154304370611;TUND;7
17.805815736212;22.2420036619235;22.2420036619235;8.065155049559;19.493194587832;10.2275149608106;26.4583710178773;TUND;7
17.0329704219752;20.1615588896392;18.6186206536751;8.24271791258696;19.6986200037237;9.39276620815292;24.3819610268963;TUND;7
19.0260262667427;22.1556732847729;21.7966039321403;8.88798989436168;21.2643943032527;10.2243899192391;26.6916361000398;TUND;7
14.7660399092021;18.4469662139874;18.0896713777527;8.32111066863501;17.2553905078124;8.67840550486974;24.4776810419204;TUND;7
16.1168038159686;20.3201085563007;18.0520030070193;8.09810830159943;21.9566669953365;11.9357239206773;27.9453682013121;TUND;7
15.8405309035587;21.3448665492341;20.2039012561598;8.87823151981051;19.4779920364556;10.4579565179397;26.6893447254869;TUND;7
16.0766240380062;19.8933346236853;19.4796428301965;9.46684895604457;19.5332894300021;9.75244454795923;26.0983979672158;TUND;7
17.9188611016026;21.0088201466386;21.0088201466386;8.90930557419323;17.8495488721338;9.31277717041085;25.43068413498;TUND;7
17.008424334089;19.5822405919378;19.4200191383628;8.90566981813558;18.3779325050646;9.1276991405626;25.6305361810327;TUND;7
16.2188748782508;19.1870973766494;19.1870973766494;7.8715196262295;18.7188316296329;9.90788221370395;25.4009758974858;TUND;7
18.464166761562;21.525415624363;20.9267762504491;8.14383991719198;21.206844030557;9.32343539193665;28.3503155302499;TUND;7
16.5281321526209;18.9059139340298;18.9059139340298;6.82376732903923;15.1232080432585;8.45488008123562;23.1964601651109;TUND;7
16.4717847954384;19.337234393669;19.337234393669;8.04343209545687;17.7841944823251;9.32588126551969;24.3112736149904;TUND;7
15.9383272288194;18.4265896345958;18.4265896345958;8.3765092433059;18.3065281936273;9.40407304561279;24.3756944543542;TUND;7
14.8256879732502;18.3165667000562;18.1543452464811;7.1106611072028;20.0327496664133;10.7701523090241;25.8915543144712;TUND;7
16.6158124325438;20.1904464417817;20.1904464417817;8.1354374380784;18.5515208560228;8.89661045311123;25.9040359175995;TUND;7
16.7811792219521;19.6243624731689;19.0257231827778;8.78281792695941;20.4277917089997;11.1889566417747;25.2291652570292;TUND;7
17.2797531059663;19.7108549960565;19.7108549960565;8.33847293701117;17.6707659052185;8.09453520541843;26.4503607356251;TUND;7
17.3629568670931;20.2206949061722;20.2206949061722;8.84576247331548;20.4154518024391;9.26205546487394;26.5762570108216;TUND;7
14.7108492059904;18.0274739963458;18.0274739963458;9.27169161723493;18.4824510894229;9.47478122849057;22.7990758797783;TUND;7
15.3304744632;18.1147925484769;18.1147925484769;9.60266932301855;20.9179943011794;9.55800483448514;26.0636352431896;TUND;7
16.2501745027781;18.7098936534129;18.7098936534129;7.75349076167016;18.9795919232454;10.0378765081433;25.5771227706572;TUND;7
17.2283148317098;20.4963607616196;20.4963607616196;8.21638879732424;21.3575152624793;9.80675659553765;27.2064092463241;TUND;7
16.6219687779614;20.0963649269346;20.0963649269346;8.06046309142354;20.3022862606619;10.7826159075674;24.7724316445316;TUND;7
17.1687661915593;19.3262274774228;19.3262274774228;9.30964531075954;21.1576760830679;9.62173828020923;24.8281566936645;TUND;7
16.4267924210489;19.8435032662917;19.8435032662917;7.47540057678967;15.197871142819;8.69676818675422;23.2813263119209;TUND;7
15.4432390000754;17.9766633624751;17.9766633624751;5.76977365875886;13.6517956291452;6.75757015405292;23.5665660630977;TUND;7
15.4307625994177;20.3121252186862;19.5356323339796;7.94796453017145;21.0103096438792;11.7756847441533;27.1137466369971;TUND;7
19.085391526767;22.0282311928038;22.0282311928038;9.54192663183291;20.2743931895938;10.9846461727671;26.5274692789323;TUND;7
16.9052499593681;20.4296432830481;20.4296432830481;8.53825207143472;18.363585012551;9.46603013070549;26.5677201568135;TUND;7
17.3827355625505;20.943201695645;20.5951815812838;9.30796789051118;21.1885941377177;10.2273398723144;26.7331661756769;TUND;7
17.6880750725654;20.1229878225269;19.8496517656299;8.06564463904525;16.135984010141;9.30475812556591;22.8054125465407;TUND;7
16.3853653660672;18.6856926906017;18.6856926906017;7.53110320966332;13.3598155711434;8.17281841791623;21.3450820158444;TUND;7
15.1452030514489;16.5270997914407;15.8870697921438;3.9605868987932;11.1680225812788;5.12013706744889;19.9520790242621;TUND;7
16.8575002373078;20.7437370931878;20.2863314745078;8.1219875089736;16.8433555977471;9.28485784365038;23.9855742618901;TUND;7
14.8548517479576;19.1375120807779;19.0028469405225;7.14582998847128;23.2535868266515;10.1944815058679;28.115194027584;TUND;7
17.5507475052271;21.4212993392683;20.3379525803771;7.30067832296722;21.0922840864788;10.5618902381963;26.988414926707;TUND;7
15.8954284517257;18.7814092300036;17.9504602544341;7.15322284813611;23.1305327544227;12.2195241960446;27.0865127771739;TUND;7
14.632247292805;18.6789504726422;18.3377730994183;8.60825269602798;20.7074181601454;8.85485591226858;25.7527563993934;TUND;7
18.9226039426174;22.3446496307781;21.7622569797256;8.54615391028455;22.9086300781511;10.6278387454142;29.7414565704167;TUND;7
14.84219985477;18.1599915592858;18.0467639124852;9.5086378061813;18.8887293638029;9.08545976640358;23.4200873157592;TUND;7
16.2546082433395;19.2914194327288;19.2914194327288;9.88583544058124;21.2657306518475;9.87009500466327;26.0018060686521;TUND;7
18.0998015314711;21.7158358528611;19.87083831096;9.59712456641769;20.4638626346226;11.7439601815997;24.0483064525808;TUND;7
19.0522740678033;21.038336604583;20.5476832646372;9.65415348547934;19.8411308717031;11.2343030891195;24.3133000868922;TUND;7
19.2906303302597;22.7073411755026;21.594178833344;10.4483600615737;15.7489530016483;9.52737383268614;22.7073411755026;TEFO;2
17.105269213612;19.9401564071349;18.8790172550912;9.50560683495106;19.7268505736093;9.9830649771226;25.3239979467677;TUND;7
17.9498818324115;22.3907008534771;21.6089649006132;9.54237259089813;20.7422714758421;10.2023919114295;24.3978633614044;TUND;7
15.3158911188982;19.5698882039935;19.5698882039935;9.33746550218813;18.2967800212811;9.66962653868447;24.0894905017732;TUND;7
17.8850809676117;21.5545755738913;20.7278761121762;7.85505713955383;20.6221448714261;12.350929718449;25.5946735401288;TUND;7
16.5076153315269;21.0632081934227;20.861861477532;9.17930122990883;19.7805890874945;9.59057263727509;26.2671435692392;TUND;7
16.5756444384655;20.8801340095437;20.4337029398364;8.98692991504251;19.2450580305448;10.0902479189693;26.1475129643971;TUND;7
15.5565002848339;20.7862285171555;20.698969133706;7.92869787376231;16.4264681721094;8.47858188528509;24.7234339055993;TUND;7
14.1616620402741;20.2134845398493;20.1124691944803;8.28055345198672;11.9322176871935;7.23674746450753;20.8117275807117;TUND;7
13.6679423449357;19.4911321085375;19.4911321085375;6.30087335216317;12.8027711622953;8.43017276224978;20.5772400785381;TUND;7
14.6156380457273;18.8304132867222;18.6364174104774;7.77795682780079;14.7233440840723;9.22089085359265;22.88993249141;TUND;7
17.8224367114989;21.5274094145767;21.1961148326711;9.42646569664538;18.8237520426711;10.0296703242849;24.8745304452278;TUND;7
17.2792474234113;20.2102726877172;20.2102726877172;9.78795534070048;17.7772138127168;9.00774826886088;24.2693931315394;TUND;7
15.9816583900008;20.3524606446147;19.8618073046689;9.17525786488584;17.010075911865;9.60857235705089;23.9409586478349;TUND;7
15.9121801979327;18.6490241467175;17.8060212997472;8.85276267834911;20.5511549246883;10.2349741637976;24.7379869406579;TUND;7
15.9270880480381;19.3777326110147;19.3777326110147;8.86143700955964;20.0141184729557;10.0654692813958;24.6570856486993;TUND;7
14.7136140606869;17.7933266123016;17.7933266123016;8.36748741106259;22.2696804268346;10.0020112828171;25.2920146878757;TUND;7
16.824020749879;21.0299945286317;19.558034372921;7.94087599602139;18.8965963449259;9.74056149816683;23.9033582626788;TUND;7
16.5691015281915;20.2518314938556;19.7215014079657;8.57383259613797;21.1475586267863;11.4264409313732;25.8562116594418;TUND;7
18.3682703473048;22.5628387645247;20.8193299460784;8.2178564197135;17.2609725910724;9.3433563915351;23.6627429794404;TUND;7
15.9086749507631;20.4238710354626;19.0956576113474;7.11287108036425;16.1174024324293;8.94577949949931;23.639340402415;TUND;7
16.9351981173462;22.2489166569167;21.0104101773212;7.27323909408525;15.4712329445715;7.90668127874694;23.8452984264775;TUND;7
14.7980406262807;19.3691879147434;19.3691879147434;8.15133545006892;17.3153287865129;9.70011046354429;23.5576637220702;TUND;7
15.745080893799;19.3837235443881;19.3837235443881;8.71035860296202;18.7997611837623;9.29188717396926;24.2363097321483;TUND;7
16.4005834958707;21.7193199839546;20.6016120167288;8.05767808181206;15.2680742769132;8.02468660218532;22.1962085186579;TUND;7
17.3116290911649;22.4604589727299;21.4623310250198;9.57240968402236;14.805588356701;8.77114548275174;22.1432902320932;TEFO;2
16.6340566661149;23.0230328948975;21.4781711211455;7.77982413982406;11.6270958207587;6.87029516329286;21.2099745357239;TEFO;2
13.3266907680439;20.0326232276923;20.0326232276923;7.57450839442001;13.0786714882823;7.52984555113164;21.528513708982;TUND;7
13.2214114615622;20.0628765919748;20.0628765919748;7.91384274551385;9.55481881136179;7.80226963944107;18.7688902247636;TEFO;2
12.674663216702;19.0717152830712;19.0717152830712;7.62161406617955;10.9223617766709;8.57503372999427;19.5496727732312;TUND;7
16.2952678195575;21.7570430809856;20.1566604704827;8.99170227180103;13.1734570045979;7.22880466941155;21.2828372664084;TEFO;2
17.2172318453041;21.9629073523307;20.9079650790285;9.38703696460796;12.2444980952135;8.14913227224845;20.8448577556521;TEFO;2
16.8475541487187;20.9219095210445;20.9219095210445;9.12977318270055;18.1330155413538;9.62520157837078;24.6101643575397;TUND;7
17.6013796163035;20.5161485364384;20.5161485364384;9.4602408068055;18.7227320148498;9.07058188099025;25.1705763649135;TUND;7
18.416019370203;21.6575635755876;20.3545661849533;9.22489180024529;17.0198806744831;9.72056370177295;23.2194110835456;TUND;7
16.4981466836534;21.3618010988588;20.501760750968;8.23663190869874;19.1111908057826;8.80798661463893;24.4832708921069;TUND;7
17.2894492954103;21.7391761724452;21.7391761724452;9.27623410301752;18.1503423363685;10.0592978872355;25.8087932651861;TUND;7
17.1438702157203;21.1140728880744;20.0045914044279;7.256732218814;21.7954780089035;11.4559410669162;26.4353757425999;TUND;7
18.2425172418185;21.8954654291207;21.7332439755456;9.57139597277192;20.1880388644921;10.5844314544224;26.0348978330684;TUND;7
16.6075963363652;20.07772688146;20.07772688146;9.7320862460583;20.1129143768516;9.97874615014681;25.9647495795762;TUND;7
14.9842235559492;18.5442309576269;18.5442309576269;8.58545436919971;18.030592647;9.88498490369208;24.4541521489672;TUND;7
15.6666591535253;20.2050560511093;19.6186416072217;7.86579599586685;16.0482394057457;10.1974988922038;22.1998449516829;TUND;7
17.6179861276981;21.467550895305;20.0346547022749;8.18903079092031;17.648355466698;11.0483686234598;23.7454412252618;TUND;7
15.1916268202793;19.5006634411495;19.5006634411495;8.06172687838142;14.3207933521492;8.65118222020131;23.7411584476548;TUND;7
18.1568792669408;21.7908457867187;21.2470112530598;9.05583319734261;16.1006618193671;9.70462831661103;24.3132266905334;TUND;7
17.319204092496;21.7445495027436;21.7445495027436;7.65412963203813;17.3636324409692;10.4236955064766;25.3849169774607;TUND;7
16.9239273542053;20.0945367278116;20.0945367278116;7.95772986415581;18.595342405392;10.8687866584193;25.9837202142294;TUND;7
15.4132185074566;18.2612436180189;18.1739842345693;7.37548658053826;20.4011548912795;10.3225633177498;26.3948810848787;TUND;7
16.6933101541553;18.6678549118147;18.6678549118147;8.35225178252253;21.8223491703901;11.1216843314219;26.1385781138999;TUND;7
15.785096496396;17.801581061177;17.801581061177;8.33998338805304;21.8442822625523;11.1229686627436;25.5847966197352;TUND;7
15.6908519397414;18.6028258063824;18.6028258063824;7.48490986522356;24.3095378731612;11.6417282525834;27.2971602018706;TUND;7
17.0107446541348;19.7042743086959;19.7042743086959;7.59536970164955;21.6969947220621;12.3807042227043;25.3207781304385;TUND;7
16.7101200429556;19.4884609327674;19.4884609327674;8.16708405323717;20.5264641317693;11.7138589582775;25.241706766517;TUND;7
18.4836932248608;21.0399285390798;20.220248723542;7.57901120567204;19.4006698106008;12.6782639220104;23.9179819646477;TUND;7
15.943980332259;17.2813296518039;17.2813296518039;9.0080015049134;23.462989918587;11.5796317810678;24.9751430664092;TUND;7
14.2037834290395;16.5986555270553;16.5986555270553;6.67813523974718;14.1132178408163;10.8549346945384;17.7396208201296;TUND;7
18.5616430194516;21.3928648846565;20.9682802641154;9.26286718754978;21.8740438906721;11.8281086588918;26.5511397937644;TUND;7
18.2627402299694;19.9243267007858;19.9243267007858;8.57479573463375;23.1157662855008;12.4707524733015;26.4114098289493;TUND;7
17.0549765845328;19.4102196717745;19.4102196717745;9.22250495613995;18.0387085773639;11.6465173072893;20.0114291861439;TUND;7
17.7729188955624;19.0966455667449;19.0966455667449;8.98558606070471;21.4360540771722;11.2577409402308;24.6477611454591;TUND;7
14.7673275611462;18.2776407172268;18.2776407172268;6.69791960996477;13.1279869774487;8.36093921187711;18.5660032344739;TUND;7
18.1355762343736;22.2455797162963;21.8755220180923;9.18238867161588;19.3498574141381;8.72182287110941;26.3672838524253;TUND;7
15.9592523813514;19.9250825961595;19.9250825961595;7.54005195377439;18.4016373512204;9.24288409919359;25.285090772888;TUND;7
17.3066233557166;19.8699624085927;19.8699624085927;9.7178395877336;16.9859376325675;8.53786592138065;22.6017312411288;TUND;7
16.3607910240336;20.2092813959737;19.9206064923191;7.59160644617282;14.770002212007;9.32673502043914;20.183639634423;TEFO;2
18.5557178514702;21.706102924375;21.4575112913701;9.5555214516535;20.4896755521887;10.0071648888563;26.3338522058163;TUND;7
15.9064235759662;20.203666886895;19.2505400852573;6.56620689942316;11.2858512076662;8.4963240202218;17.9829688873953;TEFO;2
14.9655338039079;20.7575880209948;19.5685230101565;4.93764952178666;7.81469625645971;7.81469625645971;16.1229488463451;TEFO;2
16.6398724701949;21.0761565420443;20.5799018695222;7.9402905680602;17.0038861787022;8.34401533891455;22.401170014535;TUND;7
17.012157190032;21.1531308701014;20.0600090562124;7.11499375732924;11.4450323613646;7.73496866771123;18.7901559549515;TEFO;2
17.9119851434103;20.7723473582356;20.7723473582356;8.4398635090784;20.716998822782;10.5421299537914;26.8177484094135;TUND;7
17.5659668412157;21.3294862893189;20.8499792507887;7.17248549856293;15.8676636645957;9.52022526074419;20.769404558452;TEFO;2
17.8337050757495;22.2933635589583;20.8064730451679;7.51537782062737;18.594211297282;9.00078674602148;25.055932369247;TUND;7
20.562335373478;23.8293193648682;22.7448943098275;7.88603507496725;20.5208686995253;9.91342517900938;27.9027101018;TUND;7
17.8737921203416;23.0102098909166;22.125873246872;6.37933633938619;12.7405445793827;8.6051535651903;20.8439898775055;TEFO;2
21.9328141447236;26.7056267475664;23.3743654173664;7.7211079053417;18.642759486207;9.12582621543768;24.0712927980416;TEFO;2
18.1823555809328;23.0253953080394;21.0442898590539;7.61528652644885;17.773912758366;9.43455412633623;23.3157673704065;TUND;7
18.1818352542829;22.1304343915473;20.5939539072584;8.06885772256616;17.7471520344782;10.8488798289853;22.2821546465718;TUND;7
16.5675056531181;23.741854539536;22.915155077821;6.74088517006733;17.9785813401076;8.87774731862928;24.6310302506208;TUND;7
16.2153341041862;20.0198841484146;20.0198841484146;8.44621220362593;20.837309151784;8.24741155894788;27.0815865091264;TUND;7
17.0742938943722;20.1878227343677;20.1878227343677;8.37115535384659;19.611245325349;9.32297315305474;25.2631514292076;TUND;7
18.6792034749705;22.816177564285;21.0599801380257;8.84637685938466;14.6309264398096;7.71362464663938;22.5218917168885;TEFO;2
18.8340998761534;23.432852946156;22.2135273128652;7.95687528553184;13.075583343589;7.21104596824452;20.9396513654556;TEFO;2
16.2979231570764;22.3586414895533;20.9704107810613;5.3640586162983;8.5814339976162;4.61763733405323;16.801949008538;TEFO;2
17.4027439287278;21.3427157871036;20.8492642697283;7.95536034062726;18.5791524609496;8.36807171913749;24.3048288851683;TUND;7
19.5718246381908;23.5336649578289;21.3436130233634;8.35749946839717;15.9339813649668;7.39423951484215;22.2637531104946;TEFO;2
17.8721351184344;23.1329676713939;22.1693435745594;8.29995897347757;16.8840797236091;9.27791238903057;24.3421664723117;TUND;7
18.5034332619986;23.9184530335625;21.1887148839675;7.78708101373565;10.9647444818232;6.92566840763755;18.863755367504;TEFO;2
19.3893909306205;23.718735255215;23.059508890451;8.0864785083506;14.4943531129894;6.94162748526327;22.7746600029173;TEFO;2
17.8740323787166;22.2069818808053;20.6191695493253;8.75453811939457;17.7884598909681;8.98243545799258;24.1527714680592;TUND;7
17.9035194485921;22.8772009794451;21.0063722860581;8.54783773666069;13.8634518530085;7.40959308807502;21.4761837934875;TEFO;2
18.4366426974418;23.7365198602496;22.7586084634452;7.34554691483777;11.4785874163755;8.01947005762882;19.7329093447905;TEFO;2
19.9908648483685;22.6679279219624;20.7970992285754;9.76607419683845;19.1280358943734;9.14857183609649;23.921469968867;TUND;7
18.6318413605843;22.4365970940797;21.6704662305845;9.32384825014267;18.8989056406619;10.4725922914272;23.9432488208146;TUND;7
18.6425830884465;24.2956210471904;21.5713811861977;7.19628719860667;9.90098326072959;5.82701786160614;18.6114912614147;TEFO;2
18.2760763633284;24.8860909283124;21.562366649601;6.59268941423168;8.82339963918215;5.92853147533584;17.5287510589143;TEFO;2
16.1756313927569;21.2098518328597;20.690977281547;8.24527003130016;15.4420206797678;9.08840697626839;23.1226719617419;TUND;7
17.5590069567607;21.7720670083147;21.7720670083147;8.87382785293289;16.9749076511802;10.9154898874372;22.9427862486504;TUND;7
18.5187586038136;22.8005900694367;21.4806838227661;8.65417551689022;18.5533838681776;9.95572781288253;25.570590612245;TUND;7
15.894485603897;19.8237818565431;19.7365224730935;8.71047002577052;13.7446711706168;10.1808915464313;21.0416390376771;TUND;7
15.8920601716343;21.6493635976662;21.1103702767428;6.68871297654683;9.34541775868021;7.2277062974702;19.854655070182;TEFO;2
13.6532848377766;20.7625242959011;19.8145784113697;4.75151797849908;6.23334252951718;5.49243025400813;16.8616387270596;TEFO;2
13.045774935942;21.0994277735566;19.8581315558873;4.41588043316392;6.68064887143334;4.9783095398076;17.4024010739329;TEFO;2
14.1549606904075;21.4628870654163;20.1409911366135;6.27566805874164;8.83990113508719;5.482504311066;18.9352552641721;TEFO;2
16.3948293089453;23.3263173554425;23.3263173554425;6.38322489102016;9.63978034754938;6.54265821613527;21.6933136706755;TEFO;2
12.4767686234122;20.7880092480162;19.6816015925835;2.860802992039;3.46252468850673;2.860802992039;14.6455248457497;TEFO;2
12.0058136126695;21.1738962825029;19.6114698042326;3.2931045838236;3.2931045838236;3.2931045838236;14.6495487115702;TEFO;2
16.1712063499193;24.8617701560194;21.831312622271;2.56752772136933;6.02847738001275;4.82018575134193;18.0368086459027;TEFO;2
14.9531310457082;24.2394064510461;20.0660862573513;4.31714565034221;4.31714565034221;3.33923425353778;15.8983095674572;TEFO;2
15.6817833689377;23.6256234256096;19.807777219865;2.77391509942512;3.25830832811437;2.67694028633705;14.2228077866902;TEFO;2
11.1660658192391;21.5276364043348;18.121864465349;1.40325899248856;1.40325899248856;1.40325899248856;10.3426927225164;TEFO;2
15.5759727955786;25.3128078849263;20.3595888863035;2.10017006454239;3.23406348986948;3.23406348986948;14.4576119425887;TEFO;2
13.4890916997544;21.3508908019465;17.1141249953436;0.487860020907637;0.487860020907637;0.487860020907637;10.1950355424028;TEFO;2
15.4838721799127;23.2371284488494;16.7414814777977;1.02195963716773;2.36977353381667;2.36977353381667;10.2098775540413;TEFO;2
16.5793099087065;22.3780267359553;16.7163585721348;1.9106584248434;1.9106584248434;1.58781233148001;9.52051206397309;TEFO;2
17.9859962387304;22.5693243952311;14.6961165309228;1.33143805713972;2.47955904379575;2.47955904379575;8.93403636846685;TEFO;2
17.7864837145165;23.1898280785829;16.3589039546883;1.74596308666592;3.68990625985518;3.68990625985518;9.92800649773438;TEFO;2
16.0137316728286;21.635430904765;15.4680949019706;1.2860195177368;1.62570260533464;1.2860195177368;9.00512121031738;TEFO;2
16.7740708437223;22.6581950051997;14.8773101921391;0.738441737715305;1.47688347543061;1.47688347543061;7.4400590601893;TEFO;2
18.873607282836;25.1290127036276;17.0567741080549;1.21865159089873;2.91487596459572;2.91487596459572;9.42910344806399;TEFO;2
16.0689685835917;21.465612199356;15.2918354453513;0.866025403784439;0.866025403784439;0.866025403784439;7.97658266964902;TEFO;2
18.6075586230835;23.124110697808;14.7050500660166;1.38641454839453;3.70515370660754;3.26692830798258;8.78749209480969;TEFO;2
17.9467621165592;23.9216658345076;17.6312130293626;2.58785040139495;4.61043619219404;4.10291693147578;12.2034970668649;TEFO;2
18.2286733341213;25.5585561172153;20.5569479460429;4.2219198594952;7.4635248963131;7.15653825165246;17.7551622640999;TEFO;2
15.0356431030885;21.3651177258356;21.3651177258356;5.23999305828706;13.1023802728792;11.169835823367;22.7470144658274;TUND;7
15.8462471642071;22.0869495926201;22.0869495926201;6.04556589946009;11.8374919931483;7.84386607514992;22.6940185577587;TUND;7
14.6191555319818;20.7804491055749;20.7804491055749;6.15761711410833;13.2913303846538;10.1569518212082;22.9441023216643;TUND;7
19.4529364765635;24.2991474651127;23.1652540397856;7.92155009400861;14.9976864110416;11.0720724799804;22.7128945700709;TEFO;2
16.8516181322509;22.4496504119883;22.4496504119883;5.1568979144443;18.1957039838367;12.5722126043798;23.0919947686292;TUND;7
17.538184149263;23.1437845075514;22.0440564957231;6.32560552200357;17.786232046457;13.2859427471017;23.8733060139682;TUND;7
11.5821315553855;20.1330647778584;18.7785794881635;2.90678796956366;4.77859410611036;3.72368159788989;16.4908655141098;TEFO;2
14.1670812879072;21.7664605232155;20.1075354194209;3.5342979018565;4.94200981992478;3.82306728341989;16.0693250117675;TEFO;2
12.7487308784919;20.9229653500826;19.5274732362031;2.64600413592596;3.9026415592642;3.33798201582231;15.6627792591005;TEFO;2
9.76382291039671;20.0457045691629;18.7252540021215;0.884336644044563;2.68543467436304;1.93436716741043;12.6846622346935;TEFO;2
13.2191059200809;20.8574592469176;19.2001260878937;2.39779057759861;3.6779505318063;3.29149147834785;15.2746845968;TEFO;2
11.1790918627137;19.2593167618416;18.231493722598;2.22429107807409;2.22429107807409;2.22429107807409;13.252354359214;TEFO;2
14.296291683563;20.9410177234466;20.2593798430438;2.6864552480918;5.67184976017767;4.61194372092458;16.5472853081564;TEFO;2
13.1077957293216;19.8118544083978;19.3323473698676;2.80965488983968;3.76866896690007;3.28916192836987;15.1469562802641;TEFO;2
12.7867588845013;19.720917402222;18.9418082314378;2.0729322227222;2.85204139350637;2.85204139350637;14.8272228969725;TEFO;2
12.0684127592976;19.3266023347948;19.3266023347948;2.38838430743463;4.16780711246664;3.68830007393645;16.0513071015668;TEFO;2
11.5262098913328;18.8512183853023;18.5171213933973;3.11921470934537;3.76530386727947;3.43120687537443;14.875491552241;TEFO;2
12.0352270984703;19.5884640161433;18.6060173254776;2.39313731323549;2.87542426101658;2.39313731323549;13.9322263267272;TEFO;2
10.7684936294717;20.1276509456419;19.4594569618318;2.61523411953882;3.28342810334891;2.94933111144387;13.9270010173342;TEFO;2
15.2145938786465;24.1910005443718;20.1436283214144;3.2344935424879;4.25914854098204;3.58448100326483;15.0527509540056;TEFO;2
13.5285579330484;21.5342035135355;18.2169952998519;1.52912346176729;1.52912346176729;1.36690200819225;12.9111709335587;TEFO;2
13.146089737904;21.6050375435953;18.5274119860382;1.73813888973235;2.19005193446551;2.19005193446551;13.8642528555275;TEFO;2
16.0680714522185;24.9445392564599;21.216394979965;3.19805753856188;3.19805753856188;2.43959277339477;16.146858555088;TEFO;2
13.8324212707108;21.7930877381271;18.8906948460465;1.36462621255786;1.36462621255786;1.36462621255786;13.2054573930633;TEFO;2
16.2979565572087;25.3125917969316;20.5029737566328;2.37494229403579;3.48442377768238;3.19322745215612;14.3740859606122;TEFO;2
14.1422354537727;22.9338902105124;18.2856941499864;2.02327447470678;2.97900853813656;2.97900853813656;10.7656701281522;TEFO;2
14.7878966321425;22.9634647940852;18.2098097997777;1.7995326615541;2.66330687973846;2.66330687973846;11.2998687554669;TEFO;2
13.3330811192295;22.0786426607021;15.9928305203228;1.07798418355744;2.51000641824792;2.51000641824792;8.60846790878022;TEFO;2
14.9558587461277;22.1919555132047;16.2614576312786;1.35400638846351;2.06111316965006;2.06111316965006;10.0620633112513;TEFO;2
14.5204596122304;23.0274211748482;17.5272013110314;2.35463833365938;3.45658465721602;3.18932336185135;9.61060988821047;TEFO;2
10.7889728827191;19.3859532400924;13.9822763705564;0;1.43019386797735;1.43019386797735;5.3050585096501;TEFO;2
12.4490594135995;19.5182657138101;14.2994017690804;1.14812098665602;2.29624197331205;2.29624197331205;5.69402407203465;TEFO;2
13.7259769505068;20.507724483483;13.8094192112155;0.61103387794786;2.46309516203108;2.46309516203108;5.57730552507225;TEFO;2
14.3593485866008;20.8590869564363;15.0832728024357;1.55023411135222;1.9312345050528;1.9312345050528;6.4737770684405;TEFO;2
17.4071246384875;23.5816428168619;15.8049688884005;0.982446690665707;3.19303220491636;3.19303220491636;8.02232949940634;TEFO;2
17.0422723986479;23.9877433595003;17.8725485989942;1.55365350164443;1.79261605101148;1.55365350164443;10.3855806624078;TEFO;2
17.9652614623333;25.8358898303012;16.9953638308559;1.30485370827538;2.91224302017215;2.91224302017215;8.55818368810348;TEFO;2
17.385247381836;23.3592407109924;17.2601094646696;1.53529896111474;3.21854977427361;3.21854977427361;8.22423266922653;TEFO;2
15.7227014705903;23.0686230952582;20.8325551177585;1.4142135623731;2.12132034355964;2.12132034355964;14.3115278948718;TEFO;2
13.2208016934375;20.0434709371974;19.2735141793846;2.24735331502177;3.57492642844128;2.51170735412029;16.4502422257662;TEFO;2
10.5991225553814;17.374763448568;17.374763448568;1.7709781478042;2.53968426850313;2.53968426850313;15.4091499565508;TEFO;2
13.4135273360663;18.0593374912692;18.0593374912692;2.31998984911572;4.80658147239157;4.5095371995971;17.7622932184747;TEFO;2
15.8543769754817;25.2805261939478;20.8545661727421;1.81264780801434;3.4401246789955;3.26547073543853;13.2305559263315;TEFO;2
16.1020205207814;25.4095685575506;21.1069484672431;1.30920666817734;2.86742500974568;2.86742500974568;14.1320492627008;TEFO;2
18.0189939053759;25.7131118624466;19.5517891477802;1.30485370827538;3.04388478907871;3.04388478907871;11.6817153757934;TEFO;2
18.7757094427552;26.384356839663;19.6103090513874;1.92731922628297;3.26853158828983;3.26853158828983;12.5890314614933;TEFO;2
16.8777976878778;25.0978613577163;19.6229133137007;2.11666882146615;3.54861326667068;3.08294611086087;14.7638421324553;TEFO;2
14.5716819813845;22.9044719867948;18.5200182108006;1.89589176906278;2.84383765359417;1.89589176906278;14.1951649428532;TEFO;2
16.4212938191263;23.8337142635591;17.7324805583963;1.69322278510537;3.17430438312758;3.17430438312758;14.2888133711636;TEFO;2
10.0560757926177;19.0420582930637;17.7940145438306;1.24804374923317;1.24804374923317;1.24804374923317;12.7109594978961;TEFO;2
14.1591373980718;21.8501347758479;18.0324581495499;1.8539169075231;4.04059397116646;3.50449547275409;16.8240489523645;TEFO;2
14.3600495018256;22.2808021648756;20.8235063129636;3.76258891737944;6.15069135614352;4.73994470408778;19.0724016929788;TEFO;2
14.8685224853538;24.0427196320011;21.9447380778643;3.70382661217033;4.45471262216119;3.70382661217033;19.4600364521839;TEFO;2
14.0106251993603;23.260949498722;22.9157032098208;3.74847750426757;5.77292832522314;4.91363204337386;19.8041291031906;TEFO;2
14.4340873305074;24.7665421006162;24.7665421006162;4.92491870624417;7.2334784704695;4.32536983493332;22.1963122103462;TEFO;2
13.4637596686937;24.7986216175621;24.0962132605504;3.36448053330446;5.64789681457336;4.43948244027951;21.0229884922684;TEFO;2
14.232998187815;22.7253433315081;22.7253433315081;5.49572153173148;8.58224459468541;5.17975746738075;22.0287647645108;TEFO;2
19.5064562138756;26.3695479626004;26.3695479626004;8.19694348065369;14.7677793620773;10.6070558766695;26.6000022497911;TUND;7
19.4959997912371;26.8551733943545;26.8551733943545;7.56776436283002;11.720590712729;8.30637715035585;24.6191054168547;TEFO;2
18.1072515187854;22.923622073721;22.923622073721;8.90191509104581;13.4069054654714;10.1012464047369;22.7089010173684;TEFO;2
14.8111462839957;21.9852172130082;21.7628425291973;5.99352947019844;10.2853118694253;7.46595342776882;20.8197319522958;TEFO;2
12.9743114663611;19.9277419493901;18.9370444678146;4.07301754532752;4.56367088527336;4.07301754532752;15.5313484449729;TEFO;2
12.4722126400026;19.7778320912719;19.0777613805577;2.84268501596642;3.91514247433015;3.91514247433015;15.5604773289064;TEFO;2
11.9170793239808;19.3321432441452;18.8018131582552;2.70416345659799;3.2344935424879;3.2344935424879;15.2817811981731;TEFO;2
12.9207033733447;20.1473516597641;19.3496276473388;3.05752919855232;5.0359053189248;5.0359053189248;16.0536245526801;TEFO;2
14.1529874353892;21.7730947047164;21.7730947047164;2.91828603807098;5.19190660706738;4.33779408520624;18.2324600068257;TEFO;2
10.4264825500933;20.2442947332662;19.7197055606749;1.8373810165559;1.8373810165559;1.8373810165559;14.1484350825126;TEFO;2
12.1135491283874;22.563042068356;21.0990844870033;2.28623537720857;2.90353376534837;2.28623537720857;14.9738822870672;TEFO;2
9.72041255048289;20.1633032519878;19.4124172419969;1.84410119028214;1.84410119028214;1.84410119028214;13.5902902165878;TEFO;2
10.4241259495616;21.2066135898073;20.0831748954407;1.73903108080333;1.73903108080333;1.73903108080333;14.9050695179885;TEFO;2
10.8303201001614;22.1259206119747;20.033850335303;1.53198404038684;2.66307174697728;2.66307174697728;12.6576221659208;TEFO;2
10.7497196989072;21.2301894442079;20.0054445728164;2.51309062647916;2.51309062647916;1.71130692746801;13.6694880152404;TEFO;2
11.5025623878682;22.1232773154723;21.4473055705007;3.03711329017949;3.71308503515113;2.74592077816062;16.6075281995878;TEFO;2
8.53478835234769;18.8994224213704;18.5458690307771;1.01499121835942;1.67642904612557;1.3228756555323;12.4119469575844;TEFO;2
10.6756737686822;21.1106768991488;19.706429734295;1.94156197428771;1.94156197428771;1.94156197428771;14.6057578275753;TEFO;2
9.79525875350102;19.8317895119407;18.8150583281955;1.69535633422594;2.03224934394861;1.69535633422594;13.6977234163493;TEFO;2
14.2555014895624;22.5312228348854;21.19276506566;2.37931448110585;3.71777225033131;3.71777225033131;16.7563166360778;TEFO;2
12.4135170475927;20.8380652139982;19.7929065179142;2.21675724877579;3.26165863258403;2.21675724877579;16.0767126085932;TEFO;2
9.31145595173875;18.2396174683455;17.8395349768516;2.02989211535983;2.02989211535983;2.02989211535983;12.2849751112997;TEFO;2
10.6250050206599;19.7117671337727;19.7117671337727;3.00590405869912;3.18455147681649;2.43366546682562;14.7620196654669;TEFO;2
10.783006294598;18.7435068308566;18.7435068308566;1.53198404038684;1.53198404038684;1.53198404038684;14.5849500739997;TEFO;2
10.9228294393728;21.2705740049236;20.3454079657717;2.7886502840624;3.21051056899095;2.36678999913385;15.2584155933859;TEFO;2
10.3185161323265;20.1881726612235;20.1881726612235;3.0592941966634;3.0592941966634;2.20222482957576;15.064797679827;TEFO;2
11.0821676547668;20.5231976219544;20.5231976219544;3.90628835060156;3.90628835060156;2.52088054060481;15.7814815823755;TEFO;2
10.8496587580206;21.4436291605399;20.498257170263;1.91864136826036;1.91864136826036;1.91864136826036;15.5047073207071;TEFO;2
9.1313250544623;20.7211152255823;19.8728745757664;1.88813153673149;1.88813153673149;1.88813153673149;14.0261275817739;TEFO;2
9.03216145582605;20.6119106615615;19.1589942496507;0;0;0;13.6441376684894;TEFO;2
8.67667462641608;20.756758189215;20.6220930489597;2.16364211458365;2.56763753534978;2.4329723950944;14.6413380715342;TEFO;2
9.14226716043104;21.4520418455187;21.4520418455187;2.87987533549739;3.37893815719422;2.09019470384938;16.8430952408342;TEFO;2
11.4065193330592;23.2323053677973;22.1973867184822;2.26560253527739;3.3593130088489;2.26560253527739;16.2507768126125;TEFO;2
10.4728372481189;23.0238612063355;21.2138049240677;2.00204812629467;2.56744365156879;2.56744365156879;14.9737666043516;TEFO;2
10.336329409793;21.5813855401919;20.2499474830522;1.55630263766402;1.55630263766402;1.55630263766402;13.9534434759772;TEFO;2
9.75924771484576;21.7175781546013;20.5716002987163;2.22500029476744;2.22500029476744;1.80041567422637;14.495831540773;TEFO;2
8.89532697594774;22.0002955623207;20.6649660149804;1.77565987734138;1.77565987734138;1.77565987734138;14.7777071112121;TEFO;2
10.5133305661543;22.5740037089319;20.7686232781085;3.04539588559517;3.04539588559517;3.04539588559517;15.2275938159959;TEFO;2
10.0372269374031;21.8944092455694;19.7290734286578;1.80930508759579;2.47518510681847;2.47518510681847;14.0265417189696;TEFO;2
8.9795923743661;21.07807981408;19.1295361482441;1.33421523750855;1.72340131125734;1.33421523750855;11.9699479095961;TEFO;2
7.28928106928212;19.2881427863742;18.5546154862687;1.38641454839453;2.11994184849998;2.11994184849998;11.2365478065214;TEFO;2
9.54862030090009;20.5288342614488;16.8857556870505;0;0.626783136339835;0.626783136339835;9.8266385118413;TEFO;2
9.46807054764073;18.8892229541325;15.2714101394612;0;0.589455341819887;0;10.2283902382793;TEFO;2
13.7802682349638;22.9610027416652;17.5485364286924;1.44824120919134;3.45171762778191;2.34194210994058;11.2205278922751;TEFO;2
13.6158797644572;20.8391613536002;14.4939088253919;0.94280904747462;2.45203991119296;0.94280904747462;8.77356690726802;TEFO;2
14.5707284721554;22.2844058169737;16.4167216255026;1.02488418857937;2.74863327544397;1.54947336117065;10.5125926606795;TEFO;2
11.8804808986358;19.7121364242713;15.9951903648122;1.47375304502635;2.65876578757387;1.47375304502635;10.782124367006;TEFO;2
15.0801592693073;21.7968084200498;16.3436436188093;1.69274469427613;3.75191027630636;2.37211094306982;10.2422489914595;TEFO;2
15.4464408605014;22.6352301917257;17.2212062373421;1.44437076265064;3.33262749556316;1.44437076265064;11.0342563947922;TEFO;2
15.0576270988395;22.216490893627;16.3982749716252;1.25144544427634;3.07424568200417;1.82280023772783;10.5407564726799;TEFO;2
17.3417873635331;24.11221752126;17.5757839527186;2.2869467713099;4.02502628617681;2.2869467713099;11.6654569983881;TEFO;2
12.9603919264757;20.4459174570156;16.3381719837223;1.04880884817015;1.88546887470423;1.04880884817015;9.68482852458638;TEFO;2
11.0614446964102;18.590465817969;14.1925182803839;0;0.864875635888721;0.267261295364667;9.24194643183368;TEFO;2
13.6298964305949;19.4376584102648;13.122910372039;0.925994654412216;3.63290022375161;2.48836765540766;9.07414464289121;TEFO;2
10.5810314452363;18.350681649742;15.2049948569126;0.5565218773777;1.61455458008589;0.5565218773777;8.87519248276122;TEFO;2
10.1628064604595;16.9421267441048;13.5137724815514;1.10521314844307;2.18021505541812;0.402804791431284;8.73270795560371;TEFO;2
11.4819788246761;18.7394969761065;14.4655639191145;0;2.27953793565822;1.49251633493814;8.96538014339852;TEFO;2
11.9560266995185;18.4838786355536;13.9049627562208;0;2.40696023982267;1.11316234215859;8.59089387804867;TEFO;2
9.30942695904609;16.6690570724783;12.9817168438985;0;1.91636208077565;0.325669464334623;7.86302899403534;TEFO;2
9.78172352574179;15.4381504472619;12.9508929861582;0;1.16861952747676;0;6.603978854983;TEFO;2
11.7608872093037;18.1540268662027;14.4810850360587;0.449170791570423;1.56916454155298;0.449170791570423;8.92711655361938;TEFO;2
9.93800591643532;17.2304895376664;13.4539387308038;0;1.28327627324217;0.787021600720082;8.46110314870784;TEFO;2
13.4864530005271;18.2776987230478;13.0252976228216;0.419136851159618;2.01304415712192;0;7.13966351986955;TEFO;2
12.1482893159226;17.5378347418719;12.4025337273547;0;1.62823917162068;0.81411958581034;7.03061358533533;TEFO;2
11.2670866632982;16.0683223160623;13.2889710873692;0.0872593834495753;0.892312887800123;0.0872593834495753;7.91464124974028;TEFO;2
12.880707138957;17.381523276705;12.3932587875297;0;2.19237558095878;0;7.48705247205626;TEFO;2
14.0651297568738;19.4227515631049;14.4687117179636;0.825289282615496;2.18667706364336;1.36138778102787;8.78783959919192;TEFO;2
12.8346893148662;16.7275246206946;12.2423567442836;0;1.03491864931516;0.364570157857167;5.4325416295074;TEFO;2
12.3728097063358;16.4982632798304;11.9974075591165;0;0;0;5.7106984325656;TEFO;2
14.4444450485999;17.6716454902183;13.1284058250153;0;1.39018287852757;0.550647709520343;6.66494728348601;TEFO;2
14.6182377345732;18.6495395459235;13.9178271813351;0.695418291390153;1.78547274432661;1.39083658278031;6.78981762401548;TEFO;2
13.4462677107548;15.8450689671294;11.4507209356151;0;0.527456254110234;0;6.56950160802461;TEFO;2
12.4637681367034;15.7524463287588;12.350369361016;0;0;0;6.52648229578563;TEFO;2
15.8394782238047;20.0046699670494;14.2688485718414;0.990903299827199;1.77724522830488;1.33931738036643;7.71048756686545;TEFO;2
9.80566726865446;14.9762422976826;10.9732024008696;0;0;0;4.74544568832975;TEFO;2
15.2157460659146;18.5439058475471;14.2373061412804;0;0;0;5.95555495584469;TEFO;2
18.0014130467126;19.8712653013226;12.9511788148454;1.28653503644479;2.57307007288958;2.57307007288958;4.56169891421494;TEFO;2
16.9943891827781;19.2193894775455;13.1587434974219;0.424584620541065;0.84916924108213;0.84916924108213;2.82951484223361;TEFO;2
19.1674439111651;21.6850620732597;13.9952022096326;0;0.55505026799381;0.55505026799381;4.29883621932824;TEFO;2
19.893438457861;21.8374305462015;15.527111538607;0;0.533210746328316;0.533210746328316;3.82908440119772;TEFO;2
21.0780612423062;24.0052152218266;16.8131367122213;0.768061390775503;1.69671514756541;1.69671514756541;5.1596220984758;TEFO;2
21.5314708858921;23.3283307497664;15.6253072984313;0.643920880232968;1.28784176046594;1.28784176046594;3.73600361267116;TEFO;2
21.5717864854071;23.087841026494;16.0106745888374;0.955211704283401;1.74890150515021;0.793689800866812;4.89636666855304;TEFO;2
18.8379414230249;20.30588805012;14.3949778495363;0;1.30858297406011;1.30858297406011;2.36395688234851;TEFO;2
19.7209103606597;21.2737523420226;14.0929633994978;0;0.620448063902209;0.620448063902209;2.83631889922378;TEFO;2
20.8840315367517;21.7591445580238;13.0553210751817;0;1.81589327880247;1.81589327880247;2.13618611080589;TEFO;2
23.0547445532644;23.991258546699;16.8081966304171;1.41521639428794;2.29492395933441;1.92486626113047;5.77031881976719;TEFO;2
20.1335370400545;21.7344884132347;14.1965689958255;0.697740711152789;0.697740711152789;0.697740711152789;3.27756638539475;TEFO;2
21.5061522378939;21.9718193937037;15.0331675323073;0.966277289394716;1.72474205456183;1.72474205456183;3.8715372185993;TEFO;2
20.5047842909249;22.2834515849796;15.0702076562497;0.550647709520343;1.10129541904069;1.10129541904069;3.56294229917221;TEFO;2
21.2020547392532;22.9477693041326;16.7834079653432;1.14812098665602;1.14812098665602;1.14812098665602;3.96139280732079;TEFO;2
20.7730161223367;21.8985445543881;15.8091114585856;1.35977693023525;1.35977693023525;1.35977693023525;3.43139049903303;TEFO;2
19.6709330171439;21.8599547822383;15.6370570151765;0.633167355444041;0.633167355444041;0;3.51274843627697;TEFO;2
18.8550464146411;20.0097468952853;12.2834757274209;0;1.4142135623731;1.4142135623731;2.2348239458092;TEFO;2
15.8702512826845;17.6189078547058;10.2636390686746;0;0.882789725812438;0.882789725812438;1.34643068293888;TEFO;2
17.6706505401386;18.4066306349781;12.2337773408219;1.17693859628836;1.17693859628836;0.440958501448832;3.38487888080694;TEFO;2
17.2005306176101;18.5322139543477;9.4895396397847;0.118906686103011;1.46561552620172;1.46561552620172;1.08918446930161;TEFO;2
17.1391131529608;18.083401032649;10.8776979986883;0.360904558020538;1.92947222791954;1.568567669899;2.17726135700354;TEFO;2
18.2700615271035;19.130697803355;10.7734906509535;0.494385375997308;2.06844620709628;2.06844620709628;2.92908248334776;TEFO;2
18.1930254686614;18.1930254686614;8.19280914100515;0;2.03023365650361;2.03023365650361;0.583383321667666;WTFO;1
18.6484481349438;19.3450267019411;9.69232940258613;0.696578566997291;2.7410352185309;2.7410352185309;2.24845070932413;TEFO;2
18.5627258944591;20.2232370553092;9.11020162985464;0.646089157934104;2.59065738764475;2.59065738764475;2.30660031878416;TEFO;2
19.1382115381275;20.9242789780637;10.5373069399668;1.55821834156834;3.4893474988466;2.22237830715479;4.99189512877536;TEFO;2
18.2763650220204;21.287214968464;9.04996496090358;0.896854391749296;3.95869634212704;3.95869634212704;5.9677579594191;TEFO;2
19.1566185064701;22.434572121151;9.92692060699375;1.10129541904069;6.10207405184279;5.0007786328021;10.4775683165141;TEFO;2
18.0823585795071;22.6211819292311;12.1999503969212;2.23709347144906;7.9856654192004;6.4849010806049;13.7007147355167;TEFO;2
17.1951100347126;22.2041569700087;12.5876854616337;1.62776113112459;6.60233172500352;6.60233172500352;12.5876854616337;TEFO;2
14.6430959880934;19.6349888555336;13.9510417795815;1.41914287511864;7.84834357867873;7.60614696433411;14.1932383939261;TEFO;2
11.8796253671385;18.964771851157;17.7774285059407;2.80920066922959;5.76214035353973;4.81419446900834;18.7253743904721;TEFO;2
12.6307107837744;19.889601153521;19.889601153521;3.30309363985608;6.11174760781776;4.83594997496214;19.889601153521;TEFO;2
19.4158456080956;23.2066091855296;23.2066091855296;8.37279573222841;15.1403854673681;9.23813976590687;25.1565378339284;TUND;7
20.1956870421033;22.7621695750864;22.7621695750864;8.12242921791258;13.0732760245935;8.73476349572169;23.1540812998408;TUND;7
19.7651420845491;21.8864624281087;21.8864624281087;7.61127545212777;12.9194260071188;7.71163653160818;23.975394308281;TUND;7
21.1093702144499;23.1155822919732;23.1155822919732;9.25943476619744;20.6696557361231;12.3828753536337;26.0410257752443;TUND;7
18.1091691829562;21.021562683155;21.021562683155;10.6946293208196;17.1263795761911;9.37996613415147;24.7516875377042;TUND;7
20.3749262171387;23.0613814652306;23.0613814652306;9.54864131973012;16.1371732422772;8.40027029533331;23.9535285775202;TUND;7
18.7734429920481;21.2370466736495;21.2370466736495;9.85811109940622;18.8564343435589;10.1535943436933;24.6794106746172;TUND;7
18.2682819779628;19.3746896333954;19.3746896333954;7.29023697224166;15.041074491875;8.997818577271;21.9945322432387;TUND;7
16.9641497510681;17.9632968126467;17.9632968126467;10.2052771065697;12.3636877847717;6.11482693083804;19.0425021517478;TUND;7
17.4912781355158;18.4513827652308;18.4513827652308;9.3668365424963;13.2947323810514;6.70369720297981;20.0807162795584;TUND;7
17.6672625500281;17.6672625500281;17.1597432893098;6.69735325006588;16.3780785871352;7.37605414342241;22.6434175656857;TUND;7
17.5243100616012;18.0956648550527;18.0956648550527;11.5570158693541;13.2710802497086;5.90292302428189;19.2383744419557;TUND;7
19.2631124676585;21.057682354617;20.4148433389995;10.1949042761568;18.939280170297;8.81236604695695;24.8646544300784;TUND;7
19.1840584419159;20.133726383883;19.4745000191189;11.2258444552085;16.4390290971725;9.99513279794145;20.9923070885451;TUND;7
18.6502515993479;20.0234612699483;19.5879670679203;9.31065408799374;15.6402293733482;9.59647723708188;23.0414618632092;TUND;7