"","WTFO","TEFO","BOFO","SAVA","STEP","DESE","TUND","Best","Best.num"
"1",13.4764033640677,23.7137413340188,20.9607631783593,3.38616978333047,3.83338337883043,2.54950975679639,14.5590746275532,"TEFO",2
"2",11.7853064541464,23.8110476373054,20.989284687922,1.7606816861659,2.85150612142422,1.7606816861659,15.3461644692226,"TEFO",2
"3",9.79843246655405,22.360752171777,19.9896240968602,1.54919333848297,2.09691589598813,1.54919333848297,13.0396554595353,"TEFO",2
"4",21.4516610518406,29.6469998079099,22.9457210693012,4.30076164167183,8.84387954883745,3.46410161513775,18.2118553504159,"TEFO",2
"5",23.7085315039203,28.0843485258973,21.9622184894186,5.39660774853165,11.825149075177,4.30116263352131,19.4590276787639,"TEFO",2
"6",26.0190162579046,31.6980425236619,23.7853949846137,6.49079422363806,13.2467709748408,4.39317652729776,20.7924270906347,"TEFO",2
"7",25.5478153994129,31.8609640714983,23.7453750177884,5.42028424146907,13.6335230035549,3.66286787215314,21.5516157114034,"TEFO",2
"8",22.9007649434722,31.0444231146168,23.058728393047,3.98622531925068,8.70031982011097,2.84604989415154,19.3741532896061,"TEFO",2
"9",25.0901787534758,31.2144371927765,21.7305465057287,5.0784157407067,8.9253743879951,2.58843582110896,17.9370455630827,"TEFO",2
"10",21.5098059749005,29.4666390650861,20.7989261437331,4.18481253921812,8.21893694217588,2.88097205817759,17.8598623629919,"TEFO",2
"11",24.2543015328631,31.2276977300369,22.2496014147608,5.07627485009592,7.94125278735286,2.62678510731274,17.4229319240776,"TEFO",2
"12",21.3324125578043,26.0447920036678,15.1184036645676,2.53959866312672,5.06942079126142,2.65162193464315,11.8084147735725,"TEFO",2
"13",20.3412119666725,26.2573716898245,16.5098865431778,2.44911157619379,2.76533934221062,1.61245154965971,12.5868776522222,"TEFO",2
"14",21.7263346136541,26.5862677447396,13.8033570149839,2.86164457262815,4.66419646882504,2.19034647860568,10.4449405929677,"TEFO",2
"15",22.8460940446712,28.486709433095,18.5420271729619,3.12043069349902,5.05672670657323,1.8165902124585,14.4518219417483,"TEFO",2
"16",19.3329005420159,24.0317805853271,12.1826943201521,0.632455532033676,1.72790064704401,1.41167288102717,9.21720742088996,"TEFO",2
"17",21.5463549374129,26.1393335641445,14.7096648047533,3.91017472555947,4.61728150674602,1.78885438199983,11.9382661597546,"TEFO",2
"18",22.1237605010065,25.7384817937535,15.1563452274993,2.29112248695854,3.78714493062865,2.29112248695854,11.2619180364994,"TEFO",2
"19",22.5356627928161,26.4240477476273,15.4168392993684,2.57868481242947,2.57868481242947,1.48323969741913,11.2100072994132,"TEFO",2
"20",17.5462808063656,24.2942902789675,18.1506361851511,1.14017542509914,2.40508648916649,1.77263095713281,14.1195732949329,"TEFO",2
"21",18.0981529596586,25.9050856962563,19.6017035403459,2.0976176963403,2.99204488734022,1.04880884817015,14.8541854806608,"TEFO",2
"22",21.6231941759924,27.2479460806685,17.7302913803482,3.49601974468895,6.46457902589346,3.70022423918935,14.4744537886177,"TEFO",2
"23",21.6513395735796,27.1750841862831,17.0884252033865,3.81007183935782,7.25471630059471,3.44528704674239,15.8660873243137,"TEFO",2
"24",21.5009674599718,25.7081042535644,15.5403782375146,2.59736582759256,3.3044726087791,2.41004541777919,11.8838033348384,"TEFO",2
"25",17.7004486539488,25.2805762020227,16.3057712180901,1.04880884817015,2.7207673150617,1.49602244367011,12.897490825068,"TEFO",2
"26",21.5527445629458,27.9744815004571,18.5312923490662,2.63064518735368,5.26129037470736,1.92353840616713,14.8429928976857,"TEFO",2
"27",20.5401587514345,26.0594516544292,14.6312368507885,2.31804228888693,4.81400345207331,1.87082869338697,12.7913825497606,"TEFO",2
"28",19.2219386039118,24.0602881360143,12.5302074172402,0.447213595499958,1.34164078649987,0.894427190999916,8.96994057026096,"TEFO",2
"29",19.8419516303294,25.0801879988523,15.1480181966834,2.34164078649987,2.97409631853355,1.31622776601684,11.7674119031632,"TEFO",2
"30",20.2405844554117,24.6152748875969,13.0188255414388,1.82340551741164,1.82340551741164,1.04880884817015,9.06950379285787,"TEFO",2
"31",20.5871618507244,25.4662235863623,13.553314804434,2.04666909440677,3.19955688695768,2.25087358890717,9.48252003889088,"TEFO",2
"32",17.8073138412991,22.5675926186234,12.641226554633,0.316227766016838,0.632455532033676,0.316227766016838,8.17611133403751,"TEFO",2
"33",20.4936028774178,25.4490998055519,15.5449713412499,1.54919333848297,2.41314366200497,1.09082443525832,11.7109134387138,"TEFO",2
"34",18.2217218736065,23.1286295941542,14.4038141058332,1.4142135623731,1.4142135623731,0.707106781186548,10.0742741073698,"TEFO",2
"35",19.7954602620692,24.9538530368248,16.5302409489938,2.94381734419184,2.94381734419184,2.04939015319192,12.0319097810835,"TEFO",2
"36",20.1533944064882,24.9807023889277,16.1175572899317,1.83280285482715,2.14903062084399,1.51657508881031,11.2847568104872,"TEFO",2
"37",20.0641001090586,24.7591055816618,14.0091628656117,1.52688272303359,2.15933825506727,1.52688272303359,9.18395901223936,"TEFO",2
"38",21.1160789612619,26.1122220141682,15.7430775255776,2.19826767204045,3.92870900043038,2.32717502824392,11.6463787874903,"TEFO",2
"39",19.9728613917314,25.1130368168305,13.5262021481356,1.26491106406735,2.89736659610103,0.632455532033676,10.7027451500368,"TEFO",2
"40",20.8419194025074,25.6149473839788,14.7478241070469,1.77263095713281,3.72131425518333,2.77263095713281,11.1581589391646,"TEFO",2
"41",21.5213091025979,26.5900656416027,16.2731788241145,3.3331653012688,4.28184859931932,2.14903062084399,12.1207504447387,"TEFO",2
"42",22.8759233199212,26.7833278705695,14.8725984454422,1.58113883008419,3.79473319220206,1.89736659610103,10.4712315007528,"TEFO",2
"43",21.2378664507639,25.2544870765635,13.939623069937,0.948683298050514,1.58113883008419,0.948683298050514,9.7302617627608,"TEFO",2
"44",22.7630409044212,26.0282200970883,14.2588041711879,0.948683298050514,4.353769787217,2.26491106406735,10.4049640259587,"TEFO",2
"45",22.2985441444283,26.1703127610595,16.2726177885645,2.94700815355603,3.84143534455594,1.6431676725155,11.2977829316525,"TEFO",2
"46",20.9784292387868,24.4288503679875,12.2473150427446,1.62006824705737,4.20729853787137,2.07843715028201,9.31856282602881,"TEFO",2
"47",21.8228133716157,26.282056126759,14.8540352597784,2.98480845901537,5.3752580936854,1.78885438199983,12.5166743246181,"TEFO",2
"48",21.1792131850032,26.3076884617258,13.6198813821558,1.26491106406735,3.24174651570056,1.77263095713281,9.59816056767043,"TEFO",2
"49",21.9319773013781,26.3459189862894,13.3382319472394,2.36035617907768,2.99281171111136,1.89736659610103,8.97560696427751,"TEFO",2
"50",19.1840406083582,23.7907721886756,12.0935342311032,1.26491106406735,1.89736659610103,1.26491106406735,7.74441672382836,"TEFO",2
"51",19.4466512594166,24.6065902148634,14.1433096622684,1.18321595661992,1.63042955211988,1.63042955211988,9.47856944202842,"TEFO",2
"52",21.0540111977059,26.2128587917897,15.0604262126817,1.32231922674665,2.27100252479716,0.863950323522004,10.1929520375666,"TEFO",2
"53",19.8885278922298,24.6940029000293,14.4674165925558,2.07843715028201,2.07843715028201,1.30384048104053,9.31701494776162,"TEFO",2
"54",20.5517420613749,24.1961554810693,12.7844502892302,1.45640319111598,3.03754202120017,2.08885872314965,9.44410315257083,"TEFO",2
"55",20.7216086971257,24.6320207975535,12.8234724150609,1.09082443525832,1.09082443525832,0.774596669241483,8.62126214845721,"TEFO",2
"56",20.3141031394217,24.4162576416023,12.2258278278512,1.15288779255091,3.7340266226351,1.83666002653408,10.0122334657334,"TEFO",2
"57",20.4860530441127,24.9094054948473,15.215532002987,2.23202480479007,2.86448033682375,1.04880884817015,10.4457669564549,"TEFO",2
"58",19.6088354843668,24.6160819805209,14.8926826534678,2.79261843758212,3.42507396961579,1.4142135623731,10.2211748477698,"TEFO",2
"59",19.3967158391793,24.6550544166462,12.5296746297223,1.14017542509914,2.82143980530297,0.632455532033676,8.73597698754564,"TEFO",2
"60",20.2017858177191,26.5688026926434,14.1482405252128,1.45640319111598,3.1376675713198,0.948683298050514,10.9235545419585,"TEFO",2
"61",20.1532481310433,25.0012028761483,13.9274702468648,1.02333454720339,1.33956231322022,0.632455532033676,8.31968365882465,"TEFO",2
"62",18.257589127611,24.3102286169948,12.5535663088969,0,0.632455532033676,0.632455532033676,7.58350443447426,"TEFO",2
"63",19.7522791465999,24.9943016047199,13.1299584925147,1.26491106406735,1.58113883008419,0.948683298050514,9.15312968295327,"TEFO",2
"64",21.0178717584603,25.657862814814,12.2311394070485,1.97683545163321,3.29306321765005,1.83666002653408,8.10583403570018,"TEFO",2
"65",21.9398991758518,27.2597990602227,14.5510282130927,2.97352897118217,4.70142961822618,1.58113883008419,11.2349182752734,"TEFO",2
"66",21.050547962949,25.9782352581272,12.5670844423897,0.632455532033676,2.40508648916649,1.14017542509914,7.20475071853549,"TEFO",2
"67",20.9984555409594,25.0353343043417,13.6472153368748,1.15288779255091,4.36648215466878,1.58113883008419,9.89912509460537,"TEFO",2
"68",21.4490506201158,26.6327180489361,13.6214286379982,1.04880884817015,2.0976176963403,0,9.19491786786802,"TEFO",2
"69",20.3700693098946,24.4486258827018,11.0967380235858,0,1.94323603917007,1.04880884817015,7.51902925958616,"TEFO",2
"70",22.9385301695933,29.15120100198,16.7430367885728,1.44913767461894,3.12109614151049,0.447213595499958,11.3295763044732,"TEFO",2
"71",23.1973970980109,28.5920620844529,14.7170452182508,2.06140489792566,3.64254372800985,1.15288779255091,10.8286602634395,"TEFO",2
"72",21.4284114085096,27.2869717894429,14.921255088509,0.316227766016838,2.58113883008419,0.632455532033676,10.5339457827056,"TEFO",2
"73",19.5510079677675,24.2849525818008,11.8297867533822,0,0.316227766016838,0,7.2805934148992,"TEFO",2
"74",22.6051432238561,29.6454629253698,17.4754165380509,1.78885438199983,4.99192232637276,1.60153397218646,13.5837412289427,"TEFO",2
"75",21.3954289347594,28.6746957924249,17.6277669211357,1.30384048104053,4.29919287349781,0.632455532033676,13.4119811145675,"TEFO",2
"76",22.7874756719203,29.1640232651179,19.3209737169431,2.07764314761984,4.70251166700969,1.21065495701675,13.9301453612455,"TEFO",2
"77",25.248929803915,32.3273191882284,20.5392581511547,3.63303997852575,6.19942563641721,1.78885438199983,14.8680773661914,"TEFO",2
"78",23.7526555441461,31.4040512633779,19.5304862870806,3.25561922217521,5.09227924870928,2.47982769904957,14.0201106153348,"TEFO",2
"79",22.9452161743178,31.3933525226996,19.4034760631233,2.99535239245728,5.63177014487604,2.63895843376468,13.5874351227479,"TEFO",2
"80",21.0326816105237,28.6409462814198,17.3975005495682,1.15288779255091,3.86225277676733,2.59734171269998,12.9129518469412,"TEFO",2
"81",21.3583697868064,28.464677842805,17.7412589474976,2.44904574449217,6.97968469563696,3.58195565309428,14.8076892071216,"TEFO",2
"82",22.9380164626227,30.1588964436427,18.8177132801451,2.07843715028201,5.24617103772307,3.38074993322327,13.9781209545189,"TEFO",2
"83",23.2302931232161,30.2292570990746,18.2458816051303,3.86875456459024,8.85932130178283,4.31169735881103,16.2388038122142,"TEFO",2
"84",21.7693381705604,30.1519338872719,18.9715737270802,3.37624340259893,6.30492271827548,3.8485195271595,15.1923563780867,"TEFO",2
"85",21.0033957849309,29.4802912703849,18.1138873605157,2.07764314761984,5.75890752782367,3.18321595661992,13.6388435618597,"TEFO",2
"86",21.3030819818294,29.9987511055978,17.740336616553,2.39044963467003,4.73401450028889,2.79077846111882,13.0520557239168,"TEFO",2
"87",21.681505536414,30.9374712097405,19.5416884498412,2.5298221281347,7.02553696703365,4.03018457457636,15.3603318502833,"TEFO",2
"88",22.1357504871129,30.3488644070316,18.463566163312,3.74008356850363,6.34738086635046,4.16573199583381,14.0847642637644,"TEFO",2
"89",24.1031734507997,32.2854229811017,20.3263495043107,5.03886432277872,10.4571178208095,5.93855244607734,18.2821321654326,"TEFO",2
"90",25.5211344477596,31.9121554528914,19.1418618074803,3.7407853688558,7.49074507111414,4.50593661209876,15.2310520041143,"TEFO",2
"91",22.1699791388877,30.2966679767567,18.7902982686647,3.82425898015228,8.48734308505333,4.57081008634282,15.4567526147022,"TEFO",2
"92",22.8122139794613,31.162807451422,21.0651717578361,4.14038022018295,8.8585458292878,3.98453855132637,17.558854680519,"TEFO",2
"93",22.2200418367761,29.8914109080199,17.4949149701638,3.22430650259969,6.21176413398451,3.86148968028247,13.0665979444162,"TEFO",2
"94",22.8487839850604,30.8852834028226,19.6813338462778,3.73552345197905,7.57872857465037,4.40383332611137,14.2367378229113,"TEFO",2
"95",25.2423090419205,32.1524466000826,19.2803226053569,5.46239778785774,11.9959459681149,6.45037630542062,17.022460509482,"TEFO",2
"96",23.1526669775068,29.591666173335,17.7137759838287,3.54684752805122,9.21088910453056,3.98328948679092,15.4456774525639,"TEFO",2
"97",21.5419610856745,31.0757476732703,19.8780023459285,3.4290417621182,8.44378218285766,4.59734112897781,16.9361896931151,"TEFO",2
"98",24.2932461081161,32.5086531935176,21.5711315568576,4.87417180302041,11.5042101253131,5.3665631459995,17.4031421188911,"TEFO",2
"99",22.8913764599026,30.7520265853506,17.2975555563679,1.93185165257814,5.26574354107742,3.85152997870433,11.5678245355119,"TEFO",2
"100",24.614414783715,32.0419886479918,19.253585798228,3.34450235722859,6.88810901045309,3.65558921373601,14.269629647555,"TEFO",2
"101",24.5873519499151,32.3254889028344,18.5940089604184,2.44362052948288,5.87762226871693,3.30987502464887,12.513342231647,"TEFO",2
"102",23.1853236866958,30.6564527872113,19.5913011626335,3.91562525172281,7.50800631465922,4.11823985421599,14.1161690498931,"TEFO",2
"103",25.4725976834746,33.2012106183285,18.5243311349777,4.03979844916967,7.70911302527191,4.48701204466963,13.2236659809701,"TEFO",2
"104",24.4335700812769,32.1899324249081,17.7940771856798,3.05376544606718,6.75674316078708,4.52067518328729,12.0433359278235,"TEFO",2
"105",23.6390515474631,31.1422710331023,19.4487468362932,3.91152144312159,5.86088031208338,3.25319935000232,13.2297422143474,"TEFO",2
"106",24.0601605561473,30.745355423465,19.0363102923622,3.26517919266701,8.63057708750558,4.0802535740257,14.2577485745958,"TEFO",2
"107",25.3966558204276,32.1596413730987,18.9383945565685,4.05996487343769,8.88625219744763,4.82882800535587,14.4336705175906,"TEFO",2
"108",24.5796936408341,32.0693803956356,18.7144820814631,4.71939544639736,8.5455948629653,5.26738801986703,13.3303340223585,"TEFO",2
"109",23.7967889458483,30.4171557914045,16.569214346199,2.74938648214423,8.99440226597374,3.03564941660891,14.0393961492952,"TEFO",2
"110",23.6732719559945,29.0601223199001,17.5885260372691,3.85136622512723,7.14690882742274,4.13762915959192,13.2990039193636,"TEFO",2
"111",25.0176851170533,32.5606378867471,20.2007401331309,4.88181928856438,11.8892436104482,6.49928463676159,17.5693684478273,"TEFO",2
"112",23.2849474710884,31.2840999302555,18.7202450240817,3.31996636800591,9.7347164684325,4.13179735387563,16.4810130754558,"TEFO",2
"113",25.0177105382633,31.8691276760863,20.7045844437116,4.50849141035342,9.3722375186054,4.6187962765609,17.2059040017684,"TEFO",2
"114",22.1165120360124,29.0937017573105,21.2438161005233,4.75016865724397,10.3872630552966,4.92610216126287,18.0127104024613,"TEFO",2
"115",26.1774550848772,32.8670586979765,22.1311175180218,5.1234658897437,11.4757296899952,5.32138539852037,17.5792294535064,"TEFO",2
"116",24.9472599851483,31.8505198919147,20.8110525945859,4.92604482108649,11.1341136681583,5.53273050380384,17.3320796328733,"TEFO",2
"117",24.4650593661945,32.8863570709476,21.2790686923983,6.66084603618449,13.2628100607024,5.67118844724887,19.5125197187405,"TEFO",2
"118",23.3637258096749,31.6870846346349,21.9893160903812,5.75472522745412,11.4250687832663,5.47939836888523,18.0116303397085,"TEFO",2
"119",23.5312461915495,29.9112595510389,18.7984667218528,3.21426993302914,7.82629013684979,3.26491106406735,15.8580494328585,"TEFO",2
"120",22.8485993411828,31.7618526311951,20.8434293958773,3.74995970225833,8.66261162485265,3.13049516849971,16.7854507962912,"TEFO",2
"121",23.8837719588614,30.9872722450412,20.7726699118878,4.58234351610359,10.2671593932341,4.64215824504752,17.2778299219421,"TEFO",2
"122",24.3083321637748,30.3412417767823,23.7198494211804,6.25092020975513,12.2394609670339,5.02723987085767,20.4223753877976,"TEFO",2
"123",24.7105528929997,30.5150600982249,26.268674609075,5.98078856383413,13.6454693477086,4.00677911763317,23.0572252953981,"TEFO",2
"124",27.4432075465846,30.4096869414229,27.9954733790498,9.73823826618616,16.2459013803056,4.89871773792358,24.8727882930252,"TEFO",2
"125",26.8257683328514,31.6007028873768,28.3839457003387,8.34224324221283,12.973213991624,4.2173384920598,24.9343080382067,"TEFO",2
"126",22.4991274831776,27.6372205146436,24.2991727941608,6.82368790794227,9.20954127295931,2.81410440255032,20.5098194182068,"TEFO",2
"127",19.0999301376796,23.389452255585,22.6148555863435,4.74396846420116,7.28156332771657,1.7606816861659,19.5218023698681,"TEFO",2
"128",18.2366939284304,23.4616341194757,23.0144205239757,5.37944279739131,5.37944279739131,1.84390889145858,19.2196873317737,"TEFO",2
"129",17.0619192530122,22.6833069820342,22.6833069820342,4.61428900770481,6.41684090390169,1.58113883008419,19.6221250269374,"TEFO",2
"130",17.9969187266937,23.1834397186497,23.1834397186497,7.29150262212918,10.6892140385497,2.63245553203368,23.4454113776159,"TUND",7
"131",17.19922297017,21.3944583628506,21.3944583628506,5.00421059152848,8.80406512410926,1.95781262586141,22.7167775895972,"TUND",7
"132",14.9760315526956,16.6789701892882,16.6789701892882,5.36353968013727,5.36353968013727,1.70293863659264,16.6789701892882,"TEFO",2
"133",18.8405228713535,22.2464001445388,22.2464001445388,8.89936656113488,11.0587048162021,3.61574231006893,22.8788556765725,"TUND",7
"134",16.9269289383757,19.790493151031,19.790493151031,7.98265702837659,7.98265702837659,2.73861278752583,19.790493151031,"TEFO",2
"135",16.3271930356903,18.9156288567993,18.9156288567993,6.81907440813093,7.26628800363089,2.72029410174709,19.3628424522992,"TUND",7
"136",23.9218932881649,28.8918027440806,28.8918027440806,9.99677568785303,15.7732530188721,5.12310562561766,29.0791868452944,"TUND",7
"137",24.1919531464829,27.5236193962744,27.5236193962744,11.7003881372531,24.3569704382706,6.0110891972362,34.9895716115393,"TUND",7
"138",23.511430502887,27.4611140345133,27.4611140345133,13.137274102527,17.3249647831784,7.09677401904616,29.8056942261143,"TUND",7
"139",23.7069333784481,27.9847833056895,27.9847833056895,12.6206499735525,18.5765810633557,6.66761192137938,30.8237035187604,"TUND",7
"140",22.3868462735851,27.6117864646304,27.6117864646304,12.3473410029984,16.0068762723597,7.53722091704887,29.2230431604059,"TUND",7
"141",24.8190240157481,30.1669207985965,30.1669207985965,13.3748757591236,23.4144860392069,7.05414948143996,35.5817812073127,"TUND",7
"142",25.4375098139919,29.7849228378488,28.6017068812288,11.8570494524466,24.5971178280191,7.21876238499238,35.4801979544346,"TUND",7
"143",20.7053217008498,26.5448422291124,26.5448422291124,10.2153218315772,22.3778938376388,8.07707334275312,31.7879389661258,"TUND",7
"144",23.4376029372759,27.4376029372759,27.121375171259,12.9861717472359,22.0624432409608,8.05975484980687,31.4967763553611,"TUND",7
"145",26.7024639213646,30.3356443462816,30.3356443462816,13.0376668599133,22.0313024424552,7.33641011824728,32.5830288634978,"TUND",7
"146",26.2246635981511,29.1401395455738,29.1401395455738,14.1485404378265,22.0710968753192,7.3690572814793,32.3192794928139,"TUND",7
"147",24.0599639627993,26.3182819209265,26.3182819209265,11.9775247819444,18.7614596789397,6.04426765787902,30.2440009426117,"TUND",7
"148",16.9603564614776,18.6336765145458,18.6336765145458,10.7968020926056,17.2225821699077,5.14669361149238,21.7836851205378,"TUND",7
"149",24.5363104116594,28.2105450258342,28.2105450258342,14.6606046305439,24.6481380918725,10.928956784637,31.8156488182279,"TUND",7
"150",23.1048406607251,27.7616309735379,27.0545241923514,12.9059091442739,28.472485289927,10.3394033437444,35.5150634473358,"TUND",7
"151",24.4111881794245,27.8569077481369,27.8569077481369,14.2093195399146,26.111390731365,9.2528580327129,35.4292894297916,"TUND",7
"152",24.6972885802967,27.6953620315392,27.6953620315392,13.7261830627464,27.7430065172167,9.35018542435032,34.5681030070346,"TUND",7
"153",23.3900153732654,27.8946792672133,27.8946792672133,12.173346004679,25.4909941718948,7.15990698842442,33.0798556159903,"TUND",7
"154",19.439750246214,23.3384679841376,23.3384679841376,10.2108386548629,22.8346537198726,7.57403636180529,29.2673149431263,"TUND",7
"155",19.4906919602443,20.4393752582948,20.4393752582948,11.7141887731736,23.9058168681989,9.59729359839827,28.5834845251264,"TUND",7
"156",21.7619873792516,22.7106706773021,22.7106706773021,11.5311653037845,23.7250462994554,9.4964938646762,30.5752620814024,"TUND",7
"157",17.2658392116248,19.2406809774379,19.2406809774379,10.9660093017471,23.8307984760656,8.41857487051915,28.4722897268393,"TUND",7
"158",18.9579957932028,21.2383466434011,21.2383466434011,11.011743220237,23.9099193844604,9.55239920040687,29.8299526755682,"TUND",7
"159",20.1421711384527,22.0395377345537,22.0395377345537,13.1663765610997,24.9787342569725,8.49020651941765,30.4379537455152,"TUND",7
"160",18.6305621445397,20.6073975961729,20.6073975961729,12.8888783514979,22.9674621166201,7.25206806534168,28.0639780101764,"TUND",7
"161",16.6576698388536,19.8966772214545,19.8966772214545,12.155829865465,23.8167820805006,8.14453759005828,28.2439708047363,"TUND",7
"162",17.4238386161651,19.8719656368523,19.8719656368523,13.4597168343399,22.7334395901958,8.58042521484142,26.5391365421411,"TUND",7
"163",17.4639788035824,21.2436802763321,21.2436802763321,11.8109991741542,19.9339105685877,5.95760869787128,25.5728002836409,"TUND",7
"164",18.6080487459615,22.1387796272331,22.1387796272331,12.5997211916416,19.1482565067749,4.59347363114234,25.7890395931285,"TUND",7
"165",20.4457142594301,22.8848718481855,22.8848718481855,12.1675164973084,20.7325274218648,7.77532941773481,26.686935176262,"TUND",7
"166",20.2508526886688,23.9530475716022,23.9530475716022,12.7099315207746,23.2778634035393,8.00056013350156,30.2565243994319,"TUND",7
"167",18.9156778505929,21.5463230379465,21.5463230379465,11.7818769774854,22.7261340983475,9.52787553477296,27.4207773826995,"TUND",7
"168",19.8027906459035,22.8386819345129,22.8386819345129,14.4411997293529,22.262858504866,7.71360195812005,28.2610551139752,"TUND",7
"169",19.5492299466779,23.1824103715948,23.1824103715948,10.9507232131871,19.9628509883416,8.25475993191786,27.2515405643563,"TUND",7
"170",19.5626816525305,23.8282476877387,23.8282476877387,11.7537033365236,21.6315115239889,8.62553187101275,28.2174072391719,"TUND",7
"171",23.3171815957698,24.5419264671614,23.8348196859748,13.2229040075374,24.2048700703294,8.45944136248667,30.5185021829489,"TUND",7
"172",21.2018256743989,25.1939747113455,25.1939747113455,12.0123724951335,23.65913209493,7.16117733853908,31.8227106292993,"TUND",7
"173",20.9173874389685,23.733977651427,23.733977651427,13.3856607645927,19.7520926778326,7.59464029227975,26.2838193522083,"TUND",7
"174",20.6648538661644,23.6311276745617,23.6311276745617,12.3001776674592,21.1038289040529,10.9847049295854,25.1366875844016,"TUND",7
"175",20.2848944187422,23.4019052954746,23.4019052954746,12.3704229311287,21.6476433342574,9.79181891869543,27.3612328272049,"TUND",7
"176",19.3129869386138,22.1405294884417,22.1405294884417,11.8394972199872,22.7779083894494,7.55776415308826,29.3868158704574,"TUND",7
"177",23.0205055681808,26.3369932937644,25.7892707362592,12.9521258636954,23.6466400736306,7.1606782246647,32.5894222825529,"TUND",7
"178",16.0304622226439,18.6694206564086,18.6694206564086,10.2256272238583,24.8599909149318,5.86643364980363,30.1824640039224,"TUND",7
"179",17.2036792135865,20.532838911955,20.532838911955,11.6382344491619,22.4110218713274,8.18394090642349,26.3640150860924,"TUND",7
"180",20.2742418706718,24.3191006203985,24.3191006203985,11.6460940933356,22.625746904388,8.04080202722857,29.3826998956892,"TUND",7
"181",20.1668476423253,23.3291253024937,23.3291253024937,12.3615707926935,22.5785446041488,8.33863037050648,28.4344625848188,"TUND",7
"182",18.9728412302261,22.8199180425603,22.8199180425603,10.7757087389692,17.390591284728,7.90125104757174,25.1975422699145,"TUND",7
"183",20.4740524818649,24.7978424895893,24.7978424895893,10.5918622397818,18.4830281025334,8.29288583377276,26.9012412061006,"TUND",7
"184",21.2767952290589,24.3723687938375,24.3723687938375,13.5941080340837,23.9148688404375,7.46921712640802,31.34706438524,"TUND",7
"185",18.3911883576446,22.2255141791432,22.2255141791432,11.5183703646343,19.9852920255318,7.99787537340491,26.2009928480897,"TUND",7
"186",19.316045372975,23.3909535435607,23.3909535435607,10.9735370611647,18.9921091447248,7.27574746235343,25.9588466579951,"TUND",7
"187",18.9103024784331,23.9642476542505,22.2035659680846,11.309690104574,29.9049393096523,7.78173727159625,37.9550291132013,"TUND",7
"188",18.2619454770614,21.8104803561774,21.8104803561774,11.9734331203075,26.4222467297996,7.56399064307741,33.3612290412098,"TUND",7
"189",21.0003238037398,24.9191908317584,24.9191908317584,12.6255138069103,26.9638721507181,7.84819780339908,35.9112304716486,"TUND",7
"190",18.3499242514694,24.6999734277667,23.5597980026675,11.206763373882,26.9266107536432,7.08363415528291,35.2824628409288,"TUND",7
"191",21.9171745337941,25.9492701599995,25.9492701599995,13.4405249800104,29.3549062390532,9.24474815681251,36.935606920857,"TUND",7
"192",16.4305562177642,21.2855667670646,21.2855667670646,10.8751413393962,27.7895522536013,6.77067170611604,35.2991205700047,"TUND",7
"193",17.3505829219962,21.1714879242643,20.8552601582475,11.0155143309807,27.6818768199304,7.46863511636858,33.0929633833363,"TUND",7
"194",19.5882758738679,21.7210938523433,21.7210938523433,12.3451006943852,27.2386134324089,7.16044486927416,35.0877238673334,"TUND",7
"195",17.4025497205872,20.9615594304819,20.9615594304819,11.3417593080323,23.8475666937891,6.96753296843369,32.256711859222,"TUND",7
"196",15.9771582462173,19.4158214638655,19.4158214638655,9.42394402839534,22.9485405188412,5.90611389187602,31.675506890244,"TUND",7
"197",18.3210316714037,21.2139621088206,21.2139621088206,10.5226805085936,23.9099539547312,6.73205080756888,32.3214621898842,"TUND",7
"198",20.1364013159394,23.2802695117109,22.8330559162109,13.6574743508647,27.2803815962903,8.413331813211,33.8525051103312,"TUND",7
"199",17.3375675837199,20.8493988424333,20.8493988424333,10.1270429801604,26.4819885147083,7.28852461666517,33.6688104710484,"TUND",7
"200",18.0742683763797,21.753528632747,21.4373008667302,10.0846220351605,23.3317675927845,5.77597643604011,32.6060092740721,"TUND",7
"201",19.1041347883606,22.7874163613604,22.7874163613604,10.8978290760664,27.3831174640546,8.33590223849829,34.9865549800313,"TUND",7
"202",17.2787883554606,20.395419992379,20.395419992379,10.8346523917964,24.9001956908003,5.99901867803317,32.5635966952818,"TUND",7
"203",19.7390634365198,24.1837664792593,24.1837664792593,12.6695616539277,28.2506096866356,8.01530355153867,35.1390962587905,"TUND",7
"204",21.7939360395766,25.6279939421128,25.6279939421128,13.6228683272358,29.0920136256005,8.92688969881168,36.0218506793562,"TUND",7
"205",21.2512828065373,25.0487594368018,24.4163039047681,14.2575130073366,29.7544809785218,9.39645881692435,36.6574012214014,"TUND",7
"206",20.6103804437891,26.3349746435122,25.787252086007,12.6735375678144,26.9209314704863,6.22568049038806,35.8496787618946,"TUND",7
"207",19.8867727951364,25.381452085138,24.8337295276328,12.6777553093002,26.0083212153783,7.61083748103675,35.2181199894398,"TUND",7
"208",22.275004890507,27.234096546303,27.234096546303,13.6160138527451,28.1332414372764,8.33301175996892,37.1995185747057,"TUND",7
"209",22.2977476419076,27.4243404545145,27.4243404545145,15.1344756193724,31.2140730283346,8.42196655757022,36.7059051250543,"TUND",7
"210",19.9571073472849,24.0254068124048,24.0254068124048,15.5623079774455,26.182943979869,8.4846263957748,31.6270592936508,"TUND",7
"211",21.25198462385,25.5534175556813,25.5534175556813,14.324662155307,29.9369305696498,9.9440356905078,34.2262978870591,"TUND",7
"212",19.5439721537015,23.8637237713116,23.8637237713116,14.3382061197734,26.8765320933436,7.52553847220094,33.596166043406,"TUND",7
"213",20.2291578579858,25.25520512863,25.25520512863,13.8668046855772,32.1409678892397,8.75838076875223,39.4788887453266,"TUND",7
"214",20.6808549661666,27.0069598218143,25.911514706804,12.8705225046744,31.6349122056943,8.93685495860396,38.0330981383272,"TUND",7
"215",18.212363860053,25.7122832645697,25.7122832645697,12.5797449712545,27.1384854415705,5.73701731717026,36.8806353806994,"TUND",7
"216",22.3301387059514,28.6684752728242,27.5282998477251,14.7351854454225,28.4950909442925,8.09718627746957,36.7048805249513,"TUND",7
"217",19.8849354947448,26.0979960188174,26.0979960188174,12.2201815726556,30.8663572227047,8.67786156211049,39.0417511861552,"TUND",7
"218",19.0869837270075,26.9255038493498,25.9255038493498,13.3393175517207,28.3563226591062,8.1851222397217,36.1746538874893,"TUND",7
"219",21.0179263321353,27.6933298878153,27.6933298878153,11.6105315334837,30.8623382634126,8.67850763891374,38.9503135339311,"TUND",7
"220",22.3640376510024,27.6549990809156,26.8183390543815,14.3938980520052,33.5138645235834,10.2277801192147,38.9062703139022,"TUND",7
"221",21.2650938037106,27.1679890608044,26.4608822796179,12.3042835147001,31.3394439074968,10.0727050868372,38.1901638100161,"TUND",7
"222",23.3017848513166,30.3718757440282,28.6111940578623,14.7183265153412,29.1847282828218,8.872075428744,38.3145890888128,"TUND",7
"223",22.8059623436282,27.676979977727,27.0445244456933,15.0667595581963,29.3235683935516,8.93728078226444,36.0919526237513,"TUND",7
"224",21.8032853922296,27.5342738865009,26.6976138599669,13.8005096258728,29.8958873619567,7.61422727550997,38.492229954379,"TUND",7
"225",21.6163128116951,25.9075298389455,25.9075298389455,12.9930792429812,29.8281009309272,7.7256294832571,38.0344242807601,"TUND",7
"226",21.8832889997625,27.5595376724077,26.2946266083403,13.6187537881891,31.6938905166155,8.5909910827417,38.3758509670587,"TUND",7
"227",21.3344688047173,25.6724173852195,25.6724173852195,14.336293557108,31.0726634003464,9.89763440490925,36.8460937765641,"TUND",7
"228",21.0016387802977,24.7252094634505,24.7252094634505,14.7076503977628,30.3031222471914,9.06434582921652,34.4975956950929,"TUND",7
"229",20.3718480106603,25.9434492209361,25.9434492209361,13.5870800930108,29.8824706563192,8.84423782363249,37.4554230084176,"TUND",7
"230",21.018330623045,26.4992448367644,26.4992448367644,13.3053835198816,28.4226677222556,6.36396103067893,37.3182454733204,"TUND",7
"231",18.3822912887118,24.7506861438707,24.7506861438707,13.0950943801313,30.0916392435732,8.8976625668325,36.8877811410425,"TUND",7
"232",20.4027294597133,27.2949743163694,26.6625187843358,13.0815769330139,29.7461616846369,8.65702405664008,38.050335241565,"TUND",7
"233",22.3430057899774,27.4514452007731,26.2267003293815,13.7344383564419,27.8491327543761,10.8853774610381,33.5819187023901,"TUND",7
"234",19.067764245944,25.4628380895401,25.4628380895401,13.3018546908297,29.640328242294,7.31336604387414,36.535568099927,"TUND",7
"235",18.8025208325624,24.2416567544351,24.2416567544351,11.3599733018231,32.1509676301146,6.97010097315252,39.3295185367734,"TUND",7
"236",22.6169745943867,27.2634774582757,26.7157549007706,12.934431627626,32.3311031626247,8.20609071433603,40.3163555473487,"TUND",7
"237",20.0751206488401,27.2395417996183,27.2395417996183,11.9582112607902,29.3733556839489,7.81518180476768,36.6264381676263,"TUND",7
"238",19.8824999703774,25.9870376262125,25.212440956971,14.5413594153166,29.852326564283,8.89646069778644,35.9246246310591,"TUND",7
"239",21.1815250764605,28.6611155495098,26.711756680548,13.3457500315023,29.7576666650035,7.86543865206141,39.2249555761257,"TUND",7
"240",19.8462425584043,26.6967472937061,25.9221506244647,13.6854980497177,29.2192863313251,8.35615241225034,34.9949179977596,"TUND",7
"241",20.491329887144,24.9967687653851,24.3643132333514,11.3872504563373,29.9178342910607,9.45255295554321,37.8582245456956,"TUND",7
"242",21.7412850967005,26.6723576096384,26.6723576096384,13.3777567745204,31.6679999802214,9.77156547929668,39.0840860930324,"TUND",7
"243",18.1272824978966,23.0466320483961,23.0466320483961,14.0128538617088,29.0366125403751,7.65405775928111,35.532795863547,"TUND",7
"244",22.7969386120511,28.3286353563188,28.3286353563188,13.2300595587339,28.4345765624669,9.37692370696027,37.8304632672663,"TUND",7
"245",21.5581515285814,28.1628520408676,27.0226766157685,11.3635467040064,30.8276334099131,7.19316795970338,40.9994698310242,"TUND",7
"246",20.2574088624223,26.1366089341944,26.1366089341944,12.2541502722694,27.4692369429129,8.03279438161822,34.7262392085617,"TUND",7
"247",20.5365890404967,26.0613456625727,25.2867489933312,12.5070018057731,30.5605804327593,8.03148349355234,39.5420803370926,"TUND",7
"248",22.5540644755815,28.7610553242153,28.7610553242153,11.6998088329183,29.2335214838203,8.75997636579752,38.245258238412,"TUND",7
"249",19.1818897950046,26.9362775960558,26.9362775960558,11.8351614407433,26.8030739573129,5.84748675902319,35.5525221131452,"TUND",7
"250",20.4785788140694,26.9211824290161,26.9211824290161,11.6103633720995,29.5999013318232,9.36571744523168,38.4612765575293,"TUND",7
"251",21.5070996203708,27.2424807098939,26.6100251778602,13.1579690410044,27.822062992021,8.88273776286966,34.9144110092528,"TUND",7
"252",20.8561694117637,27.022371926584,26.3152651453975,13.7851015998983,33.1836129055123,10.2213397661115,39.1259278839806,"TUND",7
"253",22.3041163090457,26.9967173136411,26.9967173136411,13.6156373711757,30.806090950757,10.0009468695506,38.875504071057,"TUND",7
"254",21.178143987723,28.3466699362259,27.6395631550393,12.0238319120346,30.19477963689,8.70009566586207,38.0676045376054,"TUND",7
"255",21.2841662995935,27.7980459718849,27.350832376385,12.6064956993444,29.8670550813093,8.44816756350424,36.5062499043843,"TUND",7
"256",23.2557464835901,28.9198071716649,28.2127003904784,13.7644231972484,31.2586999205683,8.67999309853101,39.114993175144,"TUND",7
"257",21.4207003184173,27.1895298291529,26.5570742971192,12.2381778173434,31.8431947018165,8.37386948139727,41.2215154682204,"TUND",7
"258",19.1007436326266,25.3127390958089,25.3127390958089,9.36050441068037,28.8394927165769,7.0027482368883,38.5024874280679,"TUND",7
"259",22.0368610892191,28.447548750188,27.7404419690015,13.9455371280458,32.808638820715,10.0712116784678,37.7443695405495,"TUND",7
"260",18.7469592136733,27.4895546907329,26.4895546907329,11.4562439263637,28.8825234030891,7.46387973717594,38.2088316879595,"TUND",7
"261",19.6866487704256,26.5363830379575,26.5363830379575,11.39009946284,27.4011211212604,7.57957459731574,37.1034280974982,"TUND",7
"262",21.489731854924,28.4982974222781,28.4982974222781,11.968528508897,28.7594712459101,8.5086166351657,38.0950195485924,"TUND",7
"263",21.5746782971301,28.7379561908743,27.7379561908743,12.2795358842301,30.8223825648295,8.10760820342988,37.7886867222555,"TUND",7
"264",21.777875392494,27.3060935626704,26.1228776060505,11.6243704462623,34.1193269760664,8.45602485256063,41.6698452483217,"TUND",7
"265",22.4408726451127,28.985955422255,27.8905103072447,13.4011142927152,30.1035896597954,8.98447258268946,39.6001739632135,"TUND",7
"266",20.8332363804902,27.4423089129103,26.8098533808766,13.3051391174025,28.5276666132304,8.47120778493087,37.51574496045,"TUND",7
"267",20.4420374207493,27.3516793702684,27.3516793702684,11.5862622426518,27.0710652493193,7.0880624984775,35.9826764312315,"TUND",7
"268",21.5599125047712,27.5089302061751,26.8764746741414,12.8273557117766,30.1759275240043,9.79613765701823,38.9864205243521,"TUND",7
"269",17.7719064154515,26.3260363707117,25.2305912557013,10.9159576729326,31.0040167761965,8.64859801784022,37.9020766645664,"TUND",7
"270",19.4817417168326,26.3039098044286,26.3039098044286,12.9957064707337,26.7554415309834,8.48038808512022,34.1216628217178,"TUND",7
"271",21.2287995663492,26.2776084145194,26.2776084145194,12.2413896736633,33.3960227453761,8.68427146011337,40.2595869580313,"TUND",7
"272",20.74115041526,28.0110251404785,27.4633025829733,11.631769512262,28.0240667476848,7.51674317366018,37.7690631766327,"TUND",7
"273",22.0879422467672,27.3271293591184,27.3271293591184,13.3106229012312,30.9330925406164,9.13108942936878,38.3906936049716,"TUND",7
"274",21.5809542664604,29.6753051228304,29.0428495907967,11.7925755931024,29.7074396209871,8.00223561514372,39.7692418714211,"TUND",7
"275",21.197270057837,27.1923985001927,27.1923985001927,11.8154483242165,30.4019473766511,7.86246822712021,40.3071807366778,"TUND",7
"276",21.464792457077,26.4506786065466,25.1857675424793,11.333240565243,32.2233901052218,11.4120509258526,38.8281149213619,"TUND",7
"277",21.1227945443195,24.7559749692365,24.7559749692365,11.2774979250924,29.9512608068579,9.45215694890664,36.883751043853,"TUND",7
"278",21.3442378436026,26.380168745813,25.0763282647725,11.9298417264547,31.8343032197597,12.1487938478053,38.2586608568392,"TUND",7
"279",21.6125013212259,26.9061868328329,25.3896117440226,11.9505887346744,31.3331195041524,12.6257475590164,37.8120811441704,"TUND",7
"280",19.710194441469,24.6631110803428,24.0306555483092,11.2843582858179,32.1514137354539,11.2204695266442,37.71754411805,"TUND",7
"281",22.6117479025138,28.628044171443,27.9209373902565,13.1179374418014,33.6629049261908,9.07663445856862,41.0049509056035,"TUND",7
"282",17.7527538695205,21.8512044064384,21.8512044064384,10.5055048169993,34.1736673807429,10.9265940338049,35.9595925568505,"TUND",7
"283",19.0831883494538,23.5323390979872,23.5323390979872,10.5713132259224,31.8567905529367,10.8544091064535,36.8491072027141,"TUND",7
"284",17.1327621750786,22.039587359281,22.039587359281,8.99716455469217,28.4124790284272,9.33956275934189,31.755164580903,"TUND",7
"285",19.958382314195,23.8157409455481,23.1832854135145,11.8486842899142,30.4611906671057,9.78805486801817,37.8017889958779,"TUND",7
"286",19.9474422816217,23.7420826782495,23.7420826782495,10.0389646602276,28.6038288843381,11.358073604319,33.981400902093,"TUND",7
"287",21.3980825221428,25.0128038148898,24.1183766238899,11.4283453105805,34.2285119114734,11.0402300603065,40.3130510112661,"TUND",7
"288",21.0158868460296,25.7482212390823,24.0749011860142,9.10587382939908,33.0000117559058,9.40003293702832,36.1278121233223,"TUND",7
"289",19.5329693488712,24.1488792118254,24.1488792118254,12.6614485647156,29.3326227007584,11.0523206544921,35.2883566036005,"TUND",7
"290",18.3527424114363,25.2858309256436,24.2370220774735,9.5293718408865,28.9879225877045,8.36629289261134,37.5904719277645,"TUND",7
"291",20.1698483766909,25.8558230305043,25.1487162493177,11.1615938135826,29.9405544934241,10.5246227128005,36.007709784697,"TUND",7
"292",17.7494723546393,22.6649179339785,22.6649179339785,9.51748842401284,32.0779187262481,10.8303475093813,36.4358158419511,"TUND",7
"293",19.3368398859845,24.8536207959224,23.3044274574395,12.2582431426151,32.0064100901747,11.5881412808559,35.4600647609472,"TUND",7
"294",19.9953759536035,23.5000531898548,23.5000531898548,10.5437662568275,32.4912580648218,11.4730400641637,36.1145588201078,"TUND",7
"295",20.3765773658024,24.9437029300185,24.3959803725133,9.37045906870406,30.6967008789624,8.76040663414807,37.7285017235429,"TUND",7
"296",19.3091074951708,23.5701060098649,22.7955093406234,9.95304442991888,32.4303871695202,10.4941890633368,35.7708267318153,"TUND",7
"297",19.8601776909363,22.8791612121138,21.7837160971035,11.2253934785498,33.9755522633694,11.8963064657713,37.920797753492,"TUND",7
"298",20.884471780809,22.9239795141178,22.9239795141178,10.7007342736001,33.7151901238815,9.71100495626209,37.1994310367419,"TUND",7
"299",17.1071425376292,20.9046191678937,20.27216363586,10.5616372103595,35.0072064201942,11.0342672497669,37.5732007068124,"TUND",7
"300",16.9117326748521,19.819811411435,19.819811411435,7.80107204960048,28.8621970632996,10.4059413442502,32.4504543660204,"TUND",7
"301",19.7108001371749,21.6081667332759,21.6081667332759,10.9522591635071,34.8280933686902,12.1306426290575,36.0930044327575,"TUND",7
"302",20.8515575657513,24.5039359070813,23.8714803750477,11.7019187414928,34.5521406877136,9.77522550296773,41.5197873201952,"TUND",7
"303",19.714908010861,23.9074036353117,23.2002968541251,9.01107637767347,34.6220760603599,10.6248753251091,36.9288045465194,"TUND",7
"304",19.3001206084993,22.5522525835749,21.7776559143335,10.3052228987842,35.2239153967021,11.9301347586996,38.5959627575987,"TUND",7
"305",19.5656798717653,23.4626650472825,23.4626650472825,10.0525516076862,30.5209050054311,10.3724094589225,35.2063423447958,"TUND",7
"306",23.6793888341659,28.0084871785457,24.7046466975052,9.73097424540098,31.1244853252434,10.9523222757187,37.6982107317785,"TUND",7
"307",20.1853773812372,23.240324900677,23.240324900677,10.5254643372554,34.1381093319294,10.3389096064183,37.3962036960074,"TUND",7
"308",21.6124777161024,24.3995578945621,24.3995578945621,11.6325032487659,33.3638638865168,12.3783947050721,37.4090526989318,"TUND",7
"309",19.5226407625049,22.9384393921532,22.3059838601196,10.3519405702657,33.8863575387544,12.1346519105736,36.0702407120374,"TUND",7
"310",20.9555925329701,27.6890364758725,26.7946092848726,12.0354277874605,31.2711942507432,8.85530833724089,38.8436049008047,"TUND",7
"311",22.5520910043243,25.6985175488347,24.6497087006646,11.7968868226959,35.52977992584,9.88371281407667,41.5104029853789,"TUND",7
"312",20.1282099289092,24.0404411866265,21.9247459571737,9.2028423316375,30.1874082512917,9.26724694795823,37.629545336345,"TUND",7
"313",24.9083146237133,29.2956611394121,27.881447577039,12.0436178111818,30.799530352405,11.5743890766016,38.013579325557,"TUND",7
"314",19.7733897348148,25.1790954129164,24.6313728554113,11.2518897844845,33.0774488925705,8.50806465536287,40.5992457875163,"TUND",7
"315",22.9994223682949,28.2929539865461,27.6604984545124,10.2159357137977,31.3774418304627,10.0923260311774,38.6509760213396,"TUND",7
"316",22.5935699673059,26.3563576679067,26.3563576679067,11.771182804414,34.1049075406418,10.9499877202688,39.4881587816609,"TUND",7
"317",21.915078853805,25.1399819531244,25.1399819531244,11.4890422392492,32.726120856069,10.9445839708913,38.0152604420739,"TUND",7
"318",20.3506900838473,24.4979783545129,24.4979783545129,11.700427342623,32.898592321917,9.93397144782387,38.8329049814481,"TUND",7
"319",22.6895518180952,25.4005692215536,25.4005692215536,11.8098909556088,31.8355144962837,10.9815597442412,37.2246494415271,"TUND",7
"320",16.9298204006971,22.1083286310152,22.1083286310152,9.68212628830194,28.2725977565564,10.2848952436839,32.600321821489,"TUND",7
"321",21.8655468591426,24.7270525588083,23.8903925322742,11.6106727062899,35.5575416994425,12.0267134453844,41.0259100042046,"TUND",7
"322",21.092817273622,25.8562757342795,25.8562757342795,11.9082951084927,31.781809348691,10.4331307906848,38.4218473255083,"TUND",7
"323",21.647606050628,26.9391086727572,26.9391086727572,11.132465123186,30.6729873328667,9.75154582795862,36.0894679302383,"TUND",7
"324",21.5776441728065,27.0504791742708,27.0504791742708,10.0457286401657,24.6481368686283,8.96888511274128,33.435567073785,"TUND",7
"325",19.0252121972666,26.3293490092529,24.9334521157024,5.53027834196745,22.0465043555362,7.38266169826069,30.9205197668383,"TUND",7
"326",21.203348123744,28.0728270953272,26.8480822239356,6.41612325950316,21.9439366400999,5.58853289384213,33.0542177612254,"TUND",7
"327",19.9519578954794,26.1645962034485,25.8483684374317,7.60722776348806,23.6172512573943,7.2951794802915,31.5671603566896,"TUND",7
"328",17.6436181633029,24.1285196257755,24.1285196257755,7.15756009505113,21.2705863086018,5.727066940391,29.3424308144805,"TUND",7
"329",20.8691430938234,27.6514089702355,27.6514089702355,7.78327071090175,21.7667677710759,6.48954991862048,31.2811515714719,"TUND",7
"330",19.6531682000018,26.4964628094112,26.4964628094112,7.34943123267016,22.0150002995158,5.91544557933912,30.8689627639414,"TUND",7
"331",17.8515328823079,24.1758825443958,23.6281599868907,7.65442385401558,19.1671563403015,6.26845250297307,27.5075033339605,"TUND",7
"332",22.1634375226972,28.7973642870846,28.7973642870846,7.67164455238387,21.2518775082794,7.3824971336846,32.6001542548893,"TUND",7
"333",16.0314830643779,23.3062749254251,23.3062749254251,6.82345599296955,17.5876407673964,3.98326007810612,26.2714823888235,"TUND",7
"334",20.2824980951366,26.6381877477274,26.6381877477274,7.57552434457559,20.6584825443254,6.56017579777411,30.7081605025264,"TUND",7
"335",18.1190240620953,24.6030128920291,24.2867851260123,6.1743184661718,18.9322239205504,4.341273679053,26.7350427071942,"TUND",7
"336",21.556343975645,27.0320470240564,27.0320470240564,8.58930167008644,20.9509958046737,6.16890197096716,31.8971460208891,"TUND",7
"337",18.7689735270082,25.4137345859609,25.4137345859609,7.41003419033389,18.2465253838714,6.11839438046328,27.9544926568389,"TUND",7
"338",18.9843932707845,26.1629154415004,26.1629154415004,7.48768895543858,19.2057771946543,4.91829899536069,29.9108771443659,"TUND",7
"339",14.582996087115,22.0217386731259,22.0217386731259,5.66939565620588,12.6931629966567,3.3310656551198,20.6659748905877,"TEFO",2
"340",20.4124523736648,27.1797454216803,27.1797454216803,8.06036914915272,22.5233266797447,6.77960696942745,33.1216052500293,"TUND",7
"341",17.4992362866447,22.8651215693291,22.8651215693291,7.04825690213588,18.1690108051052,5.76406734284897,25.925504732695,"TUND",7
"342",20.5134709456813,27.2577803786339,26.9415526126171,8.0922287009799,24.6532873158905,8.1272538057759,32.9642269794047,"TUND",7
"343",16.2608058270545,23.3139925147986,23.3139925147986,8.01883626022472,20.8665732034003,5.78640749483991,29.3874913094577,"TUND",7
"344",19.2031773433163,25.6686194516386,25.6686194516386,7.3483528030248,23.9061026957738,5.92825689563603,34.4192864495654,"TUND",7
"345",20.4642211282592,27.4509774713915,26.0037638758915,7.80285508827315,24.6223473916644,6.86291253678288,33.552601687558,"TUND",7
"346",23.0301954757451,28.8216901991867,28.8216901991867,8.41219938981413,23.8636357876085,6.67867622234038,34.0989367436998,"TUND",7
"347",20.2177416165035,27.1878957311301,26.5554401990964,7.68667207683772,23.3541764914194,8.21522612392938,32.1232659921653,"TUND",7
"348",20.5800951259192,26.9133405420743,26.1387438728328,8.00912727824322,23.3506655227061,7.55649191234188,32.9199038292225,"TUND",7
"349",20.5204406656813,27.1927958433509,26.5603403113173,8.71643324801672,23.7970138511744,7.70256787828388,31.3601279597835,"TUND",7
"350",20.8183583016323,26.634515774798,26.634515774798,7.67164455238387,21.6128813349588,6.68106766000741,32.915430373504,"TUND",7
"351",18.3698405103688,25.0374350571299,25.0374350571299,7.30293033640547,22.4686419404152,7.61787466885536,29.802471456113,"TUND",7
"352",16.3932806197401,21.5863395842776,20.6919123932777,6.1286841340326,19.6933957777681,7.29110013106466,26.990088651102,"TUND",7
"353",15.3989026444659,19.348494436571,19.348494436571,5.79167756471482,16.4549410454952,5.26721404245565,23.5364468415973,"TUND",7
"354",15.4154636247133,19.9049213705559,19.9049213705559,6.14405242122046,18.3997158403486,5.913754754842,25.4139017351294,"TUND",7
"355",15.8242631091365,20.4517029336115,20.4517029336115,6.74521646124671,18.3533053838112,5.75119089065809,24.7102185571305,"TUND",7
"356",16.0409841221428,20.7934261431766,20.7934261431766,6.70436945187538,18.7873113974914,6.449337819005,25.5633884682902,"TUND",7
"357",13.7786412673578,17.6697918106541,17.6697918106541,5.77631526462874,16.7900991567168,4.98658366828962,22.9303554160674,"TUND",7
"358",15.2588859628852,19.2690163532677,19.2690163532677,5.40765568859064,17.0290887973891,5.63130042316187,23.6865667580983,"TUND",7
"359",14.1789096026997,18.2306608206956,18.2306608206956,6.63323171853997,17.9295759222279,5.26091324543243,24.0425741332026,"TUND",7
"360",16.9080804349493,20.7873160849646,20.4710883189478,5.87920007177216,18.4947664850311,7.19948051158745,25.4483472891009,"TUND",7
"361",14.9168680123359,19.4665932787668,19.4665932787668,6.48262867325113,17.0859706344606,4.62191327787632,24.1907351682041,"TUND",7
"362",17.1976729524011,22.1044981366035,21.397391355417,5.71495499928708,17.3894655163214,5.67664809997559,25.394116215665,"TUND",7
"363",15.5704881355645,19.8480529349297,19.8480529349297,6.30800930439056,16.1739387367749,5.34363537914782,23.3530242260472,"TUND",7
"364",15.7812113678753,20.3416893001904,20.3416893001904,5.739680797333,17.5608290200579,6.06986702889252,23.7401957039253,"TUND",7
"365",20.2186343988943,25.5476672829586,25.5476672829586,7.22076897838553,22.3720289356188,7.83916095898051,31.658715772971,"TUND",7
"366",13.8556334128451,20.1440076680797,19.6967940725797,4.99514823934372,14.3149298026396,5.43532139183572,20.9541358558657,"TUND",7
"367",16.4753087177995,24.4821862264513,24.4821862264513,6.08177931127026,16.989841781788,4.8355395376427,27.3994282503528,"TUND",7
"368",18.9906953235839,26.842071325663,26.842071325663,6.87355077412092,18.7303167800519,5.5425432358482,29.4809403817499,"TUND",7
"369",18.080205068166,26.5449557154309,25.4961468672607,6.2390508972552,18.4358734423122,6.20004396507329,29.0680417346759,"TUND",7
"370",17.0689159825169,25.4079550316189,25.4079550316189,5.08827441343423,14.0386101684687,3.10802155311778,26.8325451225699,"TUND",7
"371",15.6616829371058,23.4132866235081,23.4132866235081,5.81245282054165,15.6963001715717,4.19523539268061,24.9250189376253,"TUND",7
"372",17.1369555674584,25.8299825367041,25.8299825367041,5.91196000761749,15.7933267499632,3.43202205451533,27.6989446450131,"TUND",7
"373",17.8283177593462,25.8135707575363,25.8135707575363,6.88590105819137,19.3923192272553,5.47066359509471,29.4061682192051,"TUND",7
"374",19.9506841269012,26.8971151767154,26.5808874106986,7.53301204446619,18.7853324161563,5.17417700805592,30.842513254055,"TUND",7
"375",19.3959092286406,26.3944699007723,26.3944699007723,6.73994856786778,16.2415027047399,4.40956595483038,28.0703486442617,"TUND",7
"376",13.5006094474011,21.8605668027372,21.2281112707035,5.57987386641626,13.3606366035968,2.14476105895272,23.6985067889433,"TUND",7
"377",14.6496280051901,23.3140244113423,23.3140244113423,5.16138168475239,12.307674979017,3.8768118665216,22.4052601817659,"TEFO",2
"378",15.1484369776487,22.8699354340409,22.8699354340409,5.65262216821894,14.0632076401243,2.96784970065999,23.5444452534395,"TUND",7
"379",15.0332350200675,22.3247096233312,21.8774960278313,4.20706157112688,11.9651872283916,2.86142715787305,23.8295091460553,"TUND",7
"380",16.6816076894413,24.4272698689443,23.4272698689443,5.21858955766592,11.4270242658037,3.4092282571709,22.0551695703362,"TEFO",2
"381",14.3155922736225,22.2092945499827,22.2092945499827,5.31656216937023,12.2104073046705,2.43708590151021,21.4101786278658,"TEFO",2
"382",14.4535469902374,23.0374608445112,22.2628641752697,4.41561706945721,9.03052956414019,2.22373434386043,18.5686562996294,"TEFO",2
"383",18.6003831356175,25.8315548779874,25.8315548779874,6.24579836560262,17.0707366644463,3.63672283333627,29.1433191060398,"TUND",7
"384",14.5958925837152,22.1531249683569,22.1531249683569,5.86929944353223,15.1662561459108,4.09407577158207,23.7274035395454,"TUND",7
"385",14.7316614075784,22.6253636839386,21.5765548357684,5.09663745760359,9.80400445881947,1.34164078649987,19.3974684255486,"TEFO",2
"386",18.7430942103952,26.3167094791413,25.6842539471077,7.11773165038518,14.2737325201266,4.63814723029546,25.8443145475054,"TEFO",2
"387",18.5866079163134,25.6907083229665,25.6907083229665,6.56428967709042,15.373486959293,3.97321961701688,28.1616553584495,"TUND",7
"388",13.0535111494183,21.8185550228342,21.270832465329,5.13340154631274,9.42981945782081,1.37840487520902,17.2233364772212,"TEFO",2
"389",16.485312038479,26.1000581647941,25.0046130497838,6.40684076045911,13.4230704543601,3.36568815467222,23.440111868877,"TEFO",2
"390",16.9635867386454,25.3842952675074,25.3842952675074,6.87852436706019,12.4928388282685,3.4142135623731,22.7144948882092,"TEFO",2
"391",15.0024776985585,24.893801636075,24.893801636075,6.1643856421687,12.1439146421923,2.77393820987456,23.4440089577095,"TEFO",2
"392",14.5228590204375,22.8739666537773,22.8739666537773,5.73029700181911,10.3993399028839,1.22474487139159,20.9715201980783,"TEFO",2
"393",14.6391215594108,24.6368742330113,24.6368742330113,6.63196584814776,11.9843669145657,2.6818456852256,21.3837047708289,"TEFO",2
"394",15.6251869930564,24.2526482262371,24.2526482262371,7.04066989405918,15.7100728173301,3.79464039662779,26.1989786272588,"TUND",7
"395",14.7082849313748,23.3383895303029,22.7906669727978,6.14057376164696,12.9571637410322,3.60510379239376,22.0124285336649,"TEFO",2
"396",16.1235597794657,23.7911028837213,23.2433803262161,5.88623876926302,15.4623685887857,3.28407746667683,25.4418624912269,"TUND",7
"397",15.8532112928832,24.7916349932308,24.7916349932308,6.70546275934927,14.86768845667,3.72589988903691,23.5247173649564,"TEFO",2
"398",14.3199299608035,22.9826066820117,22.9826066820117,6.29440651242736,10.0391452755443,3.05376544606718,18.8973753561934,"TEFO",2
"399",15.0681869426809,24.2737409741583,24.2737409741583,6.17490096835116,13.5788091489188,3.30542947081014,23.9390048604686,"TEFO",2
"400",15.9085387149425,24.9055988457071,24.9055988457071,6.40989485196646,10.5751370917447,3.23969907819082,21.4576660972135,"TEFO",2
"401",13.3345872978659,22.4848232677494,22.4848232677494,5.83499144365857,10.6976317474201,2.98542655755749,18.8742499155138,"TEFO",2
"402",14.6629944680992,24.5209400215786,24.5209400215786,5.90462712492778,12.7967582961383,1.77263095713281,24.2744900664864,"TEFO",2
"403",14.8083951165574,23.3813848878416,23.3813848878416,7.06862256672015,12.8441183977383,2.60768096208106,22.5178908813218,"TEFO",2
"404",17.4763015295561,26.2906566618936,26.2906566618936,6.92793086564718,13.3738233962902,3.79692593900859,23.4184254459225,"TEFO",2
"405",15.2696381428272,24.1760078641595,23.5435523321258,7.81066162115939,13.9848383608798,4.89549748025412,22.0893332704689,"TEFO",2
"406",12.5704893150512,21.7759485486671,21.7759485486671,5.89904240058809,10.6456755518854,2.49708142646696,19.8838822093229,"TEFO",2
"407",15.764069523035,24.8038365110061,24.8038365110061,7.0552854047236,11.9651392534489,3.58419133123881,22.4684695676857,"TEFO",2
"408",14.2365490682411,22.5036776798997,22.5036776798997,4.89878689469071,10.5518029347282,2.31955833084626,19.3605343599497,"TEFO",2
"409",14.8111956402547,23.9508822211043,23.9508822211043,6.23281764116548,11.3331130776096,3.4038493586814,21.4919302019333,"TEFO",2
"410",18.1893350544022,27.8067290487913,27.2590064912861,7.21359436211787,11.2677643144436,3.3090394771282,22.2124417374367,"TEFO",2
"411",14.2742013773838,23.0051138629844,23.0051138629844,5.64315803240217,11.7602104513509,2.58113883008419,21.3535113184296,"TEFO",2
"412",12.760599043712,22.1645416192843,22.1645416192843,4.76094340060379,9.00474733644146,1.88546887470423,18.4243263803781,"TEFO",2
"413",12.8385541585321,22.4947757286604,22.4947757286604,3.67253152050034,7.65412944591958,2.18881023161458,18.9300080690014,"TEFO",2
"414",8.44307634088508,19.8662650928948,19.3185425353896,2.336576939505,6.74245421269028,0.547722557505166,17.2591278584771,"TEFO",2
"415",13.4308254055969,22.6734796129895,22.6734796129895,4.74220687771558,6.45433153728289,2.39657246446175,17.041370882918,"TEFO",2
"416",11.3184646235275,20.184544135958,20.184544135958,4.66264010661004,7.48662692904344,1.8165902124585,16.6524315255632,"TEFO",2
"417",13.5089661594075,22.5422052395406,22.5422052395406,5.52706763296146,11.0823705326635,2.78601889549587,20.3256377861349,"TEFO",2
"418",10.4649684110931,20.2321374110641,20.2321374110641,3.88907896972097,7.87535820971414,1.32231922674665,16.0944153236018,"TEFO",2
"419",13.074720313554,22.540331869679,22.540331869679,5.41872996843283,10.0436610102321,3.03754202120017,18.7955439077539,"TEFO",2
"420",9.55212480469579,18.9667127240539,18.9667127240539,3.3071268062974,4.4614471829839,1.04880884817015,13.236267309517,"TEFO",2
"421",13.4495375094482,22.4341262657978,22.4341262657978,5.0031362543281,10.5225347113454,2.56871083410295,19.9509852956661,"TEFO",2
"422",11.4551112292641,20.5308110952095,20.5308110952095,4.59772199789862,6.44928503644432,2.0309622549243,14.4657982054738,"TEFO",2
"423",14.5354228172434,23.3960472179865,23.3960472179865,7.00854009420978,10.922890094506,3.36424499804561,19.835696476738,"TEFO",2
"424",19.4920336191851,27.7078719817626,26.4972170247458,5.63737390915933,13.4944118646023,3.0266651120328,25.3278787210125,"TEFO",2
"425",17.1522992383842,25.0527043877583,25.0527043877583,7.13504352659897,12.3716557709274,4.35988720299401,22.0924361571469,"TEFO",2
"426",13.5383982756028,21.5737929917905,21.5737929917905,5.03077649221626,9.58601863707068,2.76435478670411,18.6133631004299,"TEFO",2
"427",16.6796841958299,25.9103468881207,25.0159196971208,5.99886294104987,11.8225762471468,2.7140487386863,21.424356062704,"TEFO",2
"428",18.7104813555655,26.2331071580865,26.2331071580865,8.76150824736428,13.8984333361291,4.3339193096334,23.5734855143971,"TEFO",2
"429",18.0592619885523,26.0442546782296,26.0442546782296,8.59245417712099,15.090801576827,5.1670402517304,25.1376911670546,"TEFO",2
"430",13.4971698301893,22.6616548575138,22.1139323000086,6.41006384360084,10.3339360833574,2.36431276996366,17.9067357850196,"TEFO",2
"431",12.1446368495212,20.4692864393876,20.4692864393876,4.84413708556236,7.93145830619424,1.77246742889676,16.5281444041065,"TEFO",2
"432",15.0810695056232,22.7341165235585,22.7341165235585,6.35150427527437,10.8570714060768,2.43192299546965,20.7592736819347,"TEFO",2
"433",14.9462970459689,24.0311592342276,24.0311592342276,6.61576135440849,11.6182901178595,3.93395396513216,21.4072776346066,"TEFO",2
"434",16.0015421256469,23.5776934301997,23.5776934301997,6.26045062347008,12.6817386552051,3.43627612543282,22.1343997841252,"TEFO",2
"435",11.4015706240656,20.9362562004161,20.9362562004161,5.20979438202759,7.77854592713547,1.54919333848297,16.4198119119566,"TEFO",2
"436",11.660507746817,20.4074742782243,20.4074742782243,3.88125895777355,8.15801674195475,1.723279967292,17.6726489413589,"TEFO",2
"437",11.1422744022005,20.7935375146162,20.7935375146162,4.66215119369297,6.05804808724344,2.37075200166709,14.2589060391189,"TEFO",2
"438",14.8491116918366,23.1917270346323,22.7445134391324,6.40831891575846,9.54490127484052,3.18291558499994,18.39031432601,"TEFO",2
"439",13.5625458579173,23.4657450730511,23.4657450730511,6.28022931345316,10.9568132585477,3.14483526820225,20.8179193021763,"TEFO",2
"440",13.5877156773639,22.888937361604,22.888937361604,7.12552412353394,10.9862251229312,3.1117961143948,19.3886703585238,"TEFO",2
"441",11.7568335670197,20.3799737616455,20.3799737616455,4.36625366845508,6.362660602438,1.22181026474144,14.5321333630708,"TEFO",2
"442",13.4001610663855,22.1919602372325,22.1919602372325,4.94734131255689,8.09837714489872,2.62341512251827,17.1907099493469,"TEFO",2
"443",18.4968859780226,26.0541870351273,26.0541870351273,9.13877217462936,16.0430279482265,5.51358488780668,26.1106341148299,"TUND",7
"444",15.545629850734,24.1790826359527,24.1790826359527,7.05383551607171,12.941179706536,3.34391693378309,22.8386669778877,"TEFO",2
"445",14.4967594436892,22.7978180912905,22.7978180912905,5.12006226198296,10.276912274919,2.2150649017431,20.4139879315387,"TEFO",2
"446",13.4754251294782,22.8234430842909,22.3762294887909,5.25258650645241,8.13688600346257,3.24559734710293,16.583446682596,"TEFO",2
"447",13.632331874108,22.3725459121972,22.3725459121972,6.6280634132447,10.7096566198973,2.7772165909864,19.2262306076796,"TEFO",2
"448",14.7167573010128,23.6264895597189,22.0772962212359,2.60768096208106,4.60408789606398,0,15.2691724490865,"TEFO",2
"449",11.8499997249545,20.7115604596476,20.7115604596476,5.13381492199151,7.40664698820045,2.05966514515967,15.5729847917645,"TEFO",2
"450",10.0631600985142,20.8975712826286,20.4503576871287,3.41369299033822,3.86090658583818,0.447213595499958,13.3477368473579,"TEFO",2
"451",10.6692830649577,20.9371056641586,20.9371056641586,3.49995478994034,5.98961072539928,1.9720178452539,13.834281618112,"TEFO",2
"452",9.26746788970334,19.4493707669833,18.5006874689327,2.50998007960223,2.50998007960223,0,8.95539028421137,"TEFO",2
"453",9.88731543803877,19.217755863556,19.217755863556,2.79179378710094,4.13343457360082,1.34164078649987,13.748222023877,"TEFO",2
"454",12.4754048147748,21.6804576838702,21.2332440883703,4.45430140337915,6.4889040194782,1.63042955211988,14.1005941408332,"TEFO",2
"455",10.678771278788,20.6203412581866,20.6203412581866,3.77489114366958,6.01095912116937,1.26491106406735,15.4634965943212,"TEFO",2
"456",13.4124746392453,20.6112564406739,18.9533878881572,1.41167288102717,1.72790064704401,0.632455532033676,12.3921429814541,"TEFO",2
"457",11.4688548380037,18.5331270288517,18.5331270288517,1.54265871051029,4.41771383056472,1.15432037668651,17.372889714042,"TEFO",2
"458",16.9039226610648,24.519416354789,24.519416354789,4.58162637438507,12.3536094420421,3.7854125840634,27.545606006319,"TUND",7
"459",14.4231616346801,25.0122008457698,24.3797453137361,4.98848174722019,15.398423811724,5.04202148686406,26.0595399416785,"TUND",7
"460",13.9827564943131,23.0913502138801,23.0913502138801,4.34488427004729,15.0990075161804,4.96648371457316,25.7076693542182,"TUND",7
"461",16.9541044364723,25.4589905221312,25.4589905221312,4.39116499156263,17.3580105276983,5.66942933241834,27.6333011002309,"TUND",7
"462",15.1851276659281,23.6959743883384,23.6959743883384,5.58558124961336,18.0430384596061,6.05106421371497,28.9887778750574,"TUND",7
"463",15.9729165790047,24.1824409621244,24.1824409621244,4.76216706179729,14.4761566640093,5.12317486673768,26.040586726606,"TUND",7
"464",13.8242558110728,22.6760094214542,22.6760094214542,4.5942508017359,9.77413612342753,4.6413648076446,19.2847539750589,"TEFO",2
"465",15.4316369721354,23.7582845633417,23.7582845633417,4.77549535255403,9.23977720369104,4.62315389212916,19.7023075657342,"TEFO",2
"466",15.0814645422216,23.317575670573,23.317575670573,4.58210796585169,8.95464554126257,5.02932156135165,18.3909478643036,"TEFO",2
"467",14.2443733649236,23.3437151985828,23.3437151985828,4.58210796585169,8.20624614958389,5.2408214102701,17.6119475126913,"TEFO",2
"468",15.4315694928105,23.5967348173655,23.5967348173655,5.08581606633551,13.1024727394965,6.62811773511886,22.2077484521575,"TEFO",2
"469",17.1674002226312,25.9202377741107,24.3710444356277,6.15584629662658,12.2182414233263,6.89943392384038,21.2590044835043,"TEFO",2
"470",16.1725417321581,24.9270212301811,24.3792986726759,5.5912692204666,14.7248367311253,7.57627983096377,23.9271097084347,"TEFO",2
"471",18.6247719071492,26.351974186229,25.904760590729,6.64829104014694,13.0201451095573,7.00378294461091,24.2570849414632,"TEFO",2
"472",14.8413303351009,24.0595743426116,24.0595743426116,4.49438593562703,8.72577639453265,5.54102511898235,18.414181538805,"TEFO",2
"473",12.2571756096453,21.1499894561968,21.1499894561968,3.3774846163733,8.08809436333039,5.1827199101034,16.5790036835789,"TEFO",2
"474",10.9319787507505,18.7842406628023,18.0771338816157,1.34164078649987,3.18554967795845,3.18554967795845,11.6740096441829,"TEFO",2
"475",12.9303711204992,22.233552799685,20.5522884194812,1.83666002653408,2.98954781908499,1.67332005306815,13.2656032444186,"TEFO",2
"476",14.0084506317195,23.110614881063,21.7943871150461,2.7606816861659,4.34182051625009,2.39313721819958,16.9627998105695,"TEFO",2
"477",10.4586633776527,19.7178471166674,19.4016193506506,2.50998007960223,4.1424356116359,2.67332005306815,13.0770640303138,"TEFO",2
"478",11.6264921691449,18.8107309885636,18.8107309885636,3.16164488814268,3.47787265415951,1.8654211044998,14.1955386848779,"TEFO",2
"479",11.8080128253076,19.0757487505569,19.0757487505569,3.70245917364383,4.59688636464375,1.58113883008419,15.2057242417282,"TEFO",2
"480",11.5459472017808,18.5494807922243,18.5494807922243,3.03027650470313,3.03027650470313,1.58113883008419,13.8697372095053,"TEFO",2
"481",9.45419416204498,17.3809094798798,17.3809094798798,1.8515630385457,1.8515630385457,1.30384048104053,11.9036839048282,"TEFO",2
"482",10.0694231433693,18.7998160872881,18.4835883212713,1.89736659610103,1.89736659610103,1.58113883008419,12.1196272905923,"TEFO",2
"483",8.08835319140233,17.3644786291308,17.3644786291308,1.09082443525832,1.09082443525832,0.774596669241483,10.371625134312,"TEFO",2
"484",9.395761269706,18.912928976934,18.5967012109172,2.11623745574136,2.11623745574136,1.34164078649987,11.6540792278332,"TEFO",2
"485",7.51576192726411,18.0393491203994,18.0393491203994,1.4142135623731,1.4142135623731,0.707106781186548,10.3842854367976,"TEFO",2
"486",7.71197577145708,19.0920962441403,18.4596407121066,0.836660026534076,0.836660026534076,0.836660026534076,10.9496473698992,"TEFO",2
"487",9.56600912556789,20.8735028616419,19.2923640315577,0.894427190999916,1.34164078649987,0.894427190999916,12.1369465035584,"TEFO",2
"488",5.72077087512589,17.6626893703166,17.6626893703166,0,0,0,9.371500789349,"TEFO",2
"489",7.06779874447185,19.193736605411,18.2450533073605,0.774596669241483,0.774596669241483,0.774596669241483,10.1456706148339,"TEFO",2
"490",8.82331414620325,18.9270730874713,17.5854323009714,0,0,0,10.8326550945178,"TEFO",2
"491",12.3521658949973,22.0609133634621,21.1664861724622,2.15624445580549,2.86335123699204,2.15624445580549,15.9984377866366,"TEFO",2
"492",13.224906968799,21.479028979594,20.8465734475604,3.08134351180166,4.92445400085209,2.59736582759256,14.8646594918574,"TEFO",2
"493",13.8142545237674,21.8818080420137,21.8818080420137,4.02300300429456,6.94852175397829,4.05047958696599,17.962226762209,"TEFO",2
"494",12.8212667444827,21.6177897468145,20.1756399983094,2.14017542509914,4.483740290718,2.58931309971808,15.1371083996328,"TEFO",2
"495",10.0936380906155,19.2670416072138,18.950813841197,1.89736659610103,3.36648215466878,2.10157109060143,12.9651125301209,"TEFO",2
"496",10.264839452271,20.0164667473998,19.1798067208658,3.12029078814199,3.43651855415883,2.3410734391485,12.7145147707679,"TEFO",2
"497",8.90061326952021,18.0200312522663,18.0200312522663,1.14017542509914,1.14017542509914,1.14017542509914,11.3950793680144,"TEFO",2
"498",10.6333766035027,19.4828027616111,18.2995868049912,1.49944372263676,2.44812702068727,1.8156714886536,11.7223687019749,"TEFO",2
"499",9.49660397586341,19.4908767264412,19.4908767264412,2.04412841306085,2.04412841306085,1.09544511501033,13.7029582750461,"TEFO",2
"500",12.1562394612946,18.8863936551141,18.5701658890973,2.04874756768642,2.04874756768642,1.34164078649987,13.9527754895592,"TEFO",2
"501",8.83538095930265,16.7686508748037,16.4524231087868,0.632455532033676,0.632455532033676,0.632455532033676,11.2083788679361,"TEFO",2
"502",11.5328482776524,19.2952693207322,18.7475467632271,1.54097263740843,1.54097263740843,1.22474487139159,14.5326012592866,"TEFO",2
"503",9.78658858444108,18.4798250306819,18.4798250306819,1.26491106406735,1.26491106406735,1.26491106406735,12.8141388409958,"TEFO",2
"504",8.45679857296998,19.9216714559831,18.6969265845915,1.04880884817015,1.04880884817015,0,10.3765247223058,"TEFO",2
"505",7.88498786642845,19.5285628117553,16.2227872266535,0.948683298050514,1.58113883008419,1.26491106406735,9.90614254771196,"TEFO",2
"506",11.0922586375013,20.0867216171937,17.4790406551126,0.547722557505166,0.547722557505166,0.547722557505166,9.99690441143713,"TEFO",2
"507",6.22184585936015,17.7012968939278,17.385069127911,0.316227766016838,0.632455532033676,0.316227766016838,9.05592082522484,"TEFO",2
"508",8.18185755403952,17.4763948945991,14.7037639374663,0.316227766016838,0.948683298050514,0.632455532033676,7.7443822699218,"TEFO",2
"509",6.73987876076485,17.4017833149489,15.3826169123394,0.316227766016838,0.316227766016838,0.316227766016838,7.96256980764476,"TEFO",2
"510",7.58195701036483,18.5723465509571,16.6749799548561,0.316227766016838,0.948683298050514,0.948683298050514,8.99821848559057,"TEFO",2
"511",6.42737209568776,15.2346937137825,13.4620627566497,0,0.316227766016838,0.316227766016838,8.32464108844382,"TEFO",2
"512",7.82950643715058,16.1875142376952,15.8712864716784,0.316227766016838,0.316227766016838,0,8.03793749574284,"TEFO",2
"513",11.4687478677153,20.4264331740937,16.6924065514586,0.632455532033676,1.46911555856775,0.836660026534076,7.08011734795411,"TEFO",2
"514",17.1687700361435,22.303477610356,16.7539415421902,0,0.894427190999916,0.894427190999916,4.60040582583705,"TEFO",2
"515",18.0062729836394,21.6164163418825,15.0863687700908,0.316227766016838,1.8654211044998,1.8654211044998,4.55572425125988,"TEFO",2
"516",18.1472129786338,20.6720586517655,14.2697259194922,0,1.26491106406735,1.26491106406735,3.8725988558946,"TEFO",2
"517",17.5655427369742,20.5985923826595,12.5034828901716,0,1.26491106406735,1.26491106406735,2.61204320601233,"TEFO",2
"518",19.221632418981,21.7870163559615,12.547194170017,0,1.54919333848297,1.54919333848297,4.08799709812279,"TEFO",2
"519",21.9090696752549,26.9821789891816,13.294704507361,1.97409631853355,6.12138458919909,4.77974380269922,9.81690409889262,"TEFO",2
"520",16.4770067659206,23.0038743147529,18.1758811067366,2.84604989415154,8.11500650715289,6.5338676770687,18.4921088727534,"TEFO",2
"521",16.8492496765726,21.9187664188272,21.9187664188272,3.8938288666133,6.31513878064681,3.49179301859247,22.5512219508609,"TUND",7
"522",24.1161434193904,26.8547562069162,26.8547562069162,8.63744545991488,14.5915694356961,8.24024460373754,28.2969059554213,"TUND",7
"523",22.1491059810306,24.3399962110513,24.3399962110513,7.64668944926361,15.2306832948158,6.5520871637511,27.841720699898,"TUND",7
"524",22.3887039297786,25.5248022712634,24.8176954900769,9.80143818280321,19.4588902169612,10.3106977532981,28.9100576224519,"TUND",7
"525",22.1590827883538,25.0051326825053,24.3726771504716,10.0199005159336,21.7087531740095,10.2236190145777,29.5629897098523,"TUND",7
"526",19.2351957430711,22.9190766791904,22.9190766791904,8.82965660246369,22.6782580684483,12.1247207248601,28.9837540922948,"TUND",7
"527",19.8821495679787,24.9333728098774,23.7931973847783,8.01623002758917,20.9608577320662,10.1824939339132,29.2550244875144,"TUND",7
"528",21.8052325381138,24.604674880487,24.604674880487,9.42671724775625,23.6036070096731,12.0344259555249,27.7711797037595,"TUND",7
"529",21.9580442483081,23.8898959008862,23.8898959008862,10.209875204945,23.0660543178534,10.8212407614348,29.5880821478557,"TUND",7
"530",25.4119367032161,31.3066592562007,29.8924456938276,9.15491660072099,26.7294794368156,9.41845114282327,34.164464904243,"TUND",7
