Prof_Bacon;Age_Bacon;UncerAge_Bacon;Prof_Clam;UnceraAge_Clam;UncerbAge_Clam;Age_Bclam
0,4;NA;NA;0,43763677;NA;NA;NA
2,4;NA;NA;2,40700221;NA;NA;NA
3,9;NA;NA;3,938730928;NA;NA;NA
6,1;NA;NA;6,12691499;NA;NA;NA
7,9;NA;NA;7,877461616;NA;NA;NA
9,6;NA;NA;9,628008842;NA;NA;NA
11,4;NA;NA;11,37855607;NA;NA;NA
13,3;NA;NA;13,34792162;NA;NA;NA
15,3;NA;NA;15,31728718;NA;NA;NA
17,1;NA;NA;17,0678338;NA;NA;NA
19;NA;NA;19,03719936;NA;NA;NA
20,6;NA;NA;20,56892825;NA;NA;NA
22,5;NA;NA;22,53829381;NA;NA;NA
24,3;NA;NA;24,28884103;NA;NA;NA
26,3;3208,302995;295,2043131;26,25820599;NA;NA;NA
28,2;3311,241462;302,8333153;28,22757154;NA;NA;NA
29,8;3397,926486;325,1668525;29,75930044;NA;NA;NA
31,7;3501,920599;348,6960104;31,72866599;NA;NA;NA
33,5;3602,155768;357,4089674;33,47921322;NA;NA;NA
35,4;3707,959557;383,3465613;35,44857817;NA;NA;NA
37,2;3807,48858;390,3374857;37,1991254;NA;NA;NA
39,2;3917,684079;398,5448608;39,16849095;NA;NA;NA
40,9;4011,350254;419,7965917;40,91903818;NA;NA;NA
42,9;4120,128095;419,1655094;42,88840373;NA;NA;NA
44,4;4201,655516;427,6069289;44,42013203;NA;NA;NA
46,6;4321,312871;442,4695674;46,60831591;NA;NA;NA
48,4;4419,397188;440,885338;48,35886314;NA;NA;NA
50,3;4522,930634;453,5951817;50,32822869;NA;NA;NA
52,3;4632,259861;455,1334813;52,29759424;NA;NA;NA
54,3;4741,775748;457,9233545;54,2669598;NA;NA;NA
55,6;4812,961074;468,1042172;55,57986977;NA;NA;NA
57,8;4930,956708;462,6905768;57,76805365;NA;NA;NA
59,7;5032,387636;465,8453218;59,7374192;NA;NA;NA
61,5;5129,33298;471,2374384;61,48796823;NA;NA;NA
63,2;5222,986782;462,7042064;63,23851485;NA;NA;NA
65,2;5333,167726;467,5926521;65,20787981;NA;NA;NA
67;5432,327578;465,8408069;66,95842643;NA;NA;NA
68,7;5525,976285;460,9220504;68,70897306;NA;NA;NA
70,9;5647,16873;471,5922054;70,89715634;NA;NA;NA
72,4;5729,279188;460,9017264;72,42888464;NA;NA;NA
74,2;5827,767102;456,5990136;74,17943127;NA;NA;NA
76,4;5948,130535;459,6833393;76,36761455;NA;NA;NA
77,9;6030,163734;446,9426012;77,89934285;NA;NA;NA
80,1;6150,479093;444,669408;80,08752613;NA;NA;NA
81,6;6232,678489;441,4000799;81,61926042;NA;NA;NA
83,6;6342,610078;425,1570843;83,58862538;NA;NA;NA
85,3;6436,051928;425,1090173;85,339172;NA;NA;NA
87,5;6563,52243;422,5899369;87,52735529;NA;NA;NA
89,1;6658,449839;429,388481;89,05908358;NA;NA;NA
90,8;6759,31021;451,085371;90,80963021;NA;NA;NA
92,8;6879,608361;459,2031466;92,77899517;NA;NA;NA
94,7;6994,064598;480,5256422;94,74836012;NA;NA;NA
96,3;7090,429409;503,4987279;96,28008842;NA;NA;NA
98,5;7222,8155;514,5298602;98,4682717;NA;NA;NA
100;7313,078744;534,7209436;100;NA;NA;NA
102,5;7466,831913;556,6646119;102,4657527;NA;NA;NA
104,7;7604,079167;579,9895236;104,6575404;NA;NA;NA
107,1;7751,546351;603,135256;107,123293;NA;NA;NA
109,3;7884,279419;617,7501695;109,3150732;NA;NA;NA
112,1;8053,094169;640,8192777;112,0547984;NA;NA;NA
114;8167,523033;649,5637704;113,972606;NA;NA;NA
116,4;8311,88772;671,2983217;116,4383587;NA;NA;NA
118,6;8443,4106;676,7415667;118,6301389;NA;NA;NA
120,8;8574,93348;699,7005397;120,8219191;NA;NA;NA
123,3;8728,83094;707,9217845;123,2876717;NA;NA;NA
125,8;8883,114456;733,895767;125,7534244;NA;NA;NA
127,7;9000,285995;738,719611;127,6712321;NA;NA;NA
130,4;9166,778885;760,4826148;130,4109573;NA;NA;NA
132,6;9302,699438;767,7926704;132,6027374;NA;NA;NA
134,8;9438,71737;779,8201623;134,7945251;NA;NA;NA
137,3;9591,099538;793,606656;137,2602778;NA;NA;NA
139,5;9723,422041;806,8010169;139,452058;NA;NA;NA
141,6;9849,529621;821,9222918;141,6438381;NA;NA;NA
144,1;9999,061671;826,0139464;144,1095908;NA;NA;NA
146,6;10149,54579;839,8048199;146,5753435;NA;NA;NA
149;10296,90481;847,525922;149,0410962;NA;NA;NA
151;10419,70399;866,728959;150,9589038;NA;NA;NA
153,4;10565,57741;867,3035266;153,4246565;NA;NA;NA
155,9;10717,52888;884,2889838;155,8904092;NA;NA;NA
158,1;10848,45187;884,4499051;158,0821894;NA;NA;NA
160,3;10979,2418;895,6341591;160,2739695;NA;NA;NA
162,7;11122,91885;899,5598976;162,7397297;NA;NA;NA
164,9;11254,99918;908,275511;164,9315099;NA;NA;NA
167,4;11406,74945;915,1211161;167,3972626;NA;NA;NA
169,9;11559,8032;923,5350353;169,8630152;NA;NA;NA
171,8;11675,40698;929,8290147;171,7808229;NA;NA;NA
174;11808,12235;931,9627403;173,972603;NA;NA;NA
176,4;11953,25613;943,6456759;176,4383557;NA;NA;NA
178,9;12106,2777;945,168405;178,9041084;NA;NA;NA
181,4;12258,96341;957,6642663;181,3698611;NA;NA;NA
183,3;12373,66445;957,5152388;183,2876687;NA;NA;NA
185,8;12524,58687;972,0657496;185,7534214;NA;NA;NA
188,2;12668,93796;970,8348166;188,2191741;NA;NA;NA
190,4;12801,21525;979,7645794;190,4109543;NA;NA;NA
192,6;12937,24083;981,6456175;192,6027419;NA;NA;NA
195,1;13093,41264;990,3088688;195,0684946;NA;NA;NA
197,3;13216,76462;993,5366035;197,2602748;NA;NA;NA
200;13356,18873;995,9041453;200;14907,6;16893,6;15817,8
203,4;13531,86888;997,8388814;203,4188026;15013,2;16955,8;15904,4
206,4;13686,95324;1005,365057;206,4102549;15105,9;17007,2;15980,3
210,3;13888,83646;1007,980812;210,2564079;15227,1;17079;16078,1
214,1;14086,30638;1006,031381;214,1025608;15352,7;17153,7;16176,3
217,9;14285,49004;1007,83076;217,9487137;15473,2;17225,5;16275
220,9;14443,9572;1015,1022;220,940166;15567,7;17287,7;16352,2
224,8;14647,47189;1010,642744;224,786319;15691,1;17368,3;16452,2
228,6;14847,19479;1007,501849;228,6324719;15813,4;17448,7;16553
232,1;15029,44586;1009,248624;232,0512863;15922,7;17530;16643,5
235,9;15221,78056;1014,550402;235,8974392;16049,1;17624,4;16746,4
238,5;15353,04777;1006,200694;238,4615412;16130,2;17684,8;16815,6
242,7;15566,42137;1002,743414;242,7350444;16267,2;17796;16932,5
246,6;15767,13102;1005,124291;246,5811974;16392,8;17903,6;17039,1
250,4;15966,64059;1004,890936;250,4273503;16518,7;18005,8;17147,5
253;16098,88825;1003,020121;252,9914523;16605,9;18078,3;17220,6
257,3;16315,10169;1005,410244;257,2649556;16746,1;18210,7;17344,5
260,7;16485,34809;1008,202169;260,6837582;16858,4;18313,1;17445,3
264,5;16679,82552;1002,111722;264,5299111;16986,3;18429,2;17560,7
267,9;16856,68353;1001,315296;267,9487137;17103,1;18539,7;17665,1
271,4;17040,34229;1007,3896;271,3675164;17219,2;18640,3;17771,4
275,2;17235,89996;1006,392626;275,2136693;17355,5;18768,5;17893,3
278,6;17411,7388;1002,550854;278,6324836;17474,2;18877,5;18003,9
282,5;17612,43789;1002,57549;282,4786366;17611,1;19006,1;18130,8
286,3;17806,11212;1005,338647;286,3247895;17745;19147,6;18260,6
289,7;17981,01071;997,8265325;289,7435921;17867,1;19265,3;18378,5
293,6;18180,2848;992,8346734;293,5897451;18006,7;19403,1;18514
297;18353,61042;992,1317945;297,0085477;18132,8;19524,9;18637,2
300,7;18542,71452;992,253685;300,7352939;18273,1;19661;18774,4
303,3;18679,61501;981,9812689;303,3088225;18370,9;19758,2;18871,1
306,6;18852,37091;977,7967846;306,6176451;18497;19880,3;18997,6
309,9;19017,62376;970,1767683;309,9264676;18624,9;20006,4;19126,4
312,9;19169,17746;963,5395939;312,8676432;18742,3;20114,6;19242,9
315,8;19316,42024;964,0839891;315,8088188;18861,5;20228,1;19361,1
318,7;19466,69311;956,2382232;318,7500044;18981,3;20345,3;19481,1
322,4;19656,9986;953,4666689;322,4264739;19128,2;20484,4;19633,4
325,4;19809,02479;951,9944876;325,3676495;19250,9;20598,4;19757
328,7;19978,25312;943,3781392;328,676472;19390,9;20726,7;19897,9
332;20147,10046;938,7221925;331,9852945;19529,8;20857,8;20040,7
334,6;20278,63612;930,6969415;334,5588232;19639,2;20960,1;20152,9
337,5;20426,75152;924,5333096;337,4999987;19766,2;21077,8;20282,5
340,8;20596,78624;924,757074;340,8088213;19909,2;21210,5;20429,9
344,5;20790,0959;912,2629127;344,4852907;20073,3;21363,5;20595,5
346,7;20904,49664;909,8920293;346,6911724;20173,7;21449,5;20695,7
350;21074,07055;903,7046103;349,999995;20322,6;21585,3;20847,2
353,3;21245,21967;892,4417508;353,3088175;20476,5;21720,3;21000,1
356,6;21416,23204;886,0388118;356,61764;20630;21860;21154,3
359,9;21583,54716;873,3535488;359,9264726;20783,8;22001,2;21309,7
362,5;21716,60134;866,5551036;362,5000013;20903,7;22113,1;21431,3
365,8;21886,62279;866,1352879;365,8088238;21062,3;22254,6;21588,6
369,1;22055,98307;854,8683463;369,1176463;21220,9;22398,7;21746,9
372,1;22209,53789;849,3185816;372,0588219;21364,7;22526,4;21888,4
375,4;22377,74463;841,7559914;375,3676444;21526,2;22672,8;22048,3
377,9;22506,63027;831,2878876;377,9411731;21650,9;22783,5;22173,2
381,2;22677,07606;827,63374;381,2499956;21811,6;22933,5;22334,5
384,6;22848,0509;817,976741;384,5588181;21973;23081,2;22496,3
387,5;22993,10209;814,3511261;387,4999937;22116,6;23210,9;22640,6
390,4;23137,425;813,4719271;390,4411693;22262,6;23348,7;22785,3
393,7;23298,57572;809,4692133;393,7499918;22425,1;23501,9;22948,4
397,1;23464,02371;810,4668561;397,0588244;22587,4;23650,7;23112
400;23605,35301;807,8608104;400;22733,6;23789,1;23257,6
403,4;23771,37765;802,6195303;403,4188026;22903,2;23950,2;23427,1
407,3;23961,51662;800,4726969;407,2649556;23096,5;24131,1;23618,2
410,7;24126,48035;800,7629023;410,6837582;23267,6;24293,6;23788,3
414,5;24314,2097;788,459119;414,5299111;23463,1;24477,9;23979,9
418,4;24512,91597;781,5073904;418,3760641;23651,9;24662;24171,7
421,8;24689,72874;784,5976258;421,7948667;23821;24825,9;24342,3
425,2;24868,01513;791,0918593;425,2136693;23994,3;24991,7;24512,9
428,6;25043,035;790,603175;428,6324719;24162,6;25157,5;24683,5
432,1;25222,88198;794,4783387;432,0512746;24332,9;25323,1;24854
435,9;25419,83597;800,5452217;435,8974275;24527;25512,4;25045,7
440,2;25648,56781;802,8738657;440,1709425;24739,8;25720,6;25258,3
443,2;25806,64018;800,6983949;443,1623948;24886,6;25865,6;25406,9
446,6;25984,61163;805,6330501;446,5811974;25051,9;26034,1;25576,4
450,9;26206,64996;809,5926543;450,8547007;25259,3;26244,7;25787,6
454,3;26379,88118;805,2460507;454,2735033;25423,7;26416;25956,1
457,7;26552,26081;805,8982816;457,6923059;25588,1;26585;26124
461,1;26723,9879;811,8554818;461,1111085;25746,2;26749,2;26291,3
465;26925,82558;806,8448088;464,9572615;25925,8;26934,4;26478,7
468,8;27120,93216;804,3596509;468,8034144;26107,2;27120,3;26665,1
472,6;27315,6767;807,4874126;472,6495673;26284,6;27305,7;26850,4
475,2;27449,10509;813,1964737;475,2136693;26402,9;27431;26973,4
479,5;27664,34439;815,6940171;479,4871726;26593,9;27634,2;27177,1
482,9;27835,84393;819,351747;482,9059752;26745,3;27799,5;27338,9
486,8;28035,67061;829,2396595;486,7521399;26915,2;27986;27519,6
489,7;28187,23101;832,0038909;489,7435921;27046,1;28127,8;27659,2
493,6;28388,92217;833,1191596;493,5897451;27217,8;28310,3;27837,3
497,4;28584,02291;836,2089844;497,435898;27383,9;28486,4;28013,9
501,1;28773,23701;842,286945;501,102941;27541,1;28659,5;28180,6
504;28918,22917;838,2610512;504,0441168;27664,8;28796,3;28313,2
507,4;29089,78905;840,7866124;507,3529397;27801;28947,1;28461,1
509,9;29217,58421;843,4630639;509,9264686;27908,7;29065,8;28575,2
513,2;29384,05035;841,8370463;513,2352915;28047,8;29214,9;28720,6
516,5;29549,66222;844,5075423;516,5441143;28180,8;29363,8;28864,6
519,9;29721,77819;843,0181302;519,8529372;28315,7;29513,4;29007
522,4;29848,18376;842,4200105;522,4264661;28416,7;29626,7;29116,7
525,7;30014,88324;845,7534993;525,7352889;28547,4;29775,4;29256,3
529;30180,00334;846,9770354;529,0441219;28678,7;29919,1;29394,2
532,4;30346,91789;854,3652328;532,3529447;28808,3;30061,6;29530,4
534,9;30466,44911;859,7480807;534,9264736;28908,2;30173,2;29635,2
538,2;30625,74661;862,6315083;538,2352965;29034,3;30318,3;29768,2
541,2;30771,04305;871,5544896;541,1764724;29147;30446,2;29885
544,5;30927,6554;872,8620665;544,4852952;29269,2;30585,4;30014,7
547,8;31086,66616;876,7767188;547,7941181;29390;30723,5;30142,6
550,7;31228,15931;884,1188829;550,735294;29496;30840,7;30254,8
553,3;31352,76616;883,435799;553,3088229;29590,9;30942,9;30351,9
557;31528,5012;889,416166;556,9852927;29725,2;31088,5;30488,9
560,3;31682,41406;891,2155197;560,2941156;29846,2;31221,2;30610,5
562,9;31804,66258;893,0638984;562,8676445;29933;31327,1;30704
566,2;31960,39864;904,1375437;566,1764774;30049,4;31457,2;30822,8
569,1;32098,8162;905,2010198;569,1176533;30148,6;31574,9;30927,1
572,1;32243,52344;910,9110225;572,0588292;30251,5;31687;31030,3
575,7;32420,31575;917,6802799;575,735299;30377,2;31828,1;31157,5
578,3;32547,40822;914,8809115;578,3088279;30462,3;31925,3;31245,6
581,6;32708,77653;919,2345595;581,6176508;30568,1;32049,9;31357,6
584,6;32856,11501;918,5038439;584,5588266;30664,4;32157,3;31455,9
587,9;33016,54659;922,6895031;587,8676495;30771,4;32280;31565,3
591,2;33175,74217;933,5519408;591,1764724;30876,1;32408,3;31673,5
594,1;33315,27303;935,5955732;594,1176482;30968,5;32513,4;31768,5
597,1;33461,23033;942,6142464;597,0588241;31063,6;32622,3;31862,5
600,4;33624,85194;948,2613027;600,413223;31168,1;32742,9;31968,6
603,7;33787,09688;951,986402;603,7190183;31271,2;32863;32072
607;33949,05044;959,8792874;607,0248023;31372,4;32982,3;32174,3
610,7;34130,67223;965,1680697;610,7438093;31487,1;33108,5;32288,2
614;34293,42034;966,618026;614,0495933;31588,3;33223,5;32388,3
617,8;34481,30481;977,1251068;617,7686003;31700,2;33356,8;32499,9
621,5;34664,77763;992,2990103;621,4876073;31813,2;33488,7;32610,5
624,4;34809,13673;993,8104111;624,3801683;31897,4;33584,1;32695,8
628,1;34993,19405;997,4305801;628,0991753;32007,3;33718,5;32804,7
631,4;35157,04351;1003,805226;631,4049593;32103,7;33840,6;32900,8
635,1;35338,92563;1012,229234;635,1239663;32209,8;33964;33008,3
638,4;35497,48659;1018,549766;638,4297503;32307,1;34076,3;33103,2
642,1;35675,76282;1028,903757;642,1487573;32417,8;34204,4;33209,6
645,9;35863,79466;1043,069987;645,8677643;32523;34333,6;33315,4
649,2;36027,98384;1051,738614;649,1735597;32616,7;34445,8;33409,2
652,5;36189,94851;1063,675345;652,4793437;32708,3;34564,8;33502,8
655,8;36349,21006;1076,877272;655,7851277;32801,6;34677,6;33596,1
659,5;36526,08119;1084,041235;659,5041347;32908,4;34805,7;33701,1
663,2;36705,08958;1093,220176;663,2231417;33013,5;34926,1;33806
666,5;36865,87957;1104,958188;666,5289257;33109,5;35038,2;33899,2
670,2;37044,74835;1111,933324;670,2479327;33213;35160,7;34004,3
673,6;37213,21121;1120,810478;673,5537167;33310,4;35275,7;34097,8
677,3;37398,1145;1133,833742;677,2727237;33416,6;35399,4;34203,3
680,6;37563,36449;1144,433165;680,5785077;33511,8;35509,3;34297,5
684,3;37746,41186;1148,423143;684,2975147;33617,3;35639,3;34403,8
687,2;37888,61776;1155,213223;687,1900757;33697,3;35733;34486,9
691,3;38087,33406;1167,78379;691,322317;33813,9;35871,3;34606,2
694,6;38244,95856;1171,79807;694,628101;33911,8;35989,7;34702,3
698,3;38427,17977;1180,925689;698,347108;34023,2;36111,2;34811,2
701,6;38591,70195;1194,30969;701,5810273;34115,2;36225,9;34906,6
704,7;38742,10913;1201,904268;704,743082;34209,6;36333,7;35000,7
707,9;38900,30197;1210,381259;707,9051366;34302,5;36441,1;35095,4
711,5;39079,78336;1223,738578;711,4624481;34413,1;36563,4;35203
714,6;39230,36549;1229,507883;714,6245028;34512,8;36675,3;35299,6
717,8;39385,78463;1237,363282;717,7865574;34610;36787,4;35397,1
721,3;39555,73066;1250,283217;721,3438689;34719,1;36914,8;35507,9
724,9;39730,24438;1260,368263;724,9011804;34830,4;37042,7;35620,1
727,7;39866,04563;1267,643348;727,6679782;34917;37143,1;35708,3
731,6;40056,13247;1280,031408;731,6205465;35037,1;37287,9;35835,7
734,8;40216,04311;1289,382215;734,782612;35136,5;37401,5;35939
737,9;40369,3108;1296,219926;737,9446666;35238,4;37517,3;36043,5
741,1;40526,24865;1305,3417;741,1067213;35337,3;37627,4;36149,2
745,1;40714,63159;1310,707831;745,0592896;35463,5;37765,5;36283,1
748,2;40864,12669;1316,675427;748,2213443;35567;37883,4;36391,8
751,4;41019,6138;1328,114996;751,3833989;35672,2;38002,8;36501,8
754,9;41187,32207;1332,714168;754,9407104;35788;38131,6;36627,3
758,5;41365,45208;1340,328098;758,4980219;35905,8;38270,4;36754,6
761,7;41524,16153;1351,692262;761,6600765;36015,1;38397;36869,4
765,2;41690,60024;1358,895809;765,217388;36134,4;38533,7;37000,4
768,4;41843,03897;1365,373664;768,3794427;36243,8;38652,3;37118,5
771,1;41971,79174;1375,794533;771,1462405;36341;38759,5;37223
774,7;42145,46364;1382,532174;774,7035628;36467;38890,9;37359
778,3;42321,9696;1390,322782;778,2608743;36589,6;39028,6;37496,7
781;42455,55048;1400,221816;781,0276721;36686,4;39143,5;37605,1
785;42651,93707;1403,978073;784,9802404;36826,9;39303,9;37761,5
788,1;42804,70871;1410,979065;788,1422951;36941,3;39434,9;37888
791,7;42982,27712;1423,999497;791,6996065;37068,5;39578,6;38031,8
794,5;43119,86986;1428,888558;794,4664044;37171,6;39692,3;38144,5
798,4;43308,84518;1434,44323;798,4189727;37315;39851,1;38307,1
801,6;43463,46304;1440,931972;801,5810272;37428,7;39980,5;38438,3
804,7;43617,1585;1447,18819;804,7430815;37547,7;40109;38570,4
807,9;43775,30679;1457,164025;807,9051358;37667,6;40231,7;38703,5
811,5;43953,35097;1472,296942;811,4624469;37803,8;40387,2;38854,2
815;44129,56058;1478,531052;815,019758;37937,2;40542,7;39006
818,6;44309,48184;1485,027206;818,5770799;38073,1;40697;39158,7
821,7;44462,90454;1493,964995;821,7391342;38192,2;40839,1;39295,2
825,3;44636,80716;1503,035573;825,2964453;38330;40985,3;39449,5
828,1;44775,82393;1508,332577;828,0632428;38440,5;41104,7;39570,1
831,6;44951,11595;1519,208724;831,6205539;38581,5;41253,1;39725,7
834,8;45111,18284;1525,634281;834,7826082;38707,7;41390,5;39864,6
838,3;45290,29882;1537,613436;838,3399193;38843,9;41548;40021,4
841,9;45476,70198;1560,457296;841,8972304;38974,2;41707,3;40178,7
844,7;45621,68222;1588,369096;844,6640279;39083,1;41828,2;40301,3
847,8;45782,19605;1629,032008;847,8260823;39208,6;41968;40441,7
851,8;45989,31067;1695,467368;851,7786501;39362,7;42145,7;40617,5
854,9;46149,8245;1756,735718;854,9407044;39484,9;42287;40758,4
858,1;46315,51619;1827,950843;858,1027696;39610,7;42429,1;40899,5
861,3;46481,20789;1906,364309;861,2648239;39737;42579,6;41040,6
864,8;46662,43318;1999,369312;864,822135;39879;42739;41199,4
868,4;46848,83634;2101,893579;868,3794461;40013,7;42908,5;41358,1
871,1;46988,63871;2182,771762;871,1462436;40122,8;43034,8;41481,6
874,7;47175,04187;2295,23625;874,7035547;40259,9;43194,3;41640,1
877,9;47340,73356;2399,093918;877,865609;40382,1;43331,4;41780,9
881,4;47521,95885;2516,32294;881,4229201;40525,1;43482,8;41939
885;47708,36201;2640,345035;884,9802312;40661,8;43638,5;42096,7
887,7;47848,16438;2735,370942;887,7470287;40767,4;43770,2;42219,2
891,7;48055,279;2878,916992;891,6995966;40919;43961,9;42393,9
894,9;48220,9707;2995,850282;894,8616509;41042,7;44112,3;42533,4
898,4;48402,19599;3125,613081;898,418962;41184,2;44272,8;42690,1
901,6;48567,88769;3245,767313;901,6064253;41311;44419,3;42830,2
904,8;48733,57938;3367,20811;904,819276;41433,6;44570,9;42971,2
908,4;48919,98254;3505,200303;908,4337331;41570,7;44743,9;43129,7
912;49106,3857;3644,485595;912,0481901;41716,4;44914;43287,8
915,3;49277,25526;3773,177451;915,2610408;41840,5;45061,3;43428,2
918,9;49463,65842;3914,558719;918,8754979;41983,8;45228,3;43585,9
922,1;49629,35011;4041,013204;922,0883486;42111,4;45376,6;43725,9
925,3;49795,04181;4168,134134;925,3011993;42241,2;45529,6;43865,7
928,9;49981,44497;4311,868387;928,9156563;42381,4;45696,9;44022,8
932,5;50167,84813;4456,297026;932,5301133;42526,5;45863,1;44179,7
935,3;50312,82836;4569,068341;935,3413577;42637,1;45988,5;44301,6
939;50504,40938;4718,624643;938,9558147;42775,7;46151,9;44458,1
942,2;50670,10108;4848,423829;942,1686764;42900,8;46306,1;44597
946,2;50877,2157;5011,211777;946,1847398;43062,5;46492,5;44770,4
949,4;51042,9074;5141,837817;949,3975905;43191,9;46636,4;44908,9
952,6;51208,59909;5272,787259;952,6104412;43318,2;46787,8;45047,2
955,8;51374,29079;5404,036596;955,8232919;43446,7;46936,6;45185,4
959,4;51560,69395;5552,024082;959,4377489;43585,8;47102,5;45340,7
963,1;51752,27497;5704,460906;963,052173;43730;47265,5;45495,7
966,7;51938,67813;5853,081967;966,666663;43872,6;47427,6;45650,6
969,5;52083,65836;5968,869035;969,4778964;43985,5;47553,3;45770,9
973,1;52270,06152;6117,969385;973,0923864;44122,6;47717,9;45925,3
976,3;52435,75322;6250,70755;976,3051931;44254,5;47871,9;46062,5
979,9;52622,15637;6400,252563;979,9196831;44397;48039,4;46216,5
983,1;52787,84807;6533,360071;983,1324898;44526,1;48190,8;46353,3
986,3;52953,53977;6666,625193;986,3454065;44652;48341,5;46489,9
990;53145,12079;6820,897351;989,9597866;44793,3;48510,2;46643,5
993,6;53331,52395;6971,177851;993,5742766;44935;48669,8;46796,8
996,8;53497,21564;7104,898701;996,7871933;45065,4;48815,7;46932,9
1000;53662,90734;7238,742097;1000;45195,1;48964,2;47068,8
1003,6;53849,3105;7389,45411;1003,557344;45334,2;49127,7;47219,2
1006,7;54009,82433;7519,344683;1006,719356;45457,1;49271,5;47352,6
1010,3;54196,22749;7670,306764;1010,2767;45591,3;49433,3;47502,6
1013,8;54377,45278;7817,193699;1013,834045;45733,4;49594;47652,4
1016,6;54522,43301;7934,78279;1016,600832;45844;49723,1;47768,8
1020,2;54708,83617;8086,067314;1020,158068;45980,5;49882,5;47918,2
1023,3;54869,35;8216,424622;1023,320188;46103,5;50024,2;48050,9
1026,9;55055,75316;8367,900379;1026,877424;46245,3;50182;48200
1029,6;55195,55553;8481,569776;1029,64432;46355,5;50307,7;48315,8
1033,6;55402,67015;8650,062535;1033,596888;46515,5;50484,3;48481,1
1036,8;55568,36185;8784,933433;1036,7589;46644,6;50623,2;48613,2
1040,3;55749,58714;8932,522594;1040,316244;46789,1;50777,6;48761,6
1043,1;55894,56737;9050,647207;1043,083032;46896,7;50899,4;48876,9
1046,6;56075,79267;9198,366586;1046,640376;47035,2;51053,1;49025
1049,8;56241,48436;9333,4835;1049,802388;47166,1;51196,5;49156,5
1053,4;56427,88752;9485,554518;1053,359732;47307,7;51354,3;49304,2
1056,5;56588,40135;9616,556897;1056,521744;47429,4;51495,3;49435,4
1060,1;56774,80451;9768,746763;1060,079088;47569,4;51651,5;49582,8
1063,2;56935,31834;9899,84706;1063,2411;47691,1;51790,6;49713,7
1066,8;57121,7215;10052,1458;1066,798444;47835,8;51948,4;49860,8
1070;57287,41319;10187,5685;1069,960456;47964,1;52085,4;49991,4
1073,9;57489,34995;10352,67094;1073,913025;48119,1;52257,1;50154,4
1076,7;57634,33018;10471,24248;1076,679812;48228;52376,8;50268,5
1080,2;57815,55547;10619,49798;1080,237156;48370,5;52532,6;50414,9
1083,4;57981,24717;10755,08434;1083,399168;48496,7;52669,9;50544,9
1087;58167,65033;10907,66114;1086,956512;48638,6;52824,6;50691
1089,7;58307,4527;11022,12196;1089,7233;48747;52942,4;50804,6
1093,3;58493,85585;11174,77261;1093,280644;48888,7;53095,6;50950,4
1096,8;58675,08115;11323,22119;1096,837988;49033,7;53248;51096,1
1100,4;58861,48431;11475,94892;1100,395224;49176,2;53405,4;51241,5
1103,6;59027,176;11611,73784;1103,557344;49300,9;53540,4;51370,7
1107,5;59229,11276;11777,26843;1107,509913;49457,9;53710,2;51532
1109,9;59353,38153;11879,15338;1109,881476;49551,5;53811,4;51628,7
1113,8;59555,31828;12044,74771;1113,834045;49705,6;53978,9;51789,7
1116,6;59700,29852;12163,65907;1116,600832;49815,1;54097,6;51902,3
1120,6;59907,41314;12333,56473;1120,553401;49973,3;54258,8;52063
1123,3;60047,21551;12448,27183;1123,320188;50082,2;54369,2;52175,3
1126,9;60233,61866;12601,23979;1126,877532;50225,6;54513,3;52319,6
1130,4;60414,84396;12749,98529;1130,434768;50366,6;54661,5;52463,8
1133,6;60580,53565;12886,00339;1133,596888;50491,2;54795,2;52591,8
1136,8;60746,22735;13022,04203;1136,7589;50619,4;54924,4;52719,7
1139,9;60906,74118;13153,84844;1139,92102;50742,5;55054,3;52847,4
1143,9;61113,8558;13323,94793;1143,873589;50897;55213,5;53007
1147;61274,36963;13455,79505;1147,0356;51025,3;55338;53134,5
1150,6;61460,77279;13608,92905;1150,592945;51166,7;55486,9;53277,8
1153,8;61626,46448;13745,06671;1153,754957;51296,5;55618;53405
1156,9;61786,97831;13876,9662;1156,916968;51423,8;55744,5;53532,1
1160,5;61973,38147;14030,15915;1160,474313;51565,7;55895,8;53675
1164;62154,60677;14179,11604;1164,031657;51709,4;56045,2;53817,8
1167,6;62341,00992;14332,34808;1167,589001;51851,5;56190,5;53960,4
1170;62465,2787;14434,51331;1169,960456;51945;56292,1;54055,3
1173,9;62667,21545;14600,54925;1173,913025;52106,6;56448,6;54213,5
1176,7;62812,19568;14719,76751;1176,67992;52218,8;56564,1;54324,1
1180,2;62993,42098;14868,80515;1180,237156;52359;56709;54466,2
1183,4;63159,11267;15005,08213;1183,399276;52485,7;56834,7;54592,4
1187;63345,51583;15158,40927;1186,956512;52625,1;56980,3;54734,2
1190,1;63506,02966;15290,45378;1190,118632;52751,3;57107,3;54860,2
1193,7;63692,43282;15443,81026;1193,675868;52895,3;57245,8;55001,8
1197,2;63873,65811;15592,9213;1197,233213;53031,7;57389,1;55143,2
1200,4;64039,34981;15729,26355;1200,37886;53156;57513,6;55268,2
1203,4;64194,68577;15857,09466;1203,409119;53275,1;57638,9;55388,4
1206,8;64370,7332;16001,98162;1206,818238;53407;57775,6;55523,6
1210,2;64546,78063;16146,88069;1210,227254;53538,4;57914,4;55658,7
1213,6;64722,82805;16291,79153;1213,636373;53678,8;58052,6;55793,7
1216,3;64862,63042;16406,87598;1216,287876;53784,7;58160,7;55898,6
1219,3;65017,96639;16534,75589;1219,318238;53907;58284,5;56018,3
1222,7;65194,01382;16679,69677;1222,727254;54042,1;58422;56153
1226,1;65370,06124;16824,64834;1226,136373;54179,1;58559,1;56287,5
1229,2;65530,57507;16956,81915;1229,166632;54299,4;58683;56407
1232,2;65685,91104;17084,73444;1232,196995;54423,5;58796,1;56526,4
1235,6;65861,95847;17229,71446;1235,606114;54557,7;58930,9;56660,6
1239;66038,00589;17374,70417;1239,01513;54691,7;59068,1;56794,7
1241,3;66157,0968;17472,79082;1241,287876;54782,1;59161,1;56884
1244,7;66333,14423;17617,79626;1244,696995;54916,1;59300,1;57017,9
1248,1;66509,19165;17762,81076;1248,10601;55045,7;59430,5;57151,7
1251,9;66705,95054;17924,89626;1251,893886;55190,5;59576,2;57300,3
1254,9;66861,28651;18052,86611;1254,924249;55299,3;59686,7;57419
1258,3;67037,33393;18197,90654;1258,333368;55434,7;59823,2;57552,5
1261;67177,1363;18313,09157;1260,98487;55534;59933,7;57656,2
1264,4;67353,18373;18458,14662;1264,393886;55673,9;60071,3;57789,5
1267,8;67529,23116;18603,20956;1267,803005;55810,3;60208,1;57922,7
1270,8;67684,56712;18731,21268;1270,833368;55927,7;60328,8;58041
1273,9;67845,08095;18863,48874;1273,863627;56046,6;60447,7;58159,2
1276,9;68000,41692;18991,50368;1276,893886;56163,4;60571,3;58277,4
1280,3;68176,46434;19136,59409;1280,303005;56293,6;60696,5;58410,2
1283,7;68352,51177;19281,69157;1283,712124;56425,7;60825,2;58542,9
1286;68471,60268;19379,84969;1285,98487;56512,2;60916,7;58631,3
1289,8;68668,36157;19542,03077;1289,772746;56665,6;61065,8;58778,6
1293,2;68844,40899;19687,14721;1293,181762;56796,6;61199,9;58911
1296,2;68999,74496;19815,19653;1296,212124;56911,9;61315,6;59028,6
1299,2;69155,08092;19943,25081;1299,242383;57023,9;61431,3;59146,2
1302,5;69325,95049;20084,11614;1302,47936;57153;61553,6;59271,7
1306,2;69517,53151;20242,06291;1306,198288;57301,1;61692,6;59415,8
1309,9;69709,11253;20400,01676;1309,917328;57446,3;61836,1;59559,7
1313,2;69879,9821;20540,90036;1313,223067;57567,9;61967,9;59687,6
1316,9;70071,56312;20698,86717;1316,942107;57712;62107,7;59831,4
1320,2;70242,43268;20839,76208;1320,247846;57838,9;62237;59959,1
1323,6;70418,48011;20984,93193;1323,553697;57966,3;62358,7;60086,7
1327,3;70610,06113;21142,91697;1327,272738;58111,3;62496,3;60230,2
1331;70801,64215;21300,90824;1330,991665;58256,5;62643,8;60373,5
1333,9;70951,80025;21424,74349;1333,884214;58367,3;62755,5;60484,9
1337,6;71143,38128;21582,7455;1337,603255;58507,8;62889,1;60628,1
1341,3;71334,9623;21740,75335;1341,322295;58652,6;63027,6;60771,2
1344,6;71505,83186;21881,68411;1344,628034;58778,2;63162,5;60898,3
1348,3;71697,41289;22039,70267;1348,347074;58920,3;63305,3;61041,2
1351,7;71873,46031;22184,91376;1351,652813;59045,2;63428;61168,1
1355,4;72065,04134;22342,94276;1355,371853;59190,5;63570,3;61310,8
1358,7;72235,9109;22483,89198;1358,677592;59316,9;63695,9;61437,6
1362,4;72427,49192;22641,93084;1362,396632;59462,2;63834;61580,1
1366,1;72619,07295;22799,97477;1366,115673;59605,2;63975,7;61722,6
1369,4;72789,94251;22940,93705;1369,421411;59731;64106,9;61849,1
1372,7;72960,81207;23081,9032;1372,727262;59857,2;64238,3;61975,6
1376,4;73152,39309;23239,96067;1376,44619;59993,3;64379,4;62117,8
1379,8;73328,44052;23385,2068;1379,752041;60114,6;64510,5;62244,1
1382,6;73473,42075;23504,82417;1382,644591;60220,8;64619,8;62354,6
1386,8;73690,89111;23684,25508;1386,77682;60376,5;64773,2;62512,3
1390,1;73861,76067;23825,24051;1390,082559;60500,7;64892,5;62638,4
1393,8;74053,34169;23983,31919;1393,801599;60637,6;65036;62780,2
1397,1;74224,21125;24124,31187;1397,107337;60759;65155,7;62906,1
1400,4;74395,08081;24265,30789;1400,378757;60882,3;65285,4;63030,7
1403,8;74571,12824;24410,57993;1403,78788;61008,2;65415,3;63160,5
1407,2;74747,17567;24555,85538;1407,196899;61133,6;65543,4;63290,2
1410,2;74902,51163;24684,04239;1410,227264;61245,5;65659,8;63405,4
1413,6;75078,55906;24829,3241;1413,636283;61382;65798,4;63535
1416,3;75218,36143;24944,69718;1416,287789;61482,1;65900,3;63635,7
1419,7;75394,40886;25089,98466;1419,696912;61605,9;66026,7;63765,2
1422,7;75549,74482;25218,18211;1422,727277;61719,1;66145,7;63880,2
1426,5;75746,50371;25380,56899;1426,515157;61860,2;66294,5;64024
1429,2;75886,30608;25495,95145;1429,166662;61955,5;66394,6;64124,5
1432,6;76062,35351;25641,25057;1432,575681;62084,9;66530;64253,7
1435,6;76217,68947;25769,45811;1435,606047;62196,2;66643,6;64368,6
1439,4;76414,44836;25931,85758;1439,393927;62331,5;66790,3;64512
1442,4;76569,78432;26060,07019;1442,424189;62441,8;66903,1;64626,8
1445,5;76730,29816;26192,55885;1445,454555;62549,7;67020,2;64741,5
1447,7;76844,2112;26286,58445;1447,7272;62631,7;67106,9;64827,4
1451,9;77061,68155;26466,09105;1451,89394;62789,9;67265,8;64985
1454,9;77217,01751;26594,31254;1454,924202;62899,9;67385,6;65099,5
1458,7;77413,7764;26756,72938;1458,712082;63040,1;67537;65242,7
1461,4;77553,57877;26872,13279;1461,363587;63141,2;67632,9;65342,8
1464,8;77729,6262;27017,4579;1464,77271;63265,8;67766,2;65471,5
1467,4;77864,2507;27128,59055;1467,424215;63361,6;67868,8;65571,6
1473,9;78200,81196;27406,42852;1473,8636;63605,2;68123,8;65814,6
1477,3;78376,85939;27551,76267;1477,272723;63731;68252,3;65943,1
1480,7;78552,90681;27697,0992;1480,681845;63857,5;68386;66071,6
1483,7;78708,24278;27825,33925;1483,712107;63972,4;68508,5;66185,8
1487,1;78884,2902;27970,68014;1487,12123;64094,2;68641,5;66314,2
1489,8;79024,09257;28086,09952;1489,772736;64190,6;68745,9;66414
1493,2;79200,14;28231,44445;1493,181858;64317,2;68881,5;66542,4
1493,6;79220,85146;28248,544;1493,560615;64330,9;68896,9;66556,6
1496,6;79376,18743;28376,79158;1496,590877;64440,9;69015;66670,6
1500;79552,23485;28522,14089;1500;64562,3;69143,2;66798,9
1503,3;79723,10442;28663,21726;1503,2871;64676,7;69271,9;66922,5
1505,8;79852,55105;28770,09462;1505,8437;64767,2;69376,1;67018,6
1509,1;80023,42061;28911,17446;1509,1308;64883,9;69504;67142,2
1512,1;80178,75658;29039,43054;1512,0526;64989,6;69618,3;67252
1515,7;80365,15974;29193,33991;1515,7049;65119,8;69762,4;67389,2
1518,3;80499,78424;29304,49807;1518,2615;65210,4;69862,9;67485,2
1521,2;80649,94234;29428,48354;1521,1833;65315,5;69980,1;67594,9
1524,1;80800,10044;29552,47041;1524,1052;65414,5;70094,1;67704,6
1527,8;80991,68146;29710,6626;1527,7575;65543,2;70238,6;67841,7
1530,3;81121,1281;29817,55048;1530,3141;65632;70339,6;67937,6
1533,6;81291,99766;29958,64402;1533,6012;65750,3;70465,9;68060,9
1536,9;81462,86722;30099,73931;1536,8882;65867,1;70608,6;68184,2
1540,2;81633,73679;30240,83631;1540,1753;65986,1;70751,2;68307,5
1543,1;81783,89489;30364,83204;1543,0972;66088,1;70860,9;68417
1545,7;81918,51939;30476,00172;1545,6538;66177,5;70962;68512,9
1549,3;82104,92255;30629,93066;1549,3061;66309,3;71110,9;68649,7
1552,2;82255,08065;30753,93038;1552,2279;66411,7;71226,7;68759,2
1555,1;82405,23875;30877,93134;1555,1497;66514,3;71357,3;68868,7