Abies;Acer campestre-type;Alnus;Apiaceae;Armeria-type;Artemisia;Asteraceae;Betula;Brassicaceae;Buxus;Campanulaceae;Carpinus;Caryophyllaceae (periporate excl. Paronychioideae);Centaurea;Chenopodiaceae/Amaranthaceae;Callina vulgaris;Corylus;Cyperaceae;Euhedra distachya-type;Ericaceae;Euphorbiaceae;Fagus;Filipendula;Fraxinus;Hedera;Helianthemum;Hippophae rhamnoides;Ilex;Juniperus;Picea;Pinus;Plantaginaceae;Poaceae;Polygonum;Populus;Quercus;Ranunculus acris-type;Rosaceae;Rubiaceae;Rumex;Salix;Saxifragaceae;Taxus;Thalictrum;Tilia;Trifolium-type;Ulmus;Varia
0,003;0;0,077;0;0;0;0;0,367;0,003;0;0;0,003;0;0;0;0;0,019;0;0;0;0;0,006;0;0,008;0;0;0,003;0;0;0,279;0,126;0,011;0,036;0;0;0,019;0,003;0,006;0;0;0,006;0;0;0;0;0;0,003;0,011
0,005;0;0,045;0;0;0;0;0,285;0,003;0;0;0;0;0;0,003;0;0,011;0,003;0;0,005;0;0,005;0;0,016;0;0;0;0;0;0,457;0,081;0,008;0,029;0;0;0,011;0;0,003;0,005;0;0,013;0;0;0;0;0;0,003;0,008
0,003;0,003;0,05;0,003;0;0,003;0;0,146;0;0;0;0;0;0;0;0;0,053;0,012;0;0,075;0;0,106;0;0,009;0;0;0,012;0;0;0,15;0,15;0,009;0,125;0;0;0,056;0,009;0,003;0,006;0,006;0,003;0;0;0;0;0;0;0,003
0;0;0,054;0,003;0;0;0;0,048;0;0;0;0;0;0;0;0;0,017;0,017;0;0,238;0;0,177;0;0,003;0;0;0;0;0;0,058;0,117;0,003;0,19;0;0;0,044;0,013;0,01;0;0;0,003;0;0;0,003;0;0,01;0;0,013
0,003;0;0,058;0,007;0;0;0;0,089;0,003;0;0;0,014;0;0;0;0;0,048;0,049;0;0,157;0;0,154;0;0,007;0;0;0;0;0;0,048;0,06;0,01;0,198;0;0;0,089;0,003;0,034;0;0;0;0;0;0;0;0;0,003;0
0;0;0,06;0,006;0;0;0;0,092;0;0;0;0;0,003;0;0;0;0,044;0,048;0;0,238;0;0,139;0;0,006;0;0;0;0;0;0,043;0,111;0,025;0,117;0,006;0;0,063;0,006;0,01;0,006;0;0,003;0;0;0;0,003;0;0,006;0
0;0;0,101;0;0;0,003;0;0,17;0;0;0;0,021;0;0;0,003;0;0,092;0,018;0;0,063;0;0,173;0;0;0;0;0,009;0;0;0,063;0,088;0,033;0,086;0;0;0,054;0,003;0,009;0;0;0,009;0;0;0;0;0,003;0;0,003
0;0;0,103;0;0;0,003;0;0,116;0,003;0;0,003;0,007;0;0;0;0;0,089;0,067;0;0,089;0;0,243;0;0,01;0;0;0;0;0;0,039;0,07;0,014;0,072;0;0;0,092;0;0;0,003;0;0,003;0;0;0;0,003;0;0,003;0
0;0;0,088;0,008;0;0,003;0;0,218;0;0;0;0,014;0;0;0;0;0,085;0,022;0;0,051;0;0,161;0;0;0;0,003;0,003;0;0;0,045;0,051;0,023;0,088;0;0;0,119;0;0,003;0;0;0;0;0;0;0;0;0;0
0;0;0,074;0,004;0;0,004;0;0,126;0,004;0;0,004;0,011;0,004;0;0,004;0;0,088;0,065;0;0,032;0;0,175;0;0,007;0;0;0,004;0;0,004;0,079;0,119;0,011;0,074;0,004;0;0,137;0;0,007;0;0;0;0;0;0;0;0,004;0;0
0;0;0,19;0,003;0;0,006;0;0,044;0;0;0;0,044;0;0;0;0;0,066;0,012;0;0,009;0;0,459;0;0,009;0;0;0,003;0;0;0,037;0,017;0,009;0,034;0;0;0,044;0,006;0,003;0;0,003;0;0;0,003;0;0,006;0;0,009;0,009
0;0;0,152;0;0;0,003;0;0,164;0;0;0;0,025;0;0;0,003;0;0,074;0,012;0;0,003;0;0,357;0;0,016;0;0;0,003;0;0;0,031;0,045;0,006;0,031;0;0;0,065;0;0;0,003;0;0;0;0;0;0;0;0,003;0
0,005;0,002;0,112;0;0;0;0;0,05;0;0;0;0,04;0;0;0;0;0,084;0,024;0;0,005;0;0,496;0;0,027;0;0;0;0;0;0,032;0,017;0,017;0,027;0;0;0,067;0,002;0;0;0,002;0;0;0;0;0;0;0,01;0,005
0;0;0,164;0;0;0,003;0;0,132;0;0;0;0,016;0;0;0;0;0,075;0,022;0;0,022;0;0,33;0;0,013;0;0;0;0;0;0,036;0,039;0,006;0,038;0;0;0,097;0;0,006;0;0;0,003;0;0;0;0;0;0,003;0,003
0,003;0;0,156;0;0;0,003;0;0,159;0;0;0;0,047;0;0;0;0;0,053;0,006;0;0;0;0,425;0;0,039;0;0;0;0;0;0,011;0,011;0;0,006;0;0;0,064;0;0;0;0;0,003;0;0;0;0;0;0,017;0,003
0;0;0,123;0,003;0;0;0;0,156;0;0;0;0,02;0;0;0,003;0;0,126;0,05;0;0,003;0;0,375;0;0,033;0;0;0,003;0;0;0,003;0;0;0,037;0;0;0,093;0,01;0;0;0;0;0;0,003;0,003;0,01;0;0,003;0,015
0;0;0,154;0;0;0,007;0;0,079;0;0;0,003;0,007;0;0;0;0;0,095;0,007;0;0,016;0;0,416;0;0,01;0;0,003;0,003;0;0;0,013;0,013;0,003;0,039;0;0;0,125;0;0,003;0;0,003;0,003;0;0;0;0;0;0;0,01
0,003;0;0,088;0,003;0;0,003;0;0,068;0;0;0;0,014;0;0;0;0;0,085;0,017;0;0,003;0;0,346;0;0,014;0;0;0,007;0;0;0,024;0,11;0,003;0,027;0;0;0,183;0;0;0;0;0;0;0;0;0;0;0;0,01
0;0;0,225;0;0;0;0;0,379;0;0;0;0,006;0;0;0;0;0,143;0;0;0,006;0;0,1;0;0,003;0;0;0;0;0;0,009;0,02;0,003;0,018;0;0;0,064;0;0;0;0,006;0,006;0;0;0;0;0;0,009;0
0;0;0,141;0;0;0,003;0;0,423;0;0;0;0,02;0;0;0;0;0,121;0,016;0;0,003;0;0,138;0;0,01;0;0;0,003;0;0;0,023;0,026;0;0,016;0;0;0,043;0;0;0,007;0,007;0,01;0;0;0;0;0;0;0,003
0,009;0;0,161;0;0;0,003;0;0,124;0;0;0;0;0,003;0;0;0;0,083;0,009;0;0,019;0;0,377;0;0;0;0;0,003;0;0;0,017;0,015;0,009;0,087;0;0,003;0,043;0,003;0,006;0,003;0,003;0,003;0;0;0;0;0;0,012;0,003
0;0;0,149;0,003;0;0,014;0;0,237;0;0;0;0,017;0;0;0,003;0;0,112;0,036;0;0;0;0,308;0;0,024;0;0;0;0;0,003;0,003;0,007;0,01;0,047;0;0;0,047;0,023;0;0;0;0;0;0,003;0;0,003;0;0,007;0,028
0;0;0,185;0,003;0;0;0;0,182;0;0;0;0,003;0;0;0;0;0,108;0,013;0;0,003;0;0,378;0;0,024;0;0;0;0;0;0,003;0,012;0;0,034;0;0,007;0,044;0;0;0;0;0;0;0;0;0;0;0,01;0,003
0,007;0;0,186;0;0;0,007;0;0,245;0;0;0;0,007;0;0;0;0;0,127;0,003;0;0;0;0,303;0;0,007;0;0;0;0;0;0,018;0,01;0,02;0,016;0;0;0,039;0;0;0;0,003;0,003;0;0;0;0;0;0,003;0,006
0,003;0;0,18;0;0;0;0;0,203;0;0;0;0,003;0;0;0;0;0,103;0,01;0;0,042;0;0,296;0,003;0,023;0;0;0;0;0;0,021;0,014;0,01;0,042;0;0;0,045;0;0;0;0,003;0;0;0;0;0,003;0,003;0,003;0,006
0;0;0,146;0,01;0;0,003;0;0,1;0;0;0;0,003;0;0;0;0;0,11;0,007;0;0,003;0;0,356;0;0,007;0;0;0;0;0;0,017;0,018;0,023;0,04;0;0;0,143;0;0,003;0;0,007;0;0;0;0,003;0;0;0,003;0
0,007;0;0,178;0;0;0;0;0,056;0;0;0;0,01;0;0;0;0;0,053;0;0;0,003;0;0,537;0;0,03;0;0;0;0;0;0,038;0,023;0,007;0,007;0;0;0,036;0;0;0;0,003;0;0;0;0;0;0;0,007;0,013
0,003;0;0,179;0;0;0;0;0,146;0;0;0;0,006;0;0;0;0;0,054;0,023;0;0;0;0,487;0;0,015;0;0;0,006;0;0;0,027;0,019;0;0,015;0;0;0,033;0,006;0;0;0;0;0;0;0,003;0;0;0,006;0,006
0,008;0;0,119;0;0;0;0;0,075;0;0;0;0,005;0;0;0;0;0,073;0,011;0;0;0;0,539;0;0,032;0;0;0,005;0;0;0,023;0,012;0,005;0,016;0;0;0,075;0;0;0;0,005;0;0;0;0;0;0;0,005;0,008
0,006;0;0,148;0;0;0;0;0,102;0;0;0;0,006;0;0;0;0;0,105;0,009;0;0;0;0,449;0;0,022;0;0;0;0;0;0,02;0,005;0,006;0,025;0;0;0,083;0;0;0,003;0,003;0,003;0;0;0;0;0;0,012;0,003
0;0;0,192;0;0;0,003;0;0,13;0;0;0;0,003;0;0;0;0;0,11;0,006;0;0;0;0,469;0;0,017;0;0;0,003;0;0;0,02;0;0;0,003;0;0;0,034;0;0,003;0;0,003;0,003;0;0;0;0;0;0,006;0
0;0;0,231;0;0;0;0;0,154;0;0;0;0;0;0;0;0;0,113;0,011;0;0;0;0,363;0;0,036;0;0;0,003;0;0;0,017;0,015;0;0,011;0;0;0,039;0;0;0;0,008;0,003;0;0;0;0;0;0,006;0,003
0;0;0,221;0;0;0;0;0,166;0;0;0;0,003;0;0;0;0;0,123;0,01;0;0;0;0,386;0;0,006;0;0;0;0;0;0,013;0,003;0;0,01;0;0;0,055;0;0;0;0;0,003;0;0;0;0;0;0,003;0,006
0;0;0,276;0,003;0;0,003;0;0,123;0;0;0;0,014;0,003;0;0;0;0,131;0,013;0;0;0;0,298;0;0;0;0,003;0,003;0;0;0,014;0,007;0;0,047;0;0;0,055;0;0,005;0;0;0;0;0;0;0,011;0;0,003;0,019
0;0;0,231;0;0;0,003;0;0,113;0;0;0;0;0;0;0;0;0,159;0,006;0;0;0;0,344;0;0,006;0;0;0;0;0;0,02;0,017;0,006;0,028;0;0;0,063;0;0,003;0;0;0;0;0;0;0,003;0;0,003;0
0;0;0,161;0,003;0;0,006;0;0,12;0;0;0;0;0;0;0;0;0,129;0,009;0;0;0;0,423;0;0,022;0;0;0,006;0;0;0,022;0,003;0,003;0,013;0;0;0,076;0;0;0;0,003;0,003;0;0;0;0;0;0,006;0
0,006;0;0,172;0;0;0,01;0;0,096;0;0;0;0,003;0;0;0,003;0;0,146;0,013;0;0;0;0,436;0;0,01;0;0;0;0;0;0,016;0,01;0,01;0,022;0;0;0,048;0;0;0;0,003;0;0;0;0;0,003;0;0,006;0,003
0,003;0;0,12;0,003;0;0,009;0;0,095;0;0;0;0,006;0;0;0;0;0,077;0,021;0;0;0;0,538;0;0,012;0;0;0,006;0;0;0,018;0,025;0,015;0,003;0;0;0,065;0;0;0;0;0;0;0;0;0;0;0;0,009
0,003;0;0,16;0;0;0,009;0;0,115;0;0;0;0,012;0;0;0;0;0,065;0,009;0;0,006;0;0,505;0;0,012;0;0;0,003;0;0;0,018;0,019;0;0,018;0;0;0,032;0,003;0;0;0,003;0;0;0;0;0,006;0;0,015;0,009
0;0,003;0,222;0,003;0;0,006;0;0,098;0;0;0;0,006;0;0;0;0;0,065;0,038;0;0,006;0;0,45;0;0,037;0;0;0;0;0,003;0,034;0,007;0,003;0,028;0;0;0,02;0,003;0;0;0;0;0;0;0;0,006;0;0,006;0,016
0;0;0,153;0,003;0;0,009;0;0,061;0;0;0;0;0;0;0;0;0,127;0,014;0;0,009;0;0,462;0;0,035;0;0;0;0;0;0,02;0,017;0,006;0,009;0;0;0,066;0;0;0;0,003;0,003;0;0;0;0;0;0,009;0
0,003;0;0,17;0;0;0;0;0,096;0;0;0;0;0;0;0;0;0,108;0,009;0;0;0;0,455;0;0,046;0;0;0,003;0;0;0,015;0,034;0;0,006;0;0;0,043;0;0,003;0;0;0,003;0;0;0;0;0;0,009;0
0,003;0;0,164;0,006;0;0,009;0;0,042;0;0;0;0,003;0;0;0;0;0,085;0,006;0;0,018;0;0,507;0;0,042;0;0;0;0;0;0,023;0,018;0,003;0,009;0;0;0,036;0;0,006;0;0,003;0,003;0;0;0;0;0;0,015;0
0,006;0;0,206;0,003;0;0,003;0;0,044;0;0;0;0;0;0;0;0;0,114;0,022;0;0,013;0;0,459;0;0,028;0;0;0;0;0;0,033;0,011;0,003;0,032;0;0;0,032;0,003;0;0;0;0;0;0;0;0,003;0;0,003;0,009
0;0;0,162;0,003;0;0;0;0,042;0;0;0;0,003;0;0;0;0;0,089;0,006;0;0,014;0;0,519;0;0,025;0;0;0,003;0;0;0,013;0,003;0,006;0,022;0;0;0,053;0;0,003;0;0,008;0;0;0;0;0,006;0;0,011;0
0;0,003;0,133;0;0;0,003;0;0,09;0;0;0;0,013;0;0;0;0;0,07;0,032;0;0,007;0;0,549;0;0,02;0;0;0;0;0;0,012;0,017;0;0,023;0;0;0,033;0,016;0,007;0;0;0;0;0;0;0,01;0;0,007;0,025
0;0;0,127;0,003;0;0;0;0,087;0;0;0;0,003;0;0;0;0;0,081;0,009;0;0,012;0;0,53;0;0,024;0;0;0,003;0;0;0,021;0,018;0;0,009;0;0;0,042;0;0,003;0;0;0,003;0;0;0;0,015;0;0,018;0
0,003;0;0,133;0;0;0;0;0,041;0;0;0;0,003;0;0;0;0;0,086;0,017;0;0;0;0,536;0;0,041;0;0;0;0;0;0,028;0,018;0,003;0,021;0;0;0,053;0;0;0;0;0;0;0;0;0,015;0;0,009;0,006
0,003;0;0,161;0;0;0;0;0,069;0;0;0;0,006;0;0;0;0;0,072;0,009;0;0;0;0,542;0;0,018;0;0;0;0;0;0,036;0,004;0;0,009;0;0,003;0,057;0;0;0;0;0,003;0;0;0,003;0,006;0;0,009;0,006
0;0;0,136;0;0;0,007;0;0,148;0;0;0;0,002;0;0;0;0;0,113;0,002;0;0;0;0,438;0;0,028;0,002;0;0;0;0;0,024;0,007;0;0,019;0;0;0,061;0;0,002;0;0,002;0,002;0;0;0;0,002;0;0,002;0,007
0,003;0;0,156;0;0;0,003;0;0,133;0;0;0;0;0;0;0;0;0,113;0,011;0;0,006;0;0,402;0;0,04;0;0;0;0;0;0,03;0,011;0;0,008;0;0;0,076;0,003;0,006;0;0;0,003;0;0;0;0,003;0;0,006;0,011
0,003;0;0,14;0;0;0;0;0,096;0;0;0;0,014;0;0;0;0;0,118;0,011;0;0,003;0;0,479;0;0,036;0;0;0;0;0;0,037;0,008;0;0,022;0;0;0,03;0,005;0,005;0;0;0;0;0;0,003;0,005;0;0,003;0,013
0,003;0;0,108;0;0;0,009;0;0,088;0;0;0;0,003;0;0;0;0;0,108;0,006;0;0;0;0,546;0;0,026;0;0;0;0;0;0,007;0,009;0,003;0,018;0;0;0,044;0;0,006;0;0,006;0,003;0;0;0;0,006;0;0,006;0,006
0;0;0,101;0;0;0,003;0;0,09;0,003;0;0;0;0;0;0;0;0,146;0,006;0;0;0;0,488;0,006;0,042;0;0;0;0;0;0,007;0,028;0;0,011;0;0;0,062;0;0;0;0,003;0;0;0;0;0,008;0;0,003;0
0,003;0;0,165;0,021;0;0;0;0,075;0;0;0;0;0;0;0;0;0,105;0,006;0;0,006;0;0,495;0,003;0,012;0;0;0;0;0;0,006;0,009;0;0,012;0;0;0,054;0;0;0;0;0;0;0;0;0,018;0;0,015;0,006
0;0;0,167;0,009;0;0;0;0,073;0;0;0;0;0;0;0;0;0,183;0,019;0;0;0;0,461;0,003;0,013;0;0,003;0;0;0;0,019;0,014;0;0,016;0;0;0,025;0;0;0;0;0;0;0;0;0,009;0;0;0,003
0,003;0;0,103;0,009;0;0;0;0,097;0;0;0;0;0;0;0;0;0,162;0,024;0;0;0;0,505;0,009;0,012;0;0;0;0;0;0,023;0,009;0;0,025;0;0;0,019;0;0,003;0;0,003;0;0;0;0;0,009;0,003;0,003;0
0;0;0,094;0,016;0;0;0;0,132;0;0;0;0;0;0;0;0;0,125;0,018;0;0,003;0;0,467;0;0,05;0;0;0;0;0;0,024;0,005;0,003;0,003;0;0;0,056;0;0,003;0,003;0;0;0;0;0;0,006;0;0,009;0
0;0;0,1;0,016;0;0;0;0,146;0;0;0;0;0;0;0;0;0,106;0,018;0;0;0;0,477;0;0,031;0;0;0;0;0;0,017;0,014;0,003;0,006;0;0;0,037;0;0;0;0;0,009;0;0;0;0,028;0;0,009;0,006
0,006;0;0,116;0;0;0;0;0,093;0;0;0;0,003;0;0;0;0;0,187;0,01;0;0;0;0,444;0;0,026;0;0;0;0;0;0,023;0,011;0;0,006;0;0,003;0,061;0;0;0;0,003;0,003;0;0;0;0,006;0;0,006;0,006
0;0;0,118;0;0;0;0;0,14;0;0;0;0,006;0;0;0;0;0,134;0,003;0;0;0;0,467;0;0,027;0,003;0;0;0;0;0,024;0,008;0;0;0;0;0,039;0;0,003;0;0;0;0;0;0;0,015;0;0,009;0,006
0;0;0,17;0,003;0;0,003;0;0,107;0;0;0;0,006;0;0;0;0;0,139;0,009;0;0;0;0,429;0;0,019;0;0;0;0;0;0,006;0,009;0;0,009;0;0;0,05;0;0;0;0;0,003;0;0;0;0,035;0;0,006;0,003
0;0;0,083;0,006;0;0;0;0,062;0;0;0;0,003;0;0;0;0;0,127;0,018;0;0;0;0,541;0;0,025;0;0;0,003;0;0;0,014;0,009;0;0,012;0;0;0,062;0;0,003;0;0;0,003;0;0;0;0,022;0,003;0,015;0
0;0,003;0,112;0,003;0;0;0;0,086;0;0;0;0,009;0;0;0;0;0,097;0,046;0;0,003;0;0,507;0;0,046;0;0;0,003;0;0;0,024;0,016;0;0,014;0;0;0,04;0,017;0;0;0;0;0;0;0;0,017;0;0,009;0,018
0,003;0;0,119;0,006;0;0;0;0,037;0;0;0;0,003;0;0;0;0;0,119;0,009;0;0;0;0,49;0;0,052;0;0;0;0;0;0,058;0,011;0;0;0;0;0,058;0,003;0,006;0;0,003;0,003;0;0;0;0,012;0;0,018;0,009
0,009;0,003;0,107;0,009;0;0;0;0,065;0;0;0;0;0;0;0;0;0,11;0,012;0;0,015;0;0,551;0;0,012;0;0;0;0;0;0,018;0,01;0;0,006;0;0;0,041;0;0,006;0;0,003;0;0;0,003;0;0,003;0,006;0,021;0
0;0;0,117;0;0;0;0,003;0,078;0;0;0;0,003;0;0;0;0;0,113;0,016;0;0,016;0;0,486;0;0,042;0;0;0;0;0;0,018;0,016;0;0;0;0;0,084;0,003;0;0;0;0;0;0;0;0,023;0;0;0,009
0;0;0,108;0;0;0;0;0,061;0;0;0;0;0;0;0;0;0,103;0,005;0;0,013;0;0,548;0;0,013;0;0;0;0;0;0,007;0,016;0;0,003;0;0;0,082;0;0,005;0;0;0,003;0;0;0;0,021;0;0,016;0
0,007;0,003;0,154;0,003;0;0;0;0,089;0;0;0;0;0;0;0;0;0,125;0,026;0,003;0,02;0;0,308;0;0,036;0;0;0;0;0;0,043;0,03;0;0,003;0;0;0,138;0,003;0;0;0,003;0,003;0;0;0;0,016;0;0,007;0,003
0,009;0;0,134;0,006;0;0;0;0,071;0;0;0;0,003;0;0;0;0;0,068;0,02;0;0,009;0;0,407;0;0,074;0;0;0;0;0;0,024;0,013;0;0,012;0;0;0,134;0,003;0,006;0;0;0;0;0,006;0;0,015;0;0,006;0,02
0,003;0;0,186;0,003;0;0;0;0,099;0;0;0;0;0;0;0;0;0,135;0,006;0;0,015;0;0,315;0;0,018;0;0;0,003;0;0;0,025;0,021;0,003;0;0;0;0,138;0,009;0,003;0;0;0;0;0;0;0,024;0;0,009;0,006
0,003;0,003;0,115;0;0;0;0;0,055;0;0;0;0;0;0;0;0;0,095;0,003;0;0,006;0;0,548;0;0,029;0;0;0;0;0;0,029;0,017;0,003;0,003;0;0;0,072;0;0;0;0;0,006;0;0;0;0,014;0;0;0,003
0;0;0,097;0,01;0;0;0;0,237;0;0;0;0;0;0;0;0;0,1;0,013;0;0,013;0;0,214;0;0,049;0;0;0;0;0;0,028;0,026;0;0,013;0;0;0,172;0;0,013;0;0;0,003;0;0;0;0,01;0;0,01;0,003
0,003;0;0,148;0,009;0;0;0;0,242;0;0;0;0;0;0;0;0;0,116;0,022;0;0,025;0;0,192;0;0,019;0;0;0;0;0;0,028;0,017;0;0;0;0;0,166;0,003;0,006;0;0;0,003;0;0;0;0,013;0,003;0,009;0
0,003;0;0,13;0,013;0;0;0;0,174;0;0;0;0,003;0;0;0;0;0,193;0,019;0,003;0,01;0;0,162;0;0,025;0;0;0;0;0;0,043;0,041;0;0,013;0;0;0,152;0;0,01;0;0;0;0;0,003;0;0,006;0,003;0,006;0,003
0,003;0;0,126;0,003;0;0;0;0,176;0;0;0;0,003;0;0;0;0;0,123;0,08;0;0,02;0;0,146;0;0,04;0;0;0;0;0;0,055;0,043;0;0,013;0;0;0,213;0;0,007;0;0,003;0;0;0;0;0,01;0;0,013;0,009
0,006;0;0,103;0,003;0;0;0;0,191;0;0;0;0,006;0;0;0;0;0,13;0,031;0,003;0,015;0;0,124;0;0,041;0;0;0;0;0,003;0,044;0,049;0;0,032;0;0;0,212;0;0,003;0;0,003;0;0;0;0;0,018;0;0,012;0,006
0,003;0;0,098;0,008;0;0,003;0;0,221;0;0;0,003;0,006;0;0;0;0;0,187;0,03;0;0,008;0;0,084;0;0,078;0;0;0;0;0;0,049;0,027;0;0,025;0;0;0,131;0;0,006;0;0,003;0;0;0;0;0,034;0;0,02;0,005
0;0;0,154;0;0;0,003;0;0,304;0;0;0;0;0;0;0;0;0,139;0,006;0;0,009;0;0,078;0;0,039;0;0;0;0;0;0,018;0,027;0;0,012;0;0;0,16;0;0;0;0,006;0;0;0;0;0,015;0;0,036;0
0,003;0,003;0,116;0,038;0;0,006;0;0,266;0;0;0;0;0;0,003;0,003;0;0,142;0,009;0;0,014;0;0,064;0;0,029;0;0;0;0;0;0,016;0,012;0;0,038;0;0;0,194;0;0,003;0;0,003;0,003;0;0;0;0,014;0;0,026;0,006
0;0;0,154;0;0;0,006;0;0,241;0;0;0;0;0;0;0;0;0,182;0,011;0;0,011;0;0,036;0;0,056;0;0;0;0;0;0,014;0,015;0;0,022;0;0;0,177;0;0,003;0,003;0,006;0,011;0;0;0;0,025;0;0,036;0,003
0;0;0,094;0,01;0;0,01;0;0,302;0,003;0;0;0,003;0;0;0;0;0,117;0,046;0;0,019;0;0,045;0;0,052;0;0;0;0;0;0;0,01;0;0,039;0,003;0;0,208;0,006;0;0,003;0,006;0,003;0;0;0;0,029;0;0,036;0,027
0;0;0,095;0,006;0;0;0;0,363;0;0;0,003;0,003;0;0;0;0;0,095;0,018;0;0,015;0;0,052;0;0,055;0;0;0;0;0;0,017;0,028;0;0,055;0;0;0,154;0;0;0;0;0;0;0;0;0,022;0;0,031;0,006
0;0,003;0,088;0,006;0;0;0;0,302;0;0;0;0,003;0;0;0;0;0,159;0,013;0,003;0,016;0;0,019;0;0,052;0;0;0;0;0;0,019;0,029;0;0,019;0;0;0,179;0;0,003;0;0,006;0,003;0;0;0;0,039;0;0,045;0,006
0;0,01;0,085;0,003;0;0;0;0,299;0;0;0;0,003;0;0;0;0;0,117;0,016;0;0,013;0;0,033;0;0,062;0;0,003;0;0;0;0,023;0,028;0;0,023;0;0;0,237;0;0;0;0;0,003;0;0;0,003;0,02;0;0,026;0,006
0;0,006;0,078;0,006;0;0,006;0;0,357;0;0;0;0;0;0;0;0;0,107;0,009;0;0,025;0;0,041;0;0,044;0;0;0;0;0;0,022;0,028;0;0,041;0;0;0,141;0;0,009;0;0,003;0,003;0;0;0;0,034;0;0,038;0,003
0;0,003;0,107;0,006;0;0;0;0,281;0;0;0;0,006;0;0;0;0;0,115;0,029;0;0;0;0,038;0;0,056;0;0;0,003;0;0;0,024;0,021;0,003;0,053;0;0;0,186;0;0,006;0;0,003;0,003;0;0;0;0,03;0,003;0,044;0,003
0,007;0;0,081;0,01;0;0,02;0,003;0,281;0;0,003;0;0;0;0;0;0;0,075;0,066;0;0;0;0,024;0;0,071;0;0,003;0;0;0,003;0,015;0,032;0;0,071;0;0;0,186;0,013;0,007;0;0;0;0;0;0;0,031;0;0,051;0,009
0;0,003;0,079;0,007;0;0,003;0;0,208;0;0;0;0,003;0;0;0,003;0;0,129;0,032;0,003;0;0;0,03;0;0,112;0;0;0;0;0,03;0,012;0,023;0;0,049;0;0;0,204;0;0,013;0;0,003;0;0;0;0;0,016;0;0,063;0,003
0;0;0,05;0,021;0;0,003;0;0,318;0;0;0;0,009;0;0;0;0;0,131;0,034;0;0,006;0;0,024;0;0,045;0,003;0;0,003;0;0;0,016;0,034;0;0,05;0;0;0,181;0;0,009;0;0;0;0;0;0;0,027;0,003;0,065;0,006
0;0;0,094;0,014;0;0;0;0,308;0;0;0,003;0,003;0;0;0;0;0,147;0,059;0;0,003;0;0,01;0;0,049;0;0;0;0;0;0,03;0,033;0;0,038;0;0;0,154;0,007;0,01;0;0,007;0,01;0;0;0;0,021;0,003;0,052;0,006
0;0;0,074;0;0;0;0;0,281;0;0;0;0,007;0;0;0;0;0,134;0,032;0;0,01;0;0,02;0;0,057;0;0,003;0,003;0;0,01;0,012;0,008;0;0,03;0;0;0,258;0;0,003;0;0;0;0;0;0;0,03;0;0,057;0
0;0;0,064;0,003;0;0;0;0,266;0;0;0;0;0;0;0;0;0,145;0,036;0;0,01;0;0,01;0;0,044;0,003;0;0;0;0,003;0,034;0,029;0;0,044;0;0;0,242;0;0,01;0;0,003;0;0;0;0;0,02;0;0,064;0,006
0,003;0;0,064;0,01;0;0,01;0;0,191;0;0;0;0;0,003;0;0;0;0,087;0,069;0;0,01;0;0,02;0;0,104;0;0;0;0;0;0,034;0,017;0;0,091;0;0;0,235;0,013;0,003;0;0,01;0,003;0;0;0;0,013;0;0,084;0,033
0;0;0,037;0,03;0;0,003;0;0,235;0,003;0;0,003;0;0;0;0;0;0,114;0,039;0;0,017;0;0,013;0;0,05;0;0;0,003;0;0,027;0,008;0,007;0;0,034;0;0;0,306;0;0,01;0;0;0;0;0;0,003;0,017;0;0,057;0,01
0;0,013;0,044;0,025;0;0;0;0,314;0;0;0;0;0;0;0;0;0,082;0,031;0,01;0,013;0;0,006;0;0,054;0;0,003;0;0;0,029;0,041;0,027;0;0,038;0;0;0,209;0;0,006;0;0,006;0;0;0;0;0,019;0;0,048;0,006
0;0;0,027;0,021;0;0;0;0,249;0;0;0,003;0,003;0;0;0;0;0,13;0,053;0;0,009;0;0,006;0;0,08;0;0;0;0;0,021;0,041;0,013;0;0,077;0;0;0,151;0,003;0,047;0;0,003;0;0;0;0;0,024;0,003;0,077;0
0,005;0,003;0,094;0;0;0,003;0;0,185;0;0;0;0,003;0,003;0;0;0;0,172;0,01;0,003;0,01;0;0,057;0;0,054;0;0;0;0;0;0,032;0,034;0;0,02;0;0;0,195;0;0,003;0;0;0;0;0;0;0,044;0;0,074;0
0,003;0,006;0,093;0;0;0,003;0;0,212;0;0;0;0,006;0;0;0;0;0,135;0,031;0;0,022;0;0,061;0;0,054;0;0;0;0;0;0,024;0,037;0;0,035;0;0;0,234;0;0,006;0;0,003;0;0;0;0;0,019;0;0,042;0,003
0;0,007;0,072;0;0;0,003;0;0,131;0;0;0;0,003;0;0;0;0;0,18;0,013;0;0,033;0;0,079;0;0,056;0;0,003;0;0;0;0,041;0,056;0;0,029;0;0;0,226;0;0;0;0,003;0,003;0;0;0;0,039;0;0,036;0,003
0;0,006;0,087;0,003;0;0,003;0;0,232;0;0;0,003;0,006;0;0;0;0;0,203;0,061;0;0,01;0;0,032;0;0,013;0;0;0;0;0;0,023;0,029;0;0,029;0;0;0,216;0;0,003;0;0,006;0;0;0;0;0,016;0;0,071;0,003
0,003;0,007;0,045;0,007;0;0,007;0;0,12;0;0;0;0;0;0;0;0;0,14;0,082;0;0,003;0;0,072;0;0,045;0;0,003;0;0;0;0,048;0,089;0;0,021;0;0;0,26;0;0,003;0;0;0,003;0;0;0,003;0,038;0;0,082;0,009
0;0,003;0,066;0;0;0,003;0;0,163;0;0;0;0,003;0;0;0;0;0,142;0,037;0;0;0;0,083;0;0,045;0,003;0;0;0;0;0,047;0,049;0;0,021;0;0;0,218;0;0,007;0;0;0;0;0;0;0,035;0;0,111;0,01
0,004;0,004;0,082;0;0;0;0;0,154;0;0;0;0;0;0;0;0;0,183;0,073;0;0;0;0,025;0;0,025;0;0;0;0;0;0,045;0,077;0;0,022;0;0,004;0,283;0,004;0;0;0,004;0;0;0;0;0,032;0;0,043;0,003
0;0;0,06;0,003;0;0;0;0,235;0;0;0;0;0;0;0;0;0,184;0,042;0;0,074;0;0,037;0;0,02;0;0;0;0;0;0,008;0,02;0;0,023;0,003;0;0,218;0,003;0;0;0,003;0;0;0;0;0,023;0;0,08;0
0,006;0,003;0,056;0,003;0;0,006;0;0,204;0;0;0,006;0;0;0;0;0;0,188;0,075;0;0,008;0;0,045;0;0,056;0;0;0;0;0;0,011;0,034;0;0,025;0;0;0,213;0;0;0;0,008;0;0;0;0;0,022;0;0,101;0
0,006;0,003;0,036;0,006;0;0,003;0;0,152;0;0;0;0,006;0;0;0;0;0,158;0,075;0;0,006;0;0,026;0;0,039;0;0;0;0;0,006;0,037;0,039;0;0,048;0;0;0,278;0;0,003;0;0,003;0;0;0;0;0,032;0;0,107;0
0;0;0,055;0;0;0,003;0;0,213;0;0;0,031;0;0;0;0;0;0,106;0,058;0;0,014;0;0,041;0;0,055;0;0;0;0;0,003;0,007;0,012;0;0,007;0;0;0,309;0;0;0,003;0,017;0;0;0;0;0,031;0;0,072;0,01
0;0;0,062;0;0;0;0,003;0,224;0;0;0,003;0;0;0;0;0;0,189;0,058;0;0,01;0;0,016;0;0,036;0;0;0;0;0,003;0,002;0,033;0;0,029;0;0;0,293;0,003;0,003;0;0;0;0;0;0;0,01;0;0,072;0,006
0;0,006;0,088;0,006;0;0,01;0,003;0,185;0;0;0;0,006;0,003;0;0;0;0,078;0,055;0,003;0,016;0;0,003;0;0,084;0;0;0,003;0;0;0,018;0,034;0;0,075;0;0;0,185;0;0,013;0,003;0,013;0;0;0;0;0,039;0;0,104;0,03
0;0;0,045;0,023;0;0,006;0;0,277;0;0;0;0,003;0;0;0;0;0,097;0,04;0,003;0,023;0;0,013;0,003;0,052;0;0;0;0;0,006;0,008;0,021;0;0,026;0;0;0,245;0;0,016;0;0,003;0,006;0;0;0;0,055;0;0,061;0,003
0,004;0;0,061;0,014;0;0;0;0,254;0;0;0;0;0;0;0;0;0,097;0,076;0;0,004;0;0,007;0,007;0,079;0;0;0;0;0,029;0,025;0,034;0;0,039;0;0;0,233;0;0,018;0;0;0;0;0;0,004;0,007;0;0,082;0,007
0;0;0,044;0,029;0;0;0;0,375;0;0;0;0,008;0;0;0;0;0,156;0,066;0;0,008;0;0,005;0,005;0,026;0;0;0;0;0,021;0,013;0,014;0;0,057;0;0;0,146;0;0,013;0;0;0;0;0;0;0,003;0;0,075;0,005
0,003;0,003;0,047;0,018;0;0;0;0,176;0;0;0;0,006;0;0;0;0;0,188;0,091;0;0,026;0;0,003;0;0,047;0,006;0;0,003;0;0,015;0,025;0,047;0;0,053;0;0;0,2;0;0,009;0;0,003;0;0;0;0;0,018;0;0,103;0,008
0;0;0,055;0,009;0;0,003;0;0,277;0;0;0,003;0,003;0;0;0;0;0,132;0,085;0;0,022;0;0,006;0,015;0,046;0;0;0;0;0,009;0,008;0,029;0;0,049;0;0;0,175;0;0,012;0;0;0;0;0;0;0,018;0;0,123;0,011
0;0,018;0,062;0,015;0;0,004;0;0,219;0,004;0;0;0,004;0;0;0;0;0,113;0,144;0;0;0;0;0,007;0,036;0;0,004;0,004;0;0;0,013;0,044;0;0,091;0;0;0,182;0,025;0,026;0;0,004;0;0;0;0;0,036;0;0,08;0,032
0;0;0,072;0,016;0;0;0;0,293;0;0;0;0;0;0;0;0;0,145;0,109;0;0;0;0;0,003;0,026;0;0;0;0;0,003;0,035;0,03;0;0,069;0;0;0,171;0,007;0,02;0;0;0;0;0;0;0,02;0;0,092;0,006
0,005;0,003;0,069;0,028;0;0,003;0;0,239;0;0;0;0;0;0;0;0;0,118;0,043;0;0,003;0;0,042;0;0,035;0,003;0;0;0;0;0,017;0,076;0;0,021;0;0;0,256;0;0,017;0;0;0;0;0;0;0,007;0;0,045;0,01
0,005;0,003;0,077;0,03;0;0;0;0,281;0;0;0,003;0;0;0;0;0;0,147;0,063;0;0,007;0;0,023;0,003;0,047;0;0;0;0;0;0,04;0,044;0;0,023;0;0;0,161;0;0,017;0,003;0;0;0;0;0;0,037;0;0,037;0,015
0,005;0,004;0,032;0,032;0;0,007;0;0,272;0;0;0;0;0;0;0;0;0,208;0,097;0;0,004;0;0,018;0;0,022;0;0;0;0;0;0,009;0,086;0;0,029;0,004;0;0,151;0;0,014;0;0,004;0;0;0;0;0,022;0;0,075;0
0;0,004;0,011;0,025;0;0,007;0;0,317;0;0;0;0,011;0;0;0;0;0,227;0,168;0;0;0;0;0;0,011;0;0;0;0;0;0;0,11;0;0,054;0;0;0,097;0;0,036;0;0;0,014;0;0;0;0,007;0;0,061;0,006
0;0,004;0,015;0,041;0;0,015;0;0,258;0,004;0;0,004;0;0;0;0;0;0,266;0,188;0;0;0;0;0;0;0;0;0;0;0,004;0;0,161;0;0,034;0;0;0,052;0;0,071;0,007;0,007;0,019;0;0;0;0,011;0;0,022;0,006
0;0;0,01;0,034;0;0,005;0;0,093;0;0;0;0;0;0;0;0;0,123;0,346;0;0;0;0;0,025;0;0;0;0;0;0,059;0;0,333;0;0,157;0;0;0,025;0,005;0,015;0,049;0;0;0;0;0,01;0;0;0,015;0
0;0;0,01;0,01;0;0,005;0;0,233;0;0;0;0;0;0;0;0;0,124;0,401;0;0;0;0;0;0,005;0;0;0;0;0,057;0;0,368;0;0,047;0;0;0,016;0,005;0,016;0,01;0;0,016;0;0;0,005;0,005;0;0,052;0,006
0;0;0,012;0,012;0;0;0;0,269;0;0;0;0;0;0;0;0;0,219;0,314;0;0;0;0;0,004;0;0,004;0;0;0;0;0;0,339;0,004;0,021;0;0;0,037;0;0,004;0,004;0,004;0,017;0;0;0;0,004;0;0,029;0,011
0;0;0,021;0,007;0;0;0;0,189;0,007;0;0;0,007;0;0;0;0;0,164;0,094;0;0;0;0;0,032;0;0,004;0;0;0;0;0;0,452;0;0,036;0,004;0;0,011;0;0,032;0;0,004;0;0;0;0;0;0;0,004;0,006
0;0;0,014;0;0;0;0;0,278;0;0;0;0;0;0;0;0;0,149;0,13;0;0;0;0;0;0;0;0;0;0;0;0;0,48;0;0,039;0,007;0;0,007;0;0,004;0;0;0,011;0;0;0;0;0;0,004;0
0;0;0;0;0;0;0;0,321;0;0;0;0,003;0;0;0;0;0,147;0,097;0;0;0;0;0,013;0;0;0;0;0;0;0;0,426;0;0,03;0;0;0;0,01;0,017;0;0;0,017;0;0;0;0,003;0;0,003;0,006
0;0;0;0,013;0;0,009;0;0,274;0;0;0;0,004;0;0;0;0;0,009;0,285;0;0;0;0;0,004;0;0;0;0;0;0;0,004;0,578;0;0,045;0;0;0;0,004;0,04;0;0;0;0;0;0,004;0;0;0;0,009
0;0;0,004;0,008;0;0,011;0;0,181;0;0;0;0;0;0;0;0;0;0,151;0;0;0;0;0,004;0;0;0;0;0;0;0;0,667;0;0,019;0;0;0;0,004;0,034;0;0,004;0,03;0;0;0,011;0;0;0;0,019
0;0;0;0;0;0,004;0;0,034;0;0;0;0;0;0;0;0;0;0,139;0;0;0;0;0;0;0;0;0;0;0;0;0,929;0;0,034;0;0;0;0;0;0;0;0;0;0;0;0;0;0;0,003
0;0;0;0;0;0,009;0;0,121;0;0;0;0;0,004;0;0,004;0;0;0,355;0;0;0;0;0,004;0;0;0;0,004;0;0;0;0,713;0;0,094;0;0;0;0,009;0,013;0,004;0,004;0,004;0;0;0,004;0;0;0;0,006
0;0;0;0;0;0,004;0;0,087;0,004;0;0;0;0;0;0,004;0;0;0,28;0;0;0;0;0;0;0;0;0;0;0;0;0,805;0;0,08;0;0;0;0;0;0,004;0;0,004;0;0;0,004;0;0;0;0,006
0;0;0;0;0;0;0;0,072;0;0;0;0;0;0;0;0;0;0,173;0;0;0;0;0;0;0;0;0;0;0;0,003;0,826;0;0,079;0;0;0;0,003;0;0;0,003;0,007;0;0;0,007;0;0;0,003;0,003
0;0;0;0,019;0;0,015;0;0,252;0;0;0;0;0,005;0;0,005;0;0;0,35;0,005;0;0;0;0;0;0;0;0;0;0,029;0;0,34;0;0,175;0;0;0;0,005;0,019;0,034;0,01;0,078;0;0;0,005;0;0;0;0,012
0;0;0;0,027;0;0,014;0;0,116;0,088;0;0;0;0,007;0;0,007;0;0;0,507;0;0;0;0;0;0;0;0;0,007;0;0,041;0;0,327;0;0,218;0;0;0;0,039;0;0,041;0,027;0,048;0;0;0,02;0;0;0;0,013
0;0;0;0;0;0,014;0;0,161;0,014;0;0;0;0;0;0,007;0;0;0,558;0;0;0;0;0;0;0;0;0;0;0,028;0;0,389;0;0,33;0;0;0;0;0,007;0;0,014;0,021;0;0;0,007;0;0;0;0
0;0;0;0,012;0;0,012;0;0,188;0,006;0;0;0;0,012;0;0;0;0;0,466;0;0;0;0;0,012;0;0;0;0;0;0,018;0;0,152;0;0,345;0;0;0;0,006;0;0,018;0,012;0,176;0;0;0,012;0;0;0;0,013
0;0;0;0;0;0,035;0;0,278;0,006;0;0;0;0;0;0;0;0;0,433;0;0;0;0;0,006;0;0;0,006;0;0;0,023;0;0,194;0;0,342;0;0,006;0;0,011;0;0;0,012;0,058;0;0;0;0;0;0;0,019
0;0;0;0;0;0,056;0;0,291;0,038;0;0;0;0,028;0;0;0;0;0,741;0;0;0;0;0;0;0;0;0,038;0;0,066;0;0,07;0;0,235;0;0;0;0,045;0;0,019;0,009;0,094;0;0;0,009;0;0;0;0,005
0;0;0;0,039;0;0,097;0;0,194;0,058;0;0;0;0,029;0;0,01;0;0;0,707;0;0,01;0;0;0;0;0;0,019;0,029;0;0,019;0;0,049;0;0,126;0;0;0,019;0;0;0,01;0,019;0,223;0;0;0,01;0;0;0;0,011
0;0;0;0,042;0;0,099;0;0,346;0,031;0;0;0;0;0;0,016;0;0;0,396;0;0,005;0;0;0;0;0;0;0;0;0,026;0;0,005;0;0,162;0;0;0;0,015;0,01;0,016;0,01;0,183;0;0;0,016;0;0;0;0,009
0;0;0;0,017;0;0,068;0;0,165;0,068;0;0;0;0,011;0;0;0;0;0,558;0;0;0;0;0,011;0;0;0,011;0,017;0;0,085;0;0,003;0;0,313;0;0;0,006;0;0;0,017;0,006;0,142;0;0;0,011;0;0,034;0;0,012
0;0;0;0,01;0;0,039;0;0,137;0,01;0;0;0;0;0;0;0;0;0,686;0,01;0;0;0;0;0;0;0,01;0,01;0;0,098;0;0,005;0;0,234;0;0;0;0,028;0,01;0,049;0,01;0,361;0;0;0,01;0;0;0;0,012
0;0;0;0,01;0;0,03;0;0,09;0,01;0;0;0;0,01;0;0;0;0;0,704;0;0;0;0;0;0;0;0,01;0;0;0,12;0;0;0;0,34;0;0;0;0,02;0;0,03;0,01;0,31;0;0;0,01;0;0;0;0,014
0;0;0;0,007;0;0,028;0,007;0,056;0,014;0;0;0;0,021;0;0;0;0;0,56;0;0;0;0;0;0;0;0,007;0,021;0;0,042;0;0,007;0;0,21;0;0;0;0;0,007;0,007;0,007;0,538;0;0;0,021;0;0;0;0,012
0;0;0;0,09;0;0,024;0;0,033;0,005;0;0;0;0,005;0;0;0;0;0,499;0;0;0;0;0;0;0;0,01;0;0;0,019;0;0,012;0;0,147;0;0;0;0,019;0;0,014;0;0,038;0;0;0,005;0;0;0;0,007
0;0;0;0,025;0;0,099;0;0,14;0,017;0;0;0;0;0;0,008;0;0;0,628;0,008;0;0;0;0;0;0;0,008;0,017;0;0,025;0;0,008;0;0,463;0;0;0;0,008;0,033;0,008;0;0,074;0;0;0,017;0;0;0;0,012
0;0;0;0,02;0;0,151;0;0,161;0,04;0;0;0;0,02;0;0,04;0;0;0,687;0;0;0;0;0;0;0;0,04;0,03;0;0,05;0;0,015;0,01;0,221;0;0;0;0,02;0;0,01;0;0,07;0;0;0,09;0;0;0;0,006
0;0;0;0;0;0,09;0;0,08;0,131;0;0;0;0,02;0;0,01;0;0;0,741;0;0;0;0;0,01;0;0,01;0,06;0;0;0,03;0,01;0,065;0;0,322;0;0;0;0,057;0;0;0;0,111;0;0;0,02;0;0;0;0,005
0;0;0;0;0;0,075;0;0,047;0,235;0;0;0;0,009;0;0,019;0;0;0,786;0,009;0;0;0;0;0;0;0,009;0;0;0,019;0,014;0,103;0;0,244;0;0;0;0,036;0;0,019;0,009;0,085;0;0;0,019;0;0;0;0,008
0;0;0;0;0,01;0,03;0;0,069;0,227;0;0;0;0,049;0,01;0,01;0;0;0,732;0,02;0,01;0;0;0,01;0;0;0;0;0;0,02;0,044;0,167;0;0,138;0;0;0;0;0;0,03;0,01;0,049;0;0;0,02;0;0;0;0,008
0;0;0;0,014;0;0,057;0;0,043;0,298;0;0;0;0,028;0;0,028;0;0;0,55;0,014;0,014;0;0;0;0;0;0;0;0;0;0,043;0,206;0;0,085;0;0;0;0;0;0;0;0,028;0;0;0;0;0;0;0,006
0;0;0;0;0,014;0,041;0;0,014;0,197;0;0;0,007;0,061;0;0,034;0;0;0,385;0,007;0,007;0;0;0,007;0;0;0,007;0;0;0,014;0;0,095;0;0,313;0;0;0;0,007;0;0;0;0,027;0;0;0,014;0;0;0;0,008
0;0;0;0;0;0,041;0;0,014;0,15;0;0;0,014;0,041;0;0,027;0;0,014;0,41;0,014;0;0;0;0;0;0;0;0;0;0,014;0;0,211;0;0,272;0;0;0;0,013;0;0;0;0,041;0;0;0,054;0;0;0;0
0;0;0,005;0;0,005;0,038;0;0,044;0,18;0;0;0;0,109;0;0,038;0;0,005;0,387;0;0;0;0;0;0;0;0,016;0;0;0,005;0;0,095;0;0,234;0;0;0;0,011;0,005;0;0;0,027;0;0;0,016;0;0;0;0,013
0;0;0;0;0,019;0,067;0;0,057;0,191;0;0;0;0,067;0;0,038;0;0;0,424;0,01;0;0;0;0;0;0;0;0;0;0,01;0;0,091;0;0,211;0;0;0;0,037;0;0;0;0,038;0;0;0;0;0;0;0,016
0;0;0;0;0;0,014;0;0,014;0,264;0;0;0;0,028;0;0,028;0;0;0,515;0;0;0;0;0;0;0;0,007;0;0;0,049;0,014;0,076;0;0,368;0;0;0;0,02;0;0;0;0,021;0;0;0,028;0;0;0;0,026
0;0;0,012;0;0;0,012;0;0,018;0,102;0;0;0;0,012;0;0,006;0;0;0,466;0;0;0;0;0;0;0;0;0;0;0;0,012;0,09;0;0,377;0;0;0;0;0;0,006;0,222;0,012;0;0;0;0;0;0;0,016
0,013;0;0,005;0;0,01;0,01;0,016;0,021;0,151;0;0;0;0,037;0;0,021;0;0;0,363;0;0;0;0;0;0;0;0;0;0;0;0,023;0,149;0;0,386;0,01;0;0;0,03;0;0;0,026;0;0;0;0,016;0;0,005;0;0,022
0;0;0;0;0,005;0,005;0;0,019;0,111;0;0;0;0,032;0;0,023;0;0;0,392;0;0;0,005;0;0;0;0;0;0;0;0,005;0,021;0,116;0;0,529;0,005;0;0;0,005;0;0;0,028;0,009;0;0;0,028;0;0;0;0,014
0,007;0;0;0;0,007;0;0;0,013;0,128;0;0;0;0,007;0;0,02;0;0;0,506;0;0;0;0;0;0;0;0;0;0;0,007;0,071;0,276;0;0,229;0,02;0;0;0,007;0;0;0,047;0;0;0;0,007;0;0;0;0,023
0;0;0;0;0;0;0;0,009;0,131;0;0;0;0,009;0;0;0;0;0,646;0;0;0;0;0;0;0;0;0;0;0;0,089;0,366;0;0,216;0;0;0;0;0;0;0,019;0;0;0;0,019;0;0;0;0,01
0;0;0,01;0;0,01;0,01;0;0,01;0,238;0;0;0;0,01;0;0,059;0;0;0,666;0,01;0;0;0;0;0;0;0;0;0;0,01;0,035;0,302;0;0,168;0;0;0;0;0;0;0;0,01;0;0;0;0;0;0;0,007
0;0;0;0;0;0,012;0;0,059;0,235;0;0;0;0,047;0;0,047;0;0;0,716;0,012;0;0;0;0;0;0;0,024;0;0;0;0,024;0,176;0;0,188;0;0;0;0,012;0;0;0;0,071;0;0;0;0;0;0;0,003
0;0;0,01;0;0,02;0,025;0;0,01;0,099;0;0;0;0,045;0;0,035;0;0;0,378;0,01;0;0;0;0,005;0;0;0,005;0;0;0,005;0,042;0,166;0;0,327;0;0;0;0,015;0;0,005;0;0,015;0;0;0,035;0;0;0;0
0;0;0;0;0,009;0,017;0,009;0,035;0,157;0;0;0;0,035;0;0;0;0;0,617;0;0;0;0;0;0;0;0;0;0;0;0,022;0,187;0;0,443;0;0;0;0;0;0;0;0;0;0;0,017;0;0;0;0,023
0;0;0,011;0,005;0,027;0,027;0;0,038;0,107;0;0;0;0,032;0;0,032;0;0;0,344;0,005;0,005;0;0;0;0;0;0;0;0;0,011;0,038;0,19;0;0,268;0;0;0;0,005;0;0;0;0,021;0;0;0,016;0;0;0;0,01
0;0;0,012;0;0,012;0,023;0;0,052;0,169;0;0;0;0,017;0;0,047;0;0;0,43;0;0;0;0;0;0;0;0;0;0;0,006;0,049;0,183;0;0,279;0;0;0;0;0;0;0;0,017;0;0;0,023;0;0;0;0,003
0;0;0;0;0;0,02;0;0,02;0,303;0;0;0;0,02;0;0,061;0;0,01;0,703;0;0;0;0,01;0;0;0;0;0;0;0,061;0,005;0,197;0;0,242;0;0;0;0;0;0;0;0,01;0;0;0,01;0;0;0;0,021
0;0;0,013;0;0,007;0,02;0;0,04;0,147;0;0;0;0,027;0;0,02;0;0,007;0,538;0;0;0;0;0;0;0;0;0;0;0;0,05;0,25;0;0,227;0;0;0;0,026;0;0;0;0,033;0,007;0;0,047;0;0;0;0,009
0;0;0;0;0;0,015;0;0,015;0,061;0;0;0;0,015;0;0,015;0;0;0,612;0;0;0;0;0;0;0;0;0;0;0;0,038;0,311;0;0,318;0;0;0;0;0;0;0;0,015;0;0;0,015;0;0;0;0,012
0;0;0,006;0;0,011;0,04;0;0,017;0,119;0;0;0;0;0;0,051;0;0,017;0,418;0,017;0,006;0;0;0;0;0;0;0;0;0;0,04;0,203;0;0,35;0;0;0;0;0;0;0;0,006;0;0;0,017;0;0;0;0,01
0;0;0,006;0;0,006;0,03;0;0,012;0,168;0;0;0;0,018;0;0,018;0;0,006;0,451;0,024;0;0;0;0;0;0;0,012;0;0;0;0,057;0,213;0;0,329;0,006;0;0;0;0;0;0;0,018;0;0;0,024;0;0;0;0,013
0;0;0,005;0;0,005;0,016;0;0,026;0,179;0;0;0;0,042;0;0,021;0;0;0,44;0;0;0;0;0;0;0;0,005;0;0;0,016;0,024;0,174;0;0,28;0;0;0;0,005;0;0;0,005;0,021;0;0;0,069;0;0;0,005;0,009
0;0;0,017;0;0;0,008;0;0,017;0,149;0;0;0;0,1;0;0,033;0;0;0,647;0;0;0;0;0;0;0;0;0;0;0,033;0,033;0,203;0,008;0,249;0;0;0;0,016;0;0;0;0,058;0;0;0;0;0;0;0,028
0;0;0;0;0,01;0,01;0;0,02;0,27;0;0;0;0,046;0;0,015;0;0;0,373;0,005;0;0;0;0;0;0;0;0;0;0,005;0,025;0,155;0;0,178;0;0;0;0,053;0;0,005;0;0,02;0;0;0,132;0;0;0;0,003
0;0;0;0;0,005;0,016;0;0,016;0,207;0;0;0;0,026;0;0,031;0;0,005;0,379;0;0;0;0;0,005;0;0;0;0;0;0;0,057;0,209;0;0,31;0;0;0;0,005;0;0;0;0,005;0;0;0,052;0;0;0;0
0;0;0;0;0;0,03;0;0,042;0,178;0;0;0;0,036;0;0,03;0;0;0,463;0;0;0;0;0;0;0;0;0;0;0,018;0,05;0,231;0;0,243;0;0;0;0;0;0,006;0;0,012;0;0;0,03;0;0;0;0,009
0;0;0,007;0;0;0,014;0;0,014;0,186;0;0;0;0,022;0,007;0,043;0;0;0,484;0;0;0;0;0;0;0;0;0;0;0,007;0,054;0,222;0;0,301;0;0;0;0;0;0;0;0,022;0;0;0,036;0;0;0;0,004
0;0;0,011;0;0;0,021;0;0,042;0,19;0;0;0;0,005;0;0,016;0;0,005;0,394;0,016;0,005;0;0;0;0;0;0;0;0;0;0,042;0,266;0;0,211;0;0;0;0,005;0;0;0;0,016;0;0;0,005;0;0;0;0,006
0;0;0,011;0,006;0,006;0,022;0;0,045;0,174;0;0;0;0,006;0;0,039;0;0,006;0,433;0,017;0;0;0;0;0;0;0;0;0;0,011;0,059;0,256;0;0,169;0;0;0;0;0;0;0;0,034;0;0;0;0;0;0;0,003
0;0;0;0;0;0;0;0,04;0,131;0;0;0;0,02;0;0,05;0;0;0,685;0;0;0;0;0;0;0;0,01;0;0;0,03;0,02;0,296;0;0,291;0;0;0;0,039;0;0;0;0,01;0;0;0,03;0;0;0;0,015
0;0;0,006;0;0;0,012;0;0,036;0,152;0;0;0;0,024;0;0,03;0;0;0,464;0,012;0;0;0;0;0;0;0;0;0;0;0,048;0,297;0;0,23;0;0;0;0;0;0;0;0,006;0;0;0,012;0;0;0;0,01
0;0;0,011;0;0,005;0,005;0;0,038;0,193;0;0;0;0,021;0;0,032;0;0,005;0,379;0,011;0;0;0;0;0;0;0;0;0;0,011;0,056;0,252;0;0,241;0;0;0;0,005;0;0,011;0;0,016;0;0;0,005;0;0;0;0,013
0;0;0;0;0;0,043;0;0,086;0,022;0;0;0;0,122;0;0,007;0;0;0,356;0;0;0;0;0;0;0;0,007;0;0;0,022;0,007;0,194;0,036;0,295;0;0;0;0,359;0;0;0,007;0;0;0;0,115;0;0;0;0,033
0;0;0;0,007;0,013;0,033;0;0,059;0,046;0;0;0;0,046;0;0;0;0;0,375;0;0;0;0;0,026;0;0;0;0;0;0;0,02;0,218;0;0,352;0,013;0;0;0,316;0;0;0;0;0;0;0,078;0;0;0;0,012
0;0;0;0,008;0,008;0,025;0;0,1;0,025;0;0;0;0,05;0;0,017;0;0;0,536;0;0;0;0;0,017;0;0;0;0;0;0;0,012;0,349;0;0,29;0,008;0;0;0,347;0;0;0;0,017;0;0;0,041;0;0;0;0,006
0;0;0;0;0;0,048;0;0,113;0,048;0;0;0;0,06;0,012;0;0;0;0,389;0;0;0;0;0,018;0;0;0,012;0;0;0;0,042;0,262;0,018;0,256;0;0;0;0,273;0;0;0,012;0;0;0;0,048;0;0;0;0,006
0;0;0,008;0;0;0,055;0,008;0,094;0,047;0;0;0;0,055;0;0;0;0;0,615;0,024;0;0;0;0,016;0;0;0,008;0;0;0,008;0,016;0,169;0;0,322;0;0;0;0,309;0,008;0,008;0;0;0,008;0;0,055;0;0;0;0,015
0;0;0;0;0,006;0,036;0;0,143;0,089;0;0;0;0,083;0,006;0;0;0;0,349;0;0;0;0;0,006;0;0;0,012;0;0;0;0,018;0,149;0;0,256;0,006;0;0;0,323;0;0;0,018;0;0;0;0,077;0;0;0;0,015
0;0;0,006;0,006;0;0,012;0;0,042;0,042;0;0;0;0,137;0;0,024;0;0;0,337;0;0;0;0;0,006;0;0;0,006;0;0;0;0,03;0,212;0,006;0,281;0,018;0;0;0,28;0;0,006;0;0,006;0;0;0,078;0;0;0;0,019
0;0;0,006;0;0;0,013;0;0,038;0,058;0;0;0;0,051;0;0,006;0;0;0,414;0;0;0;0;0;0;0;0,006;0;0;0,013;0,006;0,269;0;0,359;0;0;0;0,294;0;0;0;0;0;0;0,154;0;0;0;0,033
0;0;0;0;0;0;0;0,076;0,032;0;0;0;0,095;0,006;0,006;0;0;0,35;0,019;0;0;0;0;0;0;0,006;0;0;0;0,013;0,335;0;0,304;0;0;0;0,269;0;0;0;0,006;0;0;0,063;0;0;0;0,016
0;0;0;0;0;0,006;0;0,067;0,067;0;0;0;0,101;0;0;0;0;0,248;0,017;0;0;0;0;0;0;0;0;0;0;0,014;0,394;0;0,207;0,006;0;0;0,281;0;0;0;0;0;0;0,061;0;0;0;0
0;0;0;0;0,005;0,035;0;0,06;0,04;0;0;0;0,065;0;0;0;0;0,31;0,005;0;0;0;0,015;0;0;0,01;0;0;0,005;0,008;0,373;0;0,255;0,005;0;0;0,234;0;0;0,005;0;0;0;0,07;0;0;0;0,017
0,007;0;0;0;0;0,026;0;0,033;0,046;0;0;0;0,02;0,007;0;0;0;0,453;0;0;0;0;0;0;0;0;0;0;0;0,01;0,215;0,007;0,49;0;0;0;0,23;0,007;0;0;0;0;0;0,113;0;0;0;0,021
0;0;0,005;0,01;0;0,025;0;0,049;0,079;0;0,005;0;0,074;0;0,01;0;0;0,251;0;0;0;0;0,01;0;0;0,01;0;0;0,01;0,025;0,264;0;0,272;0,005;0;0;0,275;0;0;0;0,005;0;0;0,094;0;0;0;0,017
0;0;0;0;0;0,022;0;0,072;0,033;0;0;0;0,044;0;0;0;0;0,32;0;0;0;0;0,011;0;0;0,006;0;0;0;0,011;0,452;0,006;0,205;0,011;0;0;0,237;0;0;0;0;0;0;0,105;0;0;0;0,015
0;0;0;0,006;0;0,065;0;0,077;0,029;0;0;0;0,065;0;0,012;0;0;0,347;0;0;0;0;0,012;0;0;0,006;0;0;0;0,015;0,301;0;0,26;0,018;0;0;0,31;0;0;0;0,006;0;0;0,118;0;0;0;0,009
0;0;0;0;0,006;0,006;0,006;0,052;0,052;0;0,006;0;0,098;0;0,006;0;0;0,304;0;0;0;0;0;0;0;0,011;0,006;0;0,006;0,014;0,307;0;0,293;0,017;0;0;0,281;0;0;0;0;0;0;0,075;0;0;0;0,006
0;0;0;0,007;0,007;0,034;0;0,087;0,074;0;0,007;0;0,04;0;0;0;0;0,468;0,007;0;0;0;0,007;0;0;0,007;0;0;0;0,03;0,205;0;0,349;0;0;0;0,284;0;0,007;0;0;0;0;0,081;0;0;0;0
0;0;0,02;0,007;0;0,047;0;0,08;0,027;0;0;0;0,02;0;0;0;0,007;0,46;0;0;0;0;0;0;0;0,013;0;0;0;0,017;0,093;0;0,478;0;0;0;0,226;0,027;0;0,007;0;0,013;0;0,08;0;0;0;0,018
0;0;0;0,009;0;0,027;0;0,046;0,046;0;0;0;0,064;0;0,009;0;0;0,584;0,009;0;0;0;0;0;0;0;0;0;0;0,018;0,196;0,009;0,447;0,018;0;0;0,35;0;0;0;0,018;0;0;0,037;0;0;0;0,015
0;0;0;0,008;0;0,016;0;0,072;0,032;0;0,008;0;0,064;0;0;0;0;0,567;0;0;0;0;0,008;0;0;0,032;0;0;0;0,072;0,285;0,008;0,273;0,008;0;0;0,278;0;0;0;0,016;0;0;0,056;0;0;0;0
0;0;0;0,008;0;0,016;0;0,098;0,008;0;0;0;0,033;0;0;0;0;0,572;0,025;0;0;0;0,016;0;0;0,008;0;0;0;0,041;0,32;0,008;0,27;0,008;0;0;0,371;0;0;0;0,008;0;0;0,09;0;0;0;0,017
0;0;0,008;0,008;0;0,039;0;0,117;0,054;0;0;0;0,062;0;0;0;0;0,594;0,008;0;0;0;0,008;0;0;0,008;0;0;0,016;0,031;0,175;0;0,358;0;0;0;0,237;0;0,008;0;0,008;0,008;0;0,031;0;0;0;0,011
0;0;0;0,01;0;0,02;0;0,111;0,01;0;0;0;0,04;0;0;0;0,01;0,635;0;0;0;0;0;0;0;0,01;0;0;0;0,04;0,055;0;0,523;0;0;0;0,368;0,03;0,01;0,01;0,01;0;0;0,07;0;0;0;0,009
0;0;0;0;0;0,008;0;0,051;0,008;0;0;0;0,025;0,008;0,008;0;0;0,673;0;0;0;0;0;0;0;0,034;0;0;0;0,042;0,153;0;0,551;0;0;0;0,208;0;0;0,008;0;0;0;0,068;0;0;0;0,003
0;0;0;0;0,01;0,069;0;0,079;0,049;0;0;0;0,03;0;0,01;0;0,01;0,698;0,01;0;0;0;0,03;0;0;0,039;0;0;0;0,03;0,094;0;0,365;0;0;0;0,326;0;0,01;0;0;0;0;0,059;0;0;0;0,008
0;0;0;0;0;0;0;0,08;0,02;0;0;0;0,07;0;0,02;0;0;0,651;0;0;0;0;0;0;0;0;0;0;0;0,03;0,276;0;0,402;0;0;0;0,36;0;0;0;0;0;0;0,03;0;0;0;0,006
0;0;0;0,024;0;0,048;0;0,156;0,06;0;0;0;0,036;0;0,012;0;0;0,648;0;0;0;0;0,048;0;0;0,012;0;0;0,024;0,018;0,048;0;0,347;0;0;0;0,476;0;0;0;0,012;0;0;0,096;0;0;0;0,006
0;0;0;0,008;0;0,067;0;0,176;0,042;0;0;0,008;0;0;0,008;0;0,017;0,491;0;0;0;0;0;0;0;0,017;0;0;0;0,017;0,084;0,017;0,353;0;0;0;0,454;0,025;0;0,017;0;0;0;0,092;0;0;0;0,018
0;0;0,01;0;0;0;0;0,237;0,031;0;0;0;0,021;0;0,01;0;0;0,575;0;0;0;0;0,021;0;0;0,041;0;0;0;0,077;0,139;0;0,258;0;0;0;0,538;0;0;0,01;0,021;0;0;0,093;0;0;0;0,003
0;0;0,009;0;0;0,018;0;0,062;0,036;0;0,009;0;0,009;0;0;0;0;0,61;0;0;0;0;0;0;0;0,009;0;0;0;0,084;0,169;0,018;0,489;0;0;0;0,453;0;0;0;0,018;0;0;0,036;0;0;0;0,01
0;0;0;0,009;0;0,104;0;0,189;0,038;0;0;0;0,057;0;0,009;0;0;0,541;0;0;0;0;0,038;0;0;0;0;0;0;0,042;0,156;0;0,245;0,009;0;0;0,5;0;0;0,009;0,009;0;0;0,066;0;0;0;0,006
0;0;0;0;0;0,031;0;0,184;0,023;0;0;0;0,015;0;0,008;0;0;0,54;0;0;0;0;0,008;0;0;0,008;0;0;0;0,073;0,176;0,015;0,368;0,008;0;0;0,487;0;0;0,008;0;0;0;0,046;0;0;0;0,002
0;0;0,01;0,01;0;0,073;0;0,219;0,042;0;0,01;0;0,031;0;0,042;0;0,01;0,562;0;0;0;0;0,052;0;0;0,01;0;0;0;0,047;0,099;0;0,177;0;0;0;0,547;0;0;0;0,031;0;0;0,063;0;0;0;0,006
0;0;0;0,012;0;0,075;0;0,112;0,037;0;0;0;0;0;0;0;0,025;0,59;0,012;0;0;0;0;0;0;0,037;0;0;0;0,019;0,05;0,012;0,46;0;0;0;0,596;0,037;0;0,05;0;0;0;0,025;0;0;0;0
0;0;0;0,01;0;0,117;0;0,127;0,01;0;0;0;0,039;0;0,029;0;0;0,513;0;0,01;0;0;0,039;0;0;0,01;0;0;0,01;0,034;0,127;0,01;0,273;0,01;0;0;0,489;0;0;0;0,01;0;0;0,068;0;0;0;0,022
0;0;0,012;0;0;0,06;0;0,144;0;0;0;0;0,012;0;0;0;0,012;0,676;0;0;0;0;0,012;0;0;0;0;0;0;0,03;0,144;0,036;0,431;0;0;0;0,486;0;0;0;0,012;0;0;0,072;0;0;0;0,012
0;0;0;0;0;0,037;0;0,101;0,046;0;0;0;0,009;0;0;0;0;0,632;0;0;0;0;0,018;0;0;0;0;0;0,018;0,018;0,069;0,009;0,516;0;0;0;0,249;0;0,018;0;0,018;0;0;0,101;0;0;0;0,006
0;0;0,012;0;0;0,035;0;0,105;0,035;0;0;0;0,023;0;0;0;0,012;0,632;0;0;0;0;0,012;0;0;0,023;0;0;0;0,035;0,111;0,012;0,351;0,012;0;0;0,51;0;0;0;0,023;0;0;0,117;0;0;0;0,009
0;0;0;0,007;0;0,046;0;0,092;0,092;0;0;0;0,046;0;0,007;0;0;0,604;0;0;0;0;0,033;0;0;0;0;0;0,007;0,023;0,154;0;0,281;0,013;0;0;0,326;0;0,007;0;0,039;0;0;0,085;0;0;0;0,009
0;0;0;0,01;0;0,073;0;0,104;0,031;0;0;0;0,041;0;0;0;0,01;0,588;0;0;0;0;0,01;0;0;0,01;0;0;0;0,021;0,13;0,021;0,363;0,01;0;0;0,45;0;0,01;0;0,01;0;0;0,073;0;0;0;0
0;0;0;0,01;0,01;0,081;0;0,081;0,051;0;0;0;0,061;0;0,02;0;0;0,714;0;0;0;0;0,061;0;0;0,01;0;0;0,02;0,03;0,096;0;0,355;0;0;0;0,323;0;0;0;0;0;0;0,041;0;0;0;0,005
0;0;0;0;0,007;0,021;0;0,082;0,075;0;0;0;0,055;0;0,021;0;0,007;0,673;0;0;0;0;0,014;0;0;0;0;0;0;0,014;0,137;0;0,432;0;0;0;0,24;0;0,014;0;0;0;0;0,062;0;0;0;0,006
0;0;0;0,012;0;0,047;0;0,14;0,07;0;0;0;0;0;0,012;0;0;0,587;0;0;0;0;0;0;0;0,012;0;0;0,012;0,041;0,157;0;0,36;0;0;0;0,533;0;0;0;0;0;0;0,081;0;0;0;0
0;0;0;0;0;0,01;0;0,102;0,071;0;0;0;0,041;0;0;0;0,02;0,59;0;0;0;0;0,051;0;0;0,01;0;0;0,01;0,061;0,127;0;0,325;0,01;0;0;0,477;0;0;0,01;0,03;0;0;0,061;0;0;0;0,009
0;0;0;0;0;0,029;0;0,254;0,049;0;0;0,02;0;0;0,02;0;0;0,491;0;0;0;0;0;0;0;0,01;0,01;0;0,01;0,024;0,059;0;0,38;0;0;0;0,504;0,01;0;0,039;0;0;0;0,068;0;0;0;0,029
0;0;0;0,017;0,017;0,052;0;0,2;0,052;0;0,009;0;0;0;0,009;0;0;0,527;0;0;0;0;0,035;0;0;0,009;0,009;0;0,017;0,039;0,083;0,009;0,348;0,009;0;0;0,491;0;0;0,009;0,009;0;0;0,035;0;0;0;0,011
0;0;0;0;0;0,04;0;0,119;0,01;0;0;0;0,02;0;0,02;0;0;0,519;0;0;0;0;0;0;0;0,02;0;0;0;0,035;0,173;0;0,436;0;0;0;0,517;0,01;0;0;0,01;0;0;0;0;0;0,02;0,009
0;0;0;0;0;0,01;0,01;0,147;0,078;0;0;0;0,02;0;0,01;0;0;0,553;0;0;0;0;0;0;0;0;0;0;0;0,074;0,152;0;0,353;0;0;0;0,505;0,02;0;0;0;0;0;0,078;0;0;0;0,006
0;0;0;0,025;0;0,075;0;0,167;0,058;0;0;0;0,033;0;0;0;0,008;0,5;0;0;0;0;0,033;0;0;0,017;0;0;0;0,025;0,142;0;0,192;0,017;0;0;0,508;0;0,008;0,025;0;0;0;0,142;0;0;0;0,008
0;0;0;0,008;0;0,041;0;0,173;0,025;0;0;0,008;0,025;0;0;0;0,016;0,444;0;0;0;0;0,008;0;0;0,016;0;0;0,016;0,008;0,037;0;0,403;0;0;0,008;0,48;0,058;0;0,058;0,016;0;0;0,074;0;0;0;0,018
0;0;0,019;0;0;0,047;0;0,187;0,019;0;0;0;0,019;0;0,019;0;0,009;0,549;0;0;0;0;0,037;0;0;0;0,009;0;0;0,089;0,136;0;0,215;0;0;0;0,535;0;0,009;0,009;0;0;0;0,112;0;0;0;0,008
0;0;0;0;0;0,011;0;0,057;0,034;0;0;0;0,034;0;0,011;0;0;0,64;0,011;0;0;0;0;0;0;0,034;0;0;0;0,098;0,109;0,011;0,437;0;0;0;0,576;0;0;0;0,023;0;0;0,046;0;0;0;0,011
0,011;0;0;0,011;0;0,043;0;0,097;0,032;0;0;0;0,022;0;0;0;0;0,557;0;0;0;0;0,032;0;0;0;0;0;0,022;0,043;0,215;0,043;0,355;0;0;0;0,516;0;0;0;0;0;0;0,032;0;0;0;0,013
0;0;0;0;0;0,021;0;0,064;0,053;0;0;0;0,011;0;0,011;0;0,011;0,548;0;0;0;0;0,011;0;0;0;0;0;0;0,138;0,117;0,011;0,404;0,021;0;0;0,513;0;0;0;0,011;0;0;0,074;0;0;0;0,006
0;0;0;0,018;0;0,073;0;0,155;0,018;0;0;0;0;0;0,064;0;0;0,491;0;0;0;0;0,018;0;0;0,045;0;0;0,018;0;0,155;0,009;0,2;0,018;0;0;0,59;0;0;0;0,027;0;0;0,091;0;0;0;0,011
0;0;0;0,025;0;0,093;0;0,102;0,051;0;0;0;0,017;0;0,008;0;0,008;0,593;0,008;0;0;0;0;0;0;0,025;0;0;0;0,038;0,123;0;0,331;0,008;0;0;0,496;0;0;0;0,025;0;0;0,102;0;0;0;0,012
0;0;0;0;0;0,008;0;0,167;0,025;0;0;0,008;0,017;0;0;0;0,008;0,482;0;0;0;0;0;0;0;0,017;0;0;0,008;0,013;0,042;0;0,51;0;0;0;0,453;0,008;0;0,017;0;0,008;0;0,1;0;0;0;0,012
0;0;0,007;0;0;0,043;0;0,1;0,036;0;0;0;0,029;0;0,022;0;0;0,51;0;0;0;0;0;0;0;0,007;0;0;0,014;0,065;0,204;0;0,38;0,007;0;0;0,508;0;0;0;0,036;0;0;0,029;0;0;0;0,007
0;0;0,009;0,018;0;0,1;0;0,192;0,046;0;0;0;0,046;0;0;0;0;0,531;0;0;0;0;0,018;0;0;0;0;0;0,009;0,018;0,215;0,018;0,174;0;0;0;0,521;0;0,009;0;0,009;0;0;0,055;0;0;0;0,008
0;0;0;0;0,03;0,03;0;0,097;0,03;0;0;0;0,082;0,007;0,022;0;0;0,51;0;0;0;0;0,007;0;0;0;0;0;0,007;0,086;0,21;0;0,27;0,022;0;0;0,431;0;0,007;0;0,015;0;0;0,015;0;0;0;0,008
0;0;0;0,011;0;0,044;0;0,142;0,011;0;0;0;0,033;0;0,011;0;0;0,527;0;0;0;0;0,044;0;0;0;0;0;0,011;0,016;0,208;0,011;0,284;0,011;0;0;0,539;0;0;0,011;0,011;0;0;0,109;0;0;0;0,003
0;0;0;0;0;0,094;0;0,225;0,038;0;0;0;0,009;0;0,019;0;0;0,51;0;0;0;0;0,028;0;0;0,019;0;0;0,028;0,028;0,211;0;0,216;0;0;0;0,564;0;0,019;0;0,009;0;0;0,056;0;0;0;0,008
0;0;0;0,009;0;0,009;0;0,206;0,028;0;0,009;0;0,028;0;0,009;0;0,019;0,531;0;0;0;0;0,009;0;0;0,009;0;0;0,009;0,112;0,187;0;0,215;0;0;0;0,457;0;0;0,009;0;0;0;0,047;0;0;0;0,012
0;0;0;0,019;0;0,124;0;0,219;0,029;0;0;0;0,01;0;0,019;0;0;0,478;0;0;0;0;0,029;0;0;0;0,01;0;0,01;0,038;0,105;0;0,229;0,019;0;0;0,531;0;0;0;0,029;0;0;0,076;0;0;0;0,012
0;0;0;0;0;0,075;0;0,113;0;0;0;0;0,028;0;0;0;0,009;0,484;0;0;0;0;0,009;0;0;0;0;0;0;0,038;0,202;0,009;0,394;0;0;0;0,492;0;0,009;0;0;0;0;0,056;0;0;0;0,003
0;0;0;0,03;0;0,05;0;0,151;0,03;0;0;0;0,03;0;0,01;0;0;0,509;0;0;0;0;0;0;0;0,01;0;0;0,01;0,06;0,085;0;0,452;0;0;0;0,513;0,01;0;0,01;0;0,01;0;0,04;0;0;0,01;0,016
0;0;0;0,008;0,015;0,085;0;0,108;0,023;0;0;0;0,015;0;0,015;0;0;0,559;0;0;0;0;0,023;0;0;0,015;0;0;0,015;0,027;0,154;0;0,386;0;0;0;0,507;0;0;0,015;0,015;0;0;0,062;0;0;0;0,009
0;0;0;0;0;0,097;0;0,155;0,039;0;0;0;0,029;0;0,01;0;0;0,504;0;0;0;0;0,01;0;0;0;0;0;0;0,072;0,184;0,01;0,251;0;0;0;0,541;0;0,01;0;0,019;0;0;0,058;0;0;0;0,012
0;0;0;0;0;0,067;0;0,157;0,045;0;0;0;0,052;0;0;0;0,015;0,447;0;0;0;0;0,022;0;0;0,007;0;0;0,007;0,052;0,086;0,007;0,36;0;0;0;0,397;0,007;0,015;0,007;0,007;0;0;0,045;0;0;0;0,006
0;0;0;0;0,01;0,08;0;0,109;0,02;0;0;0;0,03;0;0;0;0,01;0,617;0;0;0;0;0,04;0;0;0;0;0;0,01;0,035;0,159;0,01;0,358;0;0,01;0;0,599;0,01;0;0,01;0;0;0;0,05;0;0;0;0,01
0;0;0;0,028;0;0,093;0;0,149;0,009;0;0;0;0,028;0;0,009;0;0;0,562;0;0;0;0;0,019;0;0;0,028;0;0;0,009;0,023;0,149;0,009;0,233;0,009;0;0;0,564;0;0;0,009;0,037;0,009;0;0,093;0;0;0;0,013
0,01;0;0,007;0,026;0,007;0,085;0;0,196;0,039;0;0;0;0,118;0;0,02;0;0,007;0,416;0;0,007;0;0;0,02;0;0;0,033;0,026;0;0,007;0,023;0,124;0;0,092;0,007;0;0;0,39;0;0;0,007;0,033;0,007;0;0,02;0;0;0;0,014
0;0;0;0;0,01;0,069;0;0,079;0,02;0;0,01;0;0,039;0;0,02;0;0;0,587;0;0;0;0;0,01;0;0;0,01;0;0;0;0,094;0,177;0,01;0,404;0;0;0;0,657;0;0,01;0;0;0;0;0,039;0;0;0;0,005
0;0;0;0,023;0;0,061;0;0,25;0,008;0;0;0;0,068;0;0,008;0;0;0,482;0;0;0;0;0,008;0;0;0;0;0;0;0,083;0,159;0,015;0,212;0;0;0;0,436;0;0;0,008;0,015;0;0;0,045;0;0;0;0,011
0;0;0;0,015;0,008;0,069;0;0,206;0,015;0;0;0;0,031;0,008;0;0;0,008;0,407;0;0;0;0;0,031;0;0;0;0;0;0,015;0,061;0,183;0;0,26;0;0;0;0,524;0;0;0;0;0;0;0,076;0;0;0;0,008
0;0;0;0,016;0;0,066;0;0,197;0,033;0;0;0;0,033;0;0,016;0;0,016;0,492;0;0;0;0;0,016;0;0;0,016;0;0;0,008;0,074;0,148;0;0,254;0,008;0;0;0,448;0;0;0,008;0,033;0;0;0,033;0;0;0;0,006
0;0;0;0,008;0;0,046;0;0,161;0,015;0;0;0;0,015;0;0;0;0,038;0,389;0;0;0;0;0;0;0;0,008;0;0;0;0,054;0,096;0,015;0,375;0;0;0;0,466;0,023;0,008;0,023;0,008;0;0;0,092;0;0;0;0,015
0;0;0;0,009;0;0,094;0;0,085;0,038;0;0;0;0,066;0;0,019;0;0;0,543;0;0;0;0;0,009;0;0;0,038;0;0;0,019;0,028;0,179;0,019;0,189;0,009;0;0;0,488;0;0,009;0,019;0,019;0,009;0;0,085;0;0;0;0,009
0;0;0,008;0;0;0,041;0;0,124;0,033;0;0;0;0,008;0;0,017;0;0;0,554;0;0;0;0;0,033;0;0;0,008;0,008;0;0,033;0,045;0,128;0,017;0,364;0;0;0;0,549;0;0;0,008;0,025;0;0;0,066;0;0;0;0,007
0,009;0;0;0,009;0;0,056;0;0,112;0,009;0;0;0;0,019;0;0;0;0;0,508;0;0;0;0;0,019;0;0;0,009;0,009;0;0,019;0,056;0,172;0,009;0,391;0;0;0;0,494;0;0;0,009;0;0;0;0,056;0;0;0;0,003
0;0;0;0;0;0,063;0;0,154;0,014;0;0,014;0;0,028;0,007;0;0;0,007;0,482;0;0;0;0;0,021;0;0;0,014;0;0;0,007;0,098;0,217;0;0,224;0,014;0;0;0,489;0;0;0,007;0;0;0;0,056;0;0;0;0,002
0;0;0;0,009;0;0,081;0;0,163;0,063;0;0;0;0,018;0;0,018;0;0;0,485;0;0;0;0;0,018;0;0;0,009;0;0;0,009;0,023;0,154;0,009;0,353;0;0;0;0,478;0;0;0;0,027;0;0;0,036;0;0;0;0,009
0;0;0;0,025;0;0,107;0;0,246;0,041;0;0;0;0,033;0;0,033;0;0;0,514;0;0;0;0;0,016;0;0;0,016;0;0;0;0,07;0,102;0,008;0,148;0,016;0;0;0,45;0;0;0,008;0,008;0;0;0,066;0,008;0;0;0,008
0;0;0;0;0;0,02;0;0,198;0,01;0;0;0;0,089;0;0,03;0;0,01;0,541;0;0;0;0;0;0;0;0,02;0;0;0,01;0,064;0,153;0;0,327;0;0;0;0,545;0;0;0;0;0;0;0;0;0,01;0;0,003
0;0;0;0,024;0;0,126;0;0,165;0,031;0;0,008;0;0,031;0,008;0;0;0;0,5;0;0;0;0;0,008;0;0;0;0;0;0,016;0,016;0,087;0;0,276;0,008;0;0;0,533;0;0,016;0,008;0;0,008;0;0,102;0;0;0;0,01
0;0;0,008;0,024;0;0,063;0;0,134;0,032;0;0;0;0,024;0;0,008;0;0;0,505;0;0;0;0;0,024;0;0;0,024;0;0;0;0,103;0,233;0,008;0,213;0;0;0;0,48;0;0;0,008;0,024;0;0;0,016;0;0;0;0,005
0;0;0;0;0;0,036;0;0,126;0,045;0;0;0,009;0,018;0;0,009;0;0,018;0,437;0;0,009;0;0;0;0;0;0,009;0;0;0,009;0,036;0,117;0;0,459;0;0;0;0,513;0,009;0;0,027;0,009;0;0;0,054;0;0;0;0,019
0;0;0,009;0,009;0;0,056;0;0,194;0,037;0;0,009;0;0,046;0;0,019;0;0;0,528;0;0;0;0;0,019;0;0;0,019;0,009;0;0,019;0,102;0,157;0,009;0,213;0,009;0;0;0,53;0;0;0;0,019;0;0;0,028;0;0;0;0,006
0;0;0;0,02;0;0,039;0;0,148;0,049;0;0;0;0,049;0,01;0,01;0;0,01;0,525;0,01;0;0;0;0,02;0;0;0,03;0;0;0,02;0,054;0,167;0;0,217;0,01;0;0;0,478;0;0;0,01;0,03;0,01;0;0,059;0;0;0;0,013
0;0;0,009;0;0;0,179;0;0,098;0,027;0;0;0;0,009;0;0,018;0;0;0,349;0;0;0;0;0,018;0;0;0,045;0;0;0,009;0,022;0,058;0;0,304;0;0;0;0,778;0;0;0,018;0,036;0;0;0,089;0,009;0;0,009;0,005
0;0;0,009;0,009;0;0,137;0;0,137;0,009;0;0;0;0;0;0,009;0;0;0,376;0;0;0;0;0,018;0;0;0,064;0,009;0;0,009;0;0,059;0;0,274;0;0;0;0,717;0;0,018;0,009;0,027;0;0;0,091;0;0;0;0,007
0;0;0;0,011;0;0,165;0;0,077;0;0;0;0;0,011;0;0,033;0;0;0,393;0,011;0;0;0;0,011;0;0;0,044;0;0;0,011;0,016;0,093;0,022;0,33;0;0;0;0,761;0;0;0;0,033;0;0;0,077;0;0;0;0,009
0;0;0;0,014;0;0,17;0;0,085;0;0;0;0;0;0;0,043;0;0;0,4;0,014;0;0;0;0;0;0;0,057;0;0;0,014;0,014;0,078;0,028;0,326;0;0;0;0,749;0;0;0;0,043;0;0;0,057;0;0;0;0,012
0;0;0;0,009;0;0,201;0,017;0,096;0,026;0;0;0;0,009;0;0,026;0;0;0,437;0,009;0;0;0;0;0;0;0,087;0;0;0;0,022;0,07;0,009;0,227;0,009;0;0;0,776;0;0;0;0,026;0;0;0,087;0;0;0;0,007
0;0;0,01;0,01;0;0,082;0;0,154;0,021;0;0;0;0,021;0;0,01;0;0;0,571;0;0;0;0;0,01;0;0;0,041;0;0;0,01;0,026;0,082;0,01;0,318;0;0;0;0,766;0;0,021;0;0,021;0;0;0,103;0;0;0;0,007
0;0;0;0,012;0,012;0,185;0;0,081;0,023;0;0;0;0,046;0;0,058;0;0;0,38;0;0;0;0;0,012;0;0;0,081;0;0;0;0,023;0,052;0;0,197;0,012;0;0;0,743;0;0,012;0;0;0;0;0,127;0;0;0;0,013
0;0;0;0,011;0;0,193;0;0,091;0,034;0;0;0;0;0;0,023;0;0,011;0,296;0;0;0;0;0,011;0;0;0,045;0;0;0;0,028;0,074;0;0,273;0;0;0;0,698;0;0;0,023;0,011;0;0;0,125;0;0;0;0,015
0;0;0;0,01;0,01;0,168;0;0,042;0,042;0;0;0;0,031;0;0,021;0;0;0,251;0;0;0;0;0,01;0;0;0,115;0;0;0;0,094;0,12;0;0,168;0,01;0;0;0,72;0;0,01;0,01;0;0;0;0;0;0;0;0,005
0;0;0;0,018;0;0,118;0;0,109;0,018;0;0;0;0,018;0;0;0;0,009;0,299;0;0;0;0;0;0;0;0,036;0;0;0,009;0;0,045;0,009;0,418;0,018;0;0;0,565;0;0;0,009;0,027;0;0;0,1;0;0;0;0,026
0;0;0;0;0;0,182;0;0,05;0,008;0;0,008;0;0,058;0;0,041;0;0;0,234;0;0;0;0;0,008;0;0;0,099;0;0;0,008;0,033;0,091;0;0,281;0;0;0;0,59;0;0;0;0,033;0;0;0,025;0;0;0;0,009
0;0;0;0,013;0;0,237;0;0,079;0,026;0;0;0;0,053;0;0,013;0;0,013;0,377;0;0;0;0;0,013;0;0;0,053;0;0;0,013;0;0,066;0,013;0,289;0;0;0;0,801;0;0;0,013;0,013;0;0;0,039;0;0;0;0
0;0;0;0,035;0;0,266;0;0,046;0;0;0;0;0,023;0;0,023;0;0,012;0,384;0;0;0;0;0;0;0;0,081;0;0;0;0,04;0,092;0,012;0,092;0,012;0;0,012;0,79;0;0,023;0;0,012;0;0;0,116;0;0,012;0;0,009
0;0;0;0;0;0,1;0;0,12;0,01;0;0;0;0;0;0,02;0;0;0,355;0;0;0;0;0,01;0;0;0,05;0;0;0;0,02;0,1;0;0,46;0;0;0;0,738;0;0;0,02;0,01;0;0;0,04;0;0;0;0,002
0;0;0,005;0,011;0;0,177;0,011;0,226;0,022;0;0;0;0,022;0;0,005;0;0,011;0,287;0,005;0,005;0;0;0,011;0;0;0,043;0,005;0;0;0,019;0,056;0,016;0,183;0;0;0;0,699;0;0,005;0,005;0,032;0;0;0,07;0;0;0;0,006
0;0;0,01;0;0;0,153;0;0,105;0,019;0;0;0;0;0;0,029;0;0,01;0,369;0;0;0;0;0;0;0;0,124;0;0;0;0,038;0,033;0,01;0,268;0,01;0;0;0,781;0;0;0;0,048;0;0;0,077;0;0;0;0,007
0;0;0;0,02;0,01;0,167;0;0,078;0,029;0;0;0;0,059;0;0,039;0;0,01;0,282;0,01;0;0;0;0;0;0;0,069;0;0;0;0,054;0,083;0;0,186;0;0;0;0,708;0;0;0;0,01;0;0;0,108;0;0;0;0,008
0;0;0;0;0,011;0,112;0;0,089;0,022;0;0;0;0,011;0;0,034;0;0;0,417;0;0;0;0;0,056;0;0;0,078;0;0;0;0,039;0,056;0,011;0,346;0,011;0;0;0,795;0;0;0;0,011;0;0;0,056;0;0;0,011;0,006
0;0;0;0;0;0,229;0;0,042;0,017;0;0;0;0;0;0,042;0;0;0,333;0;0;0;0;0,017;0;0;0,068;0;0;0;0,03;0,081;0;0,237;0,008;0;0;0,803;0;0,008;0,017;0,025;0;0;0,136;0;0;0;0,005
0,012;0;0;0,008;0;0,19;0;0,024;0,008;0;0;0;0,016;0;0,008;0;0;0,303;0;0;0;0;0;0;0;0,087;0,024;0;0,008;0,047;0,213;0,008;0,158;0;0;0;0,803;0;0,008;0,016;0,016;0;0;0,111;0;0;0;0,006
0;0;0;0;0;0,192;0;0,023;0,011;0;0;0;0,045;0;0,056;0;0,011;0,37;0;0;0;0;0,023;0;0;0,158;0;0;0;0,051;0,09;0,011;0,158;0,011;0;0;0,826;0;0;0,011;0,023;0;0;0,068;0;0;0;0,005
0;0;0;0;0;0,252;0,008;0,042;0,034;0;0;0;0,025;0;0,017;0;0,008;0,296;0;0;0;0;0;0;0;0,05;0;0;0;0;0,034;0,017;0,345;0;0;0;0,784;0;0;0;0,025;0,008;0;0,101;0;0;0;0,012
0;0;0;0;0;0,128;0;0,011;0,032;0;0;0;0,032;0;0,032;0;0,011;0,382;0;0;0;0;0;0;0;0,117;0;0;0;0,021;0,106;0;0,213;0;0;0;0,809;0;0,011;0,011;0,043;0;0;0,17;0;0;0;0,009
0;0;0;0,009;0;0,147;0;0,046;0;0;0;0;0,028;0;0,055;0;0;0,311;0;0;0;0;0;0;0;0,12;0;0;0;0,018;0,051;0,009;0,258;0;0;0;0,874;0;0;0,065;0,009;0,009;0;0,111;0;0;0;0,005
0;0;0;0,005;0;0,248;0;0,032;0,028;0;0;0;0,05;0;0,055;0;0;0,213;0,005;0;0;0;0,009;0;0;0,206;0,005;0;0;0,021;0,076;0,005;0,11;0;0;0;0,667;0;0,005;0,005;0,028;0,005;0;0,05;0;0;0;0,008
0;0;0,014;0;0;0,221;0;0,041;0,041;0;0;0;0,041;0;0,041;0;0,014;0,293;0;0;0;0;0;0;0;0,069;0;0;0;0;0,021;0;0,317;0;0;0;0,84;0;0,014;0;0;0;0;0,124;0;0;0;0,004
0;0;0;0;0;0,16;0;0,062;0,044;0;0;0;0,036;0;0,009;0;0;0,427;0;0;0;0;0,009;0;0;0,044;0,018;0;0,018;0,009;0,049;0,009;0,276;0;0;0;0,858;0;0;0,027;0,044;0;0;0,107;0;0;0;0,003
0;0;0;0;0;0,203;0;0,019;0,029;0;0,01;0;0,039;0;0,058;0;0,01;0,269;0;0;0;0;0;0;0;0,077;0;0;0;0,058;0,092;0,01;0,155;0;0;0;0,871;0;0,01;0,01;0,019;0;0;0,116;0;0;0;0,006
0;0;0,011;0,011;0;0,286;0;0,034;0,034;0;0;0;0,046;0;0,046;0;0;0,33;0;0;0;0;0;0;0;0,08;0;0;0;0,011;0,051;0,011;0,217;0;0;0;0,786;0;0;0;0,011;0;0;0,126;0;0;0;0,011
0;0;0,009;0;0,009;0,181;0;0,018;0,036;0;0;0;0,036;0;0,018;0;0,009;0,324;0,009;0;0;0;0,018;0;0;0,118;0;0;0;0,081;0,122;0;0,199;0,009;0;0;0,852;0;0;0;0,009;0;0;0,063;0;0;0;0,006
0,011;0;0,022;0;0;0,27;0;0,034;0,022;0;0;0;0,011;0;0,011;0;0,034;0,226;0;0;0;0;0;0;0;0,011;0;0;0;0,011;0,067;0,022;0,258;0;0;0,045;0,68;0;0;0;0,022;0,011;0;0,101;0;0;0;0,016
0;0;0;0,011;0;0,159;0;0,011;0,057;0;0;0;0,068;0;0,034;0;0;0,343;0;0;0;0;0,011;0;0;0,057;0,011;0;0;0,057;0,136;0;0,227;0,011;0;0;0,792;0;0,011;0,011;0,023;0;0;0,045;0;0;0;0,004
0;0;0,009;0,009;0;0,188;0;0,027;0,027;0;0;0;0,009;0;0,045;0;0,018;0,385;0,009;0;0;0;0,018;0;0;0,027;0;0;0,009;0,022;0,076;0;0,304;0;0;0;0,792;0;0;0;0,009;0;0;0,152;0;0;0;0,005
0;0;0;0;0;0,219;0;0,018;0,009;0;0;0;0,027;0;0,055;0;0;0,263;0;0;0;0;0,009;0;0;0,046;0;0;0;0,032;0,064;0,009;0,283;0;0;0;0,757;0;0,009;0,009;0,027;0;0;0,164;0;0;0;0,002
0;0;0;0;0;0,05;0;0,1;0,013;0;0;0;0,063;0;0,025;0;0;0,456;0;0,013;0;0;0;0;0;0,013;0;0;0,013;0,081;0,256;0,013;0,288;0;0;0;0,778;0;0;0;0;0;0;0,038;0;0;0;0,002
0;0;0,008;0,016;0;0,106;0;0,049;0,033;0;0;0;0,041;0;0,016;0;0,008;0,382;0;0;0;0;0,024;0;0;0,033;0;0;0;0;0,13;0,016;0,325;0,008;0;0;0,808;0;0,016;0,024;0,041;0;0;0,065;0;0;0;0,004
0;0;0,009;0,009;0,009;0,128;0;0,064;0,027;0;0;0;0,055;0;0,018;0;0,009;0,277;0,009;0;0;0;0,037;0;0;0,1;0;0;0,009;0;0,087;0,027;0,164;0;0;0,009;0,578;0;0;0;0,046;0;0;0,091;0;0;0;0,007
0;0;0,021;0,01;0;0,166;0;0,041;0,01;0;0;0;0,01;0;0,01;0;0,01;0,441;0,01;0;0;0;0;0;0;0,031;0;0;0,01;0,067;0,104;0;0,301;0;0;0,01;0,783;0;0;0;0,031;0;0;0,062;0;0;0,01;0,004
0;0;0;0,008;0;0,088;0;0,064;0,064;0;0;0;0,04;0;0,008;0;0;0,386;0;0;0;0;0;0;0;0,032;0;0;0,008;0,064;0,124;0,008;0,263;0;0;0;0,808;0;0;0,008;0,032;0;0;0,127;0;0;0;0,005
0,023;0;0,009;0;0;0,168;0;0,037;0,009;0;0,009;0;0,047;0;0,037;0;0,037;0,359;0;0;0;0;0,009;0;0;0,056;0,009;0;0,009;0,042;0,112;0,009;0,187;0,009;0;0;0,695;0;0;0;0,037;0,009;0;0,065;0;0;0;0,01
0;0;0;0;0;0,167;0;0,029;0,029;0;0;0;0,02;0;0,029;0;0;0,414;0;0;0;0;0,029;0;0;0,02;0;0;0,01;0,054;0,152;0;0,294;0;0;0;0,782;0;0,01;0,01;0,029;0,01;0;0,098;0;0;0;0,007
0;0;0;0;0,008;0,195;0;0,031;0,016;0;0;0;0,008;0;0,023;0;0,016;0,395;0;0;0;0;0,008;0;0;0,023;0;0;0;0,031;0,121;0;0,28;0;0;0;0,8;0;0;0,016;0,031;0;0;0,163;0;0;0;0,004
0;0;0;0;0;0,104;0;0,048;0,056;0;0;0;0,032;0;0,008;0;0;0,366;0,008;0;0;0;0;0;0;0,016;0;0;0;0,048;0,133;0;0,329;0;0;0;0,836;0;0,008;0,008;0,024;0;0;0,12;0;0;0;0,002
0;0;0;0,025;0;0,1;0,013;0,038;0;0;0;0,013;0,05;0;0,038;0;0,063;0,333;0;0;0;0;0;0;0;0;0;0;0;0,013;0,163;0;0,375;0,013;0;0;0,692;0;0;0,013;0,025;0;0;0,063;0;0;0;0,01
0,013;0;0,009;0;0,009;0,108;0,009;0,018;0,009;0;0;0;0,045;0;0,027;0;0;0,228;0,009;0;0;0;0;0;0;0,09;0,009;0;0;0,121;0,121;0;0,251;0;0;0;0,654;0;0;0;0;0;0;0,108;0;0;0;0,006
0;0;0;0;0;0,185;0;0,046;0,023;0;0;0;0,058;0;0,035;0;0,012;0,414;0,012;0;0;0;0,012;0;0;0,012;0;0;0;0;0,075;0,012;0,277;0;0;0;0,814;0;0;0;0,069;0,012;0;0,139;0;0;0;0
0;0;0;0;0,011;0,149;0;0,046;0,034;0;0;0;0,034;0;0,011;0;0;0,47;0,011;0;0;0;0;0;0;0,023;0;0;0,011;0,08;0,218;0;0,264;0;0;0;0,844;0;0;0;0;0;0;0,08;0;0;0;0,005
0;0;0;0;0;0,138;0;0,075;0;0;0;0;0,025;0;0,025;0;0,013;0,42;0;0;0;0;0,025;0;0;0;0;0;0;0,075;0,263;0;0,225;0;0;0;0,868;0;0,013;0;0;0;0;0,088;0;0;0;0
0;0;0;0;0;0,062;0;0,086;0;0;0;0;0,012;0;0,025;0;0,037;0,243;0;0;0;0;0;0;0;0;0;0;0;0,074;0,358;0;0,272;0;0;0;0,736;0;0;0;0,025;0;0;0,025;0;0;0;0,021
0;0;0,014;0,014;0;0,135;0;0,092;0,007;0;0;0;0;0;0,014;0;0,071;0,078;0;0;0;0;0;0;0;0;0;0;0;0,121;0,305;0;0,085;0;0;0,007;0,575;0;0;0,007;0,007;0;0;0,071;0,014;0;0;0,006
0;0;0,02;0;0;0,082;0;0,102;0,034;0;0,007;0,02;0,027;0;0,007;0;0,041;0,169;0;0;0;0;0;0;0;0,02;0;0;0,014;0,146;0,344;0;0,061;0;0;0,02;0,464;0;0;0;0,007;0;0;0,041;0;0;0;0,01
0;0;0,006;0,006;0;0,113;0;0,088;0,025;0;0;0,006;0,019;0,006;0,006;0;0,063;0,184;0;0;0;0;0;0;0;0,013;0;0;0;0,116;0,295;0;0,119;0;0;0;0,441;0;0,006;0;0,006;0;0;0,056;0;0;0,006;0
0;0;0;0,005;0,005;0,068;0;0,068;0,049;0;0;0;0,024;0;0,01;0;0,015;0,221;0;0,01;0;0;0;0;0;0,02;0;0;0,005;0,163;0,398;0;0,068;0;0;0;0,218;0;0;0;0,005;0,005;0;0,049;0;0;0;0
0;0;0,014;0,005;0;0,082;0;0,119;0,037;0;0;0,009;0,014;0;0,009;0;0,032;0,226;0,005;0;0;0;0,005;0;0;0,005;0;0;0;0,121;0,322;0;0,1;0;0;0;0,204;0;0,014;0;0,018;0;0;0,064;0;0;0;0,003
0;0;0,01;0;0;0,054;0;0,088;0,054;0;0;0;0,02;0;0,015;0;0,034;0,221;0;0;0;0;0;0;0;0,02;0;0;0;0,162;0,314;0;0,078;0;0;0;0,224;0;0,01;0;0,025;0;0;0,074;0;0;0;0,009
0;0;0,008;0;0;0,054;0;0,045;0,012;0;0;0;0,025;0;0,008;0;0,008;0,177;0;0;0;0;0,004;0;0;0,012;0;0;0;0,192;0,407;0;0,128;0;0;0,008;0,227;0;0;0,004;0;0;0;0,037;0;0;0,004;0,016
0;0;0,024;0;0;0,106;0;0,091;0,029;0;0;0,01;0,019;0;0,014;0;0,043;0,2;0;0;0;0;0;0;0;0,01;0;0;0,019;0,142;0,281;0;0,111;0;0;0;0,191;0;0;0;0,029;0;0;0,063;0;0;0;0,019
0,01;0;0,005;0;0;0,01;0;0,057;0,038;0;0;0,005;0,005;0;0,01;0;0,019;0,186;0;0,005;0,005;0;0;0;0;0,019;0;0;0;0,207;0,442;0;0,071;0;0;0;0,222;0,01;0;0;0;0;0;0,052;0;0;0,005;0,015
0;0;0,01;0,01;0;0,061;0;0,066;0,005;0;0;0;0,026;0;0,015;0;0,036;0,197;0;0;0;0;0;0;0;0,031;0;0;0,015;0,156;0,324;0;0,107;0;0;0,005;0,234;0;0;0;0,02;0;0;0,082;0,005;0;0;0,016
0;0;0,006;0;0;0,044;0;0,033;0,017;0;0;0;0;0;0;0;0,028;0,15;0;0,011;0;0;0,006;0;0;0,011;0;0;0;0,207;0,439;0,006;0,061;0;0;0;0,33;0;0,011;0;0;0;0;0,05;0;0;0;0,013
0;0;0,016;0;0;0,07;0;0,06;0,033;0;0;0,011;0,005;0;0;0;0,038;0,252;0,005;0;0;0;0,022;0;0;0,011;0;0;0,005;0,103;0,29;0;0,136;0;0;0;0,248;0,005;0;0;0,054;0;0;0,108;0;0;0;0,006
0,01;0;0,01;0;0;0,077;0;0,051;0,015;0;0;0,005;0;0;0;0;0,031;0,163;0;0,005;0;0;0;0;0;0,015;0;0;0;0,165;0,409;0;0,123;0;0;0;0,312;0;0;0,005;0,005;0;0;0,031;0;0;0;0,009
0;0;0,005;0,01;0;0,068;0;0,094;0,01;0;0;0,005;0;0;0,005;0;0,021;0,263;0;0;0;0;0,005;0;0;0;0;0;0;0,181;0,357;0;0,063;0,005;0;0;0,227;0;0;0;0,037;0;0;0,1;0;0;0;0,009
0,015;0;0;0;0;0,018;0;0,009;0,018;0;0;0;0,004;0;0;0;0,018;0,126;0;0;0;0;0,004;0;0;0,009;0;0;0;0,377;0,445;0;0,053;0;0;0;0,174;0;0;0;0,004;0;0;0,009;0;0;0;0,006
0;0;0,011;0;0;0,049;0;0,099;0,038;0;0;0;0,011;0;0,016;0;0,033;0,201;0;0;0;0;0,016;0;0;0;0;0;0,011;0,142;0,277;0;0,137;0,011;0;0;0,384;0;0;0,005;0,038;0;0;0,071;0;0;0;0,006
0;0;0,005;0,005;0;0,038;0;0,024;0,005;0;0;0,014;0,029;0,005;0,01;0;0,029;0,15;0;0;0;0;0;0;0;0,01;0;0;0;0,164;0,507;0;0,11;0;0;0,005;0,377;0;0;0;0;0;0;0,014;0,005;0;0,005;0
0;0;0,017;0,006;0;0,097;0;0,092;0,029;0;0;0;0,011;0;0,034;0;0,011;0,226;0;0;0;0;0;0;0;0;0;0;0;0,126;0,324;0,006;0,12;0,006;0;0;0,343;0;0,011;0;0,017;0;0;0,057;0;0;0;0,006
0;0;0;0;0;0,025;0;0,086;0,006;0;0;0,006;0,019;0;0,012;0;0,006;0,206;0;0;0;0;0;0;0;0,006;0;0;0;0,182;0,429;0;0,13;0;0;0;0,447;0;0;0,012;0;0;0;0,031;0;0;0;0,012
0;0;0,007;0,007;0;0,086;0;0,086;0,036;0;0;0;0,014;0;0;0;0,007;0,187;0;0;0;0;0;0;0;0,007;0;0;0,007;0,136;0,355;0;0,1;0;0;0;0,515;0;0,007;0;0,022;0;0;0,093;0;0;0;0,006
0,011;0;0;0;0;0,067;0;0,052;0,015;0;0;0,015;0,03;0;0,007;0;0,052;0,192;0,007;0;0;0;0,007;0;0;0;0;0;0;0,112;0,342;0,015;0,126;0;0;0,007;0,529;0;0,007;0,007;0,022;0;0;0,052;0;0;0;0,009
0;0;0,007;0;0,007;0,08;0;0,067;0,027;0;0;0;0,013;0;0,007;0;0,06;0,247;0;0;0;0;0;0;0;0,007;0;0;0,007;0,114;0,311;0;0,127;0;0;0;0,447;0,007;0,007;0;0,054;0;0;0,06;0;0;0;0,006
0;0;0;0;0;0,115;0;0,097;0,012;0;0;0,006;0,006;0;0,006;0;0,03;0,122;0;0,006;0;0;0;0,006;0;0;0;0;0;0,16;0,254;0;0,187;0;0;0;0,574;0,006;0;0,006;0,024;0;0;0,048;0;0;0,006;0,01
0;0;0,011;0;0;0,075;0;0,096;0,016;0;0;0,005;0,021;0;0,011;0;0,016;0,221;0,005;0;0;0;0,005;0;0;0;0;0;0;0,115;0,281;0;0,118;0;0;0;0,332;0;0;0;0,048;0;0;0,102;0,005;0;0,011;0,009
0,009;0;0;0;0;0,09;0;0,06;0,006;0;0,006;0,006;0,036;0;0,018;0;0,06;0,262;0;0;0;0;0;0,006;0;0,006;0;0;0;0,132;0,318;0,006;0,138;0;0;0;0,333;0;0;0;0,006;0;0;0,072;0;0;0;0,006
0;0;0,023;0,005;0,009;0,083;0;0,069;0,056;0;0,005;0,005;0,009;0;0,009;0;0,014;0,2;0;0;0;0;0,005;0,005;0;0;0;0;0,009;0,113;0,34;0;0,111;0;0;0;0,169;0;0;0,014;0,032;0;0;0,074;0;0;0;0,009
0;0;0;0,005;0;0,112;0;0,061;0,02;0;0,005;0,005;0,01;0;0,025;0;0;0,196;0;0;0;0;0,01;0;0;0,005;0;0;0;0,19;0,327;0;0,091;0;0;0;0,273;0;0,01;0,005;0,025;0;0;0,076;0;0;0;0,003
0;0;0,013;0,003;0;0,133;0;0,044;0,013;0;0;0,003;0,016;0;0,016;0;0,006;0,125;0;0;0;0;0,01;0;0;0,006;0;0;0;0,059;0,17;0,013;0,076;0;0;0,003;0,127;0;0,003;0;0,025;0;0;0,073;0;0;0;0,003
0;0;0,01;0;0;0,048;0;0,022;0,013;0;0;0;0,022;0;0,016;0;0,01;0,138;0,003;0;0;0;0,006;0;0;0,01;0;0;0,003;0,075;0,278;0;0,051;0,003;0;0;0,178;0;0;0,003;0,013;0;0;0,019;0;0;0;0,009
0,01;0;0,01;0,003;0,003;0,07;0;0,03;0,02;0;0;0;0,01;0;0,013;0;0,013;0,14;0;0,003;0;0;0,003;0;0;0,003;0;0;0;0,063;0,167;0;0,066;0;0;0,003;0,206;0;0;0,007;0,017;0;0;0,043;0;0;0,003;0,016
0;0;0,007;0;0;0,059;0;0,049;0,023;0;0;0;0,013;0;0,01;0;0,013;0,167;0;0;0;0;0,007;0;0;0,003;0;0;0;0,069;0,145;0;0,079;0,003;0;0;0,191;0;0,007;0,003;0,02;0,003;0;0,03;0,003;0;0;0,01
0;0;0,006;0;0;0,073;0;0,051;0,013;0;0;0;0,019;0;0,016;0;0,016;0,158;0;0;0;0;0;0;0;0;0;0;0;0,073;0,161;0;0,083;0;0;0;0,176;0;0;0,006;0,025;0;0;0,041;0;0;0;0,016
0;0;0;0;0,003;0,047;0;0,023;0,02;0;0;0;0,007;0;0,007;0;0,01;0,113;0;0,003;0;0;0,01;0;0;0,007;0;0;0;0,07;0,211;0,003;0,067;0,003;0;0;0,235;0;0,003;0,003;0,01;0;0;0,047;0;0;0;0,013
0;0;0,006;0;0;0,068;0;0,03;0,006;0;0;0;0,012;0;0,015;0;0,021;0,113;0;0;0;0;0,009;0,003;0;0;0,003;0;0,009;0,064;0,164;0,003;0,05;0,006;0;0;0,246;0;0,003;0;0,018;0;0;0,047;0;0;0;0,009
0,007;0;0;0,003;0;0,052;0;0,036;0,013;0;0;0;0,026;0;0,007;0;0,013;0,164;0,003;0;0;0;0;0;0;0,003;0;0;0;0,044;0,206;0,003;0,075;0,003;0;0;0,191;0;0;0;0,003;0,003;0;0,046;0,003;0;0;0,006
0;0;0,016;0,006;0;0,098;0;0,032;0,01;0;0;0,003;0,006;0;0,022;0;0,016;0,097;0;0;0;0;0,01;0;0;0;0;0;0;0,055;0,209;0,003;0,086;0;0;0,006;0,155;0;0;0;0,016;0;0;0,098;0;0;0;0,015
0,005;0;0,003;0,003;0;0,041;0;0,028;0,035;0;0;0,006;0,025;0;0,006;0;0,009;0,171;0;0;0;0;0,003;0;0;0,003;0;0;0;0,097;0,256;0,003;0,063;0;0;0;0,089;0;0,003;0,003;0,013;0;0;0,06;0;0;0;0,012
0;0;0,013;0,003;0;0,075;0;0,042;0,016;0;0;0;0,007;0;0,01;0;0,023;0,12;0;0,003;0;0;0;0;0;0,007;0;0;0,003;0,094;0,223;0,003;0,059;0;0;0,01;0,149;0,003;0;0,01;0,02;0;0;0,059;0;0;0;0,016
0;0;0,003;0;0;0,053;0;0,026;0,01;0;0;0;0,02;0;0,007;0;0,013;0,169;0,007;0;0;0;0,01;0;0;0,003;0;0;0;0,085;0,268;0;0,056;0;0;0;0,143;0;0;0,003;0,016;0;0;0,03;0,003;0;0;0,01
0;0;0,009;0;0;0,092;0;0,035;0,02;0;0;0;0,003;0;0,017;0;0,029;0,143;0;0;0;0;0,014;0;0;0,006;0;0;0;0,085;0,188;0;0,046;0;0,003;0,003;0,141;0;0;0;0,009;0;0;0,087;0;0;0;0,006
0;0;0,009;0,005;0,005;0,136;0;0,075;0,023;0;0;0;0,019;0;0,014;0;0,037;0,161;0;0;0;0;0,009;0;0;0;0;0;0;0,077;0,301;0;0,112;0,005;0;0,005;0,227;0;0,005;0,005;0,028;0;0;0,117;0;0;0;0,009
0;0;0,007;0;0;0,033;0;0,036;0;0;0;0;0,01;0;0,01;0;0,01;0,062;0;0,003;0;0;0;0;0;0;0;0;0;0,21;0,243;0;0,073;0;0;0;0,193;0;0;0;0,01;0;0;0,026;0;0;0,007;0
0,006;0;0,004;0;0,004;0,046;0;0,1;0,013;0;0;0,004;0,013;0;0,004;0;0,021;0,112;0;0;0;0;0;0,004;0;0,004;0;0;0;0,226;0,366;0;0,084;0,008;0;0,004;0,262;0,004;0,004;0,004;0,017;0;0;0,046;0;0;0;0,006
0;0;0,01;0,005;0;0,058;0;0,144;0;0;0;0;0,014;0;0,005;0;0,024;0,137;0;0;0;0;0,019;0;0;0;0;0;0,01;0,175;0,293;0;0,11;0;0;0,005;0,287;0;0,01;0;0,014;0;0;0,072;0;0;0;0,012
0,008;0;0,005;0,005;0;0,052;0;0,119;0,01;0;0;0;0,01;0;0,016;0;0,01;0,111;0;0;0;0;0;0;0;0;0;0;0,016;0,226;0,319;0;0,094;0,005;0;0,016;0,342;0;0;0;0,021;0;0;0,036;0;0;0,005;0,012
0,015;0;0,017;0,004;0;0,013;0;0,1;0,004;0;0;0,009;0,03;0;0,009;0;0,026;0,128;0;0;0;0;0,004;0;0;0,004;0;0;0,013;0,212;0,461;0;0,03;0;0;0;0,198;0;0;0;0,013;0;0;0,026;0;0;0;0,003
0;0;0;0,005;0;0,049;0;0,078;0;0;0;0,005;0;0;0;0;0,02;0,143;0;0,005;0;0;0,005;0;0;0,01;0;0;0;0,26;0,431;0;0,049;0;0;0,005;0,292;0;0;0;0,005;0;0;0,064;0,005;0;0;0,012
0;0;0,032;0;0;0,032;0;0,101;0,011;0;0;0;0,011;0;0;0;0,011;0,175;0;0;0;0;0,005;0;0;0,005;0,005;0;0,005;0,318;0,353;0;0,037;0;0;0;0,276;0;0,005;0,005;0,021;0;0;0,027;0;0;0;0,003
0;0;0,015;0,005;0;0,035;0;0,13;0,025;0;0;0,005;0,005;0;0,015;0;0,035;0,177;0;0;0;0;0,005;0;0;0,005;0,005;0;0,005;0,203;0,281;0;0,08;0;0;0;0,311;0;0;0;0,02;0;0;0,085;0;0;0;0,003
0;0;0,012;0,006;0;0,053;0;0,094;0;0;0;0,012;0,006;0;0;0;0,012;0,212;0;0;0;0;0,012;0;0;0;0;0;0,006;0,138;0,411;0,006;0,094;0,012;0;0;0,353;0,006;0;0;0,029;0;0;0,041;0;0;0;0,003
0,006;0;0,026;0,004;0,004;0,03;0;0,056;0,013;0;0;0,004;0;0;0;0;0,017;0,158;0;0;0;0;0,009;0;0;0,004;0;0;0;0,209;0,404;0,004;0,085;0;0;0;0,176;0,009;0;0;0,03;0;0;0,056;0;0;0;0,003
0;0;0,009;0,005;0;0,005;0;0,098;0,014;0;0;0,019;0,009;0;0;0;0,005;0,123;0;0;0;0;0,005;0;0;0;0;0;0;0,287;0,448;0;0,051;0;0;0,009;0,241;0;0;0;0,005;0;0;0,023;0;0;0;0,003
0;0;0,004;0;0,008;0,035;0;0,106;0;0;0;0,008;0,016;0;0,004;0;0,012;0,096;0;0;0;0;0;0;0;0;0;0;0,004;0,306;0,411;0;0,051;0;0;0,004;0,115;0;0;0;0,008;0;0;0,016;0,004;0;0;0,003
0;0;0,013;0;0;0,021;0;0,051;0,009;0;0;0,004;0,034;0;0;0;0,013;0,161;0;0;0;0;0,013;0;0;0,009;0;0;0,004;0,316;0,42;0,004;0,034;0,004;0;0,004;0,143;0;0;0;0,004;0;0;0,017;0;0;0;0,006
0;0;0,015;0;0,004;0,015;0;0,091;0,022;0;0;0,015;0,011;0;0,007;0;0;0,083;0;0;0;0;0,004;0;0;0;0,004;0;0;0,195;0,529;0;0,025;0,004;0;0,007;0,077;0;0,004;0;0,018;0;0;0,029;0;0;0;0,003
0;0;0,015;0,004;0;0,012;0;0,07;0;0;0;0,004;0,012;0;0,008;0;0,015;0,107;0;0;0;0;0;0;0;0,004;0;0;0;0,275;0,466;0;0,046;0,004;0;0,015;0,075;0;0;0;0,012;0;0;0,023;0;0;0;0
0;0;0,008;0;0;0,008;0;0,039;0,016;0;0;0,004;0,008;0;0,008;0;0,008;0,163;0;0;0;0;0;0;0;0;0,004;0;0;0,371;0,43;0;0,023;0;0;0;0,066;0;0;0;0,012;0;0;0,035;0;0;0;0,012
0;0;0,007;0;0;0,011;0;0,047;0,011;0;0;0;0,007;0;0;0;0,015;0,093;0;0;0;0;0;0;0;0,004;0;0;0,015;0,432;0,37;0;0,026;0;0;0,011;0,039;0;0;0;0,004;0;0;0,011;0;0;0;0,003
0;0;0,016;0,004;0,004;0,024;0;0,124;0,036;0;0;0,012;0,012;0;0,004;0;0,028;0,164;0;0,012;0;0;0,008;0;0;0,016;0,004;0;0,008;0,148;0,324;0,004;0,056;0,004;0;0,004;0,12;0;0;0,008;0,024;0;0;0,048;0,004;0,004;0;0,018
0;0;0,012;0;0;0,024;0;0,036;0,016;0;0;0,004;0,028;0;0,008;0;0,004;0,142;0;0;0;0;0;0;0;0,004;0;0;0;0,341;0,429;0;0,052;0;0;0;0,105;0;0;0;0,004;0;0;0,032;0;0;0;0,003
0;0;0;0;0;0,004;0;0,039;0,004;0;0;0;0,012;0;0,004;0;0,012;0,146;0;0;0;0;0;0;0;0;0;0;0,004;0,371;0,454;0;0,023;0;0;0,016;0,062;0;0;0;0,016;0;0;0,027;0,004;0;0;0
0;0;0,009;0;0;0,022;0;0,104;0,017;0;0;0,013;0,004;0;0,004;0;0,009;0,2;0;0;0;0;0,009;0,004;0;0;0;0;0,017;0,201;0,419;0;0,078;0,009;0;0,004;0,057;0,004;0;0;0,013;0;0;0,039;0;0;0,009;0,007
0,013;0;0,031;0,004;0;0,027;0;0,081;0,018;0;0;0,018;0,013;0;0,004;0;0,018;0,171;0;0,004;0;0;0,004;0;0;0;0;0;0;0,143;0,48;0,004;0,067;0;0,004;0;0,122;0;0;0;0,013;0;0;0,04;0;0;0;0,003
0;0;0,004;0,004;0;0,004;0;0,028;0,008;0;0;0,008;0,004;0;0;0;0,008;0,146;0;0;0;0;0,004;0;0;0;0,004;0;0;0,454;0,399;0,008;0,024;0;0;0,004;0,038;0;0,008;0;0,008;0,004;0;0,012;0;0;0;0
0,017;0;0,004;0;0;0,013;0;0,093;0,013;0;0;0,008;0,008;0;0,008;0;0,021;0,206;0,004;0;0;0;0;0,004;0;0;0,004;0;0,004;0,35;0,314;0;0,042;0;0;0,017;0,064;0;0;0,004;0,021;0;0;0,034;0;0;0;0,006
0;0;0,008;0,004;0;0,025;0;0,062;0,008;0;0;0;0;0;0;0;0,012;0,243;0;0;0;0;0;0;0;0;0;0;0;0,369;0,421;0;0,045;0;0;0,004;0,062;0;0;0;0,012;0;0;0,021;0;0;0;0,003
0,016;0;0,012;0,008;0;0,02;0;0,127;0,004;0;0;0,004;0;0;0,004;0;0,008;0,218;0;0;0;0;0;0;0;0,004;0,004;0;0;0,325;0,393;0;0,029;0;0;0;0,083;0;0,004;0;0,004;0;0;0,025;0;0;0;0,009
0;0;0,008;0;0;0,004;0;0,085;0,004;0;0,004;0,02;0,008;0;0;0;0,016;0,208;0;0,004;0;0;0;0;0;0;0;0;0;0,31;0,447;0;0,02;0;0;0;0,05;0,004;0;0;0,008;0;0;0,045;0;0;0;0,009
0,006;0;0,013;0;0,004;0,009;0;0,099;0,013;0;0;0,009;0,004;0;0,004;0;0,009;0,215;0;0;0;0;0;0;0;0;0;0;0;0,455;0,277;0;0,047;0;0;0,004;0,049;0,009;0;0;0;0;0;0,017;0;0;0,004;0,003
0;0;0,012;0,012;0;0,033;0;0,133;0,021;0;0;0,012;0,008;0;0;0;0,004;0,247;0;0,004;0;0;0,012;0;0;0;0;0;0,004;0,26;0,374;0;0,05;0,008;0;0;0,091;0;0,004;0;0,004;0;0;0,025;0;0;0,004;0
0;0;0,008;0,008;0;0,025;0;0,065;0,016;0;0;0,004;0,008;0;0;0;0,004;0,161;0;0;0;0;0,004;0;0;0,004;0;0;0;0,387;0,372;0;0,053;0;0;0,008;0,039;0;0;0;0;0;0;0,025;0;0;0;0,007
0;0;0,008;0,008;0;0,03;0;0,093;0,03;0;0;0,004;0,025;0;0,004;0;0,008;0,18;0;0,008;0;0;0;0;0;0,004;0;0;0,004;0,226;0,423;0,004;0,034;0,013;0;0,008;0,067;0;0;0;0,004;0;0;0,025;0;0;0,004;0,013
0,006;0;0,013;0,004;0;0,03;0;0,068;0,008;0;0;0,008;0,008;0;0;0;0,008;0,213;0;0;0;0;0;0;0;0,004;0;0;0,004;0,39;0,316;0;0,051;0;0;0,004;0,078;0;0,008;0;0;0;0;0,055;0;0;0;0,003
0,004;0;0,004;0;0;0,021;0;0,049;0,004;0;0;0,004;0,004;0;0;0;0,004;0,208;0;0;0;0;0;0;0;0;0;0;0;0,436;0,391;0;0,037;0;0;0,004;0,032;0,004;0;0;0,008;0;0;0,012;0;0;0;0,013
0;0;0,009;0;0;0,037;0;0,111;0,009;0;0;0;0,005;0;0,005;0;0,005;0,222;0;0;0;0;0;0;0;0;0;0;0,005;0,359;0,346;0,005;0,028;0;0;0;0,107;0;0,005;0;0,009;0;0;0,037;0;0;0;0,013
0,006;0;0,016;0;0;0,016;0;0,081;0,008;0;0;0,004;0,004;0;0,004;0;0,008;0,183;0;0;0;0;0;0,004;0;0,004;0;0;0;0,367;0,367;0,004;0,053;0;0;0,004;0,035;0,004;0,004;0;0,012;0;0;0,012;0;0;0;0,01
0;0;0,004;0;0,004;0,02;0;0,065;0,004;0;0;0,004;0;0;0;0;0,008;0,171;0;0,004;0;0;0;0;0;0;0;0;0,004;0,454;0,333;0;0,036;0;0;0;0,05;0,004;0,004;0;0,004;0;0;0,028;0;0;0;0,01
0,018;0;0,013;0,004;0;0,009;0;0,106;0,009;0;0;0,004;0,009;0;0,004;0;0;0,232;0;0;0;0;0;0;0;0;0;0;0,004;0,35;0,361;0;0,018;0;0;0;0,062;0,009;0;0;0,009;0;0;0,044;0;0;0;0,003
0;0;0,004;0,004;0;0,004;0;0,085;0,026;0;0;0;0,009;0;0;0;0,013;0,204;0;0;0;0;0,004;0;0;0,004;0;0;0;0,335;0,391;0,004;0,073;0;0;0;0,064;0;0;0,004;0,009;0;0;0,021;0;0;0;0,013
0,004;0;0,008;0;0;0,028;0;0,089;0;0;0;0,012;0;0;0;0;0,016;0,221;0;0;0;0;0,012;0;0;0,004;0;0;0;0,355;0,337;0;0,057;0;0;0,004;0,065;0,012;0,004;0;0,012;0;0;0,032;0;0;0;0,006
0,004;0;0,004;0,004;0;0,022;0;0,043;0,009;0;0;0;0;0;0;0;0;0,183;0;0;0;0;0,004;0;0;0;0;0;0;0,405;0,31;0,009;0,134;0;0;0;0,068;0;0;0;0,009;0;0;0,017;0;0;0;0
0;0;0,004;0,008;0;0,008;0;0,102;0;0;0;0,004;0;0;0;0;0,004;0,161;0;0;0;0;0,004;0,004;0;0,008;0;0;0,004;0,376;0,38;0,004;0,043;0;0;0;0,052;0;0;0;0;0;0;0,027;0;0;0;0,003
0;0;0,004;0,004;0;0,022;0;0,101;0,004;0;0;0;0,004;0;0;0;0,004;0,233;0;0;0;0;0;0;0;0,004;0;0;0,009;0,358;0,382;0;0,057;0;0;0;0,058;0;0,004;0;0,009;0;0;0,022;0;0;0;0,003
0;0;0,003;0;0;0,01;0;0,052;0;0;0;0;0,003;0;0;0;0,007;0,113;0;0,017;0;0;0,003;0;0;0,007;0;0;0,003;0,377;0,446;0;0,031;0;0;0;0,046;0,007;0;0;0,003;0;0;0,024;0;0;0;0,006
0,006;0;0,008;0;0;0,032;0;0,095;0;0;0;0,008;0,004;0;0;0;0,004;0,205;0;0;0;0;0;0;0;0;0;0;0,004;0,355;0,413;0,004;0,036;0;0;0;0,063;0,004;0;0;0,004;0;0;0,016;0;0;0;0,003
0;0;0,013;0,004;0;0,017;0;0,088;0,004;0;0;0,013;0;0;0;0;0,038;0,255;0;0;0;0;0;0;0;0;0;0;0,008;0,388;0,333;0,008;0,054;0;0;0;0,028;0;0;0;0,013;0;0;0,013;0;0;0;0,009
0;0;0,011;0,008;0;0,015;0;0,068;0,011;0;0;0,008;0;0;0,004;0;0,008;0,17;0;0;0;0;0;0;0;0;0;0;0,004;0,392;0,403;0;0,03;0;0;0;0,054;0;0;0;0;0;0;0,03;0;0;0,004;0,009
0,006;0,004;0;0;0;0,016;0;0,083;0,004;0;0;0;0;0;0;0;0,008;0,159;0;0,004;0;0;0;0;0;0;0;0;0,004;0,413;0,415;0;0,012;0;0;0;0,038;0;0,004;0;0;0;0;0,024;0;0;0;0,003
0;0;0,014;0;0;0,011;0;0,116;0;0;0;0;0;0;0;0;0,007;0,056;0;0;0;0;0;0;0;0;0;0;0,004;0,405;0,392;0;0,025;0,004;0;0;0,056;0;0;0;0,011;0;0;0,014;0;0;0;0,003
0,017;0;0;0;0;0,004;0;0,18;0;0;0;0,004;0;0;0,004;0;0,004;0,037;0;0;0;0;0;0;0;0;0;0;0;0,423;0,314;0;0,008;0;0;0,008;0,121;0;0;0;0;0;0;0,015;0;0;0,004;0,01
0;0;0,011;0,004;0;0,007;0;0,083;0;0;0;0;0,004;0;0,004;0;0,007;0,083;0;0;0;0;0,004;0;0;0;0;0;0;0,421;0,395;0;0,043;0;0;0;0,021;0;0;0,004;0,011;0;0;0;0;0;0;0
0;0;0;0;0;0,004;0;0,068;0;0;0;0,004;0;0;0;0;0,004;0,086;0;0;0;0;0;0;0;0;0;0;0;0,409;0,448;0;0,038;0;0;0,004;0,047;0;0,004;0,004;0;0;0;0,011;0;0;0;0,01
0;0;0;0,004;0;0,012;0;0,075;0,016;0;0;0;0,008;0;0,004;0;0,008;0,133;0;0;0;0;0;0;0;0;0;0;0,004;0,413;0,371;0;0,043;0,004;0;0,004;0,041;0;0,004;0,004;0,008;0;0;0,02;0;0;0;0,007
0,004;0;0,011;0,008;0;0,008;0;0,053;0;0;0;0;0,004;0;0,004;0;0,004;0,102;0;0;0;0;0;0;0;0;0;0;0;0,579;0,281;0;0,011;0;0;0,004;0,029;0,004;0;0;0;0;0;0,023;0;0;0,004;0,007
0;0;0,007;0,004;0;0,018;0;0,077;0;0;0;0,004;0,004;0;0;0;0,004;0,129;0;0,007;0;0;0;0;0;0;0;0;0,004;0,465;0,321;0;0,041;0;0;0;0,018;0,004;0;0;0;0;0;0,041;0;0;0;0
0,003;0;0,003;0;0,003;0;0;0,069;0;0;0;0,003;0;0;0;0;0;0,056;0;0;0;0;0;0;0;0;0;0;0,003;0,479;0,395;0;0,016;0;0;0;0,01;0;0;0;0;0;0;0,007;0;0;0,003;0,003
0;0;0,008;0;0;0,012;0;0,061;0,008;0;0;0;0,004;0;0;0;0,004;0,112;0;0,008;0;0;0;0;0;0;0;0;0,004;0,443;0,361;0;0,035;0;0;0,004;0,044;0;0,004;0;0,008;0;0;0,031;0;0;0;0,007
0,006;0;0;0,004;0;0,008;0;0,027;0,004;0;0;0,004;0,004;0;0;0;0,004;0,102;0;0;0;0;0;0;0;0;0;0;0,004;0,548;0,337;0;0,027;0;0;0;0,022;0;0;0;0,008;0;0;0;0;0;0,004;0,003
0;0;0,004;0;0;0,013;0;0,057;0,009;0;0;0,009;0,004;0;0;0;0;0,211;0;0;0;0;0;0;0;0;0;0;0;0,438;0,365;0;0,066;0,004;0;0;0,062;0;0,004;0;0,009;0;0;0,004;0;0;0,004;0
0;0;0,013;0;0;0,025;0;0,113;0,019;0;0;0,006;0,006;0;0;0;0,019;0,167;0;0,006;0;0;0;0,006;0;0;0;0;0,006;0,248;0,42;0;0,031;0;0;0,013;0,07;0,019;0;0;0,013;0;0;0,013;0;0;0;0,005
0,006;0;0,004;0;0;0,029;0;0,042;0,004;0;0;0,004;0;0;0;0;0,013;0,192;0;0;0;0;0;0;0;0;0;0;0,021;0,336;0,403;0;0,084;0,004;0;0,004;0,04;0;0,004;0;0;0;0;0,038;0;0;0;0
0;0;0;0,004;0;0,019;0;0,034;0,019;0;0;0;0;0;0,004;0;0,004;0,124;0;0;0;0;0,004;0;0;0;0;0;0,004;0,406;0,434;0,004;0,03;0;0;0;0,025;0;0,004;0;0,011;0;0;0,011;0;0;0;0,003
0,013;0;0,009;0;0;0,021;0;0,06;0;0;0;0;0;0;0;0;0,021;0,212;0;0,009;0;0;0,004;0;0;0;0,004;0;0,004;0,396;0,364;0;0,026;0;0;0,013;0,06;0;0;0;0;0,004;0;0,03;0;0;0;0,003
0;0;0,009;0;0;0,018;0;0,036;0,004;0;0;0;0;0;0;0;0,013;0,315;0;0;0;0;0;0,004;0;0,004;0;0;0,013;0,337;0,413;0;0,107;0;0;0;0,055;0;0;0;0;0;0;0,036;0;0;0;0,006
0;0;0,013;0,004;0;0,034;0;0,09;0;0;0;0;0;0;0,004;0;0,009;0,268;0;0,004;0;0;0;0;0;0;0;0;0;0,262;0,394;0;0,125;0;0;0;0,086;0;0;0;0;0;0;0,043;0;0;0;0,003
0;0;0;0;0;0,008;0;0,03;0;0;0;0,008;0;0;0;0;0,008;0,216;0;0;0;0;0;0;0;0;0;0;0;0,5;0,364;0,008;0,038;0;0;0;0,025;0;0,004;0;0;0;0;0,025;0;0;0,004;0,003
0;0;0;0;0;0,008;0;0,039;0;0;0;0;0;0;0,004;0;0,004;0,136;0;0;0;0;0;0;0;0,008;0;0;0,004;0,425;0,461;0;0,02;0;0;0,004;0,034;0;0;0;0;0;0;0,012;0;0;0;0,003
0;0;0,005;0,005;0;0,014;0;0,05;0;0;0,005;0;0,005;0;0;0;0;0,242;0;0;0;0;0;0;0;0;0,005;0;0,005;0,311;0,516;0;0,027;0,005;0;0,005;0,048;0,005;0;0;0,009;0;0;0,027;0;0;0;0
0;0;0,004;0,012;0;0,021;0;0,112;0,004;0;0;0,004;0;0;0,008;0;0;0,207;0;0;0;0,004;0;0;0;0;0;0;0,012;0,343;0,393;0;0,05;0;0,004;0;0,028;0;0,004;0;0;0;0;0,012;0;0;0;0,016
0;0;0,008;0,004;0;0,016;0;0,051;0,008;0;0;0,008;0;0;0,004;0;0,012;0,155;0;0,004;0;0;0;0;0;0;0;0;0;0,3;0,462;0;0,062;0,004;0;0,004;0,076;0,008;0;0;0;0;0;0,031;0;0;0;0,006
0;0;0,007;0;0;0,004;0;0,065;0;0;0;0,004;0;0;0;0;0;0,139;0;0;0;0;0,004;0;0;0;0;0;0,004;0,507;0,335;0;0,029;0;0;0,004;0,021;0;0,004;0;0;0;0;0,022;0,004;0;0;0,003
0;0;0,007;0,007;0;0,011;0;0,068;0,018;0;0;0,004;0,004;0;0;0;0;0,091;0;0;0;0;0,004;0;0;0;0;0;0;0,394;0,435;0;0,014;0,004;0;0,004;0,018;0;0,004;0;0;0;0;0,011;0;0;0,004;0,003
0;0;0;0;0;0,007;0;0,052;0,003;0;0;0;0;0;0;0;0;0,08;0;0;0;0;0;0;0;0;0;0;0;0,565;0,317;0;0,042;0;0;0;0,014;0;0;0;0,007;0;0;0,003;0;0;0;0,003
0,004;0;0,007;0,007;0;0,011;0;0,048;0,004;0;0;0;0;0;0;0;0,007;0,165;0;0,004;0;0;0;0,007;0;0,004;0;0;0;0,398;0,405;0;0,063;0;0;0;0,018;0,004;0;0;0,004;0;0;0,011;0;0;0;0,009
0;0;0,004;0;0;0,017;0;0,14;0,004;0;0;0,004;0;0;0,004;0;0;0,184;0;0;0;0;0;0;0;0;0;0;0;0,393;0,323;0;0,047;0;0;0;0,045;0;0,004;0;0,008;0;0;0,03;0;0;0;0,01
0,005;0;0,007;0,003;0;0,007;0;0,062;0,007;0;0;0;0,003;0;0;0;0;0,204;0;0;0;0;0;0;0;0;0;0;0;0,483;0,315;0;0,076;0;0;0,003;0,04;0,003;0,003;0;0;0;0;0,017;0;0,003;0;0,003
0;0;0;0;0;0,007;0;0,033;0;0;0;0,004;0;0;0,004;0;0,007;0,134;0;0;0;0;0;0;0;0;0;0;0;0,488;0,427;0;0,011;0;0;0;0,011;0,004;0;0;0;0;0;0,011;0;0;0;0
0,008;0;0,006;0,003;0;0,018;0;0,046;0,003;0;0;0,012;0;0;0,003;0;0,009;0,125;0;0,003;0;0,003;0;0;0;0;0;0;0;0,412;0,41;0,003;0,027;0;0;0;0,024;0;0;0;0,003;0;0;0,009;0;0;0,003;0,01
0,009;0;0,004;0;0;0,035;0;0,074;0,013;0;0;0;0;0,004;0;0;0,009;0,292;0;0,004;0;0;0;0;0;0;0;0;0,004;0,206;0,377;0;0,148;0,004;0;0;0,025;0;0,004;0;0,013;0;0;0,087;0;0;0;0
0;0;0,009;0;0;0,013;0;0,091;0,013;0;0;0;0;0;0;0;0,009;0,217;0;0;0;0;0;0;0;0,004;0;0;0;0,33;0,406;0,004;0,065;0;0;0;0,046;0;0;0;0,004;0;0;0,048;0;0;0;0
0;0;0,02;0;0;0,012;0;0,051;0;0;0;0;0,008;0;0;0;0,004;0,145;0;0;0;0;0;0;0;0;0;0;0;0,384;0,463;0;0,024;0;0;0;0,045;0,008;0;0;0;0;0;0,02;0;0;0;0,01
0,005;0;0,013;0,003;0;0,017;0;0,054;0;0;0;0,003;0,003;0;0,003;0;0;0,131;0;0,003;0;0;0;0,003;0;0,007;0;0;0,007;0,514;0,29;0;0,034;0,003;0;0;0,023;0;0;0;0,003;0;0;0,003;0;0;0,007;0
0;0;0;0;0;0,009;0;0,051;0;0;0;0;0;0;0;0;0,004;0,206;0,004;0;0;0;0,004;0;0;0;0;0;0;0,44;0,411;0;0,051;0;0;0;0,045;0;0;0;0;0;0;0,026;0;0;0;0,003
0;0,004;0,007;0;0;0,004;0;0,064;0,004;0;0;0;0,004;0;0;0;0,011;0,073;0;0,029;0;0,004;0;0;0;0,004;0;0;0,043;0,425;0,346;0;0;0;0;0,029;0,004;0;0;0,004;0;0;0;0,007;0;0;0,004;0,003
0,005;0;0,003;0;0;0,007;0;0,041;0;0;0;0,003;0,003;0;0,003;0;0;0,129;0;0;0;0;0;0;0;0;0;0;0,003;0,49;0,398;0;0,031;0;0;0,003;0,024;0;0;0;0;0;0;0,007;0;0;0;0
0,017;0;0,003;0,003;0;0,003;0;0,068;0;0;0;0;0;0;0,003;0;0;0,093;0;0;0;0;0;0;0;0;0;0;0,014;0,575;0,281;0,003;0,007;0,003;0;0,007;0,003;0;0;0;0,003;0;0;0,007;0;0;0;0
0;0;0,007;0;0;0,021;0;0,062;0;0;0,003;0,003;0;0;0;0;0,007;0,083;0;0;0;0;0;0;0;0;0;0;0;0,626;0,256;0;0,01;0;0;0;0,02;0;0;0;0;0;0;0,003;0;0;0;0
0;0;0,007;0;0;0,003;0;0,035;0;0;0;0,007;0;0;0;0;0,017;0,068;0;0;0;0;0;0;0;0;0;0;0;0,719;0,187;0;0,003;0;0;0,014;0;0;0;0;0;0;0;0;0;0;0,003;0,006
0;0;0;0,007;0;0,007;0;0,093;0;0;0;0,007;0;0;0;0;0,003;0,041;0;0;0;0;0;0;0;0;0;0;0;0,41;0,447;0,003;0,013;0;0;0;0,007;0;0;0;0,003;0;0;0,003;0;0;0;0,006
0,004;0;0,011;0,004;0;0;0;0,037;0,007;0;0;0;0;0;0,007;0;0,022;0,112;0;0;0;0;0;0;0;0;0;0;0;0,555;0,307;0,004;0,019;0;0;0,007;0,018;0;0;0;0,004;0;0;0;0;0;0;0,006
0;0;0;0;0;0,003;0;0,111;0;0;0;0;0;0;0;0;0,01;0,068;0;0;0;0;0;0;0;0;0;0;0;0,452;0,389;0;0,021;0;0;0;0,037;0;0;0;0;0;0;0,007;0;0;0;0
0;0;0,006;0;0;0;0;0,085;0;0;0;0,003;0;0;0;0;0,053;0,017;0;0;0;0;0;0;0;0;0;0;0;0,196;0,619;0;0,006;0;0;0,023;0;0;0;0;0;0;0;0;0;0;0,006;0,003
0;0;0,007;0;0;0,01;0;0,18;0;0;0;0;0;0;0;0;0,007;0,017;0;0;0;0;0;0;0;0;0;0;0;0,088;0,698;0;0,007;0;0;0;0,052;0;0;0;0;0;0;0;0;0;0;0
0;0;0,018;0,004;0;0,058;0;0,373;0,004;0;0;0;0;0;0;0;0,013;0,101;0,004;0;0;0;0,004;0;0;0,004;0,004;0;0,018;0,029;0,391;0;0,027;0;0;0;0,239;0;0;0;0,009;0;0;0,009;0;0;0;0,016
0;0;0,004;0,004;0;0,085;0;0,288;0;0;0;0,009;0;0;0,004;0;0;0,082;0;0;0;0;0;0;0;0,009;0;0;0,004;0,22;0,263;0,009;0,054;0;0;0;0,299;0;0,009;0;0,013;0;0;0,013;0;0;0;0,003
0,007;0;0,005;0,015;0;0,088;0;0,185;0;0;0;0,005;0;0;0,01;0;0,005;0,093;0;0;0;0;0;0;0;0,02;0;0;0;0,212;0,371;0;0,024;0;0;0;0,303;0;0;0;0,01;0;0;0,01;0;0;0;0,003
0;0;0,015;0;0;0,162;0;0,197;0;0;0;0;0;0;0,01;0;0;0,12;0;0;0;0;0;0;0;0,015;0;0;0;0,175;0,294;0,005;0,015;0;0;0;0,283;0;0,015;0;0,02;0;0;0,046;0;0;0;0,007
0,01;0;0,016;0,01;0;0,11;0;0,172;0,005;0;0;0,005;0;0;0,005;0;0,005;0,082;0;0;0;0;0;0;0;0,021;0;0;0;0,159;0,287;0,005;0,084;0,01;0;0;0,365;0;0,005;0;0,005;0;0;0,068;0;0;0,005;0,009
0;0;0,005;0,005;0;0,148;0;0,176;0;0;0;0,005;0;0;0,005;0;0;0,122;0;0;0;0;0,005;0;0;0,019;0;0;0,009;0,171;0,347;0,005;0,023;0;0;0;0,2;0;0,005;0;0,014;0;0;0,028;0;0;0;0
0,013;0;0,004;0;0;0,047;0;0,051;0;0;0;0,004;0;0;0,007;0;0,004;0,065;0,004;0;0;0;0;0;0;0,011;0;0;0;0,374;0,387;0,004;0,051;0,004;0;0;0,055;0;0,004;0;0,015;0;0;0,007;0;0;0;0,01
0;0;0,011;0,004;0;0,07;0;0,103;0;0;0;0;0;0;0,004;0;0,011;0,078;0;0;0;0;0;0;0;0,004;0,004;0;0,004;0,275;0,435;0;0,048;0,004;0;0;0,018;0;0;0;0;0;0;0,011;0;0;0;0,003
0;0;0,014;0;0;0,059;0;0,098;0,003;0;0;0,007;0;0;0,007;0,003;0,007;0,059;0;0,003;0;0;0;0;0;0,007;0;0;0,003;0,274;0,406;0;0,056;0;0;0,003;0,003;0;0,007;0,007;0,003;0;0;0,01;0,003;0;0;0,013
0,01;0;0,014;0;0;0,066;0;0,073;0;0;0;0,003;0;0;0,007;0;0,007;0,056;0;0;0;0;0,003;0;0;0,017;0;0;0,003;0,364;0,341;0,003;0,059;0;0;0;0,003;0;0;0,003;0;0;0;0,01;0;0;0;0,003
0;0;0,004;0;0;0,129;0;0,125;0;0;0;0,004;0,008;0;0,019;0;0;0,105;0;0;0;0;0;0;0;0,004;0,004;0;0,004;0,226;0,371;0,004;0,042;0;0;0;0,03;0;0;0;0,011;0;0;0,019;0;0;0;0,007
0,028;0;0,004;0,004;0,004;0,108;0;0,067;0,004;0;0;0;0;0;0,011;0;0,011;0,11;0;0,004;0;0;0;0;0;0;0;0;0,004;0,2;0,396;0,011;0,09;0;0;0,011;0,004;0,004;0,004;0;0;0;0;0,022;0;0;0;0,01
0;0;0,004;0,011;0;0,177;0;0,147;0,004;0;0;0;0,008;0;0,015;0;0,004;0,105;0;0;0;0;0,004;0;0;0,004;0;0;0,008;0,202;0,29;0,008;0,064;0;0;0,004;0,011;0;0,004;0;0,008;0;0;0,023;0;0;0;0,007
0;0;0,011;0;0;0,109;0;0,091;0;0;0;0,007;0,004;0;0,007;0;0;0,115;0;0;0;0;0;0;0;0;0,004;0;0,007;0,194;0,379;0,007;0,116;0;0;0;0,014;0;0;0;0,025;0;0;0,022;0;0;0,004;0,006
0,017;0;0,009;0;0,003;0,093;0;0,102;0;0;0;0;0,003;0;0,006;0;0,003;0,055;0;0;0;0;0;0;0;0;0;0;0;0,289;0,379;0,003;0,056;0;0;0,003;0,003;0;0,009;0,003;0,003;0;0;0,006;0;0;0;0,02
0;0;0,006;0,01;0;0,083;0;0,079;0,003;0;0;0;0;0;0,006;0;0;0,022;0;0;0;0;0,003;0;0;0;0;0;0;0,386;0,338;0;0,048;0;0;0;0,003;0;0,003;0,003;0;0;0;0,013;0;0;0;0,003
0,005;0;0,006;0;0;0,039;0;0,026;0;0;0;0,003;0;0;0;0;0,003;0,003;0;0;0;0;0,003;0;0;0;0;0;0;0,415;0,457;0;0,023;0;0;0,01;0,003;0;0;0,003;0,003;0;0;0,003;0;0;0;0
0;0;0,009;0,003;0;0,012;0;0,102;0;0;0;0,006;0;0;0;0;0,025;0,015;0;0;0;0,009;0,006;0,003;0;0;0,003;0;0;0,388;0,391;0;0,012;0;0;0,016;0,003;0;0;0;0,006;0;0;0,006;0;0;0;0
0,009;0;0,021;0,006;0;0,009;0;0,128;0,003;0;0,003;0,003;0;0;0;0;0,006;0,015;0;0;0;0,015;0,003;0;0;0,003;0,009;0;0,012;0,27;0,436;0;0,036;0;0;0,006;0;0,006;0;0,006;0;0;0;0,003;0;0;0;0,006
0;0;0,009;0,006;0;0,015;0;0,058;0;0;0;0,003;0;0;0;0;0,003;0,012;0;0;0;0,006;0,003;0;0;0;0;0;0,003;0,489;0,365;0;0,033;0;0;0;0,006;0;0;0;0;0;0;0,003;0;0;0;0
0;0;0;0;0;0,006;0;0,071;0;0;0;0;0;0;0;0;0;0,031;0;0;0;0;0;0;0;0;0;0;0;0,218;0,669;0,003;0,029;0,003;0;0;0;0;0;0;0;0;0;0;0;0;0;0,003
0,013;0;0;0,007;0;0,003;0;0,04;0;0;0;0;0;0;0;0;0,003;0,05;0;0;0;0;0;0;0;0;0;0;0;0,232;0,662;0;0,03;0,003;0;0,003;0,007;0;0;0;0;0;0;0;0;0;0;0,006
0,005;0;0,003;0;0;0,003;0;0,059;0;0;0;0;0;0;0;0;0,003;0,026;0;0;0;0;0;0;0;0;0;0;0;0,224;0,656;0;0,03;0;0;0,003;0;0,003;0;0;0,007;0;0;0;0;0;0;0
0,004;0;0,003;0;0;0,005;0;0,065;0;0;0;0,003;0;0;0;0;0;0,008;0;0;0;0;0;0;0;0,003;0;0;0,003;0,305;0,583;0;0,022;0;0;0;0;0;0;0;0;0;0;0,003;0;0;0;0,003
0;0;0,018;0,003;0;0,003;0;0,061;0;0;0;0;0;0;0;0;0,003;0,006;0;0,003;0;0;0;0;0;0;0;0;0;0,41;0,456;0;0,03;0;0;0,006;0;0;0;0;0;0;0;0;0;0;0;0,003
0,014;0;0,008;0;0;0;0;0,031;0;0;0;0,003;0;0;0;0;0;0,006;0;0;0;0,003;0;0;0;0;0;0;0;0,494;0,421;0,003;0,011;0;0;0;0;0;0;0;0,003;0;0;0;0;0;0;0
0,007;0;0,011;0;0;0;0;0,056;0;0;0;0;0;0;0;0;0,003;0,011;0;0;0;0,003;0;0,003;0;0;0;0;0;0,487;0,388;0;0,023;0;0;0,006;0;0,003;0,003;0;0;0;0;0,003;0;0;0;0,003
0,013;0;0,01;0;0;0;0;0,055;0;0;0;0,003;0;0;0;0;0,003;0,01;0;0;0;0,003;0,003;0;0;0;0;0;0;0,591;0,296;0,003;0,01;0;0;0;0;0,005;0;0;0;0;0;0;0;0;0;0
0,042;0;0,019;0,003;0;0,003;0;0,068;0;0;0;0,003;0;0;0;0;0;0,003;0;0,003;0;0,003;0;0;0;0;0;0;0;0,569;0,261;0;0,012;0;0;0,009;0;0;0;0;0;0;0;0,003;0;0;0;0
0,046;0;0,033;0,007;0;0;0;0,079;0;0;0;0;0;0;0;0;0,007;0,003;0;0;0;0,003;0,003;0;0;0;0,003;0;0;0,517;0,252;0;0,013;0;0;0,03;0,003;0,003;0;0;0;0;0;0,003;0;0;0;0
0,059;0;0,015;0,003;0;0;0;0,059;0;0;0;0,003;0;0;0;0;0,006;0,003;0;0;0;0;0;0;0;0;0;0;0;0,641;0,199;0;0,003;0;0;0,003;0;0;0;0;0;0;0;0;0;0;0,003;0
0,051;0;0,032;0;0;0,003;0;0,068;0,003;0;0;0,008;0;0;0;0;0;0;0;0;0;0,003;0;0;0;0;0;0;0;0,661;0,142;0;0,011;0;0;0,014;0;0;0;0;0;0;0;0;0;0;0;0
0,027;0;0,023;0;0;0,003;0;0,058;0;0;0;0,009;0;0;0,003;0;0,003;0;0;0;0;0;0;0;0;0;0,003;0;0;0,461;0,382;0;0,003;0;0;0,023;0;0,003;0;0;0;0;0;0;0;0;0;0
0,02;0;0,013;0;0;0,01;0;0,197;0;0;0;0,01;0;0;0;0;0,01;0,01;0;0;0;0;0;0;0;0;0;0;0;0,204;0,494;0;0,026;0;0;0,013;0;0,003;0;0;0;0;0;0;0;0;0;0,003
0;0;0,016;0,003;0;0,013;0;0,072;0;0;0,003;0;0;0,003;0;0;0;0,024;0;0;0;0;0;0,003;0;0,003;0;0;0;0,326;0,486;0;0,034;0,003;0;0,009;0;0;0,009;0;0;0;0;0,006;0;0;0;0
0,012;0;0,015;0,009;0;0,018;0;0,073;0;0;0;0,003;0;0;0,012;0;0,003;0,043;0;0;0;0;0;0;0;0;0;0;0;0,242;0,543;0;0,048;0;0;0;0,003;0;0,003;0;0,006;0;0;0,006;0;0;0,003;0,003
0;0;0,02;0,003;0;0,026;0;0,087;0;0;0,003;0;0;0;0;0;0;0,015;0;0,003;0;0,008;0,003;0;0;0;0;0;0,003;0,357;0,436;0,003;0,018;0;0;0,013;0;0;0;0;0;0;0;0,013;0;0;0;0
0,008;0;0,009;0,003;0;0,012;0;0,052;0;0;0;0;0;0;0;0;0,003;0,009;0;0;0;0;0,003;0;0;0;0,003;0;0;0,443;0,416;0;0,021;0;0;0,006;0;0;0,003;0;0;0;0;0,009;0;0;0;0
0,003;0;0,003;0,003;0;0,006;0;0,113;0;0;0;0,006;0;0;0;0;0,003;0,017;0;0;0;0;0;0,003;0;0,003;0,003;0;0;0,423;0,364;0,003;0,046;0;0;0,012;0;0;0;0,003;0;0;0;0,003;0;0;0;0
0,005;0;0,009;0;0;0;0;0,084;0;0;0;0;0;0;0;0;0,006;0,003;0;0,003;0;0;0;0;0;0;0;0;0;0,403;0,469;0;0,018;0;0;0,003;0;0;0;0;0;0;0;0;0;0;0;0
0,003;0;0,006;0,003;0;0,009;0;0,072;0;0;0;0;0;0;0;0;0;0,006;0;0;0;0;0;0;0;0;0;0;0;0,397;0,452;0;0,019;0;0;0,019;0;0;0,006;0;0;0;0;0;0;0;0,003;0
0,014;0;0,01;0,002;0;0;0;0,13;0;0;0;0,002;0;0;0,002;0;0,002;0,014;0;0;0;0,005;0;0;0;0;0;0;0;0,34;0,46;0;0,017;0;0;0,002;0,005;0,005;0;0;0,002;0;0;0,002;0;0;0;0,002
0;0;0,013;0;0;0;0;0,064;0;0;0;0;0;0;0;0;0,006;0,01;0;0;0;0;0;0;0;0;0;0;0;0,19;0,688;0;0,023;0;0;0,006;0;0;0;0;0,006;0;0;0;0;0;0,003;0,006
0,012;0;0,003;0;0;0;0;0,049;0;0;0;0,003;0;0;0;0;0;0;0;0;0;0,003;0;0,003;0;0;0;0;0;0,28;0,627;0;0,009;0;0;0,006;0;0;0;0;0,003;0;0;0,003;0;0;0;0
0,045;0;0,014;0;0;0;0;0,065;0;0;0;0,003;0;0;0;0;0,006;0,006;0;0,003;0;0;0;0;0;0;0;0;0;0,157;0,674;0;0,02;0;0;0,008;0,003;0;0;0;0,003;0;0;0;0;0;0;0
0,101;0;0,033;0,003;0;0;0;0,012;0;0;0;0,015;0;0;0;0;0,003;0,003;0;0;0;0;0;0;0;0;0;0;0,003;0,326;0,474;0;0,021;0;0;0,003;0;0;0;0;0,003;0;0;0;0;0;0,003;0
0,173;0;0,093;0;0;0;0;0,023;0;0;0;0,087;0;0;0;0;0,017;0,016;0;0;0;0,003;0;0,02;0;0;0;0;0;0,527;0,05;0;0,003;0;0;0,003;0,003;0;0;0;0;0;0;0;0;0;0;0,013
0,335;0;0,047;0;0;0;0;0,021;0;0;0;0,092;0;0;0;0;0;0,006;0;0;0;0;0;0,015;0,003;0;0;0;0;0,404;0,03;0;0,009;0;0;0,033;0;0;0;0;0;0;0;0;0,003;0;0,009;0,006
0,218;0;0,164;0;0;0;0;0,022;0;0;0;0,25;0;0;0;0;0,057;0;0;0;0;0;0;0,022;0;0;0;0;0;0,201;0,013;0;0,008;0;0;0,022;0;0;0;0;0,003;0;0,011;0,003;0,003;0;0,005;0,008
0,317;0;0,057;0;0;0;0;0,025;0;0;0;0,137;0;0;0;0;0,054;0,006;0;0;0;0;0;0,003;0;0;0;0;0;0,379;0,017;0;0;0;0;0,003;0;0;0;0;0;0;0;0;0;0;0,006;0,006
0,427;0;0,062;0;0;0;0;0;0;0;0;0,161;0;0;0;0;0,056;0,006;0;0;0;0,003;0;0,015;0,012;0;0;0;0;0,226;0,007;0;0,003;0;0;0,018;0;0;0;0;0;0;0;0,003;0;0;0,009;0
0,318;0,003;0,053;0;0;0;0;0,019;0;0;0;0,2;0;0;0;0;0,041;0;0;0;0;0;0;0,006;0;0;0;0;0;0,31;0,006;0;0,006;0;0;0,034;0;0;0;0;0;0;0;0;0;0;0,003;0,006
0,337;0;0,073;0;0;0;0;0,015;0;0;0;0,133;0;0;0;0;0,036;0,003;0;0;0;0;0;0,009;0;0;0;0;0;0,355;0,015;0;0,006;0;0;0,009;0;0;0;0;0,003;0;0;0;0;0;0,009;0
0,576;0;0,051;0;0;0;0;0;0;0;0;0,169;0;0;0;0;0,033;0,003;0;0;0;0;0;0,006;0;0;0;0;0;0,125;0,012;0;0,003;0;0;0,018;0;0;0;0;0;0;0;0;0;0;0,006;0,003
0,405;0;0,078;0;0;0;0;0;0;0;0;0,211;0;0;0;0;0,11;0,006;0,003;0;0;0;0;0,006;0,003;0;0;0;0;0,156;0,008;0;0;0;0;0,003;0;0;0;0;0,003;0;0,01;0;0;0;0,003;0
0,304;0;0,021;0;0;0;0;0,006;0;0;0;0,103;0;0;0;0;0,239;0,009;0;0;0;0;0;0,015;0,003;0;0;0;0;0,233;0,015;0;0,003;0;0;0,041;0;0;0;0;0;0;0;0;0,003;0;0,012;0,003
0,089;0;0,039;0;0;0;0;0,003;0;0;0;0,039;0;0;0;0;0,602;0;0;0;0;0;0;0,036;0;0;0;0;0;0,053;0,01;0;0;0;0;0,045;0;0,003;0;0;0;0;0,055;0;0,013;0;0,013;0,006
0,016;0;0,029;0;0;0;0;0,006;0;0;0;0,003;0;0;0;0;0,693;0,003;0;0;0;0;0;0,035;0;0;0;0,003;0,009;0,055;0,015;0;0,006;0;0;0,091;0;0,003;0;0;0;0;0;0;0,006;0;0,029;0
0,01;0;0,059;0;0;0;0;0,003;0;0;0;0,015;0;0;0;0;0,654;0,003;0;0;0;0;0;0,033;0,006;0;0;0,003;0;0,046;0,016;0;0,003;0;0;0,125;0;0;0;0;0;0;0,006;0;0;0;0,021;0,003
0,008;0;0,015;0;0;0;0;0;0;0;0;0,03;0;0;0;0;0,53;0;0;0;0;0;0;0,036;0;0;0;0;0;0,075;0,02;0;0;0;0;0,262;0;0,003;0;0;0;0;0;0;0;0;0,021;0,003
0;0;0,013;0;0;0,003;0;0,016;0;0;0;0,007;0;0;0;0;0,487;0,003;0;0;0;0;0;0,052;0;0;0;0;0;0,028;0,051;0;0,003;0;0;0,31;0;0;0;0;0;0;0;0;0;0;0,029;0,003
0;0,006;0,014;0;0;0;0;0,061;0;0;0;0;0;0;0;0;0,064;0,023;0;0;0;0;0;0,043;0,012;0;0;0;0;0,016;0,21;0;0,009;0,003;0;0,357;0;0,003;0;0;0,003;0;0;0;0,023;0;0,177;0,006
0;0;0,012;0,003;0;0,021;0;0,431;0;0;0,003;0;0;0;0;0;0;0,021;0;0;0;0;0;0;0,003;0;0;0;0,015;0,004;0,295;0,003;0,03;0;0;0,018;0;0,003;0;0;0,006;0;0;0,006;0;0;0,141;0,003
0;0;0;0,006;0;0,037;0;0,262;0;0;0;0;0;0;0,003;0;0,003;0,053;0;0;0;0;0;0;0;0;0;0;0,054;0;0,558;0,003;0,034;0;0;0;0,003;0;0;0;0,028;0;0;0,006;0;0;0;0
0;0;0;0,004;0;0,072;0;0,08;0,008;0;0;0;0,004;0;0,042;0;0;0,246;0,004;0;0;0;0;0;0;0,008;0,008;0;0,275;0;0,154;0,004;0,144;0;0;0,004;0;0;0,004;0;0,152;0;0;0,013;0;0;0,004;0
0;0;0;0;0,004;0,066;0;0,053;0,009;0;0;0;0;0;0,031;0;0,004;0,273;0,004;0;0;0;0,004;0;0,009;0,013;0,018;0;0,062;0;0,482;0;0,066;0;0;0;0,013;0;0,004;0;0,08;0;0;0,044;0;0;0;0,016
0;0;0;0;0;0,064;0;0,064;0,078;0;0;0;0;0,005;0,064;0;0,005;0,333;0,024;0;0;0;0;0;0;0,024;0,01;0;0,049;0,01;0,213;0;0,171;0;0;0,01;0;0;0,005;0,005;0,083;0;0;0,049;0;0;0;0,01
0;0;0,004;0;0;0,071;0;0,054;0,049;0;0;0;0,013;0;0,076;0;0,004;0,258;0,004;0;0;0;0,004;0;0;0,04;0;0;0,027;0;0,219;0,009;0,254;0;0;0;0,013;0;0,009;0,004;0,085;0,004;0;0,022;0;0;0;0,013
0;0;0,013;0;0;0,085;0;0,072;0,072;0;0;0,004;0,013;0,009;0,154;0;0;0,222;0,021;0;0;0;0,004;0;0;0,034;0,013;0;0,021;0,017;0,143;0;0,179;0;0;0;0,017;0;0,004;0;0,034;0,009;0;0,043;0;0;0,004;0,019
0;0;0,004;0,004;0;0,077;0;0,096;0,066;0;0;0;0,015;0,004;0,103;0;0,011;0,181;0,008;0,004;0;0;0;0;0;0,018;0;0;0,033;0,013;0,239;0,018;0,151;0;0;0;0,007;0;0;0,004;0,041;0,004;0;0,048;0;0;0;0,015
0;0;0;0;0;0,126;0;0,046;0,113;0;0;0;0,004;0,008;0,155;0;0;0,285;0,008;0,017;0;0;0;0;0;0,021;0;0;0,013;0,011;0,191;0;0,176;0;0;0;0,004;0;0,013;0,004;0,034;0;0;0,029;0;0;0;0,015
0;0;0,005;0,005;0;0,073;0;0,02;0,064;0;0;0;0,02;0;0,064;0;0;0,346;0,025;0;0;0;0,005;0;0;0,015;0,024;0;0,01;0,01;0,267;0;0,196;0;0;0;0,014;0;0,01;0;0,073;0;0;0,068;0;0;0;0,009
0;0;0;0;0;0,121;0;0,111;0,03;0;0,01;0;0;0;0,081;0;0;0,353;0;0,02;0;0;0;0;0;0,03;0,01;0;0,061;0,02;0,121;0,01;0,111;0;0;0;0,029;0,071;0,01;0;0,04;0;0;0,061;0,01;0;0;0,025