NA;NA;NA;NA;NA;NA;NA;NA;NA;NA;NA;NA;NA;NA;NA;NA;NA;NA;NA;NA
0;2,54;6,78;6,78;10,17;2,54;7,63;2,54;0;0,85;0;11,86;17,8;0,85;6,78;13,56;6,78;0;0;0,85
0;10,43;6,09;5,22;2,61;2,61;5,22;7,83;0;0;0;20;19,13;0;0,87;13,91;3,48;0;0;0
0;15,28;4,86;4,86;3,47;2,08;0,69;8,33;0;0;0,69;20,14;17,36;0;2,08;12,5;4,17;0;0;1,39
0;4,9;8,82;6,86;0;2,94;3,92;12,75;0;0;0,98;15,69;16,67;0,98;1,96;20,59;0;0;0;1,96
0;4,08;7,14;4,08;0;2,04;9,18;8,16;0;0;0;15,31;16,33;0;1,02;26,53;0;0;0;0
0;0;0;0;0;0;0;0;0;0;0;0;0;0;0;0;0;0;0;0
1,3;3,9;3,9;6,49;0;5,19;2,6;6,49;0;0;1,3;11,69;22,08;1,3;1,3;18,18;10,39;0;0;1,3
0;0;3,23;12,9;6,45;0;3,23;3,23;0;0;0;16,13;29,03;0;0;9,68;9,68;0;0;0
0;0;4,35;1,74;1,74;2,61;1,74;14,78;0;0,87;0;21,74;19,13;0;0;24,35;3,48;0;0;0
0;0;7,32;2,44;2,44;2,44;1,22;10,98;0;0;0;23,17;29,27;2,44;0;17,07;0;0;0;0
0;0;1,92;1,92;5,77;0,96;2,88;5,77;0;0;0,96;29,81;26,92;2,88;0,96;14,42;0,96;0;0;0,96
1,01;0;3,03;2,02;0;0;0;15,15;0;0;0;28,28;28,28;0;1,01;9,09;8,08;1,01;0;0
0;0;2,04;6,12;8,16;0;2,04;10,2;0;0;0;18,37;30,61;4,08;0;12,24;2,04;0;0;0
0;0;3,42;9,4;5,13;0,85;2,56;10,26;0;0;0;24,79;18,8;4,27;1,71;12,82;0,85;0,85;0;0,85
0;0,87;1,74;5,22;1,74;2,61;0,87;17,39;0;0;1,74;26,96;26,09;0;1,74;11,3;0;0;0;0
0;0;0,99;6,93;6,93;0,99;2,97;12,87;0;0;0;28,71;10,89;0;0,99;17,82;6,93;0;0;0
0;0;0;7,08;1,77;4,42;1,77;18,58;0;0;0;26,55;16,81;0;0;15,04;5,31;0;0;0,88
0;0,91;0;11,82;3,64;3,64;8,18;10;0;0;0,91;30;18,18;0;0;5,45;5,45;0;0;0
0;0;0;14,41;4,5;3,6;7,21;9,91;0;0,9;0;25,23;17,12;0;0;11,71;2,7;0;0;0
0;0;2,8;4,67;12,15;5,61;1,87;9,35;0;0;0;33,64;13,08;0,93;1,87;12,15;0;0;0;0
0;0;1,75;8,77;5,26;5,26;7,02;19,3;0;0;0;24,56;24,56;0;0;1,75;1,75;0;0;0
0;0;0,77;7,69;41,54;6,15;5,38;10,77;0;0;0;10;10,77;1,54;0;3,08;0;0;0;0,77
0;0;0;8,45;4,23;12,68;0;11,27;0;0;0;33,8;21,13;4,23;0;4,23;0;0;0;0
0;0;0;9,52;3,57;5,95;4,76;5,95;0;0;0;40,48;23,81;0;0;4,76;0;0;1,19;0
0;0;0;3,92;43,14;16,67;6,86;7,84;0;0;0;4,9;11,76;0;0;0,98;0;0;0;1,96
0;0;0;9,52;25,4;9,52;6,35;7,94;0;1,59;0;22,22;6,35;0;3,17;7,94;0;0;0;0
0;0;0,98;12,75;20,59;7,84;15,69;12,75;0;2,94;0;18,63;4,9;0;0;0,98;0;0;0;0,98
0;0;0;1,79;29,46;8,04;8,93;9,82;0;0;1,79;37,5;1,79;0;0;0;0;0;0;0
0;0;0;5,61;36,45;6,54;15,89;16,82;1,87;0;0,93;13,08;1,87;0;0;0;0;0;0;0
0;0;0;1,85;25,93;2,78;9,26;17,59;0;0,93;4,63;28,7;3,7;0;0,93;2,78;0;0;0;0
0;0;0,94;6,6;31,13;13,21;15,09;16,98;0;1,89;0;8,49;4,72;0;0;0;0;0;0;0,94
0;0;0;6,35;30,95;13,49;7,14;11,11;0;1,59;5,56;19,05;2,38;0;0;0,79;0;0,79;0;0
0;0;0;19,09;20,91;22,73;10;11,82;0;0,91;2,73;9,09;0,91;0;0;0;0;0;0;0
0;0;0;10,19;25,93;5,56;11,11;15,74;0;0;4,63;21,3;2,78;0;0;0;0;0;0;0
0;0;0;38,61;20,79;11,88;1,98;8,91;0;0;0,99;7,92;6,93;0;0;0;0;0;0;0
0;0,99;0,99;24,75;21,78;14,36;7,92;18,32;0,99;1,49;2,48;1,98;1,98;0,99;0;0;0;0;0;0
0;0;0,83;35;24,17;8,33;1,67;8,33;0;0,83;5,83;11,67;1,67;0;0;0,83;0;0;0;0
0;0;3;18;29;17;4;12;1;1;5;5;5;0;0;0;0;0;0;0
0;0,81;0;41,13;23,39;4,84;3,23;8,87;0;0;4,84;7,26;1,61;0;1,61;0;0;0;0;0,81
0;0;0,57;25,71;30,29;10,29;4;8;0;0;4,57;6,29;4,57;0;0;2,29;0;0;0;1,14
0;0;0,9;17,12;31,53;14,41;7,21;11,71;0;0;1,8;8,11;5,41;0;0;0,9;0;0;0;0
0;0;0;15,89;34,58;15,89;8,41;4,67;0;0,93;0;9,35;9,35;0;0;0,93;0;0;0;0
0;0;0,79;23,62;30,71;7,09;4,72;7,87;0;0,79;3,15;10,24;6,3;0;0,79;1,57;0;0;0;0
0;0;0;9,26;44,44;19,44;7,41;6,48;1,85;0;0,93;5,56;2,78;0;0;0;0;0;0;0,93
0;0;0,91;6,36;47,27;11,82;2,73;6,36;0;0;0;11,82;8,18;0;0;0;0;0;0;1,82
0;0;0,88;7,89;41,23;13,16;7,02;17,54;0;1,75;0;7,89;2,63;0;0;0;0;0;0;0
0;0;0,79;4,72;29,13;15,75;1,57;14,96;0;0;0,79;9,45;16,54;0;1,57;2,36;0,79;0;0;0
0;0;0,93;5,61;16,82;11,21;5,61;20,56;0,93;0;2,8;12,15;17,76;0;0;0,93;0;0;0;0
1;0;2;6;13;9;4;17;0;0;1;21;14;0;3;3;0;0;0;0
0;0;1,96;5,88;30,39;7,84;2,94;16,67;1,96;0,98;0,98;18,63;7,84;0;0;1,96;0;0;0;0
0;0;0,93;7,41;28,7;5,56;0;12,96;0;2,78;1,85;19,44;10,19;0;0;3,7;0;0;0;0
0;0,91;0;9,09;33,64;6,36;3,64;22,73;0,91;0;0,91;3,64;10,91;0;1,82;0;0;0;0;0
0;0;2,88;4,81;28,85;3,85;0;10,58;0;0;1,92;16,35;18,27;0;4,81;1,92;0;0;0;0,96
0;0;0;7,83;36,52;4,35;0,87;21,74;0;2,61;0;14,78;8,7;0;0,87;1,74;0;0;0;0
0;0;1;6;34;5;0;8;0;0;0;16;19;0;1;4;0;1;0;0
0;0;0,77;7,69;38,46;5,38;2,31;16,15;1,54;0,77;1,54;12,31;7,69;0;0,77;1,54;0;0;0;0
0;0;5,68;14,2;13,07;5,68;2,27;15,91;0;0;2,84;11,36;19,32;0;1,7;1,7;0,57;0;0;0
0;0;0;5,3;33,33;9,09;5,3;15,15;0,76;0;0,76;17,42;6,82;0;0,76;1,52;0;0;0;0,76
0;0;0,92;11,01;22,02;4,59;1,83;13,76;0;0;0,92;11,93;21,1;0;0,92;4,59;0;0;0;0
0;0;2,68;3,57;17,86;7,14;0,89;13,39;1,79;1,79;0;20,54;16,96;0;0,89;5,36;0,89;0;0;0,89
0;0;0,83;6,67;20;9,17;2,5;11,67;0,83;1,67;3,33;13,33;14,17;0;1,67;5;0;0;0;0,83
0;0;2,99;14,18;16,42;11,19;2,24;10,45;1,49;1,49;0;14,93;17,16;0;2,24;1,49;0;0;0;1,49
0;0;1,68;7,56;15,97;6,72;3,36;14,29;0;0,84;0,84;21,85;13,45;0;4,2;2,52;0;0;0;0,84
0;0;0,77;6,92;22,31;13,08;3,08;15,38;1,54;0,77;1,54;24,62;5,38;0;3,08;1,54;0;0;0;0
0;0;0,88;9,65;9,65;9,65;3,51;15,79;0;0;0,88;15,79;22,81;0,88;0;5,26;0;0;0;0
0;0;2,36;8,66;29,13;18,9;1,57;13,39;0;3,94;0;11,02;8,66;0;0;1,57;0;0;0;0
0;0;2,7;4,5;17,12;10,81;0,9;25,23;0;0;0;11,71;21,62;0;0,9;3,6;0;0;0;0
0;0;3,09;8,25;26,8;12,37;6,19;23,71;1,03;1,03;0;6,19;11,34;0;0;0;0;0;0;0
0;0;2,73;7,27;10,91;13,64;2,73;22,73;0,91;0;0,91;8,18;20;0;2,73;0;0;0;0;0
0;0;3,31;12,4;24,79;6,61;0;12,4;0;1,65;0,83;12,4;18,18;0;1,65;0,83;0;0;0;0,83
0;0;0;13;18;19;2;12;0;2;3;12;8;0;0;4;0;0;0;0
0;0;0,73;9,49;24,82;12,41;1,46;8,76;0,73;0;0;12,41;13,87;0;1,46;7,3;0;0;0;0
0;0;1,32;6,58;28,29;20,39;0;20,39;0;0;1,97;15,79;1,32;0;0;1,32;0;0;0;0
0;0,73;0;3,65;32,12;6,57;0,73;21,9;1,46;2,19;1,46;13,14;7,3;0;1,46;4,38;0;0;0;0
0;0;0;4,41;18,38;11,03;1,47;12,5;0,74;2,21;2,21;45,59;0;0;0,74;0;0;0;0;0
0;0;0;2,7;23,65;32,43;0;12,16;1,35;0,68;2,7;17,57;2,7;0;2,03;0,68;0;0;0;0
0;0;0,61;4,91;38,04;22,7;0;17,18;0,61;0,61;3,07;9,2;0,61;0;0,61;1,23;0;0;0;0
0;0;1,16;0,58;22,54;54,91;0,58;9,25;1,73;1,73;1,73;3,47;1,73;0;0;0,58;0;0;0;0
0;0;0;0;16,76;60,34;0;11,17;2,23;1,12;1,12;3,35;1,68;0;0;0,56;0;0;0;0
0;0;0,75;6,72;24,63;41,04;0;17,16;1,49;1,49;2,99;0,75;1,49;0;0;0;0;0;0;0
0;0;0;9,43;21,7;35,85;0;23,58;3,77;3,77;0;1,89;0;0;0;0;0;0;0;0
0;1,77;0;3,54;16,81;61,06;0;7,96;3,54;1,77;0;0,88;2,65;0;0;0;0;0;0;0
0;1,42;0;4,26;21,99;43,26;0;14,89;4,26;1,42;2,13;3,55;2,13;0;0;0;0;0;0;0
0;0;0;3,85;22,12;44,23;1,92;12,5;5,77;3,85;3,85;0;0,96;0;0;0;0;0;0;0
0;0;3,15;3,94;9,45;40,94;0;29,92;5,51;0,79;4,72;0;0;0;0;0;0;0;0;0
0;0;0,92;0,92;7,34;40,37;0,92;28,44;9,17;2,75;9,17;0;0;0;0;0;0;0;0;0
0;0,88;0;6,14;2,63;42,98;2,63;21,93;15,79;2,63;1,75;0;0,88;0;0;0;0;0;0;0
0;0;0;3,45;2,59;42,24;0;27,59;10,34;4,31;6,03;0;1,72;0;0;0;0;0;0;0,86
0;0;0,83;1,67;6,67;38,33;1,67;33,33;5;6,67;3,33;0,83;0,83;0;0;0;0;0;0;0
0;0;0,79;0,79;3,17;38,1;0;23,81;10,32;12,7;9,52;0;0,79;0;0;0;0;0;0;0
0;0;0,85;2,56;2,56;40,17;0;17,95;8,55;12,82;11,11;0,85;1,71;0;0;0;0;0;0;0
0;0;0,88;1,75;4,39;32,46;0;18,42;12,28;10,53;18,42;0;0;0;0;0;0;0;0;0
0;0;0,85;1,71;1,71;38,46;0;23,93;8,55;14,53;10,26;0;0;0;0;0;0;0;0;0
0;0;0;0,74;3,7;42,22;0,74;16,3;11,11;11,11;11,11;0;1,48;0;0;0;0;0;0;0
0;0;0,83;0,83;1,67;42,5;1,67;19,17;8,33;14,17;8,33;0;1,67;0;0;0;0;0;0;0
0;0;0;0;0,93;40,74;0;20,37;5,56;16,67;14,81;0;0;0;0;0;0;0;0;0
0;0;2,68;3,57;0;48,21;0;20,54;8,93;8,93;5,36;0;1,79;0;0;0;0;0;0;0
0;0;2,48;0,83;2,48;47,11;0;12,4;10,74;12,4;7,44;0;1,65;0;0;0;0;0;0;0
0;0;2,65;0;1,77;51,33;0,88;11,5;9,73;14,16;7,96;0;0;0;0;0;0;0;0;0
0;0;3,77;2,83;0,94;37,74;0;21,7;7,55;19,81;3,77;0;0,94;0;0;0;0;0;0;0
0;0;1,44;3,6;1,44;47,48;0;10,79;5,04;17,99;8,63;0;1,44;0;0;0;0;0;0;0
0;0;3,08;6,15;0,77;63,08;0;8,46;3,85;10;1,54;0;2,31;0;0;0;0;0;0;0
0;0;1,32;1,97;1,97;63,16;0;13,16;1,97;12,5;1,97;0;0;0;0;0;0;0;0;0
0;0;1,22;1,83;0;74,39;0;6,71;1,83;12,8;0,61;0;0;0;0;0;0;0;0;0
0;0;1,81;2,41;0;77,11;0;7,83;3,01;7,83;0;0;0;0;0;0;0;0;0;0
0;0;0,9;0,9;0;84,68;0;9,91;0;3,6;0;0;0;0;0;0;0;0;0;0
0;0;1,44;1,44;0;76,98;0;11,51;0;7,91;0;0;0;0;0;0;0;0;0;0
0;0;2,78;2,08;0;88,19;0;2,78;0;4,17;0;0;0;0;0;0;0;0;0;0
0;0;3,53;2,94;0;77,06;0;5,29;0;9,41;0,59;0;1,18;0;0;0;0;0;0;0
0;0;10,83;3,82;0;74,52;0;3,18;0;5,73;0;0;1,91;0;0;0;0;0;0;0
0;0;17,04;6,67;0;74,81;0;0,74;0;0,74;0;0;0;0;0;0;0;0;0;0
0;0;33,13;19,02;0;41,1;0;1,23;0;0,61;0;0;3,68;0;0;0;0;0;0;1,23
0;0;26,79;51,79;0;16,96;0;0,89;0;0;0;0;3,57;0;0;0;0;0;0;0
0;0;30;55,45;0;2,73;0;0;0;0;0;0;4,55;0;6,36;0;0;0;0;0
0;0;61,24;31,01;0;0;0;0;0;0,78;0;0;6,2;0;0;0;0;0;0;0,78
0;0;34,82;52,68;0;0;0;0;0;0;0;0;8,93;0;1,79;0;0;0,89;0;0,89
0;0;42,72;37,86;0;2,91;0;0;0;0;0;0;8,74;0;3,88;0;0;0,97;0;2,91
0;0;53,98;25,66;0;3,54;0;0,88;0;0;0;0;8,85;0;2,65;0;0;0;0;3,54
0;0;61,24;27,13;0;0;0;0;0;0;0;0;3,1;0;4,65;0;0;2,33;0;1,55
0;0;41,13;26,95;0;1,42;0;0;0;0;0;0;21,99;0;4,26;0;0;4,26;0;0
0;0;32,95;23,86;0;0;0;0;0;0;0;0;31,82;0;7,95;0;0;2,27;0;1,14
0;0;17,98;7,87;0;0;0;0;0;0;0;0;52,81;0;15,73;0;0;0;0;5,62
0;0;40;13,33;0;0;0;0;0;0;0;0;35,56;0;10;0;0;0;0;1,11
0;0;0;0;0;0;0;0;0;0;0;0;0;0;0;0;0;0;0;0
0;0;0;0;0;0;0;0;0;0;0;0;0;0;0;0;0;0;0;0
0;0;0;0;0;0;0;0;0;0;0;0;0;0;0;0;0;0;0;0
0;0;0;0;0;0;0;0;0;0;0;0;0;0;0;0;0;0;0;0
0;0;0;0;0;0;0;0;0;0;0;0;0;0;0;0;0;0;0;0
0;0;0;0;0;0;0;0;0;0;0;0;0;0;0;0;0;0;0;0
0;10,53;31,58;5,26;3,51;0;0;0;0;0;0;0;47,37;1,75;0;0;0;0;0;0
0;0;0;0;0;0;0;0;0;0;0;0;0;0;0;0;0;0;0;0
0;0;0;0;0;0;0;0;0;0;0;0;0;0;0;0;0;0;0;0
0;0;0;0;0;0;0;0;0;0;0;0;0;0;0;0;0;0;0;0
0;0;0;0;0;0;0;0;0;0;0;0;0;0;0;0;0;0;0;0
0;0;0;0;0;0;0;0;0;0;0;0;0;0;0;0;0;0;0;0
0;0;0;0;0;0;0;0;0;0;0;0;0;0;0;0;0;0;0;0
0;0;0;0;0;0;0;0;0;0;0;0;0;0;0;0;0;0;0;0
0;0;0;0;0;0;0;0;0;0;0;0;0;0;0;0;0;0;0;0
0;0;0;0;0;0;0;0;0;0;0;0;0;0;0;0;0;0;0;0
0;0;0;0;0;0;0;0;0;0;0;0;0;0;0;0;0;0;0;0
0;0;0;0;0;0;0;0;0;0;0;0;0;0;0;0;0;0;0;0
0;0;0;0;0;0;0;0;0;0;0;0;0;0;0;0;0;0;0;0
0;0;0;0;0;0;0;0;0;0;0;0;0;0;0;0;0;0;0;0
0;0;0;0;0;0;0;0;0;0;0;0;0;0;0;0;0;0;0;0
0;0;0;0;0;0;0;0;0;0;0;0;0;0;0;0;0;0;0;0
0;0;0;0;0;0;0;0;0;0;0;0;0;0;0;0;0;0;0;0
0;0;0;0;0;0;0;0;0;0;0;0;0;0;0;0;0;0;0;0
0;0;0;0;0;0;0;0;0;0;0;0;0;0;0;0;0;0;0;0
0;0;0;0;0;0;0;0;0;0;0;0;0;0;0;0;0;0;0;0
0;0;0;0;0;0;0;0;0;0;0;0;0;0;0;0;0;0;0;0
0;0;0;0;0;0;0;0;0;0;0;0;0;0;0;0;0;0;0;0
0;0;0;0;0;0;0;0;0;0;0;0;0;0;0;0;0;0;0;0
0;0;0;0;0;0;0;0;0;0;0;0;0;0;0;0;0;0;0;0
0;0;0;0;0;0;0;0;0;0;0;0;0;0;0;0;0;0;0;0
0;0;0;0;0;0;0;0;0;0;0;0;0;0;0;0;0;0;0;0
0;0;0;0;0;0;0;0;0;0;0;0;0;0;0;0;0;0;0;0
0;0;0;0;0;0;0;0;0;0;0;0;0;0;0;0;0;0;0;0
0;0;0;0;0;0;0;0;0;0;0;0;0;0;0;0;0;0;0;0
0;0;0;0;0;0;0;0;0;0;0;0;0;0;0;0;0;0;0;0
0;0;0;0;0;0;0;0;0;0;0;0;0;0;0;0;0;0;0;0
0;0;0;0;0;0;0;0;0;0;0;0;0;0;0;0;0;0;0;0
0;0;0;0;0;0;0;0;0;0;0;0;0;0;0;0;0;0;0;0
0;0;0;0;0;0;0;0;0;0;0;0;0;0;0;0;0;0;0;0
0;0;0;0;0;0;0;0;0;0;0;0;0;0;0;0;0;0;0;0
0;0;0;0;0;0;0;0;0;0;0;0;0;0;0;0;0;0;0;0
0;0;0;0;0;0;0;0;0;0;0;0;0;0;0;0;0;0;0;0
0;0;0;0;0;0;0;0;0;0;0;0;0;0;0;0;0;0;0;0
0;0;0;0;0;0;0;0;0;0;0;0;0;0;0;0;0;0;0;0
0;0;0;0;0;0;0;0;0;0;0;0;0;0;0;0;0;0;0;0
0;0;0;0;0;0;0;0;0;0;0;0;0;0;0;0;0;0;0;0
0;0;0;0;0;0;0;0;0;0;0;0;0;0;0;0;0;0;0;0
0;0;0;0;0;0;0;0;0;0;0;0;0;0;0;0;0;0;0;0
0;0;0;0;0;0;0;0;0;0;0;0;0;0;0;0;0;0;0;0
0;0;0;0;0;0;0;0;0;0;0;0;0;0;0;0;0;0;0;0
0;0;0;0;0;0;0;0;0;0;0;0;0;0;0;0;0;0;0;0
0;0;0;0;0;0;0;0;0;0;0;0;0;0;0;0;0;0;0;0
0;0;0;0;0;0;0;0;0;0;0;0;0;0;0;0;0;0;0;0
0;0;0;0;0;0;0;0;0;0;0;0;0;0;0;0;0;0;0;0
0;4,46;33,93;16,96;0,89;0;0;0,89;0;0,89;0;0;37,5;0,89;1,79;0;0;0;0;0
0;0;0;0;0;0;0;0;0;0;0;0;0;0;0;0;0;0;0;0
0;0;0;0;0;0;0;0;0;0;0;0;0;0;0;0;0;0;0;0
0;5,59;32,17;15,38;2,8;0;0;0;0;0;0;0;35,66;1,4;0;1,4;2,1;0;0;0,7
0;5,36;62,5;3,57;0;0;0;0;0;0;0;0;26,79;0;1,79;0;0;0;0;0
0;0;0;0;0;0;0;0;0;0;0;0;0;0;0;0;0;0;0;0
0;0;21,54;7,69;3,08;0;0;1,54;0;0;0;0;58,46;0;0;0;0;0;0;0
0;0;0;0;0;0;0;0;0;0;0;0;0;0;0;0;0;0;0;0
0;0;0;0;0;0;0;0;0;0;0;0;0;0;0;0;0;0;0;0
0;4,03;21,77;12,1;3,23;0;0,81;0;0;0,81;0;0;46,77;2,42;2,42;0;0;0;0;0
0;0;25,81;12,9;4,84;0;0;0;0;0;0;0;56,45;0;0;0;0;0;0;0
0;6,09;43,48;10,43;1,74;0;0;0;0;0;0;0;32,17;0,87;1,74;0;0;0;0;3,48
0;0;0;0;0;0;0;0;0;0;0;0;0;0;0;0;0;0;0;0
0;0;0;0;0;0;0;0;0;0;0;0;0;0;0;0;0;0;0;0
0;0;0;0;0;0;0;0;0;0;0;0;0;0;0;0;0;0;0;0
0;0;0;0;0;0;0;0;0;0;0;0;0;0;0;0;0;0;0;0
0;0;0;0;0;0;0;0;0;0;0;0;0;0;0;0;0;0;0;0
0;0;0;0;0;0;0;0;0;0;0;0;0;0;0;0;0;0;0;0
0;0;0;0;0;0;0;0;0;0;0;0;0;0;0;0;0;0;0;0
0;0;0;0;0;0;0;0;0;0;0;0;0;0;0;0;0;0;0;0
0;0;0;0;0;0;0;0;0;0;0;0;0;0;0;0;0;0;0;0
0;0;0;0;0;0;0;0;0;0;0;0;0;0;0;0;0;0;0;0
0;9,43;35,85;13,21;0;0;0;1,89;0;0;0;0;37,74;1,89;0;0;0;0;0;0
0;0;0;0;0;0;0;0;0;0;0;0;0;0;0;0;0;0;0;0
0;0;0;0;0;0;0;0;0;0;0;0;0;0;0;0;0;0;0;0
0;0;0;0;0;0;0;0;0;0;0;0;0;0;0;0;0;0;0;0
0;3,64;38,18;18,18;3,64;0;0;0;0;0;0;0;30,91;0;0;0;1,82;0;0;1,82
0;0;0;0;0;0;0;0;0;0;0;0;0;0;0;0;0;0;0;0
0;8,93;60,71;3,57;0;0;0;0;0;0;0;0;25;0;0;0;0;0;0;0
0;3,85;34,62;5,77;3,85;0;0;1,92;0;0;0;0;38,46;3,85;0;0;0;0;0;5,77
0;0;0;0;0;0;0;0;0;0;0;0;0;0;0;0;0;0;0;0
0;0;0;0;0;0;0;0;0;0;0;0;0;0;0;0;0;0;0;0
0;0;33,33;20,37;0;0;0;0;0;0;0;0;42,59;0;0;0;0;1,85;0;0
0;0;0;0;0;0;0;0;0;0;0;0;0;0;0;0;0;0;0;0
0;1,75;36,84;12,28;3,51;0;0;0;0;1,75;0;0;31,58;3,51;0;0;0;0;0;0
0;0;0;0;0;0;0;0;0;0;0;0;0;0;0;0;0;0;0;0
0;3,92;25,49;17,65;1,96;0;0;0;0;0;0;0;47,06;3,92;0;0;0;0;0;0
0;0;0;0;0;0;0;0;0;0;0;0;0;0;0;0;0;0;0;0
0;0;0;0;0;0;0;0;0;0;0;0;0;0;0;0;0;0;0;0
0;0;0;0;0;0;0;0;0;0;0;0;0;0;0;0;0;0;0;0
0;0;0;0;0;0;0;0;0;0;0;0;0;0;0;0;0;0;0;0
0;3,57;39,29;3,57;0;0;0;1,79;0;0;0;0;48,21;0;0;0;0;1,79;0;0
0;0;0;0;0;0;0;0;0;0;0;0;0;0;0;0;0;0;0;0
0;7,84;39,22;15,69;1,96;0;0;0;0;0;0;0;33,33;0;1,96;0;0;0;0;0
0;0;0;0;0;0;0;0;0;0;0;0;0;0;0;0;0;0;0;0
0;5,08;37,29;18,64;0,85;0;0;1,69;0;0;0;0;30,51;0;1,69;0;0;0;0;2,54
0;0;0;0;0;0;0;0;0;0;0;0;0;0;0;0;0;0;0;0
0;0;0;0;0;0;0;0;0;0;0;0;0;0;0;0;0;0;0;0
0;0;0;0;0;0;0;0;0;0;0;0;0;0;0;0;0;0;0;0
0;0;0;0;0;0;0;0;0;0;0;0;0;0;0;0;0;0;0;0
0;0;0;0;0;0;0;0;0;0;0;0;0;0;0;0;0;0;0;0
0;0;0;0;0;0;0;0;0;0;0;0;0;0;0;0;0;0;0;0
0;0;0;0;0;0;0;0;0;0;0;0;0;0;0;0;0;0;0;0
0;0;0;0;0;0;0;0;0;0;0;0;0;0;0;0;0;0;0;0
0;0;0;0;0;0;0;0;0;0;0;0;0;0;0;0;0;0;0;0
0;0;0;0;0;0;0;0;0;0;0;0;0;0;0;0;0;0;0;0
0;0;0;0;0;0;0;0;0;0;0;0;0;0;0;0;0;0;0;0
0;0;0;0;0;0;0;0;0;0;0;0;0;0;0;0;0;0;0;0
0;0;0;0;0;0;0;0;0;0;0;0;0;0;0;0;0;0;0;0
0;0;0;0;0;0;0;0;0;0;0;0;0;0;0;0;0;0;0;0
0;0;0;0;0;0;0;0;0;0;0;0;0;0;0;0;0;0;0;0
0;0;0;0;0;0;0;0;0;0;0;0;0;0;0;0;0;0;0;0
0;1,67;18,33;20;5;0;0;0;0;0;0;0;48,33;0;0;0;1,67;0;0;1,67
0;0;0;0;0;0;0;0;0;0;0;0;0;0;0;0;0;0;0;0
0;0;0;0;0;0;0;0;0;0;0;0;0;0;0;0;0;0;0;0
0;0;0;0;0;0;0;0;0;0;0;0;0;0;0;0;0;0;0;0
0;0;0;0;0;0;0;0;0;0;0;0;0;0;0;0;0;0;0;0
0;0;0;0;0;0;0;0;0;0;0;0;0;0;0;0;0;0;0;0
0;0;0;0;0;0;0;0;0;0;0;0;0;0;0;0;0;0;0;0
0;0;0;0;0;0;0;0;0;0;0;0;0;0;0;0;0;0;0;0
0;3,7;38,89;9,26;1,85;0;0;0;0;0;0;0;40,74;1,85;0;0;0;0;0;1,85
0;0;0;0;0;0;0;0;0;0;0;0;0;0;0;0;0;0;0;0
0;0;0;0;0;0;0;0;0;0;0;0;0;0;0;0;0;0;0;0
0;0;0;0;0;0;0;0;0;0;0;0;0;0;0;0;0;0;0;0
0;0;0;0;0;0;0;0;0;0;0;0;0;0;0;0;0;0;0;0
0;0;0;0;0;0;0;0;0;0;0;0;0;0;0;0;0;0;0;0
0;0;0;0;0;0;0;0;0;0;0;0;0;0;0;0;0;0;0;0
0;0;0;0;0;0;0;0;0;0;0;0;0;0;0;0;0;0;0;0
0;0;0;0;0;0;0;0;0;0;0;0;0;0;0;0;0;0;0;0
0;1,64;27,87;6,56;4,92;0;0;1,64;0;0;0;0;50,82;1,64;0;0;0;0;0;3,28
0;0;0;0;0;0;0;0;0;0;0;0;0;0;0;0;0;0;0;0
0;0;0;0;0;0;0;0;0;0;0;0;0;0;0;0;0;0;0;0
0;0;0;0;0;0;0;0;0;0;0;0;0;0;0;0;0;0;0;0
0;0;30,88;5,88;1,47;0;0;0;0;0;0;0;41,18;4,41;13,24;1,47;0;0;0;0
0;0,4;65,6;5,2;0;0,4;0;0,4;0,4;0;0;0;20,4;1,2;2,8;0,4;0;0;0;0
0;0;0;0;0;0;0;0;0;0;0;0;0;0;0;0;0;0;0;0
0;0;41,38;8,62;0;0;0;0;0;0;0;0;37,93;0;3,45;3,45;0;0;0;0
0;0;38,71;3,23;0;0;0;0;0;0;0;0;41,94;0;3,23;1,61;0;0;0;3,23
0;0;0;0;0;0;0;0;0;0;0;0;0;0;0;0;0;0;0;0
0;0;0;0;0;0;0;0;0;0;0;0;0;0;0;0;0;0;0;0
0;1,33;36;13,33;0;0;0;0;0;0;0;0;40;0;0;0;2,67;0;0;1,33
0;0;33,9;20,34;0;0;0;1,69;0;0;0;0;28,81;1,69;3,39;0;1,69;0;0;1,69
0;0;55,88;13,87;0;0;0;0,84;0;0;0;0;18,91;0,42;2,1;0,42;0,42;0;0;2,52
0;0;0;0;0;0;0;0;0;0;0;0;0;0;0;0;0;0;0;0
0;0;0;0;0;0;0;0;0;0;0;0;0;0;0;0;0;0;0;0
0;0;0;0;0;0;0;0;0;0;0;0;0;0;0;0;0;0;0;0
0;0;0;0;0;0;0;0;0;0;0;0;0;0;0;0;0;0;0;0
0;0;0;0;0;0;0;0;0;0;0;0;0;0;0;0;0;0;0;0
0;0;0;0;0;0;0;0;0;0;0;0;0;0;0;0;0;0;0;0
0;0;23,21;12,5;0;0;0;0;0;0;0;0;50;0;3,57;1,79;0;0;0;3,57
0;0;0;0;0;0;0;0;0;0;0;0;0;0;0;0;0;0;0;0
0;2,54;22,03;5,93;3,39;0;0;0,85;0;0,85;0;0;52,54;1,69;2,54;1,69;0;0;0;3,39
0;0;0;0;0;0;0;0;0;0;0;0;0;0;0;0;0;0;0;0
0;0;0;0;0;0;0;0;0;0;0;0;0;0;0;0;0;0;0;0
0;0;0;0;0;0;0;0;0;0;0;0;0;0;0;0;0;0;0;0
0;0;0;0;0;0;0;0;0;0;0;0;0;0;0;0;0;0;0;0
0;0;0;0;0;0;0;0;0;0;0;0;0;0;0;0;0;0;0;0
0;0;40;18,18;3,64;0;0;0;0;0;0;0;29,09;0;0;0;0;0;0;1,82
0;0;0;0;0;0;0;0;0;0;0;0;0;0;0;0;0;0;0;0
0;0;0;0;0;0;0;0;0;0;0;0;0;0;0;0;0;0;0;0
0;0;0;0;0;0;0;0;0;0;0;0;0;0;0;0;0;0;0;0
0;0;16,67;16,67;1,85;0;0;0;0;0;0;0;53,7;0;1,85;0;0;0;0;1,85
0;0;0;0;0;0;0;0;0;0;0;0;0;0;0;0;0;0;0;0
0;0;0;0;0;0;0;0;0;0;0;0;0;0;0;0;0;0;0;0
0;0;0;0;0;0;0;0;0;0;0;0;0;0;0;0;0;0;0;0
0,83;0,83;19,83;8,26;3,31;1,65;0;0;0;0,83;0;0;52,89;0,83;4,96;1,65;0;0;0;1,65
0;0;0;0;0;0;0;0;0;0;0;0;0;0;0;0;0;0;0;0
0;0;21,82;7,27;0;0;0;0;0;0;0;0;65,45;0;1,82;0;0;0;0;3,64
0;0;22,41;8,62;10,34;3,45;1,72;0;3,45;0;0;0;36,21;0;1,72;0;0;0;0;0
0;0;0;0;0;0;0;0;0;0;0;0;0;0;0;0;0;0;0;0
0;0;0;0;0;0;0;0;0;0;0;0;0;0;0;0;0;0;0;0
0;1,37;16,44;10,96;0;4,11;0;0;1,37;0;0;0;49,32;0;1,37;2,74;1,37;0;0;1,37
0;0;0;0;0;0;0;0;0;0;0;0;0;0;0;0;0;0;0;0
1,45;1,45;14,49;15,94;1,45;0;0;0;0;1,45;0;0;53,62;0;5,8;0;0;0;0;4,35
0;0;0;0;0;0;0;0;0;0;0;0;0;0;0;0;0;0;0;0
0;0;0;0;0;0;0;0;0;0;0;0;0;0;0;0;0;0;0;0
0;0;38,18;16,36;3,64;0;0;0;0;0;0;0;41,82;0;0;0;0;0;0;0
0;0;29,69;21,88;1,56;0;0;0;0;0;0;0;37,5;0,78;4,69;0,78;0;0;0;0
0;5,38;20;19,23;2,31;0;0;0,77;0,77;2,31;0;0;43,08;0;0;0,77;0;0;0;1,54
0;0;0;0;0;0;0;0;0;0;0;0;0;0;0;0;0;0;0;0
0;0;0;0;0;0;0;0;0;0;0;0;0;0;0;0;0;0;0;0
0;0;0;0;0;0;0;0;0;0;0;0;0;0;0;0;0;0;0;0
0;3,13;29,69;10,94;0;0;0;0;0;0;0;0;37,5;1,56;10,94;0;0;0;0;0
0;0;0;0;0;0;0;0;0;0;0;0;0;0;0;0;0;0;0;0
0;10;60;2;0;0;0;0;0;0;0;0;24;4;0;0;0;0;0;0
0;0;0;0;0;0;0;0;0;0;0;0;0;0;0;0;0;0;0;0
0;0;0;0;0;0;0;0;0;0;0;0;0;0;0;0;0;0;0;0
0;0;29,85;4,48;1,49;0;0;0;0;0;0;0;55,22;8,96;0;0;0;0;0;0
0;0;0;0;0;0;0;0;0;0;0;0;0;0;0;0;0;0;0;0
0;0;0;0;0;0;0;0;0;0;0;0;0;0;0;0;0;0;0;0
0;0;0;0;0;0;0;0;0;0;0;0;0;0;0;0;0;0;0;0
0;0;0;0;0;0;0;0;0;0;0;0;0;0;0;0;0;0;0;0
0;2;22;16;7;0;0;0;0;0;0;0;36;3;7;0;0;1;0;0
0;0;0;0;0;0;0;0;0;0;0;0;0;0;0;0;0;0;0;0
0;3,81;19,05;21,9;0,95;0;0;0;0;0;0;0;46,67;0,95;2,86;0;0;0;0;0
0;0;0;0;0;0;0;0;0;0;0;0;0;0;0;0;0;0;0;0
0;0;0;0;0;0;0;0;0;0;0;0;0;0;0;0;0;0;0;0
0;0;0;0;0;0;0;0;0;0;0;0;0;0;0;0;0;0;0;0
0;1,41;30,99;16,9;1,41;1,41;0;0;0;0;0;0;35,21;0;7,04;0;0;0;0;2,82
0;0;0;0;0;0;0;0;0;0;0;0;100;0;0;0;0;0;0;0
0;0;0;0;0;0;0;0;0;0;0;0;0;0;0;0;0;0;0;0
0;0;0;0;0;0;0;0;0;0;0;0;0;0;0;0;0;0;0;0
0;0;0;0;0;0;0;0;0;0;0;0;0;0;0;0;0;0;0;0
0;0;0;0;0;0;0;0;0;0;0;0;0;0;0;0;0;0;0;0
0;0;0;0;0;0;0;0;0;0;0;0;0;0;0;0;0;0;0;0
0;2,93;20,49;7,32;3,9;0,98;0;0,98;0,49;0,98;0;0;46,34;4,39;4,88;0;0;0,98;0;1,95
0;0;0;0;0;0;0;0;0;0;0;0;0;0;0;0;0;0;0;0
0;2,91;26,21;12,62;2,91;0;0;0;0;0;0;0;47,57;0;6,8;0;0;0;0;0
0;0;0;0;0;0;0;0;0;0;0;0;0;0;0;0;0;0;0;0
0;0;0;0;0;0;0;0;0;0;0;0;0;0;0;0;0;0;0;0
0;1,47;22,55;11,27;2,45;0;0;0;0;0;0;0;50,98;1,96;3,43;0,49;0;0,49;0;0
0;0;0;0;0;0;0;0;0;0;0;0;0;0;0;0;0;0;0;0
0;0;0;0;0;0;0;0;0;0;0;0;0;0;0;0;0;0;0;0
0;0;0;0;0;0;0;0;0;0;0;0;0;0;0;0;0;0;0;0
0;0,97;33,01;12,62;7,77;0;0,97;0;0;0,97;0;0;33,98;4,85;0;0;0;0;0;1,94
0;0;0;0;0;0;0;0;0;0;0;0;0;0;0;0;0;0;0;0
0;0;0;0;0;0;0;0;0;0;0;0;0;0;0;0;0;0;0;0
0;0;0;0;0;0;0;0;0;0;0;0;0;0;0;0;0;0;0;0
0;1,61;32,26;6,45;1,61;0;0;0;0;0;0;0;48,39;3,23;3,23;0;0;0;0;0
0;7,94;26,98;11,11;3,17;0;0;0;0;0;0;0;41,27;1,59;3,17;0;0;0;0;1,59
0;0;0;0;0;0;0;0;0;0;0;0;0;0;0;0;0;0;0;0
0;0;28,57;9,52;0;0;0;0;0;0;0;0;57,14;0;0;0;0;0;0;4,76
0;0;12,9;3,23;0;0;1,61;0;0;0;0;0;74,19;0;0;1,61;0;0;0;3,23
0;1,35;24,77;12,61;8,11;0,9;0;0,9;0;0;0;0;40,99;2,25;1,35;0,45;0;0;0;1,35
0;0;0;0;0;0;0;0;0;0;0;0;0;0;0;0;0;0;0;0
0;0;0;0;0;0;0;0;0;0;0;0;0;0;0;0;0;0;0;0
0;0;0;0;0;0;0;0;0;0;0;0;0;0;0;0;0;0;0;0
0;0;24,56;14,04;0;0;0;0;0;0;0;0;50,88;1,75;1,75;1,75;0;0;0;0
0;0,82;36,89;9,02;0;0;0;0;0;0;0;0;47,54;0;3,28;0,82;0;0;0;0
0,98;2,94;38,24;20,59;0,98;0,98;0,98;0,98;0;0;0;0;24,51;0;0;0,98;0;0;0;0,98
0;0;0;0;0;0;0;0;0;0;0;0;0;0;0;0;0;0;0;0
0;3,03;12,12;13,64;10,61;0;1,52;0;0;0;0;0;36,36;1,52;1,52;0;4,55;0;0;4,55
0;0;0;0;0;0;0;0;0;0;0;0;0;0;0;0;0;0;0;0
0;1,27;27,85;5,06;1,27;0;0;0;0;0;0;0;43,04;2,53;6,33;1,27;2,53;0;0;1,27
0;0;0;0;0;0;0;0;0;0;0;0;0;0;0;0;0;0;0;0
0;0;25,42;5,08;1,69;1,69;0;0;1,69;0;0;0;59,32;0;0;1,69;0;0;0;1,69
0;1,64;49,73;18,03;2,73;0;0;0;0;0,55;0;0;21,31;0;0;0;0;0;0;1,09
0;1,18;34,12;17,65;0;0;0;1,18;0;0;0;0;40;0;3,53;0;0;0;0;0
0;0,77;7,69;20;0;0;0;0;0;0;0;0;63,85;0;1,54;0,77;0;0;0;1,54
0;0;15,53;23,3;1,94;0;0;0;0;0;0;0;48,54;0;4,85;0;0;0;0;2,91
1,64;19,67;39,34;4,92;0;0;0;0;0;0;0;0;26,23;4,92;0;0;0;0;0;0
0;0;0;0;0;0;0;0;0;0;0;0;0;0;0;0;0;0;0;0
0;1,52;24,24;16,67;7,58;0;0;0;0;0;0;0;39,39;0;0;0;0;0;0;0
0;0;0;0;0;0;0;0;0;0;0;0;0;0;0;0;0;0;0;0
0;8,47;20,34;16,95;5,08;0;0;0;0;0;0;0;44,07;1,69;0;0;0;0;0;1,69
0;0;0;0;0;0;0;0;0;0;0;0;0;0;0;0;0;0;0;0
0;0;0;0;0;0;0;0;0;0;0;0;0;0;0;0;0;0;0;0
0;5,68;21,59;17,05;3,41;0;1,14;0;0;1,14;0;0;31,82;5,68;3,41;1,14;3,41;0;0;0
0;0;0;0;0;0;0;0;0;0;0;0;0;0;0;0;0;0;0;0
0;1,47;16,18;20,59;0;1,47;0;0;0;0;0;0;50;1,47;5,88;0;0;0;0;2,94
0;0;0;0;0;0;0;0;0;0;0;0;0;0;0;0;0;0;0;0
0;0;14,67;13,33;12;0;0;1,33;0;0;0;0;56;0;1,33;0;0;0;0;0
0;0;0;0;0;0;0;0;0;0;0;0;0;0;0;0;0;0;0;0
0;7,95;27,27;3,41;2,27;0;0;0;0;0;0;0;44,32;0;3,41;3,41;0;0;0;0
0;2,41;6,02;9,64;1,2;0;0;0;0;1,2;0;0;61,45;0;7,23;2,41;0;0;0;2,41
0;0;12,5;10,71;0;0;0;0;0;1,79;0;0;55,36;0;19,64;0;0;0;0;0
0;4,35;21,74;13,04;2,9;0;0;0;0;0;0;0;46,38;1,45;0;1,45;2,9;0;0;0
0;0;0;0;0;0;0;0;0;0;0;0;0;0;0;0;0;0;0;0
0;0;7,97;10,87;1,45;0,72;0;0,72;0;0;0;0;49,28;0;10,87;2,9;8,7;0;0;2,17
0;0;0;0;0;0;0;0;0;0;0;0;0;0;0;0;0;0;0;0
0;5,71;12,86;17,14;0;0;0;0;0;0;0;0;50;0;7,14;0;0;1,43;0;0
0;0;0;0;0;0;0;0;0;0;0;0;0;0;0;0;0;0;0;0
0;2,44;13,41;13,41;0;0;0;0;0;0;0;0;50;0;9,76;1,22;0;0;0;4,88
0;0,47;46,45;8,06;0,47;0;0;0;0;0;0;0;36,97;0;3,32;0,47;0;0;0;0
0;0;13,16;7,89;0;1,32;0;0;0;1,32;0;0;57,89;0;10,53;0;0;0;0;1,32
0;0;12,71;6,78;1,69;1,69;0;0;0;0;0;0;66,1;0;5,08;0,85;0;0;0;1,69
0;2,19;32,12;9,49;1,46;0;0;0;0;1,46;0;0;43,07;0;4,38;0,73;0;0;0;1,46
0;0;41,38;6,9;0;0;0;0;0;0;0;0;47,13;0;0;1,15;0;0;0;0
0;0;48,82;8,24;0;0;0;0;0;1,76;0;0;27,06;0;4,12;0;0;0;0;2,94
0;0,46;47,22;22,22;0,93;0;0;0,93;0;0;0;0;22,22;0;2,78;0;0;0;0;1,85
0;0;33,18;18,69;0;0;0;0;0;0;0;0;39,72;0;6,54;0;0;0;0;0
0;1,01;31,59;57,34;0;0;0;0;0;0;0;0;9,26;0;0,2;0;0;0;0;0,2
0;0;28,19;12,75;2,01;2,01;0;2,01;0;0;0;0;47,65;0;0;0,67;0;0;0;0
0;0;0;0;0;0;0;0;0;0;0;0;0;0;0;0;0;0;0;0
0;1,57;22,83;7,09;4,72;0;0;1,57;1,57;0;0;0;48,03;0;3,15;0,79;0;0;0;3,15
0;0;4,3;13,98;0;0;0;0;0;0;0;0;62,37;1,08;10,75;1,08;0;0;0;1,08
0;0;0;0;0;0;0;0;0;0;0;0;0;0;0;0;0;0;0;0
0;14,52;11,29;9,68;1,61;0,81;9,68;2,42;0;6,45;0;0;38,71;0;4,84;0;0;0;0;0
0;0;0;0;0;0;0;0;0;0;0;0;0;0;0;0;0;0;0;0
0;0;69,14;6,17;0;0;0;0;0;0;0;0;23,46;1,23;0;0;0;0;0;0
0;0;43,06;6,25;2,78;0;0;0;0;0;0;0;30,56;3,47;11,11;2,08;0;0;0;0,69
0;0;0;0;0;0;0;0;0;0;0;0;0;0;0;0;0;0;0;0
0;0;0;0;0;0;0;0;0;0;0;0;0;0;0;0;0;0;0;0
0;0;13,64;8,52;0;0;0;0;0;1,7;0;0;60,23;1,7;6,82;0,57;0;0;0;0,57
0;0;25,84;13,48;1,12;0;0;0;0;0;0;0;43,82;0;2,25;1,12;0;0;0;2,25
0;1,82;39,82;5,17;3,65;0,61;0,91;1,82;0;1,22;0;0;39,21;0;3,04;0,3;0;0;0;0,3
0;1,46;28,4;14,08;0,97;0;0;0,97;0;0;0;0;47,09;1,94;1,46;0;0;0;0;1,46
0;3,66;26,83;13,41;3,66;0;0;0;0;0;0;0;50;2,44;0;0;0;0;0;0
0;4,63;25;20,37;0,93;1,85;0;0;0;0;0;0;33,33;0,93;4,63;0,93;0;0;0;0
0;0;0;0;0;0;0;0;0;0;0;0;0;0;0;0;0;0;0;0
0;0;0;0;0;0;0;0;0;0;0;0;0;0;0;0;0;0;0;0
0;2,01;27,52;13,42;1,34;0;0;0;0;0;0;0;49,66;0;0;0;0;0;0;0
0;0;0;0;0;0;0;0;0;0;0;0;0;0;0;0;0;0;0;0
0;5,48;36,53;14,61;1,83;0,91;0;1,83;0;0;0;0;31,96;0,91;0;0;0;1,83;0;0,91
0;0;0;0;0;0;0;0;0;0;0;0;0;0;0;0;0;0;0;0
0;1,93;46,27;12,77;0,48;0,72;0;0,48;0;0,96;0;0;31,08;0,24;2,17;0;0;0;0;0
0;0;0;0;0;0;0;0;0;0;0;0;0;0;0;0;0;0;0;0
0;17,85;68,22;9,54;0;0;0;0;0;0;0;0;2,69;0;0,98;0;0;0;0;0,49
0;30,29;53,2;9,13;0;0;0;0,58;0;0,78;0;0;6,02;0;0;0;0;0;0;0
0;8,62;57,39;15,02;0,49;0,74;0;0,49;0;1,23;0;0;13,79;0;0;0;0;0,49;0;0,25
0;9,54;44,99;12,22;0;0;0;0;0;0,49;0;0;27,14;0,24;2,2;0,49;0;0;0;1,47
0,71;16,82;62,09;14,69;0,24;0,24;0,95;0;0;0;0;0;3,79;0;0;0;0;0;0;0
0;11,18;60,22;9,46;1,08;0;0;0;0;0;0;0;14,41;0,65;0,65;0;0;0;0;0,86
0;0;0;0;0;0;0;0;0;0;0;0;0;0;0;0;0;0;0;0
0;2,64;25,42;14,87;0,96;0,96;0;0;0;0,96;0;0;47,96;1,92;1,68;0,72;0;0;0;0,48
0;0;0;0;0;0;0;0;0;0;0;0;0;0;0;0;0;0;0;0
0;4,17;29,86;20,14;2,78;4,17;0;0;0;0;0;0;32,64;0;0;0,69;0;0;0;3,47
0;24,11;57,81;5,26;0;0;0;0,62;0;0;0;0;11,75;0;0;0;0;0,31;0;0
0;20;55,56;8,15;0,49;0;0;0;0;0,25;0;0;12,84;0;0,74;0;0;0,49;0;0,25
0;1;36;8;0;0;0;0;0;0;0;0;48;1;1,5;1;0;0;0;1
0;4,82;37,28;19,3;0,44;0;0;0;0;0;0;0;31,14;2,63;0;0;0,44;0;0;0,88
0;2,71;12,67;20,36;0;0;0;0;0;0;0;0;54,75;0;2,26;0,9;0;1,81;0;1,81
0;0;0;0;0;0;0;0;0;0;0;0;0;0;0;0;0;0;0;0
0;3,96;21,34;13,72;1,52;0;0,3;0,3;0;0;0;0;48,17;3,66;4,88;0;0;0;0;1,22
0;4,94;31,48;13,58;0;2,47;0;1,85;0;0,62;0;0;31,48;3,09;4,32;0,62;0,62;0;0;1,23
0;7,11;18,96;19,91;3,79;0,95;0;0;0;0;0;0;38,39;5,21;0,95;0;0,47;0;0;2,84
0;0;0;0;0;0;0;0;0;0;0;0;0;0;0;0;0;0;0;0
0;2,48;49,01;10,89;0,99;0;0;0;0;0;0;0;29,21;0;0;0,5;0;0,99;0;0,99
0;6,44;40,1;11,39;3,47;0;0;0;0;0;0;0;29,7;2,97;1,98;0;0;0,99;0;0,99
0;1,8;24,77;11,71;0,45;0;1,35;0;0;0;0;0;52,25;1,8;2,25;0;0,23;0;0;0
0;0;0;0;0;0;0;0;0;0;0;0;0;0;0;0;0;0;0;0
0;0;0;0;0;0;0;0;0;0;0;0;0;0;0;0;0;0;0;0
0;0;32,69;9,62;4,81;1,92;0;0;0;0;0;0;43,27;5,77;0;0;0;0;0;0
0;12,97;45,05;12,74;1,18;0;0;0,47;0;0,47;0;0;24,06;0,71;1,18;0;0;0;0;0,47
0;2,8;35,51;14,02;0;0;0;0;0;0;0;0;35,51;0;9,35;0;0;0;0;0
0;0;0;0;0;0;0;0;0;0;0;0;0;0;0;0;0;0;0;0
0;5,7;32,21;18,46;2,68;0;0;0,67;0;0,34;0;0;28,19;5,03;1,68;0,34;0;0;0;1,68
0;3,11;37,78;21,78;0,89;0,89;0;0;0;0;0;0;31,56;0,44;0;0;0;0;0;1,33
0;0;0;0;0;0;0;0;0;0;0;0;0;0;0;0;0;0;0;0
0;0;0;0;0;0;0;0;0;0;0;0;0;0;0;0;0;0;0;0
0;4,81;39,42;25;1,92;0;0;0;0;0;0;0;19,23;2,88;3,85;0;0;1,92;0;0,96
0;2,37;48,82;9,95;3,08;0;0;0;0;0;0;0;21,09;8,06;4,27;0;0;0;0;0,47
0;0;0;0;0;0;0;0;0;0;0;0;0;0;0;0;0;0;0;0
0;2,21;31,64;17,7;2,88;0,22;0,44;0,22;0;0;0;0;36,95;4,42;1,33;0;0;0;0;0
0;0;0;0;0;0;0;0;0;0;0;0;0;0;0;0;0;0;0;0
0;8,1;30,28;11,97;4,58;0,7;0;0;0;1,06;0;0;32,04;4,93;3,87;0;0;0;0;1,76
0;7,63;33,9;14,41;1,69;0;0;0;0;0;0;0;34,75;2,54;2,54;0;0;0;0;0,85
0;11,76;26,7;4,98;0;0;0;0;0;0,9;0;0;49,77;0;3,17;0;0,9;0;0;0
0;14,22;65,4;2,84;0;0;0;0;0;0;0;0;14,22;0;2,37;0;0;0;0;0
0;4,99;28,68;14,46;0,5;0;0,5;0;0;0;0;0;43,64;1,5;3,74;0;0;0;0;2
0;6,51;46,15;5,92;0;1,18;2,37;0;0;1,78;0;0;30,77;3,55;0;0;0;0;0;0
0;4,77;31,98;14,08;0;0;0,24;0;0;0;0;0;43,68;1,91;0,95;0;0;0;0;0,48
0;24,02;60,28;4,62;2,31;0,69;0;1,39;0;0,46;0;0;4,62;1,15;0;0;0;0,46;0;0
0;2,73;32,26;4,47;0,99;0;0;0;0;0,5;0;0;52,11;1,49;3,97;0;0;0;0;0,99
0,33;11;42;7;2;0;0;0;0;0,33;0;0;32,33;1,33;3;0;0;0;0;0
0;7,75;29,34;5,87;0;0;0;1,41;0;0;0;0;52,58;0;2,35;0;0;0;0;0
0;12,16;77,75;6,42;0;0;0,69;0;0;0,23;0;0;2,06;0,46;0,23;0;0;0;0;0
0;17,9;69;6,77;0;0,87;1,09;0;0;0;0;0;3,71;0,66;0;0;0;0;0;0
0;27,06;55,28;11,24;0;0,23;1,15;0,69;0;0;0;0;4,13;0;0;0;0;0;0;0
0;28,36;50,86;13,2;0,73;0,24;0,98;0,98;0;1,71;0;0;2,2;0;0,24;0;0;0;0;0
0;12,86;59,29;13,1;0;0;0,95;0,48;0;0;0;0;12,62;0;0,48;0;0;0;0;0
0;2,86;63,05;16;0;0;0;0;0;0,19;0;0;16,57;0;0;0;0;0;0;0
0;0;0;0;0;0;0;0;0;0;0;0;0;0;0;0;0;0;0;0
0;5,21;53,6;12,66;1,24;0,25;0;0,74;0;0;0;0;21,34;1,99;1,74;0;0;0;0;0,5
0,48;36,96;41,06;7,49;1,45;2,66;6,28;2,42;0,24;0,48;0;0;0;0;0,24;0;0;0;0;0
0;34,14;37,89;15,42;1,54;0;6,39;1,54;0,44;1,32;0;0;0,44;0;0,22;0;0;0;0;0,44
0;13,63;50,99;23,52;0;1,32;3,08;1,76;0;2,86;0;0;1,76;0;0;0;0;0,66;0;0
0,72;45,11;36,52;4,77;1,67;0,95;5,97;1,43;0;0,48;0;0;1,91;0,24;0;0;0;0;0;0
0;14,95;60,37;17,38;0,75;0,37;0,56;1,12;0;0,19;0;0;3,74;0;0;0;0;0;0;0
0;34,9;41,16;15,44;1,12;0;3,13;2,91;0;0;0;0;1,34;0;0;0;0;0;0;0
0;45,23;31,74;3,32;1,24;2,07;10,17;2,07;0,62;0,62;0;0;2,7;0;0;0;0;0;0;0
0;26,03;15,57;8,27;6,57;4,38;25,79;9;1,7;1,46;1,22;0;0;0;0;0;0;0;0;0
0,21;51,98;13,31;3,53;1,46;2,91;19,96;4,78;0,21;0,83;0;0;0,62;0;0;0;0;0;0;0
0;20,87;18,45;6,8;3,88;7,77;21,84;12,14;1,94;3,4;0,49;0;1,94;0;0;0;0;0;0;0
0,76;33,97;33,59;16,41;0,38;0,76;6,49;6,11;0;1,15;0;0;0,38;0;0;0;0;0;0;0
2,13;43,83;34,89;5,96;0,85;1,7;7,66;2,13;0,85;0;0;0;0;0;0;0;0;0;0;0
1,68;37,82;35,29;18,91;0;0,42;0,42;1,26;0;0,84;0;0;2,52;0,42;0;0;0;0;0;0
3,93;45,84;24,96;10,74;3,33;3,78;2,57;2,72;0;1,06;0;0;0,61;0,3;0;0;0;0;0;0
0,71;33,57;20,71;17,5;7,5;3,93;5;3,93;0;1,79;0;0;5;0;0;0;0;0;0;0
1,34;50;22,77;11,16;1,79;2,23;3,57;2,23;0;1,79;0;0;1,79;0;0;0;0;0;0;0
0,94;60,85;15,57;7,08;1,89;1,42;2,36;1,42;0;0,94;0;0;6,6;0,47;0;0;0;0;0;0,47
0,82;11,84;26,94;28,57;0,41;0;1,22;0,41;0;0;0;0;24,9;0;0,82;0;0;0;0;0
3,98;54,87;15,93;11,06;1,77;0,44;8,85;0,44;0;1,77;0;0;0,88;0;0;0;0;0;0;0
2,22;45,93;31,85;12,59;0;0;5,93;0;0;1,48;0;0;0;0;0;0;0;0;0;0
2,31;36,11;34,72;10,65;2,78;2,31;3,24;1,85;0;1,85;0;0;2,78;0,46;0;0;0;0;0;0
0,44;32,02;44,3;14,91;0,44;0,44;4,82;0,44;0;0;0;0;0,44;0,88;0;0,88;0;0;0;0
1,52;18,98;48,2;10,63;4,74;2,66;5,69;2,09;0;2,28;0;0;1,33;0,57;0;0,19;0;0;0;0
1,61;30,97;39,03;16,45;0,97;0,32;2,9;3,23;0;0,97;0;0;3,23;0,32;0;0;0;0;0;0
1,4;31,31;42,06;7,01;2,34;1,87;5,14;2,34;0;2,34;0;0;2,8;0;0;0,47;0;0;0;0
0;40,32;33,06;10,48;2,02;0;10,08;1,21;0;0;0,81;0;2,02;0;0;0;0;0;0;0
0,47;32,08;30,66;12,74;2,36;1,89;5,19;3,3;0;6,13;0;0;2,83;0;0;0,47;0;0;0;0,47
0;36;26,5;8,5;6,5;3;11,5;2,5;0;4,5;0,5;0;0,5;0;0;0;0;0;0;0
0;38,39;19,64;12,5;4,46;6,25;13,39;3,13;0;1,79;0;0;0;0,45;0;0;0;0;0;0
0,86;36,64;20,26;12,07;6,47;3,02;9,05;3,45;0;3,88;0;0;3,88;0;0;0;0;0;0;0
0;49,5;26,5;4;4,5;1;11,5;2;0;0;0;0;1;0;0;0;0;0;0;0
0,89;47,11;20,44;8;1,33;1,78;7,56;3,56;0;4;0;0;4,89;0;0;0;0;0;0;0
0;36,32;25,94;5,66;3,3;1,89;19,81;6,13;0;0,94;0;0;0;0;0;0;0;0;0;0
0;34,96;15,49;9,73;5,31;3,54;19,91;4,42;0;6,19;0,44;0;0;0;0;0;0;0;0;0
0,52;35,24;19,62;6,77;2,95;6,42;15,1;6,42;0,17;4,86;0;0;1,22;0,17;0,17;0;0;0;0;0
0;27,65;10,14;6,45;3,69;3,69;32,26;9,22;1,38;3,23;0;0;2,3;0;0;0;0;0;0;0
0;25,85;13,66;12,68;4,39;2,44;18,54;10,73;0,49;9,76;0;0;1,46;0;0;0;0;0;0;0
0;22,27;43,67;17,47;0;0,44;7,86;4,37;0;3,49;0;0;0,44;0;0;0;0;0;0;0
0;3,13;14,73;53,13;0;1,34;0;0,45;0;0,89;0;0;17,86;0;3,13;0;0,45;0;0;0
0;11,76;54,41;19,49;1,1;1,1;1,84;1,1;0;5,88;0;0;2,21;0,37;0;0;0;0;0;0
0;16,14;48,41;16,14;1,2;1,59;0,8;2,99;0;2,39;0;0;6,77;0,2;1,79;0;0;0;0;0,4
0,9;14,35;45,29;30,94;0,9;0;2,24;0;0;4,04;0;0;1,35;0;0;0;0;0;0;0
0;13,3;25,12;54,19;0,49;0,99;0,99;0;0;2,46;0;0;2,46;0;0;0;0;0;0;0
0;0;0;0;0;0;0;0;0;0;0;0;0;0;0;0;0;0;0;0
0;0;0;0;0;0;0;0;0;0;0;0;0;0;0;0;0;0;0;0
0;0;0;0;0;0;0;0;0;0;0;0;0;0;0;0;0;0;0;0
0;0;0;0;0;0;0;0;0;0;0;0;0;0;0;0;0;0;0;0
0;0;0;0;0;0;0;0;0;0;0;0;0;0;0;0;0;0;0;0
0;0;0;0;0;0;0;0;0;0;0;0;0;0;0;0;0;0;0;0
0;0;0;0;0;0;0;0;0;0;0;0;0;0;0;0;0;0;0;0
0;21,67;58,33;8,33;0;0;3,33;1,67;0;0;0;0;6,67;0;0;0;0;0;0;0
0;0;0;0;0;0;0;0;0;0;0;0;0;0;0;0;0;0;0;0
0;21,05;42,11;12,28;0;0;1,75;12,28;0;1,75;0;0;7,02;0;0;0;0;0;0;0
0;0;0;0;0;0;0;0;0;0;0;0;0;0;0;0;0;0;0;0
0;29,71;57,74;6,28;1,26;0;0;0;0;0,42;0;0;4,18;0;0;0;0;0;0;0
0;17,13;67,13;6,94;0,46;0;0;0,93;0;0,93;0;0;6,48;0;0;0;0;0;0;0
0;21,5;62,62;7,94;0,47;0;0;0,47;0;0;0;0;5,61;0;0;0;0;0;0;0,47
0;16,28;72,09;3,49;0;0;1,16;0;0;0;0;0;4,65;0;0;0;0;0;0;0
0;19,73;55,47;9,33;2,67;1,07;2,13;2,13;0;3,2;0;0;1,6;1,07;0,27;0;0;0;0;0
0;24,42;62,67;7,37;0;0;0;1,38;0;0,46;0;0;3,23;0;0;0;0;0;0;0
0;13,11;58,25;12,14;2,91;0;0;0,97;0;1,46;0;0;10,19;0;0,49;0;0,49;0;0;0
0;17,7;63,64;7,18;0,96;0;0,48;0,96;0;0;0;0;7,66;0,48;0,48;0;0;0;0;0
0;25,28;56,88;3,35;1,12;0;0,37;1,86;0;0;0;0;9,29;0;0,37;0;0;0;0;0
0;18,75;55,77;3,85;1,44;0;0,48;2,4;0;2,88;0;0;10,58;0;0,48;0;0;0;0;0
0;0;0;0;0;0;0;0;0;0;0;0;0;0;0;0;0;0;0;0
0;15,52;69,83;6,03;0;0;0;0,86;0;0,86;0;0;6,9;0;0;0;0;0;0;0
0;0;0;0;0;0;0;0;0;0;0;0;0;0;0;0;0;0;0;0
0;15,28;73,96;2,64;3,02;0,94;0,38;2,08;0;0,19;0;0;0,94;0,57;0;0;0;0;0;0
0;0;0;0;0;0;0;0;0;0;0;0;0;0;0;0;0;0;0;0
0;11,98;78,1;3,31;0;0;0,83;0;0;0;0;0;4,55;0;0,41;0;0,41;0;0;0
0;18,45;70,82;5,58;0,86;0;1,29;0,43;0;0;0;0;2,15;0;0;0;0;0;0;0
0;0;0;0;0;0;0;0;0;0;0;0;0;0;0;0;0;0;0;0
0;10,55;72,66;2,73;0,39;0;0;2,34;0;1,95;0;0;8,98;0;0;0;0;0;0;0
0;17,3;63,29;2,95;0,42;0,42;2,95;4,22;0;2,11;0;0;5,06;0;0;0;0;0;0;0
0;19,28;63,05;3,61;2,41;0;0,4;1,2;0;2,41;0;0;6,02;0;0;0;0;0;0;0,4
0;29,49;52,56;0;0;0;0;2,56;0;2,56;0;0;11,54;0;0;0;0;0;0;0
0;18,03;61,97;1,97;3,18;1,21;0,91;3,33;0;6,82;0;0;2,12;0;0;0;0;0;0;0,15
0;16,33;57,77;3,59;0;0;2,39;5,98;0;5,18;0;0;7,17;0;0;0;0;0;0;0
0;11,56;61,9;2,04;0;0;0;2,04;0;6,8;0;0;14,29;0;0;0;0;0;0;1,36
0;3,92;37,25;5,88;0;0;0;0;0;0;0;0;43,14;0;0;0;0;0;0;7,84
0;29,74;53,88;3,88;0;0;2,16;1,72;0;1,29;0;0;6,9;0;0;0;0;0;0;0
0;15,97;73,11;3,36;0,84;0;0;0;0;0,84;0;0;5,88;0;0;0;0;0;0;0
0;6,25;78,13;3,13;0;0;0;3,13;0;0;0;0;9,38;0;0;0;0;0;0;0
0;22,54;65,73;5,16;0,47;0;0;0;0;1,41;0;0;4,23;0,47;0;0;0;0;0;0
0;15,58;70,13;6,49;0,43;0;1,3;0,43;0;0;0;0;4,33;0,87;0;0;0;0;0;0
0;7,48;83,84;4,25;0,17;0,17;0,34;1,36;0;0,51;0;0;1,36;0;0;0;0;0;0;0
0;12,07;58,62;8,62;0;0;0;0;0;3,45;0;0;15,52;0;0;0;0;0;0;0
0;12,7;71,43;0;0;1,59;0;1,59;0;0;0;0;11,11;0;0;0;0;0;0;0
0;19,78;63,74;10,99;1,1;0;0;0;0;0;0;0;4,4;0;0;0;0;0;0;0
0;22,13;64,82;3,95;0,4;0;0;1,19;0;1,19;0;0;5,14;0,79;0;0;0;0;0;0,4
0;17,43;72,2;3,73;0;0;0;1,24;0;0,83;0;0;4,56;0;0;0;0;0;0;0
0;13,88;72,65;7,35;0;0;0,41;1,22;0;0;0;0;3,67;0,41;0;0;0,41;0;0;0
0;29,13;56,31;11,65;0;0;0;0;0;0,97;0;0;0,97;0;0;0;0;0;0;0
0;15,24;71,9;4,76;0,48;0;0,48;0;0;0,48;0;0;5,71;0,48;0,48;0;0;0;0;0
0;23,76;64,44;6,5;0,68;0,85;0,17;0,68;0;0,85;0;0;0,85;0,51;0,17;0;0;0;0;0,17
0;14,8;64,57;15,7;0;0;0;0,45;0;0;0;0;3,59;0,9;0;0;0;0;0;0
0;18,34;67,25;9,17;0;1,31;0,87;0;0;0;0;0;2,62;0,44;0;0;0;0;0;0
0;8,97;78,21;10,26;0;0;0;0;0;0,85;0;0;1,28;0;0;0;0;0;0;0
0;13,76;77,98;5,5;0;0;0;0;0;0;0;0;1,83;0;0;0;0;0;0;0
0;25;63,16;5,26;0;0;0;0,44;0;2,19;0;0;3,51;0,44;0;0;0;0;0;0
0;17,6;65,2;11,2;0;0,4;0,8;0,8;0;2;0;0;2;0;0;0;0;0;0;0
0;14,16;77,25;3,86;0;0;0;0,86;0;0,43;0;0;3;0;0;0;0;0;0;0,43
0;19,91;55,75;9,29;0,44;0,88;2,65;2,65;0;4,87;0;0;2,65;0,44;0;0;0;0;0;0
0;22,08;53,32;10,05;1,26;1,08;0,54;4,49;0;5,92;0;0;0,54;0,18;0;0;0;0;0;0,36
0;27,23;39,73;12,05;0,89;1,34;3,13;2,23;0;10,71;0,45;0;2,23;0;0;0;0;0;0;0
0;13,03;42,25;19,72;2,11;1,41;1,41;8,45;0;8,1;0;0;3,17;0,35;0;0;0;0;0;0
0;15,45;37,27;13,64;4,55;3,64;1,82;6,36;0;14,55;0;0;2,73;0;0;0;0;0;0;0
0;23,38;38,53;19,91;0,87;1,3;1,3;3,46;0;8,66;0;0;2,16;0;0;0;0;0;0;0
0;14,94;35,27;32,37;0;1,66;0,41;4,98;0;5,39;0;0;4,98;0;0;0;0;0;0;0
0;4,72;33,02;25,47;0;0;0;0;0;0;0;0;29,25;0;2,83;0;0;0;0;0,94
0;17,94;55,92;7,63;1,15;1,34;0,95;7,06;0;6,87;0;0;0,76;0,19;0;0;0;0;0;0
0;10,78;49,02;16,67;0,98;0;0;3,92;0;8,82;0;0;5,88;0;0,98;0;0;0;0;0
0,12;8,72;61,18;14,74;2,21;0,25;0;3,81;0;6,51;0;0;2,21;0;0;0;0;0,12;0;0,12
0;1,29;63,79;28,02;0,43;0;1,29;1,29;0;0,43;0;0;3,45;0;0;0;0;0;0;0
0;14;58;12;0;0;0;1;0;0;0;0;7;0;1;0;0;1;0;0
0;11,54;64,9;9,62;0;0;0;0;0;0;0;0;9,62;0;1,44;0;0;0;0;0,96
0;4,95;59,41;6,93;0;0;0;0;0;0;0;0;25,74;0;0;0,99;0;0;0;0
0;4,37;69,42;7,28;0;0;0,49;0;0;0;0;0;16,02;0;0;0;0,49;0,97;0;0
0;16,22;71,62;7,66;0;0;0;0;0;0;0;0;3,15;0;0;0;0;0;0;0,9
0;6,94;73,61;11,81;0;0;0;0;0;0;0;0;6,94;0;0;0;0;0;0;0
0;8,68;57,74;29,06;0,38;0;0;0,38;0;0;0;0;3,77;0;0;0;0;0;0;0
0;11,93;61,68;18,02;0;0;0,51;0,51;0;1,78;0;0;4,82;0;0;0;0;0;0;0
0;8,03;68,25;16,42;0,36;0;0;1,09;0;0;0;0;4,01;0;1,46;0;0;0,36;0;0
0;5,6;76,29;10,34;0;1,29;0,43;0,43;0;0;0;0;3,45;0;0,43;0,43;0;0;0;0
0;5,86;55,65;26,78;0;0;0;0;0;0;0;0;9,62;0;0,42;0,84;0;0;0;0
0;9,71;59,71;22,33;0;0;0;0,49;0;0;0;0;7,77;0;0;0;0;0;0;0
0;0;0;0;0;0;0;0;0;0;0;0;0;0;0;0;0;0;0;0
0;0;0;0;0;0;0;0;0;0;0;0;0;0;0;0;0;0;0;0
0;0;0;0;0;0;0;0;0;0;0;0;0;0;0;0;0;0;0;0
0;0;0;0;0;0;0;0;0;0;0;0;0;0;0;0;0;0;0;0
0;0;0;0;0;0;0;0;0;0;0;0;0;0;0;0;0;0;0;0
0;0;0;0;0;0;0;0;0;0;0;0;0;0;0;0;0;0;0;0
0;0;0;0;0;0;0;0;0;0;0;0;0;0;0;0;0;0;0;0
0;0;0;0;0;0;0;0;0;0;0;0;0;0;0;0;0;0;0;0
0;0;0;0;0;0;0;0;0;0;0;0;0;0;0;0;0;0;0;0
0;0;0;0;0;0;0;0;0;0;0;0;0;0;0;0;0;0;0;0
0;1,61;59,68;4,84;0;0;0;0;0;0;0;0;27,42;0;0;0;0;1,61;0;3,23
0;0;0;0;0;0;0;0;0;0;0;0;0;0;0;0;0;0;0;0
0;0;0;0;0;0;0;0;0;0;0;0;0;0;0;0;0;0;0;0
0;0;0;0;0;0;0;0;0;0;0;0;0;0;0;0;0;0;0;0
0;0;0;0;0;0;0;0;0;0;0;0;0;0;0;0;0;0;0;0
0;0;0;0;0;0;0;0;0;0;0;0;0;0;0;0;0;0;0;0
0;5,26;63,16;8,77;0;0;1,75;0;0;0;0;0;17,54;0;0;0;0;0;0;1,75
0;8;71,56;16,44;0;0;0;0;0;0;0;0;3,56;0;0;0;0;0;0;0
0;0;0;0;0;0;0;0;0;0;0;0;0;0;0;0;0;0;0;0
0;0;65,43;19,75;0;0;0;1,23;0;0;0;0;7,41;0;0;0;0;0;0;0
0;0;52,17;7,25;0;0;0;0;0;1,45;0;0;28,99;0;0;1,45;0;0;0;5,8
0;0,49;61,08;13,3;1,48;0,49;0;0;0;0;0;0;20,69;0;0;0;0;0;0;2,46
0;0;16,95;11,86;0;0;0;3,39;0;0;0;0;64,41;0;0;0;1,69;0;0;1,69
0;0;0;0;0;0;0;0;0;0;0;0;0;0;0;0;0;0;0;0
0;0;32,69;0;1,92;0;0;0;0;0;0;0;63,46;1,92;0;0;0;0;0;0
0;0;0;0;0;0;0;0;0;0;0;0;0;0;0;0;0;0;0;0
0;0;0;0;0;0;0;0;0;0;0;0;0;0;0;0;0;0;0;0
0;0;0;0;0;0;0;0;0;0;0;0;0;0;0;0;0;0;0;0
0;0;0;0;0;0;0;0;0;0;0;0;0;0;0;0;0;0;0;0
0;0;0;0;0;0;0;0;0;0;0;0;0;0;0;0;0;0;0;0
0;0;0;0;0;0;0;0;0;0;0;0;0;0;0;0;0;0;0;0
0;0;27,83;3,48;0;0;0;0;0;0;0;0;65,22;0,87;0;1,74;0;0;0;0
0;0;0;0;0;0;0;0;0;0;0;0;0;0;0;0;0;0;0;0
0;0;0;0;0;0;0;0;0;0;0;0;0;0;0;0;0;0;0;0
0;0;0;0;0;0;0;0;0;0;0;0;0;0;0;0;0;0;0;0
0;0;0;0;0;0;0;0;0;0;0;0;0;0;0;0;0;0;0;0
0;0;0;0;0;0;0;0;0;0;0;0;0;0;0;0;0;0;0;0
0;0;0;0;0;0;0;0;0;0;0;0;0;0;0;0;0;0;0;0
0;2,53;56,96;7,59;0,63;0;0;0;0;0;0;0;31,01;0;0;0;0;0;0;0
0;8;58;4;0;0;0;2;0;0;0;0;28;0;0;0;0;0;0;0
0;0;0;0;0;0;0;0;0;0;0;0;0;0;0;0;0;0;0;0
0;0;0;0;0;0;0;0;0;0;0;0;0;0;0;0;0;0;0;0
0;0;0;0;0;0;0;0;0;0;0;0;0;0;0;0;0;0;0;0
0;0;12,9;3,23;0;0;0;1,61;0;1,61;0;0;64,52;0;6,45;4,84;0;0;0;0
0;0;0;0;0;0;0;0;0;0;0;0;0;0;0;0;0;0;0;0
0;3,51;19,3;17,54;0;0;3,51;1,75;0;0;0;0;45,61;0;0;0;0;0;0;0
0;0;22,22;12,96;0;0;0;1,85;0;0;0;0;51,85;0;9,26;1,85;0;0;0;0
0;0,62;10,8;11,11;0;0;0;0,31;0;0;0;0;65,74;0;7,1;0,62;0;0;0;0
0;0;0;0;0;0;0;0;0;0;0;0;0;0;0;0;0;0;0;0
0;0;0;0;0;0;0;0;0;0;0;0;0;0;0;0;0;0;0;0
0;0;46,15;3,85;0;0;1,92;1,92;0;0;0;0;46,15;0;0;0;0;0;0;0
0;0;71,7;3,77;0;0;0;0;0;0;0;0;18,87;0;0;0;0;0;0;0
0;4,76;64,76;2,86;0;0;0;0;0;0;0;0;20,95;0;0;2,86;0;0;0;0
0;0;12,5;3,13;1,56;0;0;0;0;3,13;0;0;59,38;0;9,38;3,13;4,69;0;0;1,56
0;0;8,57;3,81;3,81;0;0;0;0;0;0;0;72,38;0;7,62;1,9;0;0;0;0
0;1,45;63,77;4,35;0;0;0;0;0;0;0;0;27,54;0;0;0;0;0;0;0
0;0;95,45;0,65;0;0;0;0;0;0;0;0;3,25;0;0;0,65;0;0;0;0
0;0;46,91;6,17;0;0;0;0;0;0;0;0;40,74;0;3,7;0;0;0;0;0
0;4,39;50,88;13,16;1,75;0;0;0;0;0;0;0;29,82;0;0;0;0;0;0;0
0;2,38;29,76;5,95;0;1,19;0;0;0;0;0;0;47,62;0;7,14;1,19;0;0;0;4,76
0;13,44;74,73;2,69;0;0;0;0;0;0;0;0;8,06;0;0;0;0;0;0;0
0;8,62;74,14;1,72;0;0;0;0;0;0;0;0;15,52;0;0;0;0;0;0;0
0;4,39;50,88;13,16;1,75;0;0;0;0;0;0;0;29,82;0;0;0;0;0;0;0
0;0;0;0;0;0;0;0;0;0;0;0;0;0;0;0;0;0;0;0
0;0;0;0;0;0;0;0;0;0;0;0;0;0;0;0;0;0;0;0
0;0;0;0;0;0;0;0;0;0;0;0;0;0;0;0;0;0;0;0
0;0;0;0;0;0;0;0;0;0;0;0;0;0;0;0;0;0;0;0
0;6,85;30,14;5,48;0;0;0;2,74;0;0;0;0;43,84;0;0;0;1,37;0;0;0
0;2,91;42,72;6,8;2,91;0;0;0;0;0;0;0;40,78;0;0,97;0;0;0;0;0
0;13,48;59,55;10,11;0;0;0;1,12;0;0;0;0;11,24;0;0;1,12;0;0;0;0
0;1,79;62,5;5,36;0;0;0;0;0;0;0;0;30,36;0;0;0;0;0;0;0
0;0;0;0;0;0;0;0;0;0;0;0;0;0;0;0;0;0;0;0
0;0;16,28;13,95;0;0;0;0;0;0;0;0;58,14;1,16;1,16;1,16;0;0;0;0
0;0;0;0;0;0;0;0;0;0;0;0;0;0;0;0;0;0;0;0
0;3,57;29,46;9,82;0;0;0;0;0;0;0;0;50;0;0;0;0,89;0;0;0,89
0;0;0;0;0;0;0;0;0;0;0;0;0;0;0;0;0;0;0;0
0;0;0;0;0;0;0;0;0;0;0;0;0;0;0;0;0;0;0;0
0;2,44;67,48;3,25;0;0;0;0;0;0,81;0;0;23,58;0;0;0;0;0;0;0
0;18;62;10;0;0;0;0;0;0;0;0;10;0;0;0;0;0;0;0
0;8,4;58,02;11,45;0;0;0;0;0;0;0;0;18,32;0;0;0,76;0;0;0;0
0;7,77;59,22;6,8;0;0;0;0;0;0;0;0;18,45;0;1,94;0;0;0,97;0;0,97
0;5,36;55,95;22,02;1,19;1,79;0,6;0,6;0;1,79;0;0;9,52;0,6;0;0;0;0;0;0
0;4,76;49,21;23,81;0;0;0;0;0;0;0;0;17,46;0;1,59;0;0;0;0;3,17
0;7,14;54,29;8,57;0;0;0;0;0;0;0;0;22,86;0;3,57;0;0,71;0;0;0
0;11,11;53,7;12,96;0;0;0;0;0;0;0;0;22,22;0;0;0;0;0;0;0
0;9,57;78,26;4,35;0;0;0;0;0;0;0;0;7,83;0;0;0;0;0;0;0
0;7,24;54,75;14,48;0;0;0;0;0;0;0;0;20,81;0;0;0;0;0;0;0,45
0;16;45;12;0;0;1;0;0;0;0;0;20;0;2;0;0;1;0;0
0;15,03;65,36;10,46;0,65;0;0;0;0;0;0;0;7,84;0;0;0;0;0;0;0
0;0;0;0;0;0;0;0;0;0;0;0;0;0;0;0;0;0;0;0
0;0;0;0;0;0;0;0;0;0;0;0;0;0;0;0;0;0;0;0
0;0;0;0;0;0;0;0;0;0;0;0;0;0;0;0;0;0;0;0
0;0;0;0;0;0;0;0;0;0;0;0;0;0;0;0;0;0;0;0
0;0;0;0;0;0;0;0;0;0;0;0;0;0;0;0;0;0;0;0
0;0;0;0;0;0;0;0;0;0;0;0;0;0;0;0;0;0;0;0
0;0;0;0;0;0;0;0;0;0;0;0;0;0;0;0;0;0;0;0
0;0;0;0;0;0;0;0;0;0;0;0;0;0;0;0;0;0;0;0
0;0;0;0;0;0;0;0;0;0;0;0;0;0;0;0;0;0;0;0