X2;mean;X0.5_inf;X0.5_sup;X0.95_inf;X0.95_sup;mean.1;X0.5_inf.1;X0.5_sup.1;X0.95_inf.1;X0.95_sup.1;mean.2;X0.5_inf.2;X0.5_sup.2;X0.95_inf.2;X0.95_sup.2;mean.3;X0.5_inf.3;X0.5_sup.3;X0.95_inf.3;X0.95_sup.3;mean.4;X0.5_inf.4;X0.5_sup.4;X0.95_inf.4;X0.95_sup.4
2396,070946;7,392431725;5,325428102;9,450418245;1,184849234;13,62951246;844,9582691;479,4954771;869,3015329;283,8409613;1578,739374;21,29482057;17,95439387;24,59550753;11,42849612;31,14450573;-4,371711571;-8,508658684;-0,233607184;-16,6357012;7,872788597;10601,41596;6575,310973;13251,26122;1566,628582;19113,07691
2768,732889;7,506897714;5,355430186;9,477831963;1,272101448;13,62093437;838,1960855;482,3257167;865,9102013;286,3874099;1553,898884;21,29881761;17,97131925;24,61999773;11,39900901;31,15123773;-4,307089952;-8,421385289;-0,160816148;-16,51659165;7,866036666;10389,20217;6518,0407;12976,02401;1609,557852;18665,79883
3146,842834;7,930778862;5,933298084;9,699380675;2,10844222;13,45789554;848,0190407;497,1308743;878,8752747;300,2164923;1553,64991;21,5674712;18,47079189;24,65641541;12,34804142;30,84485132;-3,616229526;-7,319466101;0,120380545;-14,66955067;7,47623142;10372,92898;6578,827071;12950,68768;1698,917156;18571,52671
3514,851571;7,94479651;5,727155395;9,635442217;1,805301306;13,55181016;846,5297101;491,4119279;876,1336002;294,945247;1559,782234;21,47237146;18,29254206;24,67248103;11,92020848;31,00011796;-3,84571668;-7,699221871;0,030501955;-15,30807124;7,626804193;10419,65788;6560,698358;13000,68278;1643,621619;18700,54332
3878,586443;8,013464723;5,83636105;9,629711891;2,001393712;13,43291481;843,5549409;501,1232365;876,4719969;304,3282393;1533,718145;21,50167132;18,26364736;24,74889072;11,88099142;31,11539728;-3,804052006;-7,632092526;0,018996642;-15,1928417;7,564041638;10246,57168;6536,92394;12776,53606;1741,654887;18314,77898
4242,917962;7,795708262;5,462891334;9,456104408;1,451179689;13,43801073;837,3876544;480,9160813;863,8128887;288,1894306;1554,297685;21,5639946;18,35102754;24,74024764;12,06482042;31,01094566;-4,292183868;-8,313445319;-0,233224428;-16,21629548;7,639937528;10610,4937;6502,526503;13226,44875;1562,78409;19194,66043
4609,330769;8,079317632;5,754953846;9,57220707;1,944702983;13,39045818;843,8401445;488,7181072;871,8318801;294,1106201;1560,619703;21,78900814;18,71097387;24,80547174;12,66340592;30,91421259;-4,042057216;-7,863734543;-0,210941536;-15,47011125;7,339503521;10556,40156;6511,325004;13161,46378;1585,327005;19084,41004
4979,506773;7,84102487;5,482308166;9,493396819;1,480112234;13,48706567;839,6277526;477,2490455;864,7619252;283,3242056;1570,208141;21,70507865;18,59164568;24,84738966;12,42289582;31,00227762;-4,318908548;-8,293809117;-0,297077288;-16,16812419;7,58140857;10610,32122;6458,062816;13236,81616;1499,616412;19227,18337
5351,021504;7,834563115;5,475909207;9,460544611;1,508189198;13,41736273;841,5636536;477,5373124;865,2961294;285,5514464;1574,003912;21,83601691;18,72722684;24,96043545;12,53896837;31,13210541;-4,510632066;-8,560407217;-0,385035648;-16,65109407;7,636012679;10771,52291;6497,019297;13429,50269;1514,334474;19627,60215
5715,113859;8,016363722;5,682112027;9,543539563;1,816007611;13,41109774;843,4028434;479,3524587;867,7148185;285,0001722;1577,200038;21,98317351;18,96128008;24,97616928;13,03812858;30,96934044;-4,300486803;-8,231442851;-0,346629;-16,0149031;7,332823477;10796,07279;6509,019979;13471,48013;1495,052462;19683,02463
6087,759622;8,093198323;5,722416889;9,534302938;1,96243536;13,3792784;842,4301252;481,5033659;867,5170063;288,4473861;1568,847146;21,9919833;18,98333105;24,97122115;13,08833368;30,8819316;-4,180904888;-8,019254102;-0,263820235;-15,68552588;7,341148287;10762,4321;6508,581505;13422,0666;1517,487195;19601,00487
6458,376813;8,006036967;5,499520893;9,440856156;1,52100463;13,36484258;840,1482875;483,2273893;865,4858202;290,927777;1558,579962;21,8275732;18,65391998;24,97270522;12,37201403;31,21431082;-4,532096334;-8,700001007;-0,394228238;-16,87062853;7,781996296;10838,18874;6552,069447;13511,55597;1590,199943;19784,08612
6833,758072;7,83930934;5,287298985;9,458771062;1,163851348;13,64077999;867,809772;483,4583231;890,7876017;283,5759975;1637,270209;21,79962146;18,58747044;25,06964743;12,15901359;31,4561988;-4,676941294;-8,913242049;-0,436925852;-17,180246;7,884911848;11317,85001;6733,002287;14149,92625;1469,174101;20740,95619
7210,657944;7,881311579;5,266080023;9,459510477;1,110723796;13,64472304;873,4662401;484,7785676;896,4005711;283,4758481;1651,708826;21,72801134;18,43325947;24,97008425;12,00859747;31,48506403;-4,600894718;-8,832932753;-0,419366123;-17,08756301;7,838579135;11410,78595;6773,535452;14268,34992;1459,912132;20910,24797
7578,433129;8,1171327;5,312394473;9,465459391;1,192086748;13,65409105;878,3141832;483,9694567;900,7260289;282,6264675;1667,104897;21,7526868;18,5025557;25,02959782;12,02101157;31,50567949;-4,586893006;-8,791894818;-0,377795676;-17,01730147;7,839913229;11480,80428;6806,691421;14365,15504;1466,786473;21062,14765
7937,690167;7,699856048;5,16844968;9,390705027;0,950285922;13,62755029;879,3370958;489,0179634;903,0376746;285,9621274;1663,095439;21,52591803;18,16654838;24,90721237;11,52749088;31,54042557;-4,497193631;-8,730449289;-0,27019879;-17,07159803;7,997518192;11519,91857;6839,405698;14414,9655;1475,988109;21134,06171
8307,797195;7,933652946;5,295916436;9,457276211;1,179327817;13,67016552;880,2720845;485,9784378;902,9983186;282,7428503;1670,001209;21,73912187;18,45163336;25,03576249;12,01125827;31,49425439;-4,495736572;-8,656116408;-0,315193963;-16,80901859;7,842465839;11481,18439;6802,109263;14360,74486;1462,661869;21065,80948
8677,562639;7,701981994;5,078831892;9,448354161;0,698590663;13,81561108;880,9632312;484,9512381;903,0093526;280,9940739;1674,099234;21,64996303;18,31483342;24,98519572;11,71964975;31,63031042;-4,61885487;-8,916785088;-0,320927093;-17,31513203;8,127316283;11596,63629;6837,280956;14524,43828;1428,290165;21335,75816
9054,808368;7,88027862;5,26137607;9,535510844;0,969236202;13,80358111;875,3240094;480,8980888;897,375747;278,9288667;1666,340818;21,80864699;18,55009885;25,07307073;12,10176381;31,50945363;-4,608640043;-8,85433055;-0,393153486;-17,11596287;7,880267173;11415,33028;6746,04268;14289,21704;1436,153129;20988,00789
9427,476876;7,601014389;5,096426704;9,414701428;0,788196113;13,71989928;874,4446685;481,0771137;895,9141397;279,4891363;1663,423221;21,63818979;18,30303061;24,99581469;11,71116464;31,58217601;-4,686955615;-8,972555931;-0,365451478;-17,42303842;8,113057538;11400,64655;6734,400804;14256,97904;1455,787528;20943,60698
9801,382754;7,133111337;4,663375797;9,236966271;0,107044624;13,82601354;862,7685282;473,2541791;883,7726681;272,5970974;1642,754897;21,43715946;18,02266755;24,82890295;11,35597451;31,57338078;-5,083789195;-9,546547341;-0,604457095;-18,37084931;8,185505274;11356,00853;6680,240278;14218,64389;1399,417934;20920,52399
10169,42178;6,173230436;3,52968437;8,883592754;-1,760276951;14,15202276;836,2076936;449,7094738;854,5532456;253,105328;1611,549646;20,9797881;17,2644141;24,65697839;10,04397512;31,91516489;-6,000583112;-11,23659799;-0,780247755;-21,39044477;9,430903609;11123,43017;6475,952002;13957,32757;1272,930065;20640,04206
10535,23671;5,341043442;3,13960287;8,612079133;-2,24229079;14,04806919;809,2970214;438,5987526;827,7647748;248,7816581;1553,58348;20,99101336;17,32937284;24,64334531;10,13625352;31,87734069;-6,882222364;-12,46934924;-1,285081291;-23,40550274;9,619130694;10629,10938;6286,666135;13315,72081;1307,301768;19562,63071
10910,00029;4,998711686;2,454224492;8,409725472;-3,438399209;14,31080845;796,2407518;420,2667175;813,5691332;230,2115605;1550,112659;21,0050455;17,08363923;24,95796836;9,364127348;32,65604914;-7,60695676;-13,59756766;-1,546442806;-25,36301446;10,1787922;10492,3998;6078,149222;13186,56362;1080,081106;19526,97632
11275,39388;4,607012965;2,251834229;8,374875952;-3,767987703;14,42803036;799,847932;418,8132404;816,1089292;229,3371123;1563,115813;20,99372812;17,05681583;24,91840397;9,319282848;32,69078821;-7,758683114;-13,92198507;-1,595402333;-25,89614711;10,34430909;10530,89261;6096,798092;13249,94642;1087,962897;19615,47883
11627,27831;4,711058723;2,399267885;8,386935697;-3,461650369;14,28699404;823,7918728;432,6012503;840,7923755;236,7317245;1608,41005;20,8492881;16,95027727;24,71043536;9,353068197;32,33087539;-7,268407884;-13,01355101;-1,501152069;-24,23262043;9,732877094;10941,53803;6322,410822;13790,28833;1080,081106;20418,3166
11801,55578;4,917250914;2,663694002;8,398280986;-2,984958735;14,05365449;817,9450297;437,6942298;836,0252791;243,8879195;1581,490817;20,69863234;17,02646228;24,41292404;9,735918096;31,62979875;-7,119282023;-12,67577697;-1,553592499;-23,55167796;9,393380724;10931,33999;6403,839878;13716,59254;1264,834419;20235,52281
16810,74853;5,380138947;2,70023799;8,442038773;-2,904250866;14,09579665;817,7305559;430,412831;834,8359936;236,1716413;1592,551832;20,8222391;16,8950811;24,77974234;9,129763033;32,51511017;-6,874508852;-12,22878025;-1,54155898;-22,67760423;8,947437931;10860,43562;6239,308498;13673,94174;1070,987833;20300,20552
16880,37951;5,47075726;2,700904835;8,504628945;-3,041892484;14,214852;793,9434786;425,5753507;812,7132146;235,4346941;1532,782908;21,05953893;17,09040431;25,03418748;9,304662303;32,82183168;-7,105038287;-12,67684989;-1,539867754;-23,48327998;9,280603977;10247,67801;5983,502514;12900,12453;1065,958637;19019,06361
17156,8475;4,984586246;2,436323186;8,471833759;-3,498815076;14,44030449;767,4717532;410,4389302;786,4053888;226,6576148;1480,605998;21,28400235;17,25117555;25,31506652;9,295525541;33,22957931;-7,659806516;-13,6732588;-1,668912855;-25,3134241;10,03234012;9743,742728;5774,02674;12260,2079;1097,063358;17991,32495
17260,3462;4,88717544;2,346063523;8,463513966;-3,683838413;14,4929215;754,0276209;404,4616098;772,5954014;223,5067289;1453,151019;21,37072881;17,31104545;25,43756031;9,312450277;33,47446134;-8,017089672;-14,26448738;-1,857795719;-26,29174162;10,24302586;9579,81115;5713,064292;12049,28006;1104,945148;17653,7824
18030,33778;5,781343467;2,508796286;8,605029447;-3,471849149;14,58958354;751,8656662;405,7325761;772,7112214;223,8847751;1443,877076;21,45367137;17,33556399;25,57264775;9,261318157;33,61154136;-7,842616854;-14,1551498;-1,602063836;-26,35298384;10,59225754;9486,611773;5660,020438;11917,61063;1119,490059;17472,63915
18773,65198;4,913082132;2,243649779;8,328187189;-3,75012601;14,28558873;771,5170794;409,1280554;788,5782232;223,9349838;1496,844619;21,09345083;17,07814076;25,12594672;9,19183114;32,99863595;-7,886556385;-13,85727932;-1,8824153;-25,58636035;9,758672339;10037,66099;5878,682289;12623,75727;1066,754866;18598,5351
19509,84403;4,801232517;2,432543917;8,353257917;-3,432487125;14,16882324;778,6758911;417,2218881;795,7917056;232,195939;1504,005093;20,89805119;17,0732987;24,76977036;9,465922441;32,28707963;-7,642969732;-13,51625156;-1,730304269;-24,9546679;9,70153397;10293,67992;6088,76384;12919,67509;1238,383337;18982,76977
20173,26864;4,821217865;2,242171263;8,347282214;-3,80511563;14,34771646;778,6921732;408,8713444;793,850859;223,3213977;1519,561923;21,04884743;16,98076271;25,10959072;9,078989513;33,08812966;-7,82781625;-13,90500245;-1,762861912;-25,74753186;10,03471746;10234,02667;5948,532483;12871,73757;1052,209956;19013,05122
20890,86916;5,333754672;2,40390614;8,458375993;-3,584767985;14,43859084;775,6391763;410,9049935;793,67284;224,5823723;1506,294064;21,14770932;17,05588918;25,25271089;9,055496765;33,28524199;-7,629439233;-13,69648108;-1,570781016;-25,52983706;10,23181136;10041,7112;5856,090494;12637,18157;1066,754866;18623,62314
21181,94096;5,179587204;2,349809746;8,419090148;-3,675177665;14,4003886;774,9713971;409,1345431;791,2562154;224,2502436;1508,059657;21,18064791;17,08689963;25,27945201;9,080972659;33,30630173;-7,66723984;-13,73622516;-1,65552324;-25,50112767;10,16398854;10007,80904;5851,729606;12592,00437;1066,754866;18553,21297
21468,70966;5,11066972;2,641449312;8,497897169;-3,172814216;14,27284628;787,2650375;420,8546143;803,0720187;235,3078255;1522,863924;21,12669546;17,17715249;25,10901318;9,412605636;32,89487259;-7,3921333;-13,18412123;-1,584129302;-24,46812646;9,693297827;10309,52276;5998,77801;12965,62638;1087,956528;19178,01311
21713,95909;4,716654363;2,359046372;8,403905534;-3,617906067;14,38433319;779,6577954;411,6980408;796,729394;225,0750691;1515,406882;21,06644316;17,00778255;25,07346792;9,077435708;33,07678808;-7,667595596;-13,73451273;-1,584060348;-25,58421484;10,22786693;10179,40072;5920,007274;12808,2981;1066,754866;18910,73617
21812,66349;5,272587782;2,691790575;8,565745441;-3,118693063;14,37631862;784,387486;421,1078227;801,8721101;235,4290856;1512,259232;21,17436847;17,15563123;25,19593531;9,302987801;33,06609887;-7,259941588;-13,12049228;-1,432303815;-24,54337776;9,983130773;10130,95037;5910,545596;12732,05693;1078,12123;18801,57123
22057,19049;4,962776383;2,589878589;8,515285981;-3,280362496;14,31614429;767,995903;416,2201954;787,6803911;232,1050402;1472,713619;21,08727733;17,15611487;25,02186433;9,4854683;32,72663656;-7,541872341;-13,54624692;-1,490412818;-25,33178119;10,21512082;9903,544327;5919,053054;12419,70586;1246,592705;18191,94871
22776,04511;4,908361323;2,515157843;8,427668782;-3,359629022;14,24581096;777,9613127;416,6819456;795,9460501;231,2653532;1499,742903;20,94765067;17,05203631;24,81473683;9,484484876;32,39813232;-7,493650422;-13,43697914;-1,586265051;-24,98882516;9,91411269;10195,08173;6011,383152;12777,28553;1200,836749;18798,08409
23796,39446;5,593529032;3,185678598;8,66182404;-2,229345664;14,04185918;792,7595241;430,5358253;810,3314616;245,1254024;1518,827211;21,07843556;17,34008483;24,83174608;9,971744129;32,17249101;-6,787381894;-12,34185286;-1,276237827;-23,08552225;9,525903591;10310,40373;6111,387703;12893,11892;1332,328253;18930,43627
24881,47003;5,543859694;2,640671964;8,594123257;-3,226411641;14,41039455;782,146096;418,5004058;800,7570412;232,4642832;1510,378464;21,17700404;17,12142663;25,23357239;9,169423992;33,18055726;-7,321088481;-13,27354041;-1,326831058;-24,89604161;10,22068581;10075,72825;5878,133254;12664,37111;1071,273903;18696,10101
25023,91379;5,644288698;2,690071459;8,544234046;-3,08531109;14,30331758;788,1384304;422,4088529;807,0573827;235,297285;1521,282371;21,14374289;17,11616497;25,12768118;9,309433684;32,97779743;-7,227624493;-13,03053715;-1,415504741;-24,33480595;9,899048359;10192,08964;5949,397186;12825,71742;1074,954533;18924,96813
25166,35755;5,441922703;2,404077601;8,399218591;-3,54478747;14,27403402;796,4974816;416,7838099;811,7122585;226,9566067;1555,723634;20,97647512;16,96952239;25,00714425;9,068042372;32,88773096;-7,427417799;-13,29133552;-1,553309416;-24,70064053;9,846989431;10524,75454;6058,256347;13242,61672;1053,76476;19629,17946
25591,22386;5,174488115;2,527417203;8,500688335;-3,306098559;14,38848342;782,7143161;418,5649687;800,5210345;232,448432;1510,8637;20,99084025;17,08761416;24,93104203;9,541053335;32,53328249;-7,465650659;-13,47778458;-1,470662648;-25,13449332;10,19768964;10206,31406;5992,891891;12807,43592;1187,532042;18858,38373
26150,42168;5,454745905;2,805849987;8,59968887;-2,922537075;14,27508939;795,3272687;426,4968856;814,0231687;237,6890897;1535,104388;20,91723489;17,04597221;24,77406414;9,446377226;32,34031074;-6,982955198;-12,68921378;-1,228346214;-23,87084529;9,958754239;10398,86301;6128,878826;13028,76614;1255,47922;19189,68339
27000,90714;5,695395654;2,682948282;8,587397267;-3,146812255;14,37922933;795,7960655;420,4931897;813,0669269;230,9112867;1546,56343;21,06735025;17,04144641;25,14800295;9,076069295;33,09056836;-7,028334534;-12,74165534;-1,295802695;-23,90928299;9,852312195;10278,84025;5963,56054;12933,48166;1056,33456;19109,48928
27834,7235;6,540788246;2,727220252;8,644531804;-3,101916463;14,47057574;789,7487248;418,3044294;807,6925026;229,1400959;1531,536322;21,15204286;17,00062221;25,23517459;8,968768976;33,31160822;-7,021034763;-12,84465936;-1,221270465;-24,18269179;10,14824578;10141,50831;5887,345845;12756,59668;1054,959692;18851,33294
28471,8654;5,660204423;2,613997891;8,571013936;-3,262348584;14,47146854;795,6830934;417,0531173;811,922157;227,1934012;1552,388296;21,08109996;17,02615086;25,16960657;9,045533078;33,12640895;-7,22583873;-13,17922931;-1,221851261;-24,83633396;10,37192912;10442,18107;6013,234769;13124,62935;1058,873076;19477,86792
29039,48737;5,063708313;2,61878151;8,520895005;-3,195722518;14,30798531;808,5849301;425,4212695;826,4742615;231,8245634;1575,604769;20,92296807;16,9282888;24,91529937;9,066625665;32,76369671;-7,04821439;-12,79462696;-1,352541498;-23,95060122;9,845658571;10650,3396;6112,649158;13402,63282;1053,76476;19870,86433
29324,04001;4,704815744;2,327625857;8,404945768;-3,638975266;14,40421152;772,0165065;411,8216013;790,8189511;226,1185237;1494,829751;21,15107806;17,15058344;25,13620668;9,258438537;33,02463219;-7,836047244;-13,90418534;-1,748758478;-25,78811136;10,13683007;9951,663863;5858,767212;12519,89482;1089,181567;18422,26892
30101,70845;5,297145103;2,552629055;8,532034063;-3,326403641;14,4234857;779,4470164;416,755965;799,1807706;228,2447861;1505,660345;21,12741038;17,07541809;25,12802867;9,19754019;33,06480623;-7,422560173;-13,35771384;-1,487770789;-24,89440668;10,03927363;10022,68405;5867,447216;12604,87081;1081,299777;18577,00861
30524,46158;4,942858489;2,453448629;8,491347049;-3,476862312;14,44408857;790,2438961;416,4649623;806,4506758;227,4108979;1538,525844;21,1045012;17,03033123;25,13977909;9,072449992;33,14100378;-7,371965941;-13,36809181;-1,402828262;-25,001261;10,22460834;10227,83332;5950,552468;12861,72758;1058,873076;19005,1164
30945,73672;5,057763203;2,558461565;8,494531585;-3,300872302;14,3430531;787,5256798;419,2489488;806,0187486;229,7722891;1524,52434;21,10757871;17,07189945;25,14832583;9,182196048;33,05754195;-7,260016748;-13,14583505;-1,427125009;-24,5349679;9,995805403;10108,82801;5903,927182;12713,0377;1074,636657;18753,94924
31324,61244;4,963702758;2,574006863;8,464394043;-3,248907036;14,2555297;772,1013089;418,333414;791,6875585;234,1053853;1479,960712;21,02372297;17,15932399;24,8736624;9,609157297;32,41375345;-7,561269102;-13,48969743;-1,611873719;-25,06566422;9,891226254;9971,02765;5967,989826;12509,02361;1247,291404;18306,98999
31771,12949;5,043963495;2,543394762;8,611377249;-3,433320111;14,58146475;776,6677566;413,5567252;795,3906079;226,7393595;1502,985799;21,24223922;17,16680176;25,33296805;9,176148072;33,33464977;-7,490640832;-13,66173299;-1,303327431;-25,72464758;10,74760747;9920,187487;5815,509249;12465,16483;1103,726478;18386,44581
32217,36185;4,688709282;2,397254453;8,419379535;-3,48483999;14,31576247;800,3547093;420,2438563;816,4937953;229,3667916;1563,243403;20,95000147;16,98387057;24,92625601;9,124862523;32,77641993;-7,330256185;-13,22856874;-1,455860879;-24,63681809;10,00076972;10537,44;6094,111967;13263,67934;1065,817933;19622,82612
32685,3745;5,246041626;2,599715237;8,483714005;-3,124511617;14,29752078;807,4125473;425,5650043;824,6035135;232,9078445;1571,256256;20,96593767;16,97055113;24,97567763;9,079104666;32,80610291;-7,010922744;-12,66071525;-1,319879853;-23,6512656;9,651170699;10508,29062;6079,191484;13225,79353;1054,959692;19569,16344
33160,6591;4,849909216;2,529040082;8,522883156;-3,315750865;14,42286188;784,6925892;417,6057961;803,4735343;228,5738963;1517,683907;21,10598064;17,04066254;25,10396015;9,175304293;33,03246104;-7,386010194;-13,37391132;-1,422186248;-25,02327897;10,19578193;10085,84606;5899,909956;12690,1409;1089,632347;18715,49698
33718,83617;5,189755846;2,722083529;8,598605746;-3,097311882;14,34376858;777,8213269;421,0183931;797,839888;236,0594116;1492,446605;21,04006185;17,16461801;24,90654125;9,582710938;32,50235472;-7,236897463;-13,13941175;-1,341324469;-24,55831741;10,09453841;10006,757;5969,282618;12547,64694;1245,916536;18393,04839
34327,21464;4,736882578;2,629851373;8,445928779;-3,111537585;14,18279271;803,5471146;426,7781914;820,3633807;236,9778339;1559,09785;20,79990014;16,97014692;24,63635495;9,394486997;32,16134204;-7,187992541;-12,95193412;-1,417402612;-24,21509661;9,768241668;10702,91948;6262,891501;13433,37593;1244,006967;19821,31376
34587,2217;4,6876387;2,626565806;8,538610036;-3,172992603;14,37804824;801,3256036;428,2991222;819,4731499;237,7216704;1546,787222;20,87049845;17,08085464;24,7560703;9,541911777;32,2168496;-7,200370087;-13,23347305;-1,21800336;-24,91070847;10,42992826;10494,58344;6169,264912;13160,44404;1237,823525;19402,87493
35032,38421;4,65892844;2,414596617;8,454560097;-3,528652699;14,35108869;819,6931955;426,8354857;834,9213829;231,6905271;1606,285019;20,87200988;16,91290815;24,86350237;9,129140142;32,64286404;-7,262388204;-13,20484763;-1,327419346;-24,73717272;10,19495974;10966,72379;6274,532825;13806,6444;1065,536196;20511,07215
35476,62915;5,127098307;2,675040025;8,551752657;-3,138422844;14,31693975;817,0681403;428,176342;833,5144765;232,810597;1595,1523;20,91052323;16,90447697;24,89441813;9,0045689;32,75811568;-6,889270723;-12,57013243;-1,233445755;-23,62012998;9,852199495;10783,70623;6175,718961;13567,32882;1056,33456;20150,69311
36426,70874;5,61727693;2,763013371;8,598443504;-3,005619889;14,36368164;807,8948437;426,6555386;825,700701;233,2284892;1570,982697;21,00249211;16,97648576;25,05014776;9,003008583;32,99300547;-6,81170961;-12,49808336;-1,187433787;-23,52489421;9,904151758;10475,46747;6054,743067;13191,32576;1059,084297;19529,03805
37599,18467;4,450427646;2,535952906;8,511859346;-3,330318351;14,37610915;787,7961347;423,8071172;806,7013093;235,3468596;1518,55088;21,12573476;17,14840728;25,08188844;9,40477521;32,88092724;-7,510999071;-13,4283588;-1,527833948;-25,1047067;10,09332677;10167,5139;5941,023103;12780,02658;1082,674645;18850,42419
38776,49274;5,066906503;2,514884092;8,557768005;-3,400671068;14,51813285;766,8732698;412,0131809;786,538824;227,4029333;1476,791776;21,3124753;17,23226202;25,35391419;9,315851809;33,31888558;-7,611966698;-13,68808415;-1,545804393;-25,54788178;10,29806882;9704,096373;5766,407884;12208,74189;1111,608268;17912,34231
39953,77759;5,024872206;2,666237514;8,468590965;-3,050949914;14,22069888;808,9463017;430,5122453;825,9337377;239,2875412;1568,428098;20,81974192;17,00752536;24,63596281;9,475319893;32,13713762;-7,047859701;-12,82750273;-1,278983807;-24,05155771;9,949591328;10713,79013;6268,808528;13432,93006;1252,518263;19825,8367
40918,12826;4,663993667;2,582875999;8,501222191;-3,25730653;14,27014295;798,0995478;427,6121016;816,4713223;238,0316474;1542,433798;21,0281;17,07284209;24,96795283;9,369556813;32,6698849;-7,321906919;-13,19509751;-1,433445736;-24,67163835;9,998942909;10395,46539;6047,933268;13076,29718;1077,281828;19317,43542
41499,13479;4,610275847;2,444066117;8,505321513;-3,500267961;14,45489784;792,1560017;417,2191172;808,59011;227,8295111;1542,388157;21,03957553;16,99517264;25,08445464;9,035263004;33,00176568;-7,462250662;-13,62360284;-1,311328955;-25,58836495;10,71948513;10325,18672;5986,819172;12987,74467;1074,150504;19215,76136
42124,33863;5,606052007;3,410371193;8,754477699;-1,875223389;14,01695436;807,6171258;436,4751336;824,403688;248,6750244;1551,081031;20,97259818;17,22816311;24,68107113;9,943046185;32,04337617;-6,380268157;-11,8321585;-0,940468532;-22,45176339;9,683943005;10660,6246;6300,286718;13324,74938;1398,175411;19579,91859
42591,40161;5,144151764;3,03771814;8,572433092;-2,39320932;14,05025038;816,0234313;437,8903716;831,6333359;248,691538;1574,35547;20,83329659;17,08111688;24,5395695;9,724062086;31,92078693;-6,789264707;-12,42816651;-1,12111986;-23,40478133;9,847541087;10904,80535;6405,7325;13642,50524;1381,803857;20100,38105
43058,46458;4,839300701;2,69651196;8,472218954;-3,006852814;14,15436394;817,0618794;434,2128455;833,7772522;242,5704608;1585,167222;20,74874004;16,9775783;24,52863363;9,558293072;31,91681292;-7,057296396;-12,83520739;-1,311102349;-24,05341029;9,903607049;10973,29795;6419,194142;13756,83302;1299,26378;20302,87336
43525,52756;4,245884993;2,380108084;8,390393325;-3,51458943;14,28452547;822,4280108;429,9812007;838,424617;234,1030507;1609,247829;20,80046583;16,89814521;24,77011017;9,191011983;32,46322714;-7,299567506;-13,24799323;-1,330741098;-24,76335722;10,24881966;11031,47235;6336,634168;13892,85463;1080,926319;20615,55015
43992,59053;4,550708629;2,484722427;8,443489499;-3,374288709;14,30227917;830,2132835;433,7574394;846,7900623;235,7259105;1624,988715;20,79607312;16,89390225;24,72557688;9,225622059;32,40156958;-7,125105045;-12,91525009;-1,31601078;-24,18748878;9,923937628;11158,30307;6394,950981;14058,29557;1072,199316;20860,49926
44459,65351;4,602734318;2,696058983;8,444431651;-2,987020036;14,10126144;799,0217078;429,9717249;816,1462819;242,0665198;1539,636988;20,8184236;17,08380557;24,61043962;9,684759323;31,97285609;-7,267593926;-13,00412573;-1,543306074;-24,16427257;9,686828061;10575,71222;6252,280691;13241,02946;1318,511934;19467,7842
45238,0918;4,92471797;2,446520092;8,485745858;-3,513492193;14,41027462;773,8219873;413,3008113;792,9706092;227,7658113;1494,604746;21,1907275;17,17503708;25,18428115;9,30260761;33,13623911;-7,650250844;-13,68031747;-1,580535033;-25,50518991;10,19865688;9908,591584;5834,250451;12455,53003;1097,063358;18345,89482
45860,84244;5,084778713;2,542738449;8,460086754;-3,295829819;14,29127935;784,5713153;421,7510588;803,6294987;234,2067607;1512,055113;21,08567952;17,13377598;25,05707041;9,365298795;32,81982957;-7,431420958;-13,25822901;-1,615846361;-24,57105117;9,779590537;10168,44441;5947,622046;12800,56329;1076,167723;18863,52606
46483,59307;5,116928792;2,603192784;8,483653046;-3,208268545;14,30749091;803,8702319;424,975424;821,6892964;231,7242562;1563,077413;20,96976145;16,96235238;24,95996454;9,166117638;32,77560837;-7,050323758;-12,7241294;-1,352263312;-23,84576081;9,747633769;10489,58487;6060,164071;13192,82285;1058,873076;19532,60018
47262,03136;4,858398478;2,484277528;8,514584384;-3,455904001;14,46295905;788,2076125;417,0700717;805,8218427;228,3376933;1530,756642;21,11263109;17,05420156;25,14013345;9,13516799;33,06916209;-7,413187537;-13,4436787;-1,411084762;-25,16127108;10,36522143;10171,80776;5927,508694;12794,58673;1081,299777;18897,77673
47884,782;4,652938762;2,373207278;8,335568647;-3,473353558;14,20210657;805,8419618;422,5345521;821,8034157;230,3099288;1573,95017;20,88749376;16,93861376;24,85566863;9,170937057;32,63970134;-7,353073436;-13,13259956;-1,629442165;-24,30228682;9,567150813;10686,58194;6152,863161;13446,49602;1061,982684;19936,80721
48663,22029;5,117430901;2,683579352;8,49864875;-3,021722936;14,23954794;812,0372962;430,6099259;829,4825003;237,5839664;1576,982959;20,92768851;16,94617379;24,86699613;9,16342287;32,5918047;-6,967977487;-12,52620906;-1,421424234;-23,32229257;9,420419811;10691,82376;6169,941434;13457,8336;1065,958637;19952,88156
49753,0339;5,792623541;3,074544261;8,633116707;-2,45776746;14,13511776;840,4115023;443,3828142;858,6361903;243,6105824;1634,39364;20,68297454;16,85282035;24,5285963;9,359217591;32,02621794;-6,309381433;-11,53891235;-1,101481686;-21,70329593;9,151630511;11237,31179;6442,906424;14114,49976;1192,784916;20972,83268
50842,84751;4,834085112;2,28342007;8,331774367;-3,741342792;14,3087243;769,446438;409,4326138;788,2144928;225,099089;1491,839609;21,15495561;17,14616843;25,17739947;9,230252002;33,02136572;-7,885653128;-13,82563858;-1,859334963;-25,50866222;9,754750683;9932,040113;5843,401599;12503,34678;1066,754866;18358,5577
51465,59814;5,095356249;2,399098738;8,536039118;-3,632115116;14,57412423;755,6456457;404,8151476;774,8005741;223,0123168;1456,383785;21,4315286;17,32084222;25,50913247;9,241316949;33,58078905;-7,904888278;-14,1904813;-1,600979259;-26,44174908;10,62012893;9561,602623;5705,714553;12019,07368;1111,608268;17629,79929
52244,03644;5,461469325;2,571461631;8,591612621;-3,339487618;14,52415414;757,9642531;412,4043257;778,2095293;230,585954;1449,470314;21,45261504;17,3451367;25,50017719;9,43208685;33,48687578;-7,667539637;-13,7379362;-1,526766398;-25,64914635;10,3450495;9557,914605;5713,363393;12027,49912;1111,608268;17601,38772
53178,16239;5,453100665;2,907424485;8,578553873;-2,694187735;14,18574615;790,6554896;426,8064376;808,4722968;239,2172117;1520,919478;21,01249844;17,17728285;24,85053956;9,671424764;32,40550063;-6,990757357;-12,62046399;-1,335004191;-23,6546045;9,680600589;10293,93997;6080,495673;12896,53756;1260,843469;18975,28664
54112,28834;5,845693735;3,406537845;8,768793847;-1,862658227;14,06311837;784,1382863;435,368765;805,3514317;251,3550907;1484,11619;21,13014398;17,36986908;24,92634676;9,950236589;32,35092738;-6,522021398;-12,04685551;-1,023620086;-22,76999603;9,697689467;10042,93915;6085,523619;12542,91685;1432,791718;18287,07186
54890,72663;5,47457511;3,350139324;8,648012259;-1,874307787;13,93211204;801,9680181;439,93653;821,3594703;253,0480601;1528,362751;20,97995566;17,29897538;24,63021016;10,07083993;31,84965993;-6,60156419;-12,02665993;-1,239230171;-22,53441812;9,331103497;10438,62795;6250,240652;13045,22366;1405,649924;19064,12798
55669,16492;6,439774083;4,173016114;8,995058881;-0,599433694;13,74052367;819,2378476;445,7425235;836,4441752;256,7799043;1567,407047;21,27362077;17,78324412;24,72791003;11,01447164;31,56103904;-5,704531134;-10,50065012;-0,932698447;-19,86343336;8,463979665;10697,41035;6336,991373;13361,84832;1422,683478;19624,10579
55876,74847;5,829534374;3,569084821;8,766431283;-1,605780055;13,91369038;790,7124657;435,714684;809,1386957;252,597315;1503,4942;21,1101065;17,46255102;24,82190823;10,1746115;32,05756713;-6,477081874;-11,77056968;-1,136220382;-22,20027052;9,313288083;10203,24743;6162,505746;12739,11998;1447,227248;18565,16556
56240,01967;6,475294737;4,481994464;9,031842787;-0,078704745;13,56847239;833,0778;460,3350472;854,4146795;267,2561377;1581,875565;21,24456177;17,85028583;24,73471781;11,03226854;31,47395148;-5,401060851;-10,09832363;-0,757298885;-19,19118328;8,390336563;10758,35263;6421,343573;13428,08719;1468,772804;19663,97985
58731,02221;6,522334695;4,474587239;9,005754058;-0,053607851;13,55805728;820,7752779;456,6437573;841,6406961;267,2440462;1551,107073;21,25456889;17,78029537;24,78946445;10,83510175;31,67055949;-5,399258059;-10,15176736;-0,645967178;-19,44041033;8,650206696;10502,87206;6322,725616;13108,3077;1482,062346;19118,10217
58834,81398;6,436755877;4,415136632;8,994791208;-0,124243241;13,58225397;826,2008426;452,8778334;844,4613603;263,5803353;1572,920027;21,29673545;17,85424747;24,71505794;11,12841867;31,48558339;-5,52121179;-10,22536921;-0,775614701;-19,48339728;8,392453761;10657,43073;6375,998965;13310,30213;1462,977425;19467,20286
58990,50164;6,153316152;3,429822639;8,839196687;-1,914087299;14,15602904;806,7792741;436,4986516;824,1625196;247,9274793;1550,729802;21,01793928;17,22754753;24,80477612;9,762519497;32,26193546;-6,262607051;-11,59254595;-0,878727158;-22,06693435;9,613619047;10520,42693;6205,279899;13147,01623;1372,554233;19349,80258
59094,29341;5,603911896;3,110094356;8,622128051;-2,306355871;14,0687586;809,9601053;434,4275134;826,9215896;244,5037418;1563,419623;20,97045634;17,25321219;24,7046117;9,959616066;32,03891809;-6,705867229;-12,01179061;-1,402909206;-22,40874731;8,949785131;10630,34605;6226,969101;13331,09541;1261,570177;19662,96527
59249,98107;4,709959164;2,551884896;8,413581731;-3,229302876;14,20015668;782,4063872;423,2897709;802,1530828;236,5886803;1502,844901;20,93529607;17,12673616;24,72944227;9,66614109;32,21188565;-7,516753392;-13,38563152;-1,659254192;-24,78169642;9,779036515;10192,17694;6077,466131;12770,69728;1268,281844;18737,89899
59353,77284;5,241171215;2,783461524;8,599827468;-2,901111595;14,29682813;786,8180231;427,0660316;807,5510182;238,5615897;1508,579086;21,18806969;17,2927902;25,12709473;9,525384172;32,85134565;-7,203970493;-12,94764644;-1,480958827;-24,07191229;9,681717721;10053,99926;5921,207405;12653,58054;1084,049513;18605,11168
59509,4605;4,858114083;2,532479098;8,51619232;-3,341598942;14,37263775;780,7425123;416,6203569;800,1558495;227,953179;1510,636893;21,15952012;17,16547268;25,15966149;9,356750016;33,02760671;-7,563964561;-13,58437947;-1,561999088;-25,29570915;10,14122447;10046,10615;5901,713465;12642,58228;1081,299777;18602,64834
59613,25227;4,69661094;2,64131825;8,491901254;-3,146905708;14,25100467;782,6790008;423,9995469;801,9537882;238,0547523;1503,14605;21,03539446;17,26573384;24,87068067;9,787756548;32,30895564;-7,464971743;-13,38065674;-1,591991807;-24,86357815;9,865566199;10136,53586;6005,041817;12716,24058;1227,162664;18674,04765
59768,93993;4,674174259;2,328486995;8,480753595;-3,711041692;14,51207826;798,9947587;417,4642181;814,2808046;226,7391959;1563,915944;21,03273558;17,00825711;25,06505679;9,107756807;32,90051968;-7,657637455;-13,93000435;-1,425907843;-26,03430754;10,73348489;10525,90318;6064,765358;13243,54072;1080,081106;19624,97537
59872,7317;4,854504017;2,822106019;8,512211233;-2,756775995;14,11083452;822,4824062;438,0883476;837,1507054;246,1394329;1594,386286;20,77602246;17,0690536;24,47948354;9,791604338;31,78720395;-6,98851221;-12,75586348;-1,242871677;-23,90388599;9,967771911;11151,17355;6509,994545;13964,46491;1350,669367;20629,08394
60028,41936;4,738515893;2,79319851;8,435776017;-2,764405031;14,00052283;828,8888423;443,2435992;845,5695947;249,7395736;1603,27438;20,67322288;16,97839394;24,34655237;9,761151845;31,5591668;-6,940436173;-12,61491571;-1,323933433;-23,59447627;9,750189389;11253,6339;6600,814903;14101,64222;1364,924607;20780,8695
60132,21114;5,826732939;3,625915435;8,768253127;-1,436308103;13,88010816;803,4829384;440,534572;822,629379;253,7236248;1530,711439;21,16205148;17,60794862;24,74437157;10,48693995;31,81291847;-6,394312735;-11,54905827;-1,2149718;-21,69252873;8,851836235;10327,9806;6192,967327;12911,99204;1386,097504;18876,09392
60287,89879;5,071233484;2,89344441;8,400799659;-2,526459546;13,81851174;807,0119421;431,1063282;822,0857785;244,6018124;1561,979968;20,80972721;17,03432499;24,60045369;9,61156415;32,0541286;-7,043175816;-12,72530306;-1,368033733;-23,75763156;9,707560209;10915,04804;6389,917737;13651,8513;1366,973335;20149,44171
60391,69057;5,101449887;3,068744221;8,408037253;-2,179550408;13,71229783;810,4478736;437,8516198;826,3638232;249,3301926;1559,358346;20,80588297;17,07839462;24,5142639;9,769277666;31,84529009;-6,855343264;-12,36487643;-1,320264546;-23,14930797;9,480461945;10870,58971;6403,314551;13586,78056;1401,52825;19994,95526
60547,37822;5,461421417;3,602518962;8,53550553;-1,32433213;13,42276926;820,9445026;447,3412373;838,0933707;258,9070293;1571,335109;20,77071169;17,16836637;24,41749342;9,925913033;31,58526997;-6,393517062;-11,65990984;-1,138053362;-21,8550528;9,136024799;11085,77022;6579,407146;13859,41145;1475,907577;20329,01828
60651,17;5,737504896;4,390330969;8,792639588;0,060903695;13,15913841;826,4567828;458,886447;847,1443308;268,7407228;1563,391988;21,0995771;17,67209549;24,45652223;11,02047669;31,16396329;-5,511325656;-10,12859235;-0,91511768;-19,16721346;8,107931059;10784,13832;6507,885467;13479,90129;1496,493008;19629,35622
60806,85766;6,138815358;4,316358332;8,81108445;-0,161452392;13,3032437;825,1376558;459,717914;845,8276496;269,6064346;1558,260492;21,06877689;17,57271527;24,59556366;10,63330633;31,46119197;-5,61485436;-10,36355701;-0,809497227;-19,70629292;8,49704894;10776,73157;6462,436982;13454,58811;1493,709098;19658,25199
60910,64943;6,715409491;4,783577048;9,073069167;0,522679563;13,42801065;828,7968785;465,070788;850,4556454;274,5626446;1557,639148;21,32216913;17,90615623;24,74599154;11,16162367;31,51002962;-5,095192726;-9,612552325;-0,590467918;-18,45700988;8,242201295;10576,57222;6381,508985;13191,60815;1492,455284;19221,33664
61066,33709;6,836171301;4,90213791;9,145101268;0,675524575;13,37214805;830,0967641;464,8042072;852,3668021;273,5323946;1564,19678;21,42575771;18,09448831;24,78538101;11,54565284;31,395465;-4,948357475;-9,360821773;-0,57512793;-17,96493789;8,054231367;10613,89951;6399,630816;13251,7119;1486,863121;19311,51472
61170,12886;7,507398176;5,480950029;9,451740678;1,486306596;13,38981131;841,0116364;478,5958142;866,1634885;283,5059662;1567,473074;21,64247874;18,3718963;24,95746507;11,87272497;31,44872993;-4,325681927;-8,386525506;-0,264384362;-16,36871475;7,67799922;10450,2988;6384,67707;13042,47987;1522,239934;18915,42602
61325,81652;7,375547275;5,386275837;9,408295381;1,329552621;13,44361838;839,276841;476,1053896;864,3019136;281,8627555;1566,113685;21,61099346;18,30686127;24,88043132;11,82943525;31,43937967;-4,372994377;-8,438822919;-0,28010172;-16,45664989;7,719705162;10436,63183;6373,815098;13028,32408;1515,441945;18890,88925
61429,60829;7,225933138;5,274305164;9,282814486;1,298109583;13,33148655;842,7497781;475,296952;866,4450718;280,3319048;1580,104489;21,5116461;18,2113988;24,83814313;11,69316745;31,40776233;-4,554583589;-8,680284009;-0,333700156;-16,8820383;7,794887406;10626,41667;6445,809231;13255,51607;1512,937602;19277,96722
61689,08772;7,355235852;5,417649216;9,351097607;1,488195202;13,32879799;844,3312146;472,2087263;866,4294468;278,147926;1588,581363;21,66858272;18,4891316;24,90585796;12,14909864;31,27326331;-4,444789175;-8,523625977;-0,427994314;-16,50652434;7,582368188;10611,75405;6428,160449;13244,39026;1502,474148;19277,00624
62986,48487;7,187077178;5,286045363;9,295577331;1,256965007;13,27543106;842,9831685;475,6734591;866,3187011;280,4256701;1579,373757;21,50934563;18,19754658;24,84254946;11,62623658;31,40317859;-4,579288318;-8,741106655;-0,390352014;-16,97304663;7,791746908;10576,31661;6419,838434;13198,43237;1514,199776;19182,71851
63142,17253;7,161312738;5,254177582;9,320309517;1,161079196;13,40596126;840,9216303;473,6136525;863,8813126;279,188258;1577,395697;21,5180881;18,18826422;24,87317497;11,61386093;31,42882207;-4,588656974;-8,79319409;-0,387301599;-17,03881755;7,852130539;10553,535;6402,613138;13175,65349;1507,31162;19140,85418
63245,96431;7,263637563;5,368979356;9,312438091;1,417712433;13,31569041;853,5882142;476,0494668;874,6486945;280,5619132;1608,601203;21,56870884;18,28729585;24,80676904;11,8953855;31,26059673;-4,529158738;-8,688166146;-0,410991787;-16,77452779;7,71476443;10828,6217;6520,070197;13511,40724;1503,172846;19700,28638
63401,65196;7,193180895;5,274488096;9,298000026;1,304831177;13,32823654;856,7736744;476,0271862;878,0997282;279,1283527;1618,535918;21,4959408;18,1916327;24,78388524;11,68018886;31,3280736;-4,573639714;-8,765342867;-0,375554607;-17,04297575;7,795101013;10943,97611;6559,276488;13653,25929;1502,834761;19944,35294
63505,44374;7,138441995;5,165284024;9,27427433;1,069249451;13,33149204;858,7978835;478,1676796;880,7145004;280,4225606;1621,604011;21,42156655;18,03778484;24,73873383;11,45488913;31,38011368;-4,687246276;-8,935984601;-0,45895058;-17,30644076;7,927429701;11017,47989;6596,789599;13759,76539;1500,085025;20108,39213
63661,13139;6,998691654;5,152736318;9,222989814;1,113614818;13,28881549;856,820001;475,2410075;877,0995478;278,9521852;1621,145562;21,38480495;17,99141815;24,69959515;11,45793988;31,33933306;-4,728380754;-9,024251511;-0,483687053;-17,39587316;7,967178949;11054,55041;6614,762615;13802,92254;1502,474148;20177,84675
63764,92317;7,090734805;5,258656308;9,2744185;1,213424091;13,27140434;856,8226052;476,4305535;878,011853;279,4196335;1619,464883;21,47123523;18,18200202;24,78719143;11,68143674;31,25373464;-4,61453944;-8,854129757;-0,428393735;-17,11063214;7,867794051;11033,205;6610,038637;13770,1067;1502,023368;20126,77254
63920,61083;7,191749564;5,154998507;9,266868784;1,029056553;13,39949907;859,2222498;477,0780952;881,042953;279,8193561;1625,316455;21,44729922;18,05366197;24,84090471;11,41894443;31,48836698;-4,730313692;-9,040341152;-0,43398509;-17,47331858;8,037345122;10959,79931;6563,764952;13683,63213;1500,501986;20001,20777
64024,4026;7,123009206;5,183279109;9,225786574;1,106693378;13,32970281;867,6735423;477,9665936;887,8815596;279,6334548;1649,346772;21,45138015;18,07328042;24,75946714;11,53702592;31,3724606;-4,761406273;-9,048191475;-0,471107187;-17,40727947;7,913750171;11241,33616;6682,22066;14039,14942;1501,685283;20577,37167
64180,09026;7,35672298;5,470595778;9,367958367;1,509873926;13,28090968;866,8891551;477,1753684;886,1769271;279,6368728;1646,748137;21,62465555;18,45872751;24,83129478;12,07255788;31,15964766;-4,477339468;-8,598035633;-0,389673674;-16,68190187;7,613833921;11208,20945;6659,66051;13985,68029;1497,746265;20515,68388
64283,88203;7,197264274;5,424242797;9,355989801;1,464144222;13,33620213;857,2998936;472,739377;876,4091226;277,0371655;1627,017724;21,70969046;18,59439453;24,8105555;12,51848374;30,9680435;-4,471675461;-8,51161563;-0,394288679;-16,4564871;7,571739203;11066,6589;6604,278629;13818,14177;1475,238543;20217,79498
64439,56969;6,187865901;4,027205799;8,902752517;-0,805831197;13,7517523;829,8464503;452,7035438;849,0057061;260,8033429;1585,89866;21,19199033;17,71236647;24,68733114;10,84098806;31,53255174;-5,960323166;-10,93547211;-1,056370557;-20,60714271;8,633257859;10722,31612;6379,58226;13398,59645;1438,125463;19639,73843
64543,36146;5,0123159;2,945510011;8,545900857;-2,545271898;14,02494349;827,1154958;444,526874;844,7359143;250,779894;1595,50873;20,77059983;17,12866829;24,40300812;9,943412218;31,60211445;-6,8789227;-12,42183132;-1,36484213;-23,18234688;9,45695462;11014,26598;6500,549544;13811,7022;1349,922681;20309,33886
64699,04912;4,548288023;2,391398737;8,439970913;-3,518993799;14,39635396;824,2519133;432,036872;841,3857548;236,0565173;1608,445337;20,87340066;16,97662591;24,75752328;9,367699497;32,39876958;-7,308772094;-13,21657746;-1,398031892;-24,67292703;10,04539567;10915,93079;6297,855107;13740,99293;1102,507807;20365,23089
64802,84089;4,794679951;2,785729557;8,525861886;-2,900354921;14,19811607;814,2332205;438,6191975;833,2545564;246,1948492;1566,612588;20,83434081;17,11205186;24,53407405;9,83976222;31,79113685;-7,124712077;-12,90791534;-1,404276046;-24,04878071;9,785226374;10633,17675;6305,509834;13345,60318;1294,989348;19614,98962
64958,52855;4,847288066;2,697228017;8,477083451;-2,996038265;14,16948759;825,5599339;441,1840371;844,7973324;244,5218059;1596,318088;20,72284005;16,99574398;24,43138276;9,698176628;31,70073712;-7,022120086;-12,63975463;-1,371888437;-23,66836775;9,597961819;10883,63889;6408,231505;13679,85442;1246,440152;20139,81997
65062,32032;5,159114696;2,822985436;8,538594802;-2,812760287;14,22035579;808,6847857;435,4036973;828,3965302;243,1214466;1555,535711;20,84017897;17,05897206;24,59155649;9,680680856;32,02479019;-6,926152749;-12,52169597;-1,317332;-23,49746635;9,547525782;10495,59931;6192,877495;13160,23704;1250,775977;19366,65195
65218,00798;5,754585755;2,969581366;8,577372744;-2,550265243;14,14205288;825,3062873;439,3245891;844,0154878;243,485601;1597,048232;20,95537584;16,98204948;24,87099041;9,276362864;32,62311675;-6,509299787;-11,78624201;-1,241939101;-22,09059486;9,068443581;10736,96915;6202,580727;13522,34381;1071,880551;20033,97549
65321,79975;5,698996331;3,011212611;8,594261894;-2,533331336;14,11562555;829,1985173;440,5177531;848,0838813;242,7135081;1606,219896;20,89733888;16,96710397;24,86987704;9,204945127;32,59605149;-6,438265826;-11,69120853;-1,187453041;-21,92810826;9,045107878;10787,83589;6224,350804;13585,28747;1071,880551;20142,50132
65477,48741;5,805623654;3,105608915;8,647094119;-2,415194698;14,17325194;809,8755209;436,1280786;829,2809965;243,8427623;1557,151311;20,85656475;17,08613881;24,69827346;9,543614793;32,15846374;-6,590599617;-11,9862521;-1,217377104;-22,48275491;9,246367186;10491,36899;6193,529699;13152,71287;1268,275475;19339,63333
65581,27918;5,671055101;2,68882073;8,554196677;-3,098340549;14,27747185;787,0243325;421,5370602;807,2759187;231,8447889;1519,355752;21,15313574;17,08582956;25,1551134;9,21062056;33,10030058;-7,11025605;-12,77458875;-1,41310602;-23,77707141;9,634011014;10000,11886;5883,412566;12585,59576;1066,754866;18504,21833
65736,96684;5,525701589;2,730467191;8,574248551;-3,015983629;14,33407859;773,7664611;419,6679145;793,983326;234,7602318;1482,512538;21,15937656;17,26552821;25,1123696;9,674840652;32,70212554;-7,297665314;-13,08855581;-1,512142466;-24,30584853;9,764695627;9820,773081;5880,732902;12323,73745;1212,9197;18019,59328
65840,75861;5,257811055;2,851854703;8,507601943;-2,790744791;14,12218517;774,1805055;422,9073327;793,8811394;239,5850103;1477,634647;21,09235297;17,21266191;24,88697052;9,777051801;32,41422732;-7,30031719;-13,0363822;-1,519442255;-24,26271803;9,709446951;9967,526907;5999,068751;12488,87651;1316,900997;18237,20102
65996,44627;5,139284867;3,037934764;8,458947704;-2,324999693;13,83401635;812,6357268;437,5788142;828,0068281;249,8980724;1564,931067;20,81762941;17,10279808;24,5508682;9,788674391;31,80825076;-6,937579424;-12,51409187;-1,344303497;-23,39807531;9,559613175;10866,53399;6412,786625;13579,64559;1405,492172;19978,78913
66100,23805;5,538789551;3,606454942;8,662467352;-1,418343668;13,67384053;821,1881248;443,8028932;837,882423;254,4723396;1578,420829;20,95713891;17,34606446;24,54121676;10,2252567;31,58545272;-6,253928044;-11,50369289;-1,025597549;-21,67205359;9,197430356;11000,55449;6497,690934;13746,40965;1438,784914;20215,13585
66255,9257;5,866919012;3,95475684;8,847452604;-0,85144791;13,67649141;824,1219753;447,2673124;839,7342131;257,6944684;1580,1008;21,10276624;17,62462691;24,62190032;10,72509547;31,46912434;-5,980754435;-11,01067006;-0,987416281;-20,76355955;8,835437274;10922,66013;6459,755272;13630,15814;1450,468388;20030,0173
66359,71748;4,785497793;2,966858583;8,264562679;-2,281031089;13,47329843;807,4006024;436,6483901;822,8826001;249,8507247;1550,286557;20,69109417;16,94972321;24,43640453;9,589733533;31,80786766;-7,138615269;-12,72263521;-1,537088875;-23,6682212;9,416325373;10926,1499;6484,116306;13661,38028;1437,817906;20048,42516
66515,40513;5,066169809;3,350006239;8,403001484;-1,681445275;13,41751764;816,835769;442,0559199;833,5644076;252,9797167;1569,955908;20,74372877;17,09038025;24,38819771;9,930318876;31,56940829;-6,619762988;-11,97048515;-1,280628902;-22,4213754;9,179070705;11176,08776;6614,175764;13984,99169;1443,90264;20541,48636
66619,19691;5,632322484;3,861872645;8,745889421;-0,9719858;13,57956493;818,1634934;444,8334616;835,005026;256,7326677;1568,809554;21,00038335;17,47732871;24,55522073;10,50874098;31,49293821;-6,026254082;-11,10579928;-0,913348541;-21,02623958;9,030588318;10972,47761;6520,163476;13720,57936;1453,266112;20111,54206
66774,88457;5,055585524;2,914256809;8,288768027;-2,380996204;13,61907346;808,3128652;433,8860012;823,3205655;247,3821041;1560,128554;20,69922207;16,92515258;24,48540393;9,530146681;31,89519598;-7,103569984;-12,70203592;-1,46356414;-23,66394556;9,479248558;11057,79019;6505,490446;13829,47284;1424,414927;20362,0343
66878,67634;5,296564999;2,804240738;8,462347265;-2,81043735;14,05257331;796,4872958;427,7466626;812,1400172;241,4884659;1536,354934;20,87228106;17,04539695;24,71529986;9,481902064;32,22744088;-7,160832598;-13,00235547;-1,304692988;-24,40887096;10,11586414;10635,00281;6268,093001;13294,87153;1369,914642;19575,25405
68176,07349;5,113675656;2,90747987;8,389836808;-2,429237791;13,76341399;811,1005429;434,9196592;826,3394855;247,8146872;1566,347877;20,73388008;16,94767198;24,49675219;9,60624923;31,8744149;-6,993646778;-12,63517257;-1,364104598;-23,6491782;9,570976091;11047,26244;6490,131722;13816,93041;1416,019773;20351,63467
68331,76115;5,21069923;2,892898768;8,433034874;-2,557766917;13,94765763;815,8370542;438,251137;833,8856548;245,781162;1573,798752;20,7806038;17,02540566;24,50262106;9,669509109;31,83651011;-6,912459892;-12,39591419;-1,396058098;-23,09218189;9,286610298;10811,46912;6349,545427;13556,4797;1290,158121;19972,28168
68435,55292;5,123034851;3,156207839;8,41423118;-2,070097292;13,6634713;813,970632;438,8953561;829,8436678;250,7372747;1566,641629;20,77415983;17,08935775;24,45192366;9,867687414;31,74307187;-6,831843844;-12,27334094;-1,327804656;-22,99346929;9,344145175;11025,47686;6503,847455;13783,12194;1427,481703;20261,2386
68591,24058;5,315753622;3,525788228;8,582506398;-1,548298743;13,58510575;815,2692615;440,9726298;831,7347179;251,9622444;1565,36948;20,8973714;17,23355417;24,4794853;10,17877482;31,61011348;-6,419694574;-11,71142365;-1,178836047;-21,94395223;9,09754499;10953,81973;6483,042762;13703,72175;1422,038578;20128,38327
68695,03235;4,950142816;3,139725887;8,342100939;-2,026779331;13,49931853;812,3652222;440,0905111;828,6617538;252,2132673;1559,067945;20,70569567;17,00976205;24,41177767;9,728878538;31,66455304;-6,897316859;-12,36271025;-1,429519964;-23,0289092;9,248024972;11035,19554;6548,46215;13804,57992;1453,966034;20254,92859
68850,72001;5,126898265;3,161401547;8,395197113;-1,999220287;13,58944385;818,2074397;442,5951552;834,5272155;253,3249315;1572,845839;20,68052556;17,02625974;24,36653921;9,752394954;31,61085523;-6,739271521;-12,15230167;-1,319753387;-22,74528397;9,228404166;11127,77492;6578,308902;13920,68309;1442,95292;20438,66403
68954,51178;5,511492946;3,702253275;8,658948631;-1,241065192;13,56545941;812,5407315;443,1070665;833,3247271;251,3043415;1552,738347;20,97633967;17,41472063;24,49768922;10,40069389;31,51956035;-6,078500565;-11,23112963;-0,921169484;-21,2630041;9,116879594;10833,90155;6441,423914;13580,57437;1334,173881;19915,67793
69110,19944;6,215270454;4,493916494;8,99115614;-0,020921049;13,46367128;822,4775589;453,5329816;841,5333463;264,053755;1561,704305;21,22592317;17,8161754;24,62535548;11,09058915;31,37657762;-5,327461479;-9,998048402;-0,665480645;-19,11005729;8,476071671;10737,46131;6436,128888;13407,63343;1475,10913;19590,54768
69213,99122;6,049445103;4,129561385;8,850165166;-0,553514983;13,53115916;822,8077608;451,6356693;841,0282523;262,0140338;1566,158419;21,11821651;17,63136329;24,61308766;10,77671413;31,45606941;-5,701140569;-10,52632587;-0,87977421;-19,98580249;8,605607853;10807,42145;6422,285709;13497,67144;1453,336629;19775,98124
69369,67887;6,183281629;4,343751302;8,907041984;-0,172202285;13,4437257;827,3679463;453,3304194;845,1346265;262,5023231;1575,80073;21,2305816;17,76416571;24,63631507;11,00102963;31,4207553;-5,557945973;-10,27981108;-0,844701656;-19,51612053;8,363227146;10789,665;6425,896841;13470,87556;1473,959651;19728,44058
69473,47065;5,978565114;4,286229641;8,847529665;-0,294750698;13,40185591;821,9168141;451,3139732;840,3393973;261,3168511;1566,501417;21,13836077;17,68980355;24,53631189;10,92611915;31,3299068;-5,583682928;-10,34876983;-0,856302483;-19,61816919;8,474342198;10864,84963;6473,299719;13564,19476;1470,229479;19877,63632
69629,15831;6,71906489;4,875685879;9,183242549;0,570667497;13,51763374;828,1079177;459,3001881;848,5799106;268,3955924;1567,049719;21,46517942;18,1942166;24,75507799;11,6735507;31,2352596;-4,949323019;-9,321147739;-0,604654353;-17,91061038;7,989014958;10608,63753;6371,052038;13238,07426;1470,294186;19337,65581
69732,95008;6,786691239;5,006358845;9,237794812;0,769247187;13,43183529;825,3437761;465,0093197;848,9528737;273,0626911;1547,382699;21,46987995;18,14445347;24,7838013;11,5835421;31,33504049;-4,771144931;-9,033566265;-0,463745322;-17,44871519;7,927271183;10406,78152;6337,145589;12997,54857;1489,965111;18869,4352
69888,63774;6,330647715;4,579187272;8,955696338;0,235143795;13,26236676;822,0198132;459,6702104;843,8242162;268,3283257;1548,210175;21,23154355;17,83871191;24,61958593;11,16578897;31,3085826;-5,169161283;-9,62523372;-0,653959988;-18,3750928;8,071775877;10582,36551;6396,060331;13222,30871;1483,44267;19250,14548
69992,42951;7,078819914;5,380006022;9,347990675;1,402169294;13,32183395;825,898663;467,9404204;849,8431815;276,5948596;1542,810601;21,66191948;18,49983007;24,86840426;12,22026334;31,12638552;-4,431411255;-8,451623641;-0,403187688;-16,38556407;7,53964644;10352,40554;6327,1887;12926,92235;1500,414396;18721,87948
70148,11717;6,801877681;5,023113734;9,248668126;0,789911658;13,46910969;825,575595;468,3494531;850,5949539;276,2548131;1541,917402;21,47169967;18,14396654;24,81824264;11,55181821;31,35449113;-4,734562858;-8,997403249;-0,49120946;-17,30125984;7,840708359;10343,11435;6323,740144;12922,80135;1502,065167;18729,29987
70251,90894;6,813040304;4,973793711;9,181123876;0,758089987;13,40958811;828,7476905;467,9833849;852,3897821;275,9878131;1552,017024;21,4314915;18,06899676;24,77506074;11,45474876;31,41214384;-4,824622848;-9,116482805;-0,577721166;-17,5042015;7,769030679;10403,18422;6341,327459;12994,49336;1508,995855;18870,40809
70407,5966;7,174181186;5,311893689;9,42554527;1,167184066;13,53824517;820,7221859;477,7571098;850,1608259;286,4316299;1508,303976;21,56790752;18,23943074;24,88913634;11,6372725;31,50083488;-4,394811895;-8,49697964;-0,321789567;-16,4985946;7,75225656;10158,73048;6309,463835;12700,1666;1538,303178;18301,01189
70511,38837;6,689430263;4,967380652;9,192714408;0,700401823;13,4056578;823,3625697;467,2484502;848,5679556;275,1834035;1536,583014;21,46900974;18,1630579;24,80664359;11,61210609;31,34281999;-4,850685203;-9,081803956;-0,57856701;-17,45403979;7,786549001;10283,28831;6295,752172;12850,80065;1500,366029;18622,61678
70667,07603;7,194144393;5,317894673;9,379938028;1,224430804;13,48718506;820,2617138;473,7372413;848,6463934;281,4250447;1515,663341;21,62619065;18,34346606;24,9243456;11,82700672;31,41375165;-4,428698457;-8,479442327;-0,385892355;-16,41901429;7,58148233;10125,10432;6268,938894;12647,8035;1530,432062;18250,54434
70770,8678;7,345055925;5,517863355;9,426124464;1,618465559;13,35350052;826,8179934;474,113825;852,809996;281,3696792;1532,4256;21,73978001;18,57295054;24,91284066;12,32424162;31,15376975;-4,249992963;-8,160603722;-0,310827297;-15,85156688;7,3680114;10232,75409;6308,324886;12776,50354;1521,025395;18463,19204
70926,55546;7,256504554;5,412074464;9,405117481;1,346579728;13,36374442;821,7393329;473,937671;850,0167497;281,4950348;1519,477355;21,66440696;18,44368927;24,93124602;12,0643532;31,31415433;-4,332051567;-8,339104983;-0,35483522;-16,18077644;7,485699882;10174,77393;6289,128613;12715,82777;1530,432062;18338,8134
71030,34723;7,29967761;5,314503422;9,369087141;1,284615635;13,43826077;817,137504;474,7957799;846,3539234;283,3501437;1503,737934;21,66068385;18,43669173;24,95656905;11,93129944;31,38005154;-4,365592694;-8,367160798;-0,386237584;-16,19921924;7,440265076;10076,16404;6266,578286;12591,89084;1531,744394;18150,90102
71186,03489;7,482650721;5,55901565;9,462071593;1,588164947;13,44029797;825,53053;476,9508963;854,0040088;283,3663811;1525,369259;21,80750137;18,65409109;24,97589118;12,41633561;31,25557155;-4,242126981;-8,125915644;-0,343078812;-15,74624299;7,354454153;10140,89639;6283,859409;12678,03533;1523,205467;18278,79957
71289,82666;7,28000347;5,37851285;9,379000175;1,404165258;13,38472975;820,4355576;473,3108148;848,3685888;281,2238005;1517,89337;21,72819561;18,524989;24,9168826;12,25432631;31,23826697;-4,374786328;-8,37985882;-0,403110576;-16,13135776;7,386234106;10128,631;6262,804239;12656,89428;1517,119991;18257,72109
71445,51432;7,630141437;5,528752121;9,49090478;1,55454691;13,49324642;842,69809;477,2982517;867,9482318;283,0324515;1575,532825;21,82815304;18,64536692;25,04034271;12,336605;31,32790921;-4,376599565;-8,354316143;-0,385955392;-16,1676013;7,417642568;10398,36392;6343,198148;12976,18125;1491,779114;18822,03712
71549,30609;7,135395884;5,263205174;9,292385892;1,26261909;13,29677113;846,0155627;472,7209947;868,442801;276,9703136;1595,132103;21,58242762;18,40751711;24,826516;12,04572812;31,12974643;-4,569252406;-8,71028678;-0,420310719;-16,90651402;7,787753593;10827,23182;6512,598443;13517,00873;1482,724347;19710,45102
71704,99375;6,865494587;4,979769523;9,153991656;0,785867074;13,37834057;847,279642;465,5817628;865,8771906;271,796596;1612,447717;21,4233902;18,14487998;24,68162025;11,65146132;31,17781066;-4,823787652;-9,152558093;-0,495779274;-17,64834797;8,004920799;11146,74247;6618,230665;13920,77285;1476,075396;20428,44468
71808,78552;6,574734411;4,501727191;9,042288809;-0,014199455;13,58852612;829,9660264;452,7875638;847,3336737;261,8569011;1587,433828;21,30215968;17,88850137;24,74502805;11,11149475;31,51567604;-5,315622033;-10,04700009;-0,568900995;-19,3058891;8,640580106;10969,01308;6478,528977;13689,20837;1462,616811;20128,41908
71964,47318;5,422393552;3,078640576;8,492038793;-2,284943216;13,84084061;817,1562951;438,3088195;832,0369122;249,1435412;1577,509415;20,77995471;17,00452248;24,51718601;9,658979991;31,91613892;-6,792670523;-12,40460911;-1,199512797;-23,26561202;9,683579933;11067,17799;6496,150821;13831,47186;1420,074603;20395,07499
72068,26496;5,402510531;2,59221059;8,451999382;-3,204135552;14,21959904;810,2753253;426,0626626;825,0233143;235,9122316;1582,024086;20,7879221;16,89539353;24,65411744;9,317889867;32,27711035;-7,233432667;-13,11372424;-1,323999451;-24,63151505;10,16117256;10972,05263;6349,12044;13759,9075;1249,385385;20400,75187
72846,70325;5,783741759;3,46116958;8,742141971;-1,780334863;13,91291148;803,009279;438,3395514;820,6844298;251,8128536;1533,644925;21,04166617;17,38815313;24,70941182;10,18841638;31,9554298;-6,533272943;-11,87473847;-1,177510598;-22,34260755;9,290358479;10431,2487;6233,344797;13035,06425;1415,814947;19079,26887
73002,39091;5,275056808;3,569211827;8,506284567;-1,314400859;13,40444477;816,6925134;442,6934672;832,3724111;254,1047273;1566,259076;20,84113983;17,2636928;24,40808167;10,24853838;31,4949024;-6,36609401;-11,56681127;-1,182983925;-21,67939905;8,951751622;11091,50278;6580,717828;13872,29965;1453,357675;20368,90542
73106,18268;5,86780259;3,884996883;8,771834906;-0,969719458;13,62111694;816,1265459;450,4625734;835,7497809;260,6062518;1549,962264;21,00840011;17,3980217;24,61308766;10,30987054;31,71383785;-5,905338331;-10,92499368;-0,832990522;-20,74554762;8,987043435;10582,65997;6353,221029;13220,28146;1465,372358;19305,25587
73261,87034;6,91820402;5,167235963;9,270321359;1,01800904;13,31828912;826,5160226;474,0348474;852,7180617;280,6115772;1534,419217;21,49952701;18,21593382;24,82454639;11,68926787;31,35313794;-4,602940031;-8,766659597;-0,4570793;-16,95935787;7,770069593;10316,76979;6335,499368;12884,80361;1520,250345;18631,26306
73365,66211;7,082948563;5,262861833;9,307435304;1,234396249;13,35918923;825,3352059;471,1933453;850,6385766;279,1837929;1535,010143;21,61488643;18,3813893;24,83777874;12,00350123;31,18903211;-4,476760164;-8,538604119;-0,425567497;-16,49456764;7,516098254;10285,70687;6316,569672;12851,3548;1514,601834;18598,03759
73521,34977;5,753401367;3,78697477;8,809417141;-1,198910424;13,80515441;826,9036044;445,3162591;842,3869943;256,051833;1591,200269;21,04408718;17,45302594;24,56574249;10,48039356;31,55513849;-6,007646198;-11,17049613;-0,835513951;-21,26874356;9,275875408;11045,14637;6501,600461;13804,75046;1427,568938;20316,8295
73625,14154;6,856525461;4,884637226;9,169894414;0,574830784;13,41031808;842,526829;463,1072242;861,0012148;270,1997725;1603,120854;21,47080731;18,16746231;24,75292751;11,658441;31,22760651;-5,008340448;-9,383633807;-0,601125628;-18,01847199;7,973634674;10931,04649;6512,75732;13660,33582;1467,530281;19997,40669
73780,8292;6,300970251;4,400049754;8,978959419;-0,154700772;13,5302123;833,0308318;453,6850503;850,2779553;261,8387801;1594,754207;21,28573809;17,8700014;24,74123562;11,06392503;31,51566579;-5,623734738;-10,44058418;-0,862259005;-19,76931086;8,565023224;10884,40765;6447,486168;13589,29845;1463,856456;19940,50393
73884,62097;5,856599094;3,913896866;8,844916824;-0,993557901;13,71943403;822,4641433;445,075252;838,7931446;254,823238;1580,697507;21,16923264;17,64066288;24,67303018;10,75628748;31,54569666;-5,970495724;-11,00569813;-0,878320958;-20,94865714;9,000264147;10822,69941;6396,790622;13534,00307;1406,979735;19882,13297
74040,30863;5,158455052;3,262094101;8,57312402;-1,986463403;13,84090843;822,9854612;441,1233897;838,7537047;249,497344;1589,940518;20,83799143;17,2159381;24,3836885;10,19868851;31,48573924;-6,557037555;-11,94100927;-1,119313796;-22,52149294;9,358399285;11211,21073;6588,278504;14044,45054;1374,725741;20685,90967
74144,1004;4,903286316;2,918505474;8,330067248;-2,461771532;13,65119599;811,1529941;443,2258601;831,1171727;252,7387063;1548,704131;20,75036763;17,0426987;24,48186704;9,702447442;31,74986862;-7,216341519;-12,85107402;-1,544049347;-23,86791608;9,414510764;10386,90948;6296,365083;13025,33138;1363,992729;18934,1551
74299,78806;5,278224312;2,922693757;8,424427103;-2,530681254;13,86126171;829,294144;443,7514734;848,2977951;247,7795822;1601,640898;20,66597477;16,91591343;24,4678565;9,487722858;31,87678969;-6,777781033;-12,22558781;-1,326543982;-22,83396525;9,340977712;10838,85585;6402,996234;13618,1263;1282,843894;20008,2643
74403,57983;5,527752352;3,265473314;8,581390724;-1,995952792;13,84703877;829,1261264;444,7626662;847,6117802;249,9090041;1599,195769;20,8704376;17,22915397;24,49554673;10,09868685;31,70025871;-6,431555133;-11,65677411;-1,242809101;-21,83585958;8,908251013;10934,82442;6413,461027;13728,81911;1269,351887;20234,55067
74559,26749;5,400991589;2,953683394;8,535671268;-2,606156846;14,04789146;851,9271915;447,3255604;870,3124815;244,4786719;1662,526755;20,70121907;16,82240971;24,62668984;9,143462301;32,25626877;-6,425813312;-11,65072123;-1,239604782;-21,84242488;8,954496954;11427,68944;6530,285286;14409,21285;1074,912679;21428,13432
74663,05926;5,77737514;3,126712685;8,62318375;-2,321400044;14,06782126;859,549845;451,4156544;878,3862615;246,8370888;1676,133794;20,6952937;16,74959739;24,67695532;8,985146975;32,40431242;-6,070921008;-11,15018587;-0,964462752;-21,12452718;9,051045826;11520,15161;6553,859421;14516,66603;1077,912539;21631,34784
74818,74692;5,772670889;3,078007152;8,584037336;-2,418180967;14,06634416;841,3267133;442,8925265;858,6648053;243,913976;1638,88888;20,75875005;16,82590945;24,7165961;9,033954933;32,46292228;-6,284338403;-11,44218784;-1,131134859;-21,52937014;8,91884696;11239,68008;6420,883702;14163,46688;1085,940202;21077,62112
74922,5387;4,76881635;2,321330995;8,168629163;-3,43197172;13,94745524;786,6301265;418,7297533;804,5985178;230,2638934;1524,010858;20,86325758;16,97581472;24,78650702;9,286223939;32,43811482;-7,8067215;-13,59314552;-2,035676207;-24,83893749;9,271674829;10159,0252;5980,042567;12797,9703;1077,269623;18803,64877
75078,22635;5,383838973;2,789557775;8,444517508;-2,804930111;14,00263115;805,0094561;430,5659496;823,6031691;238,4059668;1554,972254;20,79073546;16,94421272;24,6390358;9,450808559;32,14414887;-6,945465029;-12,44523759;-1,454398822;-23,1292481;9,248631188;10529,33801;6173,936474;13219,07983;1214,040863;19483,73496
75182,01813;5,484724464;2,830288347;8,471656054;-2,716518537;14,04606871;807,0266373;432,7939839;826,2750163;239,7518057;1557,195447;20,80346116;16,9827375;24,66240584;9,443370526;32,18414288;-6,880473026;-12,35298661;-1,426840646;-22,9833945;9,27671191;10469,40823;6158,282577;13154,79882;1199,872687;19350,78336
75337,70578;5,400213388;2,767096169;8,417097465;-2,835728536;14,00123974;816,2655589;431,6729912;832,1179759;239,8901523;1587,318422;20,87016556;16,99057266;24,80884497;9,235694987;32,48618864;-7,037963186;-12,66516827;-1,426382614;-23,62646448;9,565179404;10981,31125;6291,033037;13811,54088;1104,021266;20547,90409
75441,49756;5,473488023;2,873583687;8,451491153;-2,651227604;13,98664892;806,2227551;429,901521;822,0801292;240,91349;1560,306437;20,89227602;17,06650288;24,69862997;9,592137673;32,14596459;-7,042340557;-12,74113253;-1,348187413;-23,81127623;9,706058262;10778,76354;6278,976139;13488,55621;1293,696722;19952,26631
75597,18522;5,170099194;3,033085596;8,372690962;-2,231397881;13,59921218;816,7704356;438,6132163;833,8586002;247,674765;1574,7737;20,79669265;17,15049425;24,52159797;9,827924429;31,77320415;-6,97427991;-12,42617304;-1,531481606;-23,07308616;9,120479962;10961,19595;6444,162507;13735,39316;1345,384046;20228,85637
75700,97699;4,806527067;2,752467854;8,078772043;-2,529630548;13,25747879;799,621626;434,8313827;819,7038676;246,0392409;1531,515264;20,62944622;16,84233301;24,41292569;9,377502983;31,86383894;-7,478193711;-13,11893131;-1,80947978;-24,15461572;9,209389695;10556,60469;6325,11953;13228,34761;1350,652476;19339,94552
75960,45642;4,846391904;2,734804542;8,077865952;-2,4970722;13,34369062;810,4835912;436,3716795;827,7842821;247,2866463;1562,491324;20,55443833;16,80448418;24,34075211;9,390980284;31,70808328;-7,225732394;-12,80845851;-1,642835825;-23,68745002;9,222114038;11105,85118;6554,43063;13903,33091;1394,564225;20445,97165
76219,93585;5,168024863;3,07020031;8,352893375;-2,118523548;13,57396085;807,8990113;438,363096;826,0983077;248,9943858;1550,76156;20,76876612;17,04078004;24,55307475;9,716116207;31,85944226;-6,931569877;-12,44170716;-1,393712248;-23,19046295;9,302455624;10775,85699;6398,221229;13482,85456;1409,904323;19784,7257
76479,41528;4,844671506;2,670200165;8,053533945;-2,701804431;13,38670939;803,4256766;430,5034028;820,0437895;242,7603367;1552,931824;20,56941409;16,75008964;24,39994285;9,227891217;31,91688028;-7,433820182;-13,16681365;-1,72390498;-24,29641458;9,382683165;11044,81981;6498,280988;13827,06973;1374,538669;20380,4374
76738,89471;5,045300773;2,952049209;8,143316525;-2,210915077;13,27763997;799,0047304;447,0328336;823,6147788;256,6358023;1502,503556;20,67889512;16,828466;24,53094911;9,254911586;32,07804259;-7,432104799;-13,07676103;-1,727179751;-24,18471943;9,342326398;9795,970115;6144,219137;12313,13068;1360,96464;17656,01045
76998,37414;4,744787284;3,01591238;8,127327813;-2,053871807;13,18227902;808,5736312;439,7400775;826,6284267;251,0346923;1548,794394;20,59790474;16,8981986;24,32277495;9,619675226;31,64599498;-7,0704408;-12,4757767;-1,662800657;-23,06788013;8,916438708;10943,92015;6508,820386;13695,82867;1423,508284;20079,0887
77154,0618;5,202356577;3,578123098;8,352208608;-1,247581478;13,10569973;804,0207694;454,1716647;829,6326974;263,7967166;1504,159078;20,76695638;17,10644562;24,46096459;9,852262284;31,70072242;-6,466873904;-11,65372117;-1,274670689;-21,84023814;8,850310458;9997,337919;6284,509117;12537,47441;1464,624192;17946,84249
77205,95769;5,186416006;3,341703206;8,319359799;-1,625212;13,25566124;799,0442813;454,1265498;826,0279229;263,5261744;1490,080374;20,70312627;16,89511163;24,4852689;9,480282817;31,94569614;-6,656742136;-11,97902425;-1,330015227;-22,37577758;9,097579148;9817,444759;6219,926742;12314,37409;1457,800364;17586,9116
77257,85357;5,334409919;3,501462834;8,386399638;-1,347604136;13,24820469;800,4699459;457,2884413;827,6296737;267,193256;1486,606341;20,77264722;17,02321671;24,53500406;9,6347499;31,91620979;-6,524517435;-11,7839672;-1,252955815;-22,12267423;9,020993226;9750,43471;6220,175368;12225,65378;1497,117665;17417,0564
77413,54123;6,360853407;4,567395873;9,007110079;0,071627107;13,39025056;803,5256434;469,6155311;834,464905;278,1448025;1474,967321;21,31664176;17,8003193;24,85429565;10,82518949;31,82470627;-5,243819879;-9,883378313;-0,59192516;-19,02139011;8,544568885;9555,565645;6194,184618;11978,77231;1582,14989;16975,25948
77465,43712;6,429445922;4,580819896;9,076894091;0,101095725;13,5448581;804,2675215;471,2776286;835,9632775;280,4126781;1473,860832;21,33268836;17,81633357;24,9205157;10,73730261;31,92795713;-5,110727921;-9,704251885;-0,442354096;-18,80138688;8,617784415;9550,454518;6200,878415;11969,45006;1600,523498;16954,85402
77517,333;6,371356921;4,575044482;9,027246264;0,12280417;13,4833567;806,2647846;467,0328317;835,8615455;276,9153507;1485,531908;21,38307231;17,90273341;24,87385672;11,03208835;31,71603662;-5,243225504;-9,852989581;-0,65650555;-18,89734574;8,340876085;9622,413077;6193,958184;12055,35692;1547,166065;17129,66062
77776,81243;6,208162709;4,301220733;8,931655971;-0,249029382;13,4858757;801,3180873;473,0685018;834,4150285;281,557897;1462,236424;21,21226756;17,53379125;24,90553417;10,29613383;32,11292044;-5,452599159;-10,2973235;-0,580249009;-19,79284777;8,913012744;9404,542598;6199,229413;11783,84423;1648,242473;16636,80834
78036,29187;6,472047972;4,565808865;9,096481241;-0,006268029;13,62548304;807,0149667;470,1845667;836,7567232;279,5501859;1483,803328;21,29828719;17,65478974;24,89956753;10,60296004;31,98256923;-5,171649471;-9,873121268;-0,476055421;-19,07567818;8,744633723;9599,696323;6216,902718;12026,57211;1601,452157;17060,52297
78295,7713;6,588703735;4,610038298;9,192417772;0,037007412;13,79834769;806,0429521;463,6593414;834,2320034;273,8790247;1492,560358;21,34554132;17,80756197;24,85067535;10,88510114;31,76176539;-4,978430798;-9,539669888;-0,496999048;-18,33276515;8,343054025;9855,674674;6208,021885;12329,11661;1505,059133;17649,74966
78555,25073;7,058763273;4,989386005;9,399128996;0,60938989;13,82446071;811,3993776;467,5915964;840,0295798;276,0642314;1500,802451;21,5644431;18,12981398;24,98149149;11,37125077;31,71901172;-4,598818479;-8,903623824;-0,317029552;-17,31068402;8,142847716;9877,553522;6215,777621;12368,06633;1519,393818;17704,61778
78814,73016;6,833094786;4,889504562;9,30900851;0,498727176;13,73311837;805,1900097;476,4954958;838,3794595;286,7779663;1464,339652;21,44864214;17,85984915;25,04111908;10,82163175;32,11737744;-4,650829504;-9,036261959;-0,181968358;-17,77993999;8,458818858;9523,613313;6190,664311;11928,7258;1616,075031;16884,9167
79074,20959;7,293658697;5,205386459;9,488737047;0,961108909;13,79220139;807,0973189;477,5787261;840,198049;286,9261821;1469,000303;21,71803042;18,26329311;25,14539565;11,49892008;31,93509171;-4,382037939;-8,610465661;-0,14241164;-16,90702353;8,191336229;9488,975653;6163,614592;11875,00053;1610,03157;16845,51719
79333,68902;7,449905519;5,200334589;9,48675412;0,953948376;13,7784159;811,9651531;475,8406724;843,2887869;284,2790573;1486,681284;21,72517174;18,34757387;25,11839655;11,6269759;31,78617476;-4,394961832;-8,581952473;-0,148893795;-16,86706297;8,112281941;9612,178676;6189,726188;12042,55844;1563,460208;17134,36179
79593,16845;7,37308384;5,056992233;9,458590614;0,677047085;13,83910113;808,4554262;475,8500974;842,1599268;282,9338755;1476,233559;21,64766891;18,16414364;25,15448806;11,33777448;32,01675845;-4,47162049;-8,771186172;-0,183542575;-17,16703566;8,188918927;9572,9655;6158,29341;12003,02136;1547,208359;17070,69982
79852,64788;7,141348686;4,872539183;9,317172541;0,450952779;13,72424991;806,5587279;479,1035452;842,0245303;286,859732;1466,983393;21,56509365;17,97189659;25,13625591;10,95252635;32,1665846;-4,728379063;-9,159083887;-0,323461547;-17,87289974;8,398307854;9398,275582;6162,677424;11789,71125;1601,878026;16684,56673
80112,12731;7,418976115;5,278037268;9,470734284;1,101690275;13,71437163;807,935319;480,9690071;842,7508066;288,6450927;1467,686908;21,74840546;18,35864029;25,1320944;11,70209254;31,84838312;-4,305334054;-8,505353947;-0,164107694;-16,67750213;8,090249274;9474,296681;6184,624735;11859,46801;1623,284343;16803,09302
80371,60674;7,338665075;5,152722223;9,438851654;0,901625245;13,73035526;812,3758675;478,8725621;845,3744927;287,7084989;1483,6935;21,63746056;18,20488438;25,10159986;11,38209792;31,86994785;-4,419622566;-8,676525138;-0,14261528;-17,04005848;8,169185924;9579,619624;6193,495076;11990,19179;1593,322474;17026,80782
80631,08617;7,815664186;5,53118463;9,706299159;1,352353502;13,86458783;813,0545647;486,0819715;848,3807501;293,9001257;1472,147829;21,81964968;18,43123719;25,27114111;11,63091737;32,0598605;-3,979545648;-8,018512317;0,082446948;-15,98388698;8,071954031;9556,416364;6193,281261;11957,10908;1621,61499;16965,0789
80890,56561;7,207828626;4,883787294;9,371453353;0,430202011;13,86531334;810,6530862;478,63342;844,9460122;285,2372683;1478,253967;21,49613854;17,89887241;25,09396299;10,81035588;32,20120777;-4,606375958;-9,039175797;-0,131005712;-17,76509666;8,547321478;9521,709921;6181,724545;11939,41457;1586,814761;16933,3229
81150,04504;7,98783343;5,658269492;9,734798893;1,539558225;13,82691702;813,456927;483,6618156;847,5373227;290,9862221;1478,615131;21,93298504;18,64889211;25,25688674;12,09198421;31,76086863;-3,891406872;-7,827231087;0,031233044;-15,55560527;7,757088585;9676,982035;6198,552314;12112,99186;1586,849306;17266,17838
81409,52447;8,005252285;5,556129417;9,773310324;1,293201893;14,0282376;819,0333644;482,5227424;851,5700755;289,9146358;1494,476974;21,75362162;18,29093024;25,25343965;11,38444831;32,09077128;-3,989921071;-8,004647158;0,030154512;-15,87935661;7,941299235;9906,485648;6249,02683;12384,49301;1558,762182;17734,74644
81669,0039;7,931702935;5,664972322;9,740263859;1,543236915;13,83310321;819,4392016;480,6739399;850,8805929;287,9843829;1498,460265;21,89048989;18,6018696;25,21382018;12,0891356;31,70338415;-3,962603504;-7,863531143;-0,053300153;-15,54406912;7,623864874;9882,410559;6230,708519;12349,62702;1540,125516;17701,09391
81928,48333;7,9072744;5,609685199;9,747337188;1,470690492;13,89370757;815,4317919;481,332734;847,184802;288,7969935;1487,499199;21,8566375;18,51845822;25,22069988;11,91767646;31,82462112;-3,957762148;-7,9187633;-0,011671324;-15,64596591;7,724873254;9800,041786;6230,921084;12272,01286;1561,401813;17513,63141
82187,96276;8,019395347;5,534186911;9,746818953;1,305532702;13,97692692;822,4558204;480,899103;853,1077196;286,8779884;1509,729735;21,75473572;18,35579771;25,154918;11,68420966;31,84748368;-3,987661686;-7,944378168;0,028334346;-15,82343483;7,885276415;10041,13034;6286,846353;12563,25255;1533,632147;18045,67639
82447,44219;8,051332244;5,568683868;9,754884572;1,406745653;13,95085256;816,8913471;480,6599803;849,2476045;288,1893698;1493,339191;21,79164923;18,43403953;25,1648336;11,81127219;31,81712631;-3,9503184;-7,89679711;-0,028357837;-15,58991821;7,696924698;10019,74868;6279,015077;12532,68062;1542,720379;18000,5358
83225,88048;8,240028313;5,81327558;9,774230393;1,816727785;13,7035488;831,8224402;482,0235646;860,5532005;288,2302898;1532,536125;21,91270114;18,73345239;25,11848469;12,39612992;31,40014964;-3,868241292;-7,674125131;-0,020377257;-15,24499687;7,439775406;10177,59706;6317,167681;12725,127;1528,504957;18320,91105
83485,35991;8,226846359;5,65501921;9,633199534;1,679316214;13,64856086;848,6074879;484,041404;875,6474761;286,9155914;1581,516649;21,82356534;18,61908846;25,03999208;12,28694151;31,37349223;-4,02775222;-7,939893262;-0,114254125;-15,62858904;7,574586438;10469,54901;6395,433147;13080,25092;1504,149972;18958,73515
83744,83935;7,979313968;5,461906241;9,466383508;1,483365855;13,44024701;864,5733231;482,3419942;887,3908805;284,1311475;1630,004754;21,59895597;18,30506269;24,87383375;11,81351278;31,33569581;-4,233684391;-8,310786079;-0,20427434;-16,26539876;7,778293684;11034,08881;6622,866592;13783,3269;1497,774778;20124,12498
84004,31878;7,749728449;5,463635267;9,444625233;1,499994137;13,45058877;859,3019086;479,0741684;881,2222817;281,0326013;1620,864951;21,69739889;18,53520303;24,9294179;12,19920408;31,17739921;-4,247908818;-8,274901749;-0,262426947;-16,10663255;7,622475067;10962,43889;6574,428841;13694,89623;1487,415305;20009,74032
84263,79821;7,914828674;5,636633627;9,519108606;1,727696608;13,37174717;865,1107157;479,9936614;885,8962877;281,9230771;1637,014132;21,77273948;18,61159568;24,85365281;12,45208185;31,08500833;-4,216545056;-8,166794255;-0,276449537;-15,86129045;7,510726477;11115,13476;6629,497589;13878,83501;1484,899318;20306,7871
84523,27764;8,020810071;5,490994351;9,47995469;1,478181228;13,48489866;867,5469412;479,3434402;887,3963975;280,0184617;1644,035511;21,68137126;18,44052467;24,88228201;12,13933774;31,25538135;-4,302998353;-8,323242308;-0,258879053;-16,30847631;7,665567331;11170,06785;6657,095069;13950,49015;1488,361922;20430,87837
84782,75707;8,032012782;5,551277224;9,476479474;1,642038691;13,4686096;867,2505032;481,9290252;889,349923;282,3581085;1639,384325;21,74585647;18,56678118;24,90021298;12,32508708;31,16019036;-4,172444546;-8,139308056;-0,198518117;-15,91355327;7,592599978;11114,70789;6638,830372;13880,05379;1480,549324;20307,08412
85042,2365;7,92620749;5,901792653;9,626979915;2,168341332;13,34516482;860,594751;478,9671241;881,9479897;281,3357522;1625,497945;21,95464876;18,97676541;24,92835034;13,13542487;30,7983493;-3,906159236;-7,621279977;-0,165813094;-14,98042907;7,166694138;11005,67129;6597,195731;13735,73217;1481,506599;20076,90571
85301,71593;8,196369859;5,910409274;9,638821242;2,228224553;13,38691352;858,6160999;476,712913;879,3927228;280,0784986;1624,780068;22,02823049;19,0918377;24,94532024;13,27855065;30,78675959;-3,903316865;-7,611750087;-0,213106519;-14,92350437;7,063855849;10945,53697;6558,87824;13657,97288;1480,774082;19975,69936
85561,19536;8,079343249;5,810776608;9,605326682;1,962626874;13,37676743;861,3465926;478,2090807;881,6329789;280,9654325;1628,558224;21,88734639;18,85317996;24,91263725;12,8631057;30,89526927;-3,974898834;-7,763950238;-0,181827483;-15,24998402;7,308413297;11066,05411;6611,148137;13811,18294;1476,804982;20201,53766
85820,67479;7,865056281;5,599331538;9,489888568;1,62986505;13,4108163;867,1631342;480,9839154;888,0244283;282,4623469;1641,146381;21,71133742;18,5276425;24,8335334;12,30333757;31,13566463;-4,147793392;-8,098919127;-0,190577712;-15,88189233;7,583138435;11224,19521;6696,126589;14031,81353;1482,600362;20516,93018
86080,15422;7,730635917;5,461307082;9,487403508;1,394371509;13,47359854;872,7549017;487,4263907;896,2198039;285,9652927;1646,101221;21,56154117;18,28744548;24,79124047;11,86940732;31,22329489;-4,148166235;-8,186161641;-0,140849665;-16,07599485;7,769859103;11401,5223;6809,723474;14261,9772;1482,220099;20854,81758
86339,63365;8,020429497;5,5309567;9,506659793;1,550515769;13,50300348;871,9943628;483,7716901;893,9874406;283,5592874;1649,777658;21,72512467;18,52546015;24,91121408;12,25175184;31,25677251;-4,277501751;-8,290991389;-0,274816117;-16,15618166;7,625811336;11283,69469;6716,498259;14104,37074;1480,323934;20651,7368
86599,11308;8,037577247;5,489479811;9,465403539;1,488743018;13,49789615;877,2104885;488,9821653;900,0109429;287,0708247;1655,574608;21,63202933;18,33409834;24,87127812;11,9225558;31,39634981;-4,252395635;-8,317633246;-0,226633736;-16,30846616;7,743526351;11378,42647;6785,590438;14235,59428;1488,361922;20817,0273
86858,59252;8,24444704;5,762537955;9,576184692;1,932907581;13,38573984;872,6624682;484,6954978;894,3915887;284,0421037;1651,389871;21,88395296;18,77521598;24,94299461;12,70553368;31,02231024;-4,114884511;-7,934491585;-0,231018172;-15,5622449;7,381630621;11188,29224;6679,923848;13975,29558;1487,905157;20451,99465
87118,07195;8,171839073;5,675542531;9,53070492;1,798141619;13,42318024;874,4102663;486,886756;896,5330813;285,9364039;1652,013346;21,83499544;18,74087345;25,02558789;12,53079584;31,1617813;-4,161056876;-8,056805946;-0,238658517;-15,78870936;7,462565654;11272,0909;6712,49996;14084,05042;1476,41055;20612,19154
87377,55138;8,387631618;5,903973964;9,653490129;2,112841303;13,42927545;869,2407876;484,8313344;891,993281;285,1825096;1641,833644;22,01473679;19,06170089;25,01974961;13,12793639;30,90023731;-3,918237023;-7,693562415;-0,179795765;-15,00956307;7,210469519;11087,28154;6631,760615;13851,89012;1460,334574;20238,62847
87637,03081;7,996792469;5,55335731;9,495413995;1,638502462;13,44623915;874,7678683;485,767707;896,6247019;285,185929;1654,64063;21,71866711;18,51832358;24,88094293;12,26093713;31,20390859;-4,180562646;-8,139508804;-0,204951745;-15,95647525;7,597139334;11317,73767;6737,146811;14144,56259;1481,698802;20711,98034
87792,71847;7,939999632;5,727125397;9,555321878;1,876690393;13,4713621;854,2295733;482,9042939;878,4250897;285,3215429;1600,639738;21,85569662;18,76234708;24,93963636;12,65590221;31,07637577;-3,996852569;-7,861156741;-0,188599398;-15,43979438;7,421759835;10604,57772;6448,824296;13244,82288;1480,831061;19200,77472
87896,51024;8,198234435;5,981882143;9,59892153;2,334854496;13,25314192;858,7132944;471,8081476;876,9746393;275,6869335;1634,756975;22,15318955;19,26456592;25,00785955;13,60301261;30,71661363;-4,094163097;-7,810696848;-0,400774589;-15,07261012;6,845818585;10948,29317;6522,702186;13660,67656;1515,296801;20051,40655
88052,1979;7,585971164;5,322460573;9,431570231;1,199543048;13,55911843;859,2800642;466,4994753;877,4383808;270,0441353;1645,061664;21,92310682;18,82836166;25,02146885;12,65054621;31,16718061;-4,778219029;-8,888103639;-0,611673467;-17,01117495;7,504054533;11149,26059;6563,643087;13930,93369;1456,859194;20492,53343
88155,98967;7,060403777;4,826675037;9,354277027;0,315554998;13,82075876;845,4859832;453,392168;861,2130309;260,1416859;1630,050889;21,92561619;18,76026642;25,10175798;12,47352774;31,39875758;-5,451357077;-9,917568376;-1,00064893;-18,65757446;7,733465571;10996,39501;6436,617752;13765,61477;1363,732943;20331,40996
88311,67733;5,505018965;2,861723751;8,533166728;-2,730939188;14,10476423;829,8966435;441,0866459;847,5784338;244,6841286;1608,97952;20,9243851;17,03069868;24,74851885;9,483527744;32,32260514;-6,769335783;-12,14098758;-1,444859228;-22,58158965;8,978886679;11025,50495;6333,598715;13881,88285;1082,457055;20608,68284
88415,4691;5,381209528;2,748521017;8,521020257;-2,970509566;14,20811209;833,521984;438,0583214;851,4219071;239,8902804;1624,588381;20,86151213;16,95075933;24,79229808;9,232733927;32,49477627;-6,772642593;-12,23648834;-1,299454965;-22,93383551;9,344792116;10981,8247;6308,666608;13835,12901;1059,650478;20512,22751
88571,15676;5,332299762;2,8514391;8,529233311;-2,767277816;14,12105474;827,6184259;440,0953513;846,9772688;243,0461807;1604,704918;20,73840904;16,99139625;24,51066787;9,585792923;31,86112245;-6,780275783;-12,18122781;-1,3948951;-22,7065731;9,174457926;10874,90349;6343,510413;13668,33127;1187,724436;20171,38233
88674,94853;5,896528017;2,968074273;8,58314411;-2,587654457;14,12409087;835,4529799;439,7981397;853,9826415;240,6245452;1628,256517;20,79293265;16,83533023;24,76985133;9,02133471;32,51836447;-6,451388943;-11,67180462;-1,216245123;-21,86651902;8,982243125;11071,1216;6327,7397;13949,84398;1072,573922;20735,73345
88830,63619;6,401651597;2,917977479;8,555731798;-2,606560759;14,1276271;821,1727502;434,9952043;839,977743;238,2351399;1593,714732;20,85479726;16,83868408;24,83176868;9,041063015;32,71631725;-6,534317257;-11,82434274;-1,276870975;-22,08400574;8,993460401;10738,46033;6171,44175;13521,65283;1069,644249;20063,13691
88934,42796;4,976810703;2,184008039;8,232201078;-3,780789096;14,15312632;780,7889868;412,4054595;797,5715539;226,0700789;1517,908562;20,93764397;16,97968153;24,88063806;9,228103181;32,63751891;-7,894122384;-13,81074661;-1,948986373;-25,34882125;9,561604627;10333,46665;6012,677207;13007,79744;1067,424499;19206,63891
89193,90739;4,242156589;2,091670689;8,127737176;-3,908164014;14,13236072;785,3027062;412,9020722;801,1890776;225,8176501;1532,206677;20,84117381;16,9426534;24,77945016;9,233518337;32,39173491;-8,110218526;-14,1308019;-2,078223876;-25,92882583;9,649583932;10570,77213;6122,740317;13312,57509;1072,866313;19696,53795
89453,38682;6,219764934;2,959833758;8,724700453;-2,743105002;14,42414157;761,9118058;422,0338209;784,6656239;239,7339718;1444,770903;21,19128365;17,29157933;25,11318359;9,623176265;32,76352471;-7,136046277;-13,0602812;-1,199921509;-24,64461126;10,36369416;9705,481331;5883,212561;12150,50713;1338,094094;17725,3455
89712,86626;5,661910005;2,481159991;8,404980001;-3,379255899;14,23403634;795,8921438;418,0394489;811,9766245;228,0151336;1551,520864;20,92367583;16,93797517;24,92438156;9,035365101;32,80475322;-7,331220728;-13,07819781;-1,575560367;-24,35033358;9,603113603;10543,65447;6054,684652;13244,84055;1061,956311;19673,20167
89972,34569;6,13534509;2,48209838;8,572475248;-3,533721968;14,53697887;768,024054;409,0149276;786,999637;224,3931359;1486,21073;21,28206602;17,17027095;25,37941462;9,092707512;33,43563847;-7,658834374;-13,84208167;-1,513066726;-25,83495801;10,48037083;9831,508712;5770,332143;12351,465;1089,181567;18206,88322
90231,82512;5,537557098;2,578201707;8,422554546;-3,154472064;14,19208784;784,8916555;420,9988406;802,0230555;235,4388865;1515,638491;20,87776689;17,0663703;24,72245367;9,557922045;32,19629002;-7,377018395;-13,2058944;-1,596030396;-24,4814236;9,703012066;10422,46321;6136,870835;13056,87226;1262,893369;19233,35908
90491,30455;5,869787815;2,928415986;8,550067911;-2,650797187;14,09587764;794,7711816;427,0368687;810,5561932;241,8546057;1533,274563;20,89956013;17,09510507;24,68958092;9,608286871;32,17624476;-7,001745;-12,63162681;-1,405030478;-23,57025675;9,571331503;10569,76117;6219,056021;13213,38432;1366,637231;19448,9753
90750,78398;4,870710309;2,403886917;8,2935876;-3,376770199;14,07739687;791,9597191;420,5514991;807,2598271;234,0798063;1537,708448;20,75753772;16,93532994;24,56880399;9,504478475;32,00909938;-7,533955198;-13,35223151;-1,684898353;-24,68020325;9,612352596;10746,42308;6272,580288;13475,86946;1265,379138;19915,96718
91010,26341;5,258366322;2,563511725;8,41660451;-3,18977412;14,20613267;794,9410163;422,1441206;810,5507437;234,1957837;1543,25078;20,82036429;16,96262426;24,67522136;9,410038412;32,2594949;-7,256074918;-13,01972355;-1,474230093;-24,28899067;9,758789342;10673,01247;6223,788532;13370,73292;1260,952319;19768,38985