X2;mean;X0.5_inf;mean.1;X0.5_inf.1;mean.2;X0.5_inf.2;mean.3;X0.5_inf.3;mean.4;X0.5_inf.4
1,820874769;9,911625927;1,684749695;1278,389593;192,3521432;20,83817246;2,777145399;10,30515946;4,083726268;11075,22764;1929,075604
1,926580802;9,688068545;2,044973003;1383,104053;238,3790311;20,59723165;3,183079504;12,54299749;5,002293232;11676,30557;2365,074064
2,005860327;9,723524961;2,006761466;1384,529491;235,4870735;20,68758513;3,122498528;12,4442879;4,926655302;11569,82476;2336,07019
2,120757228;9,617434661;1,994227568;1379,245239;233,8478568;20,71199052;3,095662381;12,13139006;4,891910523;11506,79108;2310,638118
2,213634909;10,11860069;2,026800992;1409,413618;240,3324296;20,810327;3,150123378;13,08121593;5,013127002;11546,66512;2348,584634
2,301352719;10,56847723;1,998876879;1399,795222;236,6634489;20,64213166;3,137707458;13,70714964;4,941605578;11372,42398;2324,639397
2,393355929;10,10872044;1,993431563;1392,871072;227,3055002;22,52385062;2,96083337;9,254132425;4,754491333;11539,27601;2299,957762
2,4902067;9,578055128;2,030551773;1424,036315;241,4958106;21,44073867;3,14106928;10,9614753;4,997797416;11802,98452;2383,076359
2,592323454;10,37934681;2,276599699;1478,783187;271,0608335;20,89927905;3,553267232;15,0417702;5,608273694;11641,12378;2646,897044
2,68508826;11,46321398;2,432197014;1545,712742;284,6950074;21,57480808;3,673071411;16,73784132;6,027032994;11806,88525;2825,115265
2,783006666;11,0150832;2,606983756;1557,26066;303,9623056;21,20194257;3,942282886;17,48113733;6,46126539;11937,90937;3027,236589
2,86533406;11,35774666;2,759248214;1573,104904;321,5790438;21,06449664;4,213741856;19,66629368;6,808010363;11870,14182;3148,221216
2,96284013;11,85514287;2,773618298;1566,408099;324,5148257;20,99461726;4,256509571;20,05077302;6,860422822;11620,15362;3168,734918
3,055214302;12,42511643;2,69059424;1535,438235;314,2372496;21,45210671;4,144092959;19,89766291;6,645233325;11308,19163;3119,744548
3,15969069;12,567604;2,851863616;1555,025825;332,1309471;20,55079926;4,45346459;21,56481921;7,013074379;11587,89598;3378,887525
3,259883682;13,32791451;3,037214901;1590,189394;353,9859795;20,31008582;4,824523612;23,28755948;7,417581945;11726,14799;3684,373457
3,344256728;13,86937304;3,101934568;1586,49066;360,5627979;20,37348646;4,958313631;23,79229723;7,532838138;11708,37793;3811,804066
3,449131951;14,41791347;3,170455495;1567,928322;367,6252037;20,14270462;5,128984558;25,03070221;7,674948794;11638,34823;3986,007105
3,549009284;15,4898237;3,139925554;1549,60374;359,9188283;21,26527308;5,027379019;25,21706234;7,547541659;11390,50325;3969,267847
3,654516384;15,37387832;3,094784203;1502,84242;351,371256;21,62139868;4,921537191;24,1549605;7,327485005;11275,85932;3942,081303
3,754758336;14,89315666;3,267955842;1533,249722;378,1640487;20,06468637;5,337360003;26,09354197;7,87083544;11438,05102;4217,1075
3,866138283;14,50785936;3,285916055;1533,01543;382,5468595;19,81213922;5,384932238;26,02539727;7,91208011;11549,97681;4266,799697
3,959422219;14,25880023;3,100942932;1552,7179;362,1485394;20,34489097;5,020117029;23,67918767;7,54375227;11894,00509;4067,123226
4,067715458;14,20544856;3,19577126;1537,883701;370,8570919;20,00699014;5,195111503;25,29683034;7,712470818;11712,27831;4090,738216
4,148935387;14,06827818;3,24506484;1566,22906;375,3643083;20,28389137;5,233147756;25,15866198;7,822057268;11720,88976;4080,56067
4,270578359;13,29776116;2,918648619;1506,172804;337,3208813;21,46530893;4,603234185;21,21993079;7,045710209;11261,42339;3620,926992
4,370877736;14,82777536;3,134687968;1551,410636;360,5785039;21,36362068;4,976570146;25,45683312;7,61192933;11391,71941;3871,140913
4,476263758;14,95572202;3,236408331;1580,385559;373,8795142;20,64508602;5,186478971;26,87915324;7,871504946;11813,02978;4034,569301
4,584470568;15,09839806;2,881762709;1502,12922;333,702332;21,14456871;4,625900336;24,18202884;7,061062778;11672,40163;3605,178232
4,692677377;15,37978575;2,821274409;1481,670094;324,3245109;21,70170908;4,485979952;23,70019842;6,896510579;11448,79629;3489,020848
4,762611428;15,52919141;2,961786023;1534,929147;337,0414348;22,20039462;4,615560404;24,51656307;7,168558656;11705,72143;3606,564011
4,880170875;15,94891061;3,137694148;1576,58685;355,7375848;22,46711676;4,871470967;25,55824224;7,573787162;11817,95878;3781,104839
4,981699488;16,15663784;3,222818552;1606,745139;364,3791707;22,65064135;4,96990962;26,27310203;7,78798438;11855,37698;3828,627107
5,082636572;16,37702266;3,195858079;1610,542229;359,5329054;22,98803832;4,86474544;26,02825725;7,710138891;11796,14471;3750,830628
5,178863655;16,54291075;3,17804019;1611,368146;356,7718164;23,11002492;4,799986615;26,12054184;7,697124019;11703,8894;3685,508464
5,291459455;16,83777964;3,226246382;1634,025165;360,2889821;23,42239927;4,819267882;26,43301711;7,796102589;11828,59465;3685,258266
5,387834166;17,00149465;3,223120423;1633,018189;359,2396317;23,50020204;4,819967491;26,59703193;7,822772522;11724,07116;3647,611362
5,478854725;17,01840114;3,171231981;1626,807212;353,7023684;23,524581;4,699391892;26,35604728;7,686834435;11726,7625;3560,53046
5,597483438;17,05452503;3,066118919;1591,89695;341,5213874;23,74671681;4,528517327;25,71318242;7,427266212;11346,81175;3421,208786
5,679191364;17,35786993;3,296815373;1694,718492;364,5911212;24,44158716;4,851186917;25,97619781;8,003389781;12206,13336;3473,744759
5,777240875;17,58388677;3,583263593;1749,531725;389,6490378;25,48802524;5,210763399;25,43063128;8,556934861;12446,23243;3636,359985
5,895578898;18,12884597;3,953864435;1808,734537;422,6330537;26,39220296;5,753160761;25,18817039;9,23465375;12827,48571;3982,227981
5,975679393;18,59659787;4,238874685;1841,436877;450,0775971;26,58026849;6,347354332;26,15359202;9,868835127;13044,36366;4310,805949
6,093474509;18,73710524;4,245795335;1852,222084;452,1013407;26,22113257;6,451021374;26,8698863;9,935057853;13178,21354;4331,22103
6,178290845;18,66729663;4,100753372;1818,522055;436,6197259;25,95172637;6,321000996;26,66743397;9,640591076;12986,84475;4185,141935
6,291379294;18,33225974;4,202692485;1860,322859;451,1925634;25,78761269;6,410440389;26,66577921;9,870399686;13318,11174;4291,067909
6,38702457;18,15497753;4,319707721;1913,400636;468,4624306;25,2349006;6,644196575;27,03682649;10,15246395;14045,83795;4502,55167
6,507902558;18,31545271;4,371521269;1973,008908;478,5813365;24,87623678;6,676504853;27,84874214;10,21749526;14946,54001;4635,777295
6,595813822;18,23658905;4,361590931;1989,114986;479,3561951;24,5144927;6,686120534;27,91820148;10,18098754;15331,02466;4672,208916
6,694233661;17,89051256;4,293849477;1999,948758;473,4315993;23,82904422;6,638814081;27,30654792;9,969983822;16015,37977;4689,779496
6,816658045;17,69996077;4,103131258;2008,039178;458,576794;23,66471029;6,305146385;26,78817447;9,51281826;16309,82003;4532,498782
6,932961209;17,21968783;4,159034542;2020,397926;465,8187893;23,08733696;6,401023481;26,36749931;9,614899649;16779,02722;4660,337955
7,032200561;16,78528358;4,293141543;2037,354968;484,7208081;23,42616955;6,508956476;25,92465654;9,906286571;16627,44782;4803,19192
7,169067122;16,44047612;4,035306818;1969,166631;459,2242635;23,41821572;6,158487382;24,75137746;9,41119386;15716,93837;4483,103165
7,262385232;16,10348627;3,664098405;1893,084759;418,9488285;23,91315453;5,536418726;22,6816543;8,55907994;15084,85919;4052,267136
7,41397515;16,00355745;3,786385325;1927,489799;435,7113889;23,4322285;5,59382249;23,52701521;8,702460217;15953,58563;4298,613197
7,547374278;16,3120488;3,792818039;1996,522721;440,7593095;22,91708976;5,552895571;24,80067962;8,630556111;17106,69928;4413,873816
7,691799371;16,59728116;3,789528666;2032,988216;440,0287866;22,80441912;5,474217926;25,43609781;8,504072842;17858,55902;4469,434601
7,824044832;17,00053195;3,591088244;1990,00738;412,058349;21,52148134;5,427263065;26,16224547;8,086555329;17908,84242;4283,281158
7,994650773;17,26847462;3,800812394;2136,017243;447,0944999;21,68890241;5,63071868;27,80087825;8,502567851;19432,97952;4658,495386
8,110937867;17,0476748;3,660050588;2116,004966;425,8375275;21,35264038;5,454475717;26,75641068;8,143158662;19729,77472;4501,162076
8,253930686;16,35167993;3,51428549;2030,354658;405,8708246;20,79313066;5,260056927;24,81252167;7,679408701;19468,79824;4392,979929
8,382456391;17,3889257;3,362613692;2050,424674;389,1615337;20,80382371;5,211122554;25,78630471;7,394463894;19591,38189;4218,927292
8,513175235;16,76050557;3,532262048;2046,514831;405,1557558;20,96060681;5,310784935;25,32594915;7,683733399;19685,68924;4387,438466
8,66608073;15,8047521;3,216852158;1895,793353;367,5304497;20,86566521;4,798710142;22,58618877;7,008725919;18210,70111;3995,881636
8,818255848;16,45816258;3,18983652;1919,415888;355,5750166;20,5233409;4,754380067;22,71764971;6,728619888;19525,6588;4052,873535
8,932729377;16,96895198;3,134617491;1900,557704;345,3078032;20,22572268;4,688862633;23,43579191;6,574611165;19551,40289;3987,49973
9,0955057;15,589803;3,169596106;1900,880215;357,57117;20,80822226;4,724917745;21,1389247;6,765653075;19087,81629;3982,841169
9,228622763;14,09974747;2,950016129;1872,256156;342,6304969;21,11216;4,386244203;18,93342045;6,513977882;18291,822;3651,820652
9,361739826;13,42637689;2,778504822;1713,016167;310,1061944;21,18747177;4,042107181;16,67445029;6,037137321;16346,49226;3282,245042
9,514707292;7,868484516;1,795279049;1247,027587;186,6106301;20,14397596;2,571514325;4,436054532;3,851946751;11555,87845;1853,975505
9,649448602;5,207930858;1,075525542;660,8754177;68,3749515;23,47569807;1,330266407;-10,34712198;1,882668555;6561,043303;986,7641448
9,775715468;4,071910713;0,858670624;647,0752555;53,64216938;23,09704328;0,978416217;-12,11446321;1,62213987;6702,268291;654,590736
9,925158969;5,287634492;0,93778304;669,2620385;57,38449588;23,19680707;1,310590173;-10,09761713;1,734314066;6971,925461;734,5903953
10,07632072;5,811409107;0,982939894;669,6527326;68,45559339;22,74716371;1,48005342;-8,188269322;1,894213657;7518,741353;1100,255805
10,22236386;4,359804665;0,879409697;629,6977974;67,15904;23,25342874;1,285465485;-12,35657791;1,910549455;6663,2345;844,7689581
10,34471983;3,849156085;1,034360924;637,3055733;92,58580646;22,84371829;1,539502898;-12,62876477;2,079562827;6658,444341;1267,268531
10,49233101;4,083494947;1,138485947;559,8913042;91,47258188;23,97831138;1,609764067;-12,94331751;2,12360106;5629,973858;1371,634545
10,64518868;4,813166246;0,945861808;502,7166252;73,36091795;23,8770612;1,376026919;-12,15076713;2,003776427;4658,371899;896,5475134
10,77828923;4,80987711;0,94031632;503,5422058;74,72941317;23,91513909;1,372719512;-12,24206331;2,0210632;4657,386544;904,979395
10,91175759;4,931987773;0,937956979;495,0907127;74,4153694;23,94340792;1,371994272;-12,05775398;2,020750909;4516,364686;903,7047177
11,05990077;5,01878428;0,94544345;489,9035778;75,00873641;24,0047148;1,384296465;-11,93829513;2,039676061;4399,729439;910,45819
11,19569868;5,062140497;0,95843554;447,0596026;75,35386756;24,17817142;1,410641553;-12,33610353;2,089608797;3848,091846;915,876282
11,3480312;5,284016108;0,967612253;443,9674214;76,68900776;24,26587636;1,439837685;-12,07767877;2,139394973;3705,051987;932,8438995
11,50028107;5,378106449;0,988230666;419,9230292;77,95968463;24,40465007;1,467256738;-12,21192403;2,188062782;3439,329607;950,3593167
11,61866749;5,534325168;0,990797031;412,7432992;77,490404;24,40560025;1,472179881;-11,89841041;2,190885944;3308,611238;949,5836308
11,75591868;5,325392889;0,995833349;396,4956472;76,4687998;24,61152727;1,439435001;-12,55625005;2,186665571;3074,819582;942,600317
11,90360473;5,274805315;1,061238524;358,3759468;77,68432739;24,93357075;1,461305466;-13,09611798;2,292578289;2519,196322;966,3816074
12,05592466;5,384590602;1,074920039;344,4218652;78,45624816;24,99082121;1,488189626;-12,98991824;2,330806452;2289,720046;979,3973231
12,20753699;5,494375901;1,090515947;330,4677821;79,33088128;25,04807168;1,518336756;-12,88371849;2,373158257;2060,243747;993,8455122
12,32233983;5,592843664;1,088840054;315,9530739;79,86542167;25,18580411;1,529676841;-12,9059066;2,393469425;1829,624565;997,4586767
12,4739495;5,266022486;1,170955421;311,513938;83,48467138;25,40577866;1,578480856;-13,33842174;2,537647184;1655,473614;1039,052439
12,62062353;5,566876065;1,192821757;364,2251221;84,47461687;25,8610935;1,671582318;-12,97248601;2,436742353;2392,176244;1190,354478
12,75496434;5,50145298;1,14802243;330,0928817;78,71876375;25,10607338;1,516006842;-12,79623691;2,401375718;1967,456536;999,1190315
12,88880842;5,299378073;1,049192;368,5111036;74,57653089;24,69989451;1,400606358;-12,58535616;2,197771166;2645,57349;934,4415236
13,04028112;5,201559032;1,055889404;366,7771995;75,46861996;24,72920649;1,401304683;-12,80051667;2,19645152;2592,788864;952,2649338
13,16042246;5,076380171;0,976434828;416,4913399;71,66831444;24,21001428;1,302061251;-12,28655182;2,021160403;3392,786973;896,4651953
13,30786866;5,284565859;0,935959327;464,252291;69,11626481;23,81923534;1,255362792;-11,21737076;1,903020193;4086,395754;857,5323714
13,48502852;5,079754429;0,910040394;497,1757479;67,18931831;23,64469712;1,19623951;-11,2818264;1,815987782;4609,424611;827,5959682
13,64066381;5,33205455;0,924277817;505,8814584;67,2562962;23,6690055;1,220579808;-10,46269365;1,768174271;4914,791555;880,4721789
13,84190951;5,352532161;0,979763997;545,6262871;71,85095587;23,60217562;1,308561443;-10,04824219;1,769929516;5607,025442;1017,03902
14,03721648;4,680750462;0,980469991;557,572666;71,27304159;23,19146153;1,266310784;-11,25995244;1,726644054;6038,370382;1026,360042
14,23205193;4,86202443;1,034861001;589,3498449;76,05129293;23,74299031;1,421991314;-10,59483731;1,862486617;6169,344288;1131,012084
14,38574914;4,462986046;0,970236744;584,1421478;70,39246442;23,63298073;1,313586642;-12,26583134;1,822725426;6245,161096;1014,687257
14,58554123;4,268291569;1,093206146;627,4815839;88,28899059;24,54853764;1,572933264;-14,17435779;2,177518387;6305,275693;1198,91461
14,77779702;3,852981658;1,15238688;417,1218164;92,29227703;24,95487081;1,706956917;-15,62477596;2,533621624;3584,297091;1138,638091
14,95742156;2,947928986;1,319396296;314,6911759;106,4665214;24,77748334;1,910727128;-18,60236162;3,020479783;2274,697062;1262,361461
15,15492661;4,216951121;1,082120281;425,6328639;88,713982;24,64527875;1,636331593;-14,95497545;2,491330927;3317,309827;1057,983964
15,29127713;4,283978583;1,056407277;427,7385593;84,39812128;24,22034707;1,555521758;-14,20320148;2,358936443;3565,575525;1022,970991
15,51081339;3,354371468;1,035355304;456,3244244;77,80782615;23,36408235;1,347021261;-15,41599582;2,132958486;4440,757091;973,2221548
15,71387932;4,065193363;0,989536314;426,2979133;71,06022811;24,04823889;1,274866887;-14,43319365;1,964699126;4082,161715;963,7665439
15,91085449;3,914805202;0,99812261;430,318975;72,29548366;23,46081255;1,276792999;-14,23170633;1,992619074;4003,585782;913,65658
16,0438796;3,610125988;0,961295793;460,010016;71,01717831;23,14343835;1,220103189;-14,48865407;1,933054336;4523,276205;890,4775158
16,26290075;3,409477359;0,944159825;491,7179163;69,79164892;22,89440975;1,202472176;-14,63471723;1,915856563;4980,953566;875,4651092
16,43607216;3,371646339;0,938661112;497,758347;68,97346978;22,7894948;1,188880769;-14,56896898;1,893084623;5082,433732;866,4225686
16,63249223;3,351142894;0,91739934;513,6101089;66,93052465;22,61326694;1,158138867;-14,3462929;1,837640247;5329,972387;841,3586257
16,80599282;3,362126781;0,974385456;596,8519348;76,08479528;22,3438031;1,254972851;-13,15416834;1,774344128;6166,039608;1059,169043
16,98141635;3,000150277;0,898267063;577,2335992;62,40599231;22,29385158;1,099937597;-14,42745228;1,797390946;6281,978099;782,4416854
17,16764704;3,203988601;0,86888419;642,5063627;61,31318131;22,30444175;1,056783159;-13,91421907;1,720678806;6964,913587;766,2981747
17,33912568;3,266144198;1,222421626;686,6997559;96,46072564;23,8097669;1,41558613;-15,99285585;2,294964317;6790,551187;1200,59314
17,53984559;4,013652017;0,924598731;675,2301507;74,14289356;22,89041767;1,208062368;-12,90154434;1,853621685;7011,467354;912,899145
17,73675016;3,684062057;0,868505014;577,5858461;62,23109089;22,64824966;1,117509275;-13,207722;1,760024854;6169,15939;777,5840529
17,91144089;3,966386839;1,014291035;630,9871008;74,31640656;23,64496847;1,277195049;-13,5404396;1,977330339;6169,35069;945,8424299
18,11225456;4,367059433;0,880585395;533,4783035;66,6208955;23,06501605;1,233403268;-12,1027888;1,857019539;5385,02044;819,4418167
18,28597387;3,915425948;0,913130822;503,2581239;69,51217235;23,25597946;1,237751509;-13,8443208;1,92579509;5031,950015;857,0722497
18,47332837;5,164083166;1,114413294;523,4217691;81,1607492;25,06675755;1,605892263;-12,30520261;2,117655811;5046,383589;1204,178125
18,60305138;4,96148589;0,862740561;539,6184832;67,3263757;23,47764547;1,282785741;-11,4543952;1,881271217;5213,646552;832,264763
18,76938573;2,799423429;1,055572157;579,2911959;74,19159969;22,00894669;1,376685912;-14,1901588;1,999452909;6173,400434;911,5721985
18,93751137;4,253373497;1,04898168;537,1246564;74,59601984;24,39605566;1,418975566;-13,30308769;1,984118394;5253,451236;1055,973275
19,09268216;3,934832197;0,91069718;519,2238727;66,90289849;23,32294723;1,198191075;-13,36441391;1,900685666;4950,955158;802,3923991
19,24273625;3,248607371;0,940444037;474,0114393;64,15537624;23,42633581;1,108167843;-15,44299953;1,92338452;4427,042401;782,1074422
19,39273265;3,376327629;1,076051349;517,3243799;70,7738803;24,15393471;1,31134372;-14,58566169;2,182465737;4453,109894;843,107539
19,5783653;3,401064637;1,118037254;456,3065512;70,33799071;24,16026074;1,308654864;-15,59305842;2,247312593;3960,12531;860,1934418
19,72760529;3,331975206;1,038554163;471,8584203;70,10082328;23,90770023;1,263715454;-15,36308941;2,124639388;4286,905234;843,9779272
19,90069885;3,489032558;0,974339314;485,2608611;69,98782611;23,74735998;1,24806765;-14,89571077;2,048779395;4491,415438;834,1655182
20,07060593;3,702457637;0,945291735;511,9418467;70,00569693;23,49459532;1,248733025;-14,13575238;1,996936968;4897,986377;828,6733185
20,20284025;3,712953616;0,949122927;511,5626127;71,07159467;23,54095846;1,270382188;-14,19861585;2,01989871;4913,452902;841,708804
20,35270792;3,7196069;0,950713283;514,0368261;71,57442729;23,5461887;1,27965857;-14,18963238;2,025083093;4966,635474;848,5898875
20,52432375;3,701600297;0,964122803;508,5818017;73,28727936;23,61656148;1,31325794;-14,3580931;2,07022617;4902,016474;868,5809425
20,71899874;3,631239161;0,954871695;516,2338593;73,0065913;23,56271472;1,307579058;-14,45037988;2,05192751;5071,352838;866,6925057
20,83379233;3,819524818;0,992680538;526,6355294;70,09002136;24,71068937;1,306771948;-14,8701597;2,022141895;4875,731075;900,514731
21,0055596;4,237401267;0,899222759;525,2865825;67,45321159;23,55367347;1,193940935;-12,98371106;1,870210187;5091,151061;807,5796747
21,17456801;4,447720112;0,839572232;555,3812587;62,72610262;23,1752644;1,181289195;-12,09903524;1,766533667;5466,413478;763,4319864
21,34599156;4,165738051;1,072563648;416,1757588;80,56114189;24,83938873;1,48724411;-15,25073136;2,231225652;3546,214731;1119,799679
21,51998118;3,895689867;1,168415335;362,3561037;95,8026243;24,97948621;1,763479346;-16,42167447;2,776116372;2459,025868;1137,320516
21,65504213;3,432660116;1,469865776;243,1643732;122,5945964;25,94458567;2,264946598;-19,24677579;3,583174387;805,221573;1438,160637
21,82676349;2,537895714;1,517221672;307,2038038;123,7857672;25,29008491;2,229769962;-20,20409132;3,54146887;1684,922447;1460,334817
21,99973639;3,376565948;1,421465599;326,5921174;118,1762656;25,44748926;2,169266661;-18,11751628;3,383469369;1865,031687;1381,638144
22,15532159;3,749617165;1,321008864;368,4330403;110,0358229;25,19784205;2,002170561;-16,81811671;3,095535738;2497,304094;1289,564968
22,32537718;3,658950067;1,086775847;506,3611168;92,40871956;24,27137041;1,621929794;-15,4203166;2,360093513;4565,953514;1188,090946
22,45253644;3,721048594;1,057752495;436,0273876;81,94671314;24,35271894;1,46412988;-15,20827308;2,316875199;3517,131837;986,4450741
22,61941815;3,71894201;1,048733584;469,8935696;72,74521476;23,91091412;1,315594612;-14,37433633;2,123525365;3994,303672;889,8680251
22,78961064;3,298104752;1,273473704;470,5447829;83,55991905;24,51143297;1,566005396;-15,70793266;2,465069552;4326,836648;1151,166139
22,93418505;3,446625996;1,13971605;437,8309308;75,60687534;24,24876041;1,372949569;-15,28195599;2,283067188;3508,25836;932,8043709
23,07877731;3,326020441;1,188796604;430,8618802;79,72134204;24,39146084;1,444417687;-15,79610941;2,401915164;3430,39261;976,4728772
23,24411132;3,453469272;1,109241369;438,1579315;79,36430208;24,26582705;1,415989091;-15,4467131;2,306798334;3534,08907;962,8112656
23,40820065;3,589011888;1,125276467;401,7620743;81,15410929;24,50416801;1,452119932;-15,69765799;2,362471691;3111,718068;992,5207174
23,5448566;3,708449658;1,09150144;389,6553461;83,02069858;24,45131899;1,475051605;-15,63813756;2,357399454;3067,739552;1004,954768
23,70905502;3,701114261;1,098603694;386,6212199;84,12735781;24,49975961;1,496211707;-15,74809027;2,386996958;3034,029936;1017,091542
23,9023248;3,869920097;1,11408201;394,9266498;87,61337552;24,28548997;1,56976497;-15,14157708;2,437937993;3187,936143;1050,915274
24,07375708;3,991494522;1,10003876;376,6851643;86,87540945;24,70876062;1,541527517;-15,54619397;2,409673901;2861,162262;1039,792955
24,26516012;4,204459612;1,110634793;364,572088;88,33669224;24,76288323;1,572481718;-15,15213931;2,431776367;2680,208906;1060,194166
24,46194656;4,19842314;1,134313882;351,1373679;89,87926798;25,06220836;1,594980723;-15,68992566;2,473105457;2475,788533;1084,386335
24,63706645;4,254398153;1,174501541;353,3073728;92,10387465;25,24745496;1,664772142;-15,67711601;2,558187154;2481,875515;1102,861675
24,81506061;4,037680667;1,277619441;391,6258983;99,31481059;25,38643477;1,829907747;-15,85760187;2,632895324;3103,566704;1337,433538
24,98900852;3,915720349;1,293269369;303,4508917;103,4742828;25,22641235;1,844436351;-16,93445021;2,827093727;1914,807279;1263,191018
25,16972497;3,645116425;1,414926034;262,2426378;113,5467973;25,44949362;2,023607446;-18,02654127;3,117755422;1440,442944;1376,275516
25,36640148;3,418440745;1,557626647;209,3248397;125,4493859;25,43475842;2,227959673;-18,90135304;3,433122839;850,5901798;1520,505094
25,58643166;3,239841402;1,612226184;186,4448355;130,1213516;25,3019574;2,305102311;-19,3381569;3,572680724;624,5049542;1571,740115
25,74168701;3,571970564;1,58083994;191,6851348;128,415133;25,35755108;2,28780212;-18,67821805;3,543159979;499,4927321;1558,478518
25,91711509;3,823102851;1,526745235;204,1091674;124,9743152;25,42411776;2,240556642;-18,22028404;3,447740028;553,7702975;1516,999305
26,13951821;4,018155224;1,478252912;232,8542258;121,7783614;25,34157369;2,195370072;-17,5457125;3,359337678;707,4672705;1482,612448
26,31922343;4,386138546;1,46591101;233,421081;122,2972973;25,4679212;2,212812537;-16,92765882;3,369593153;531,7662902;1485,668871
26,5008426;4,118172928;1,445291554;327,0279158;123,2407671;25,17963084;2,200014086;-16,37256024;3,201858735;1947,553441;1613,476042
26,68066217;4,774432707;1,429125101;286,5866135;118,1517239;25,08355501;2,169829407;-15,84155743;3,246223246;1312,301066;1451,048033
26,88141952;4,846677542;1,434946435;231,4942309;115,1662152;25,33804359;2,117240223;-16,38386245;3,200909252;1058,019495;1421,873218
27,07898981;4,185256583;1,384882002;447,6898011;110,522152;24,92208414;1,852549002;-16,77540617;2,844237533;3866,445427;1459,250749
27,2727788;4,446424612;1,080123082;480,0868627;81,48127497;23,51586908;1,450936388;-14,19771539;2,216041244;4707,44141;1070,610692
27,40417341;3,878842225;0,947106983;594,7533439;65,06436767;22,30765311;1,203083266;-12,77260737;1,872538257;6614,938366;870,0923489
27,6214052;3,378742978;1,021043028;658,3488385;68,47753642;21,90881373;1,253827352;-12,46427787;1,883669508;7205,904098;964,9165113
27,79257933;3,706277936;0,93959197;645,2072261;62,33134888;21,78045435;1,173844261;-12,31309948;1,810155459;7365,001077;860,9177404
27,98918742;3,074708013;1,085352184;668,6878273;69,25429643;21,31597181;1,349330687;-12,97954518;1,98063301;7737,902263;983,7784294
28,13571117;4,003071368;1,044469693;602,8432232;69,17487151;23,18752232;1,289465599;-13,24063977;1,929623671;6729,281695;1060,032466
28,33751161;4,81904798;1,08444951;641,1863615;79,58286877;23,00403533;1,487323641;-11,18635445;1,888394069;7398,778699;1270,55066
28,5337324;4,968421612;1,078132116;641,8734709;80,66011952;23,13905392;1,522487479;-10,85569276;1,881562477;7440,004788;1271,811103
28,72366499;5,276716968;1,020526785;633,6990757;78,54960914;23,64147915;1,502622113;-10,57024138;1,822262436;7101,591465;1208,873579
28,87128024;5,337948764;1,065247969;658,5124975;82,88045275;23,35545848;1,612013636;-9,888841017;1,935750392;7599,904029;1270,992094
29,04688369;5,194553366;1,06061672;663,5296957;82,92218757;23,78331094;1,603387713;-10,41230304;1,913388942;7522,553282;1244,429299
29,17678123;4,571026584;1,168008305;676,9429344;87,11062673;24,18070911;1,660614388;-11,646161;2,069191868;7392,329591;1322,907585
29,34726951;5,623637539;0,876009941;638,5754767;69,26724169;23,72688428;1,341130738;-9,802455401;1,751743888;6809,313884;922,2316443
29,51897567;4,463139919;1,343098594;687,9716117;89,33354881;21,77863024;1,808289183;-10,54600025;2,24061596;7448,309459;1071,207214
29,69742851;5,08848971;1,047855091;682,7158545;85,01805796;23,15104291;1,390436687;-10,71596577;1,905836254;7129,743746;1195,142047
29,82867905;5,369023287;0,978021353;634,3141441;76,3135196;22,83263957;1,416023265;-10,46593178;1,958226547;6464,125356;1007,455079
29,99992847;4,224617447;1,218286175;575,872741;86,61055069;22,52946257;1,638426963;-12,93360309;2,351447078;6404,710393;1191,71554
30,16373732;3,502614434;1,391398102;622,172951;97,98764848;21,0392301;1,951803752;-12,2274695;2,61471874;7432,722903;1426,140308
30,3329204;3,840893347;1,217672908;643,7814815;85,77461195;21,7943093;1,628731117;-12,20125553;2,28946644;7402,091219;1201,309508
30,45744543;2,731474031;1,408232717;678,0836768;91,54702707;20,45924681;1,820030444;-12,35216742;2,410955456;7922,708551;1193,410744
30,61815719;3,600463206;1,09947447;726,8219723;86,11978272;21,42904988;1,435504613;-11,69003668;1,972076295;8283,675209;1255,966407
30,76344212;3,859808637;1,04195456;525,7844514;78,90875018;23,24310827;1,376051684;-14,79718233;2,175114491;5533,315139;1022,990146
30,92207967;3,238246983;1,20990816;446,8057921;90,22226538;23,82485002;1,617185949;-17,51834614;2,612468561;4634,636293;1163,629856
31,08374887;3,033572007;1,322234207;523,1053007;93,54525052;24,18537343;1,722026944;-18,12192815;2,739486723;5790,27157;1393,272173
31,22595454;3,402107487;1,14701232;504,8959578;84,91489536;23,47354464;1,528286824;-16,38217418;2,452498857;5435,844461;1106,018243
31,35248274;4,6055108;0,9787296;567,8666764;73,14106698;23,54951657;1,436000928;-13,20892148;2,01346961;5853,708279;927,8664582
31,53179125;5,069446913;0,973911254;662,8935146;73,33600117;22,80470532;1,371755993;-10,14183641;1,744875396;7433,813229;1095,678597
31,69124809;5,306354908;0,864694083;605,6159381;67,32472096;22,71144583;1,280066368;-9,801649105;1,717064397;6345,669833;893,3048378
31,81768632;4,978883704;0,914146569;615,9679622;69,66644711;22,50708736;1,330128903;-10,48580837;1,778716638;6728,48771;947,5931305
31,97843269;5,011061528;0,913926695;623,5221414;69,84004136;22,48491646;1,332523111;-10,36451952;1,774877836;6852,878602;950,908891
32,12010539;4,79934769;0,866761366;677,9611082;67,08122206;22,24423677;1,253855549;-10,26742971;1,675388324;7532,817083;916,4276538
32,26529578;4,953012691;0,840302079;709,3074951;65,79604077;22,06224087;1,217557663;-9,531331645;1,61073711;7849,608837;884,5902362
32,43873012;5,410475605;0,924644865;751,4866665;72,69296845;22,4185745;1,365156628;-8,681945674;1,670222385;8489,129498;1092,013205
32,56371652;5,652335753;0,835286919;684,5526299;66,72092716;22,73843425;1,278535216;-8,706181414;1,672034526;7199,543672;856,139368
32,72100604;5,439960288;1,09329446;659,4181909;77,14814049;22,2823383;1,667795702;-8,776709096;1,999073489;6977,860369;969,0817273
32,86269536;5,19249197;1,152715608;745,221537;91,06400876;22,43170842;1,71074209;-8,48022257;1,970130364;8635,688284;1405,417944
33,02376203;6,390311252;0,956911229;695,4644867;74,66779658;22,91042322;1,484351694;-7,462728038;1,867452156;7674,802648;1033,957731
33,18536322;5,793261594;0,842162638;685,7893809;66,6520426;22,81758722;1,248391578;-8,752047876;1,644840141;7686,820409;866,7349684
33,32709361;4,33116515;1,128587271;677,6788363;78,58401772;23,63389235;1,484269123;-12,39293022;2,094129156;7610,086117;1167,959911
33,47468168;4,751417708;0,911535375;649,4543834;70,43350274;23,08781962;1,288016643;-11,87680012;1,838530475;7024,699407;953,7269309
33,63741001;5,222429052;0,967844012;675,219505;74,47592759;22,99166103;1,485266138;-11,0563376;1,962026211;7271,72337;1018,599815
33,7995872;4,232447408;1,348671157;733,5988979;99,17040265;22,9424313;1,908852959;-11,54309169;2,588904583;8122,788916;1535,105532
33,96252548;4,192749162;1,257920142;579,0061623;95,22399595;22,96634851;1,868463121;-13,03497984;2,484179082;6140,552861;1382,171979
34,14566215;4,485645231;1,259204648;522,6027796;91,88486352;23,63053155;1,761961297;-12,95406636;2,428809807;5167,101956;1299,015697
34,30859365;4,725917143;1,144636385;524,1954115;85,93599441;24,19743258;1,605520776;-12,89372004;2,236598064;5315,719267;1227,556812
34,49326915;4,335398953;1,056424705;551,321449;77,1346038;23,56030934;1,467240243;-12,73881255;2,114945768;5631,71913;975,9153284
34,67261374;4,53821629;1,054467405;635,0825607;78,32481396;22,82178529;1,539359733;-10,81960912;2,036317821;7029,591797;1000,399474
34,81381597;4,080221794;1,027610905;653,432687;73,35297795;22,24539551;1,421057216;-11,01680129;1,825607291;7470,625196;1018,169401
34,99343754;4,104225189;0,944627877;670,3165656;66,95495764;22,25568891;1,320183075;-10,87642886;1,782921873;7401,45944;883,6507029
35,1541627;4,997229366;0,902035803;693,0094138;63,26999835;22,67059406;1,362024752;-9,740146471;1,667246014;7572,994996;870,2570875
35,33523653;5,656698713;1,144494522;663,6715464;90,30410913;23,60942295;1,719220729;-9,434630036;2,063654739;7088,215588;1420,923424
35,49456105;4,439134387;1,08585618;567,4757617;88,03925358;23,91053825;1,690087021;-13,48208192;2,458016251;5588,705862;1103,866102
35,67197202;3,821143757;1,449023881;366,2344318;116,4312179;25,22228415;2,202265066;-16,87143483;3,390814604;2817,326323;1364,941201
35,85393972;3,040409909;1,496237187;367,367375;114,2484345;25,13114502;2,128945444;-17,93786888;3,155460135;3193,011733;1560,140854
36,01398145;3,936026343;1,463673782;311,6050607;114,6515845;25,40215343;2,138830098;-16,82696722;3,277847947;2186,40066;1373,671733
36,17422745;3,760972995;1,48007731;301,6168865;119,7026232;25,21047803;2,204398517;-17,07209001;3,339522117;2112,719684;1429,247985
36,33358198;3,702710951;1,500389757;340,313829;121,0463243;24,63760218;2,244701681;-16,37423882;3,343556954;2791,833867;1443,995075
36,50889962;3,816987068;1,472857404;346,0516409;117,6946655;24,3671172;2,186072099;-15,99844768;3,226491244;2970,525527;1423,65846
36,68437918;3,94016045;1,471109394;376,4841952;115,8983742;24,30223878;2,161777089;-15,54117415;3,113776538;3538,253107;1458,79093
36,84156283;4,488025245;1,407473742;486,6852081;108,4445012;23,94447483;2,025832028;-13,43994885;2,728473306;4853,699767;1506,565658
37,01889297;3,489392044;1,412598395;609,9837824;101,3393071;21,71528642;2,011469632;-12,28763895;2,608800392;6189,372649;1287,036277
37,18532329;4,985439427;0,941312987;627,0240134;61,18460209;22,81268792;1,296212679;-10,42079457;1,70456415;6209,797084;785,6382535
37,36751789;4,600536305;1,061682896;655,3165902;77,91977964;23,79550729;1,440764327;-12,16324949;1,924259917;7075,627952;1179,784154
37,52946751;4,86386048;1,100615612;674,422321;85,25353169;23,45161453;1,633400419;-11,0122323;2,009283299;7702,077591;1303,469857
37,70532504;4,094705357;1,271967429;635,1247273;97,06348364;23,60270915;1,843332464;-13,67828312;2,375521785;7526,041172;1535,681957
37,84626488;2,524130318;1,43181887;701,2391111;98,69389066;22,13968089;1,892861161;-15,25885852;2,697369182;8439,658414;1523,942711
38,04750785;2,847353325;1,403472163;691,279545;103,20064;21,98979543;1,946808202;-13,80945104;2,638505719;8128,10368;1516,941607
38,21050008;3,333974972;1,202019411;661,928837;90,71958138;22,49592112;1,73413056;-13,45333953;2,362589077;6979,739075;1150,674733
38,39140852;4,567756393;1,073525823;615,1712369;81,7761285;22,80485732;1,621313656;-10,93478728;2,112297781;6485,8035;1127,313899
38,5540718;3,438432283;1,094198682;654,5534878;84,72611109;22,11719333;1,510953884;-12,72880039;2,084182558;7011,327386;1053,041993
38,7083853;3,653741763;1,083773051;639,3600257;82,44678877;22,52763944;1,492082031;-12,47446039;2,070131287;6747,471324;1028,891456
38,86564542;3,255118093;1,203519615;717,3387029;90,36327004;22,7441331;1,651971199;-13,41066138;2,200147627;7990,055663;1306,89805
39,04222136;2,774416154;1,2138545;683,7473391;93,1422998;21,25480554;1,727982364;-12,78114592;2,264796128;7312,47121;1199,125876
39,19414593;2,683696358;1,405019297;626,5206402;99,50164705;21,36396604;1,924941068;-13,50737067;2,52476194;6367,7292;1227,292934
39,35298133;4,375579661;1,020585178;599,4623274;78,79407492;22,99534972;1,404210598;-12,4420892;2,036304699;6090,945363;1004,682517
39,52513688;3,545378732;1,085787247;568,0973808;82,25360717;22,53159266;1,482229759;-13,51239302;2,149609706;5896,805394;1062,767404
39,69893045;3,522369897;1,051611157;499,6696602;79,52458119;23,11026994;1,442288165;-14,62558093;2,151935675;5216,512044;1018,226394
39,8342194;4,493875329;1,151780904;510,3548681;82,30919457;24,31234163;1,59719679;-13,65588646;2,274919978;5204,68886;1157,062707
40,02160666;3,588415408;1,15590515;560,0161323;83,09374939;22,63267996;1,652353207;-13,19740825;2,274766276;5591,241232;1023,767535
40,17411369;3,578159439;1,353916511;599,0033134;97,00448778;22,21249407;1,992729664;-12,10889576;2,470329963;6661,798496;1339,946853
40,32363656;3,805295647;1,200503509;609,2100214;84,978691;22,58088009;1,668571247;-12,37409492;2,170186939;6971,276394;1253,963298
40,47809008;3,929614493;0,884921134;677,4682098;63,80316481;21,79795653;1,173349277;-10,9835089;1,667959824;7529,181989;832,685014
40,67118081;4,184635188;0,765328203;667,5174228;53,2327544;22,67862713;0,967531715;-11,53630148;1,48170779;7180,625233;641,0823013
40,8229542;4,652893975;0,806092537;732,6314197;58,2174523;22,89537841;1,015145851;-10,33070059;1,469316226;7929,464639;824,079315
40,98031826;4,329364317;0,727415501;703,1545016;50,01910007;22,69118952;0,863049035;-11,20557087;1,364715718;7712,784967;605,5986992
41,15341218;4,699375833;0,878311357;724,4017679;57,04347333;23,22267603;1,143879629;-11,08382105;1,609326839;7696,592209;696,1299729
41,32739819;4,000192665;0,951413201;678,312187;66,5384325;23,33214448;1,202312427;-12,9308556;1,765251659;7279,419074;921,3286496
41,48254173;3,277638731;1,085573749;565,0420263;78,5598465;23,27553692;1,539127427;-15,02965301;2,241351183;5599,027104;925,5971386
41,6529183;3,015842488;1,302019341;444,4765675;102,0620251;24,14176775;1,945896173;-17,31415956;2,886363589;3795,355715;1198,032555
41,81045255;3,453564994;1,287837616;468,9763997;99,72744141;24,52291948;1,796331974;-16,63564232;2,688365482;4315,2082;1378,233873
41,94239196;4,686757057;1,181585949;390,2508687;97,77484715;24,63604302;1,802510543;-14,43784381;2,687415304;3160,011175;1175,94519
42,11641035;5,312027459;1,232645521;375,0444075;101,8291177;24,95422815;1,917950929;-13,71070815;2,835488182;2970,892677;1224,774693
42,28869277;4,715001485;1,183021474;512,4565281;91,51451502;24,10308931;1,637008087;-13,74757858;2,477350208;4850,304048;1177,176321
42,41753204;6,088567268;1,123637308;415,3330449;90,19224731;24,56398618;1,739616098;-11,27396626;2,489616112;3573,103521;1111,337997
42,60776489;5,375436736;1,092192335;459,8084812;86,56418292;23,81533634;1,6483918;-11,70526058;2,313498324;4411,253019;1089,171019
42,75322076;4,092921099;1,06862388;584,61432;75,96966896;23,48364909;1,407572628;-12,79643098;1,998016417;6118,776569;976,2549266
42,92561882;3,732377198;1,199832967;663,2336619;84,34363597;21,57467321;1,626420599;-11,45225176;2,107628572;7670,319881;1106,453193
43,06273265;3,727724342;1,190605814;769,9574394;82,11104846;20,59051883;1,622385653;-10,07642701;2,112671604;9248,541215;1109,840934
43,25614939;4,174236845;1,321804835;803,735522;112,7907422;20,76538063;1,71677717;-8,929852542;2,113261243;9056,762953;1755,517566
43,41455269;4,108381106;1,077738027;841,7442389;85,72737294;20,34523633;1,26700347;-8,670144696;1,73587732;9341,489327;1263,893351
43,56743275;4,404694604;0,879135647;718,6868754;63,51716923;21,86457507;1,024691328;-9,709854028;1,567012192;7176,704564;726,068658
43,71982847;4,870979571;0,75999091;748,7476785;53,04781522;22,00723414;0,888635629;-8,544641806;1,382502716;7704,99861;588,5929024
43,89128157;5,074120585;0,771353956;769,2365285;57,50642802;22,16864244;1,022532778;-8,511590889;1,461604923;8137,160449;661,2282373
44,05884076;5,283290076;0,707842741;767,2452017;54,53705568;22,23162562;1,000771458;-8,298260304;1,353179633;8110,794775;629,3153824
44,23617098;4,763450472;0,794024909;750,7622734;57,40630964;21,37893501;1,05238305;-8,591246668;1,39870364;7862,657039;736,2654418
44,38720038;4,641957188;0,839434393;725,3328964;52,50665508;21,61079749;1,009011645;-9,265228396;1,474415168;7613,68836;615,4464623
44,56099369;4,227677396;1,012822435;749,6199723;57,73279817;21,04824446;1,267038431;-9,395397726;1,694044636;8020,068306;666,8675708
44,69619198;4,827255282;0,965638906;734,9339531;63,36059767;21,98366368;1,194917112;-8,82407581;1,594915186;8058,613505;888,2304295
44,86787379;4,531728446;0,767007884;673,7243023;48,00865172;22,24142248;0,844532053;-10,40566605;1,375105019;7200,086577;573,5663876
45,027754;4,94175654;0,674268898;751,7441424;49,71961204;21,94988076;0,892007011;-9,449763705;1,251736217;8557,912255;626,8860007
45,20449924;5,343638465;0,779186682;867,4146;71,77989172;21,47511361;1,110536366;-8,190009897;1,409503647;10186,40674;1102,588287
45,3864113;4,796714625;0,820325902;762,9608285;70,78280216;22,15417911;1,219839296;-10,75719563;1,681267004;8835,168429;952,2597485
45,52789846;4,807942933;0,827989842;655,6830343;69,31588467;23,18039037;1,237573794;-11,70647046;1,792946471;7250,511411;871,943175
45,68454496;4,495810171;0,990861829;734,369927;75,19454508;21,77819409;1,407679532;-9,434666363;1,777531783;8347,765803;1081,830412
45,88666947;4,305408151;0,875886719;753,5668375;67,18135564;21,43660778;1,21921542;-9,243421748;1,595779895;8417,365966;864,0036584
46,04331597;4,583856893;0,794185825;751,7121063;59,69294695;21,91635219;1,08340385;-8,947324335;1,430148966;8562,969295;811,764393
46,20501558;4,59188396;0,853229538;784,3754654;69,59585115;22,43622677;1,158142466;-9,786660014;1,518835968;8660,42286;989,6550422
46,36671519;4,181253326;0,956330016;582,7265243;73,75003604;22,82660086;1,372380893;-11,70597051;1,951118294;5984,138421;915,0784439
46,54357414;2,95000461;1,327376732;544,3302231;94,14149744;21,76083903;1,891135534;-13,51644752;2,518433351;5812,574594;1207,258114
46,7254862;3,18246218;1,736754854;785,0709519;136,0974261;20,9212847;2,359230972;-11,94184153;2,895379319;8977,640436;1991,239231
46,86192024;3,338114381;2,009502995;821,5812979;158,9175522;19,65855488;2,681877982;-11,20849377;3,322861355;9308,802603;2148,071112
47,04383231;3,362289179;1,181302864;770,1690621;79,87378949;20,24397326;1,562962712;-11,00812037;2,077699427;8917,687691;1110,440372
47,20553192;4,701372657;0,901874961;782,6096087;66,34626858;22,07025512;1,172716459;-9,403963184;1,618110445;8729,572233;909,2514159
47,38239086;4,44787293;0,879195156;752,1127087;60,59465382;21,12239142;1,161751817;-9,565547586;1,63818334;8649,519253;855,3141887
47,56430293;4,520999726;0,861511531;736,5107415;57,15603623;21,27718268;1,129556823;-9,335249143;1,601032489;8560,544243;811,4869753
47,70073697;4,985957881;0,929928308;724,2533909;60,14868936;22,04343597;1,169779007;-9,14761102;1,665618213;8337,031592;894,7665817
47,90286149;4,3577492;0,923125546;768,8802113;65,30330024;20,99037079;1,28985326;-9,553782038;1,757137868;8998,519777;934,1492621
48,0645611;4,894776701;0,844420194;810,4734887;61,21057852;20,94430678;1,25789323;-8,475288525;1,621677971;9668,644388;878,3642552
48,24142005;5,129622162;0,972897732;921,2240013;83,40966901;20,47679692;1,298140258;-6,889072854;1,712365724;10600,8109;1202,396478
48,40311966;4,242577206;0,828605806;727,9980337;53,6567854;21,43203135;0,881953949;-10,11264404;1,465424931;8059,523118;682,8311842
48,56481927;4,372054017;0,86314452;653,9192907;49,0193822;22,30811728;0,88443299;-10,72782411;1,500767057;6816,761766;575,4244909
48,74673133;4,97685732;0,894401734;771,0137393;69,30095199;22,30606739;1,082367888;-9,65370731;1,577073521;8057,053198;893,2060182
48,92864339;4,133047265;0,916016113;718,1570664;70,23437694;22,13206833;1,196524781;-11,38613701;1,731400871;7525,66291;853,3479704
49,09539611;5,062782082;0,950677636;664,1823796;76,27082652;23,06261368;1,445996763;-10,9795154;1,974818978;7341,615077;998,3878273
49,27730817;5,010887378;0,99384103;591,0850434;68,43825986;22,62355863;1,359048415;-10,51362654;1,830155099;6600,389446;960,6044596
49,43900778;4,482690019;0,968549918;632,0077833;69,07541085;22,30845458;1,300411172;-11,01691962;1,793261988;7324,947187;950,5176947
49,6007074;4,433584101;0,951261562;680,0431578;69,43874881;22,109416;1,300442442;-10,91989918;1,800512514;8054,827454;965,6562519
49,78261946;4,661321493;0,958782701;753,9921941;71,65956458;21,88689912;1,345031612;-9,948013894;1,844379017;9119,351095;1004,950309
49,96453152;5,006427685;0,905025051;766,9790599;70,15049997;22,04519994;1,269228519;-9,367976832;1,762877844;9227,24298;995,8353968
50,10601868;5,740389999;0,838460924;830,003808;72,38160231;22,03996771;1,238977006;-8,16333565;1,657995226;9930,250759;1040,690822
50,29298385;5,23289617;0,908363119;845,7532444;76,49352668;22,11362193;1,289856421;-8,507406113;1,742331297;9866,337204;1171,06732
50,45468346;5,272293394;0,745425073;776,9347653;60,12262037;22,21131244;1,107254587;-8,880333746;1,450797327;9000,090909;790,3154942
50,65680798;4,108972702;0,954252198;792,4309934;66,109148;20,76364261;1,416573539;-9,456264718;1,687865266;9398,770601;848,4827087
50,81850759;4,572222864;0,876973535;774,3233757;67,92024088;22,44977116;1,191194998;-10,0534439;1,583212745;8578,061405;862,0769335
50,9802072;4,18630659;0,929135076;695,2568614;70,85509627;22,38283596;1,336767791;-11,08673379;1,772272311;8011,417516;903,3845693
51,14190681;4,722413624;0,950850443;677,0990197;74,0264833;23,4442359;1,395240382;-10,83404293;1,827003878;7293,847482;966,2553294
51,32381887;5,23373201;1,131578886;630,4740963;87,2742061;23,80652299;1,622584213;-10,58633844;2,014970282;6745,868205;1277,750948
51,51078404;4,892257451;0,946019086;608,6977767;71,75887618;23,31313985;1,38997476;-11,62324106;1,849654839;6701,489662;972,8537733
51,6926961;4,6460547;0,885411406;662,5228524;69,10459233;22,45626251;1,485074351;-11,38345864;1,81193073;7494,183519;893,0791257
51,83418326;4,759818627;1,042681246;752,4034427;85,69991786;22,27512249;1,504118089;-10,35004544;1,925304421;7968,115881;1085,93267
52,01609533;4,538143461;1,465951386;799,8863841;120,4715536;21,42881273;2,033151511;-9,945419545;2,475195015;8861,176732;1568,413963
52,17779494;4,785840379;1,071340959;845,9879561;89,15504163;21,18364515;1,580949357;-8,413196749;1,884976275;9765,970815;1180,174036
52,359707;4,916393724;0,893584667;799,3862516;74,26929801;22,52561802;1,293883617;-9,712270191;1,686218023;8734,685889;963,5329539
52,52140661;5,414325628;0,895207478;659,4719068;69,91930623;23,22044486;1,354380068;-9,646810741;1,764880387;7017,106739;850,1310875
52,68310622;4,577703692;1,081799786;688,8988826;76,08751851;22,3571768;1,606999681;-10,45372444;1,958944826;7408,662047;1005,83297
52,87007139;3,759647827;1,094154641;784,5754426;86,09440562;21,52714972;1,606857469;-10,78977717;1,936904417;8424,104173;1111,001745
53,05198345;5,21770784;1,444669102;876,7753723;120,1803734;21,85258963;2,056144976;-9,197812207;2,4412101;9122,304791;1526,572186
53,21368307;5,072303922;1,021030619;776,9289377;84,59187303;22,37030477;1,509717868;-9,68193631;1,896491082;8357,149524;1137,206869
53,37538268;5,072584442;0,959693711;700,7935038;81,00691188;23,14444525;1,404701147;-10,23593366;1,883705611;6849,065774;978,4377958
53,55729474;4,95360415;0,908649517;630,074169;74,57784201;23,63876577;1,32703599;-11,19117807;1,941692168;6067,823969;879,0814245
53,71394124;5,374583228;0,944244099;647,5208391;76,02950161;23,11690808;1,518108168;-9,98015269;2,062278916;6558,030131;957,4690648
53,8958533;5,250115506;0,85579625;681,2402364;69,45140726;22,96352154;1,298593254;-9,439788408;1,72472825;7090,9038;933,096942
54,07271225;4,700291646;0,822371731;648,4086582;64,79256626;22,7763132;1,179787475;-10,22846418;1,628147804;6739,050215;785,0417948
54,2141994;5,111839747;0,891134562;638,2394351;66,67832769;22,64878869;1,353241381;-10,00384078;1,906801646;6962,001149;804,1279181
54,39611147;3,856286125;1,245460314;779,7052817;106,1593333;21,5181246;1,746208017;-10,94706467;2,207214338;8642,621994;1401,98288
54,55275796;2,133729137;1,554499136;680,482305;119,0315716;20,53922826;2,076645419;-14,51976825;2,725609648;7648,805078;1513,631761
54,73467003;3,613236056;1,094291427;573,7667752;86,10793506;22,74511507;1,510467001;-13,70796866;2,194295358;6156,020655;1069,715693
54,87110407;3,96488278;1,094704929;612,2392048;90,61087836;23,25388653;1,615413743;-13,10649904;2,237074497;6243,003076;1203,747021
55,07322858;4,787035428;1,147853435;530,1093807;96,5899908;24,2512465;1,769141733;-13,61243976;2,565764943;4559,832788;1216,395738
55,2349282;5,01566411;1,110357702;498,0821568;93,04429923;24,46758571;1,717156199;-13,59265342;2,494330566;4100,073394;1156,514661
55,41178714;4,398836763;1,154841605;442,6040328;96,6464667;25,16137467;1,725179097;-15,79298439;2,602267433;3378,276456;1217,298044
55,5532743;3,935372781;1,365332454;247,6489223;113,1977541;25,69092177;2,072778501;-18,48898978;3,24997073;730,0699339;1377,726721
55,73013325;4,161072405;1,293335287;256,1137319;105,4924974;25,56121836;1,911152375;-18,01470491;3,029463833;1095,013773;1281,455015
55,89183286;4,404570615;1,118027881;445,720907;84,63390677;24,81622947;1,554878204;-14,90500067;2,291125092;3984,595356;1223,446791
56,07374492;3,184123879;1,455665067;760,1464575;92,55958236;20,32601835;1,9237415;-11,37251343;2,36476362;8440,651005;1090,268534
56,23039142;4,949302222;0,995708661;823,8960294;76,38415231;21,58146568;1,658308307;-8,546680594;1,814132978;9179,531818;935,6682421
56,41230348;4,605012281;1,062543963;805,635391;89,43691687;21,61098264;1,495392089;-9,281503507;1,828069425;8909,59074;1277,981514
56,56894998;3,574199674;1,305918381;606,2629734;111,6325624;23,02328529;1,924001687;-14,57846743;2,648717771;5882,63499;1417,002039
56,75086204;3,4488124;1,293901617;392,3538183;105,3901503;25,05233122;1,983721868;-17,96930135;3,052732157;3108,583649;1234,359496
56,91256165;3,737038785;1,466666331;348,7736361;107,1041786;26,12229522;2,07533208;-17,51172776;3,162173006;2439,776472;1433,094889
57,10963305;4,233203157;1,439377404;281,5275303;115,8665821;26,10628389;2,201408475;-17,27754957;3,285951359;1763,987058;1520,400101
57,25112021;4,499868337;1,506067537;305,3417453;123,8343807;26,07552783;2,374333722;-16,56843316;3,365164055;2222,325171;1709,957603
57,42797916;4,90815742;1,647241707;322,4305662;135,5665579;26,12146304;2,620079702;-15,78319406;3,555792495;2552,39412;1939,138676
57,58967877;4,593645325;1,804847957;324,1530872;146,6774558;26,155063;2,81797477;-16,54295799;3,708233639;2813,273172;2170,246266
57,77159083;4,227263156;1,80497864;333,3930691;146,5401956;25,95846579;2,785671826;-17,14547052;3,683415486;2928,402672;2173,185629
57,90802488;4,338439082;2,03766417;375,5528334;163,9623946;26,28485598;3,106346803;-17,11855608;3,889256574;3465,724357;2521,32598
58,08993694;4,007632253;1,915057566;381,23687;153,7733066;26,07446784;2,876711854;-17,36035482;3,638655283;3566,120204;2376,873007
58,26679589;4,368732372;1,781524923;444,1189468;146,0130012;25,54980171;2,726019643;-15,39128106;3,380590244;4196,201382;2233,792137
58,44870795;5,348806566;1,498686478;395,6860353;116,0312089;25,94144638;2,382016129;-14,4211181;3,048562873;2984,521118;1685,001731
58,61040756;4,134793296;1,405017999;350,7633267;104,3908403;26,05081086;2,15235736;-16,90347663;3,009624314;2121,660282;1368,336341
58,80747896;2,230371898;1,557484231;333,2754889;114,5475091;25,28015636;2,209211564;-19,96128063;3,349229626;2424,330749;1475,305564
58,92875367;2,273575179;1,587335593;304,4408816;115,0097344;26,07001223;2,168449595;-21,11513515;3,456623238;1924,926026;1515,212693
59,12582507;1,894566209;1,463392216;266,6878442;114,3901205;25,3432075;2,06845827;-22,12716473;3,420495577;1646,925712;1365,044647
59,26731223;2,92563548;1,509168035;322,477131;112,4070927;24,68015434;2,251598531;-18,9814266;3,206685075;1756,192454;1322,030154
59,46943674;3,689373039;1,338075462;255,0509517;113,1042791;26,17631319;2,011327284;-18,23491373;3,146866128;831,0122279;1407,423201
59,60587079;3,386752394;1,646203519;105,2862422;138,4931405;26,64280588;2,532455133;-20,73798923;4,005034686;-1166,688274;1639,214086
59,78778285;3,114455576;1,720755554;53,37679884;144,7209306;27,26156045;2,652705125;-22,31954227;4,233137808;-1990,895547;1717,705982
59,9646418;2,56946713;1,670848027;86,11137046;134,7122826;27,01816228;2,462910229;-22,43113019;3,943846383;-1560,568485;1619,729133
60,12634141;2,917430691;1,646396963;77,76915615;136,4593739;26,83000422;2,489412447;-21,67513528;3,968792209;-1453,619431;1614,455828
60,28804102;3,046271261;1,566338279;123,4845163;131,0892812;26,4016217;2,40114229;-20,73844444;3,786008797;-783,3198139;1541,838794
60,44468752;3,061965579;1,493254739;159,1578603;123,8812323;26,24397757;2,275856759;-20,34667627;3,593903705;-281,4489025;1456,627626
60,64681203;3,06222539;1,42606928;213,1666848;117,6483997;25,94987572;2,162122527;-19,85838224;3,432670564;490,4553393;1377,005686
60,80345853;3,19324916;1,348949254;275,8271223;110,700317;25,35269136;2,050419534;-18,65354388;3,215150182;1423,98438;1284,572391
60,98537059;3,360360031;1,262566794;310,1137573;102,484157;25,17675893;1,900358898;-17,93979081;2,981906339;1877,800084;1190,938819
61,1470702;3,523499206;1,208246468;363,6010343;96,59682659;24,92946208;1,808864387;-17,25599525;2,853292899;2626,489759;1117,186053
61,3037167;3,621991329;1,122040744;416,5008574;88,71515157;24,52705256;1,659994502;-16,20783591;2,617877263;3272,359365;1026,660949
61,48562876;3,947214331;1,066627156;450,7621166;82,79015768;24,1595954;1,59549862;-14,92409317;2,397497984;3971,820693;1057,176881
61,66248771;4,083577758;1,008745762;498,8783739;77,82040717;23,84874601;1,493326729;-13,92569619;2,220278304;4549,754567;997,2173866
61,84439977;4,614594752;1,041508145;536,4708067;79,15133846;23,57251808;1,623660747;-12,12302578;2,185648429;5197,068479;1148,332351
61,96567448;4,478800996;1,007379097;580,6658238;75,62939741;23,12628897;1,521170884;-11,74625055;2,035905577;5815,612096;1103,33834
62,16274588;5,078351094;1,089639521;623,9402068;82,83725538;22,91896474;1,72695214;-9,820705111;2,115262658;6400,445818;1281,436172
62,30423304;5,065058835;1,188222526;669,9033936;90,88788468;22,88980232;1,817899119;-9,367468168;2,157936855;7116,463853;1440,15837
62,48109199;5,226531518;1,199238685;677,7185487;93,68601851;22,98168917;1,888874413;-9,169997023;2,192931787;7284,991956;1503,421491
62,6427916;5,375219021;1,260456035;686,6622316;101,2999547;23,19835866;1,954631973;-9,301995974;2,280257801;7384,384426;1590,463156
62,82470366;4,770721991;1,181932675;651,1401313;92,93949686;23,37923858;1,750398082;-11,49295167;2,23217305;7023,545179;1417,633483
62,98135016;4,486715038;1,097772149;631,0866121;86,24526818;23,30926382;1,62957351;-12,45737065;2,177181359;6936,642506;1255,044235
63,16326222;3,664798706;1,156825074;641,663275;93,45288799;23,09458436;1,707264579;-13,2956727;2,299245678;7025,038042;1372,855727
63,34012117;4,23251286;1,113632945;556,0080537;87,78690906;23,0160873;1,60569064;-13,56624602;2,32886166;5577,782129;1102,557854
63,50182078;3,802884806;1,190831802;423,1501704;95,07450268;23,95678602;1,740131552;-15,96587587;2,609569709;3806,686019;1173,400719
63,65341416;3,852425443;1,306219967;351,4437763;104,3555301;24,78213717;1,973672427;-17,41072405;2,908406143;2599,839829;1260,812883
63,82522;3,869948685;1,353302905;297,6482447;110,253572;25,72883983;2,0371706;-18,58686861;3,101553015;1728,463506;1362,048292
63,99702583;4,008998557;1,206169041;344,9136259;101,4080148;25,46818223;1,857641668;-17,30995537;2,827718393;1857,25838;1199,219026
64,16883167;4,480680054;1,117925115;371,570277;88,07452911;25,00075971;1,644526747;-15,86359036;2,422312561;2716,505712;1146,276929
64,30526572;4,041703475;1,143465159;415,5517494;90,63283388;24,73654635;1,617287447;-16,02363856;2,420004914;3735,566244;1268,713756
64,4568591;3,838499617;1,153771038;390,2555039;92,77826741;24,19287523;1,680739966;-16,47498162;2,623749394;3000,744196;1181,523269
64,62866494;3,422172112;1,387827045;286,1894405;114,3320642;25,09390313;2,020103338;-18,93218702;3,206064132;1282,680469;1409,960773
64,80047077;3,73157913;1,55528252;166,3771968;130,9684373;26,41043095;2,330145922;-20,17925329;3,687139767;-783,5526292;1609,588269
64,95711727;3,778457381;1,393693312;240,0781815;115,0820534;26,12617376;2,074918788;-19,10410462;3,226985973;212,6471354;1430,005443
65,10871066;3,237346451;1,542420817;185,2964604;113,960362;26,13465811;2,048502262;-20,45358551;3,411328736;-325,1974398;1446,86337
65,28051649;3,629365227;1,720864162;300,0379819;123,2395599;26,15813045;2,365947612;-19,18782082;3,585933838;1046,722567;1641,937982
65,45232233;2,953432894;1,598256195;296,6811456;120,4212212;25,6142827;2,189350034;-19,78177604;3,424329696;1471,213479;1624,512483
65,56854392;3,015031665;1,643463517;276,6989518;128,0746461;25,86634206;2,311965099;-20,49460113;3,577594241;1197,095331;1727,287253
65,74034976;2,940519938;1,65147716;242,344647;130,9465934;26,00484624;2,350454866;-21,11856491;3,661638042;1048,9614;1762,447891
65,9121556;2,99810065;1,504898019;246,3520769;119,5654444;25,7453783;2,131775405;-20,27765304;3,391346653;951,9005326;1527,812948
66,10417388;2,569647379;1,559783431;193,1284207;123,464801;25,85272949;2,184250012;-21,81309322;3,570147049;129,0378531;1550,517796
66,25576727;2,649004695;1,583136777;149,2845783;125,2612641;26,16829523;2,215932092;-22,37859509;3,634980378;-451,4499629;1584,018509
66,4275731;2,971789938;1,516608682;135,3049495;121,6317767;26,33516081;2,16083362;-21,87949871;3,522013011;-571,6195468;1518,651037
66,56400715;3,129668672;1,482292008;161,3993862;118,9919547;26,29093816;2,129861271;-21,29042975;3,408617695;-40,57360948;1518,084145
66,73581299;2,821203881;1,503600702;230,0387668;117,0550704;25,28917891;2,171108195;-20,60001794;3,327181269;748,8360155;1472,766225
66,90761882;3,456686079;1,316919638;196,7444571;106,4682247;25,60201772;1,886901904;-19,59664963;3,031049019;377,5459334;1331,409971
67,05921221;3,444579273;1,396264536;188,1806888;107,9027533;26,10155435;1,942801668;-19,94495329;3,171969742;345,7147753;1373,808006
67,2158587;4,063144719;1,451065382;214,0642176;110,7853123;26,66938156;2,073033408;-19,05812163;3,188788142;493,5107467;1489,75769
67,36745209;3,820288965;1,521097593;259,2861943;112,334686;26,26637268;2,092523262;-19,10015753;3,287674697;1149,852505;1529,092237
67,53925792;3,727346329;1,45948547;223,4973855;117,4152144;26,05229592;2,133465107;-19,41535653;3,303583086;928,2763437;1581,983234
67,71106376;4,487253797;1,45413511;231,6289748;121,4493803;26,14779417;2,249908157;-17,87836046;3,380002246;1072,782564;1599,682262
67,82728536;4,311955881;1,516229406;228,7123392;125,7476103;26,27240351;2,341087171;-18,43172431;3,550153555;1079,20948;1655,242307
68,01930364;4,27935826;1,495657116;243,6288469;123,9289906;26,09004616;2,310546095;-18,15869601;3,49669504;1269,810488;1621,675731
68,19110948;3,813687682;1,431525924;292,9274081;116,2890134;25,67604524;2,17958248;-18,20382563;3,309960659;2063,978172;1531,955906
68,34270286;4,182421233;1,28945526;499,0496421;101,8086016;24,20502032;1,981622103;-14,72944018;2,703103549;4571,278472;1453,611469
68,49429625;5,905069843;0,927982841;505,0236398;70,99851551;24,45340927;1,310964631;-11,47793933;1,875840695;4620,310871;985,1751281
68,66104897;4,593276038;0,873275071;526,3163218;64,80279608;23,31670493;1,16538287;-12,70447595;1,767309291;5294,804188;899,3259174
68,84801415;4,741002436;0,871072246;552,6213629;64,33626376;23,37486134;1,301909;-12,15772299;1,867851579;5026,658315;796,1720123
69,03497932;4,72388677;0,864937833;649,187768;67,91168327;23,26929272;1,24169477;-11,17569526;1,82552128;6340,369834;833,6644618
69,20173204;5,315834839;1,06019138;716,490419;82,48358632;23,50241368;1,566307668;-9,21819384;1,946105634;7104,858837;1181,285497
69,38869722;4,919978524;1,099243426;723,0206276;87,42195231;23,39517836;1,638438291;-9,768542866;2,037563456;7470,104865;1329,133376
69,55544994;4,335394893;1,426444971;643,7431767;117,0223749;24,09971234;2,195359982;-13,13866199;2,791355266;6716,329332;1702,571766
69,72725578;4,079447068;1,33042256;528,8114942;109,5852061;24,58976432;2,082210636;-14,6793597;2,945835673;5146,192559;1459,747705
69,91422095;3,870842415;1,245879992;391,7290589;101,3358754;24,76342579;1,839644192;-15,9163296;2,720656343;3190,951177;1350,985363
70,10118613;3,940449118;1,333488451;382,4784978;111,2872331;24,86996883;2,033844317;-16,26214934;3,002300355;3101,507975;1470,663512
70,2477264;3,696370353;1,35630593;378,6000367;111,7905407;24,75990298;2,025314392;-16,84288929;3,009333858;3136,094579;1493,061876
70,43469157;3,802551894;1,411920452;350,7231815;116,6944032;25,11870834;2,119401284;-17,34888382;3,169899758;2664,93314;1553,105848
70,62165675;3,772141578;1,425670669;343,3246766;117,9601647;25,16296952;2,140942415;-17,50069517;3,205556047;2551,447264;1569,421939
70,78840947;3,90788246;1,432251518;329,1711527;118,9292956;25,42712242;2,160633894;-17,66396311;3,234173265;2259,498385;1584,458117
70,97537465;3,756513057;1,562630889;309,7837203;127,9808115;25,90945137;2,34753398;-18,42581519;3,421442772;2099,512392;1792,586602
71,14718048;3,66466036;1,616147889;295,4590292;130,808034;26,21490808;2,393939228;-18,85806548;3,5328774;1722,741272;1814,052049
71,33414566;3,936881689;1,605487303;318,1348223;125,279161;26,35619195;2,370044666;-18,44338807;3,464690751;1810,189182;1726,46676
71,50089838;2,691806792;1,51148946;341,7431126;116,1592115;25,10266176;2,068197969;-20,34700444;3,409546266;2063,943209;1452,311262
71,68786355;4,07788112;1,48096791;303,9762099;127,7424734;25,52819483;2,333311673;-17,40969599;3,626369255;1119,311971;1502,269611
71,87482873;4,485290686;1,450629122;336,3686927;125,5813872;25,80298544;2,288083889;-17,01857763;3,523604405;1396,113204;1490,044036
72,04158145;4,031951739;1,339156673;351,0081549;114,016137;25,22721026;2,070016587;-17,02539588;3,195836905;1734,334311;1383,254568
72,20833418;4,720944834;1,217276006;338,4804168;104,1355994;25,03138116;1,930992692;-15,20982419;2,935664549;1954,36752;1287,28671
72,39529935;5,685523879;1,223346274;384,7443117;100,2429119;25,53999827;1,966125888;-13,26553923;2,668624938;2735,988209;1419,242661
72,56710519;4,820348608;1,157250149;294,4995238;88,5949755;25,19308173;1,633824607;-15,41046066;2,516437568;1341,262959;1207,462565
72,70859235;4,73684219;1,205983922;280,3643826;93,13797574;25,06855581;1,690135664;-15,75853939;2,650022105;1037,854704;1211,121549
72,92082308;4,004813857;1,244623891;409,1850509;103,9858083;24,17192288;1,791929864;-15,72586056;2,6448589;3173,301842;1375,10057
73,08757581;2,630252378;1,330630544;454,5742485;111,0423012;23,71151329;1,905242022;-17,74946065;2,905704642;3666,941042;1422,489597
73,27454098;4,060272769;1,157987728;403,5649653;96,37670668;24,18840424;1,717067869;-15,73465426;2,642888156;2899,99265;1173,170208
73,4412937;4,695354895;1,013172281;393,5669569;83,66498506;24,49278123;1,534921275;-14,29772125;2,382555889;2760,907194;1000,098901
73,60804643;5,054027539;0,954915839;383,5579569;75,68362134;24,53469905;1,426744571;-13,61043343;2,230044373;2744,362443;910,9385564
73,77985226;4,948848092;0,906811695;418,2763276;69,88427162;24,20006618;1,315791866;-13,23628706;2,07478746;3251,473726;836,8330989
73,9516581;5,230052319;1,030077244;471,3217464;68,87386187;24,62378602;1,534348269;-12,60096663;2,043906425;3717,545806;878,6378388
74,10325148;5,350202003;0,907833269;509,5092661;62,32909935;23,64115001;1,205315888;-10,93456865;1,844991951;4273,173309;782,807632
74,27505732;5,017390566;0,825410685;516,0073907;61,25925688;23,81228963;1,122126747;-12,1878932;1,779054123;4788,42368;752,49469
74,41149137;4,772729632;0,834517749;492,6114129;63,47830965;23,97985026;1,168638923;-12,78676439;1,828184023;4528,081117;772,0447317
74,5832972;5,099460677;0,80956281;537,0547762;65,22236568;23,68381023;1,20714762;-11,71125359;1,78591559;5250,525464;794,8481639
74,73489059;4,799962671;1,067000372;570,5041421;77,4818968;23,76477075;1,698259087;-12,56708901;2,079467626;5484,618953;942,3186086
74,92690888;4,614201384;1,106656205;601,5834173;81,15608935;23,52414905;1,68864364;-12,80418362;2,164128312;6133,912051;1099,374083
75,06334292;2,773936218;1,108560769;576,6559029;82,34736988;22,84023636;1,464484975;-15,52466727;2,32249086;5953,67778;1097,577702
75,23514876;4,53759221;0,83577347;649,9367751;59,55906236;22,88903407;1,070438571;-10,73320418;1,618646996;6535,737941;744,1051834
75,38674214;4,544093984;0,850789796;736,102683;66,09174151;22,46497623;1,161693705;-10,0107704;1,603364371;7636,749461;803,7067089
75,57876043;4,191436782;1,051491794;766,039764;75,97413334;21,59970415;1,244932429;-10,35441147;1,83157152;7998,301015;946,2295376
75,73035381;4,540359312;1,18632142;876,5338388;94,82272663;20,94096806;1,524229878;-8,951988594;1,988985855;9544,589527;1212,980451
75,88700031;4,626797177;1,130780793;911,0224652;86,08616969;20,85431649;1,49475958;-8,699637713;1,901174785;9697,495875;1079,699687
75,99816879;4,908222509;0,932792411;754,7127788;72,30866346;22,17458905;1,24239661;-8,846026213;1,761435748;7902,598975;957,968909
76,21039953;4,624033945;0,880924095;775,8006064;64,17941381;21,77544791;1,079377931;-9,789596707;1,595423698;8212,136756;780,9134551
76,36199292;4,146491263;1,038554886;797,749942;71,05809825;21,14151024;1,310170435;-9,819091895;1,785481726;8526,474977;911,1189577
76,55401121;3,421706791;1,27221613;908,1576784;107,2601828;20,4862983;1,6767692;-9,701464414;2,218802798;9712,885208;1364,350675
76,69044525;4,1035131;0,970628417;739,4245219;77,93411018;22,06928624;1,349917489;-11,19963573;1,820246377;8022,511537;974,6937343
76,86225109;3,855267325;0,943974449;637,1461539;74,52957211;22,76812308;1,41924723;-12,96131427;1,962506249;6876,403557;900,2728438
76,99363202;4,102154716;0,920157505;660,4642162;68,6518212;22,04457385;1,285834372;-10,58045884;1,774520593;7028,350322;920,0818697
77,32208435;4,343528477;0,868232995;614,7178603;56,11899809;22,43154026;1,028243805;-11,23320725;1,674673902;6323,548189;695,2628049
77,49389019;4,88965337;0,855854745;706,8836557;54,68995069;22,43270731;1,003485222;-10,12625453;1,532374017;7674,174318;789,4389317
77,66569603;4,146136804;1,066279099;777,0171499;65,82421812;20,72130608;1,314753261;-9,787028448;1,782878822;8391,176766;869,5016112
77,81728941;6,639297845;1,012748439;695,4411047;79,21381941;24,67889398;1,601001332;-10,13703006;2,366562189;6986,847705;1080,247957
77,98909525;3,67994145;1,314114584;627,77336;99,15337283;22,94206398;1,865435207;-14,24855311;2,753161719;6003,086768;1284,05103
78,12552929;4,168114192;1,222228155;678,048352;97,46681288;23,27504677;1,761977751;-13,76963428;2,637130831;6582,788697;1274,390533
78,29733513;4,077119477;1,236915719;651,0276474;99,24788872;22,98548321;1,803654299;-13,49728837;2,543810664;6684,07909;1340,353194
78,31754758;3,407405053;1,143179483;634,0719003;85,36450291;22,32795816;1,666684669;-13,27066018;2,26251992;6368,227507;1091,269904
78,46914097;2,969616767;0,967895454;643,8289509;68,85667444;21,40121415;1,29272933;-13,35921988;1,877203967;6920,978157;901,080645
78,6409468;3,801746087;1,025226046;769,8916607;72,00778474;21,49177128;1,396827446;-10,97735594;1,815150279;7880,457017;836,2288856
78,80769953;4,069120569;2,201070752;936,7042207;180,232607;20,18851916;2,864987324;-9,280933059;3,440736628;9746,425874;2338,02834
78,93402735;2,467514219;3,078576669;1051,062047;264,0182527;18,55731681;4,109954637;-11,39941504;4,802417338;10962,52035;3360,463989
79,10078007;1,967696687;2,816710662;1031,237625;234,4186549;18,43248826;3,75743847;-13,48841727;4,53923426;11141,86032;3017,456776
79,25237345;3,18701278;1,751279277;805,0551579;127,2475494;19,6587911;2,28740974;-11,23960605;2,798672372;8788,573676;1646,312816
79,43428552;4,682946455;1,28682737;924,0838589;106,6884048;19,81664952;1,779108466;-7,510121968;2,102251226;10063,42005;1418,517152
79,56566645;2,782586037;1,788457954;1046,466473;144,1929035;18,08208228;2,278829772;-8,165939337;2,657833768;11850,7933;1966,64601
79,71220672;4,207319161;2,231615615;1113,332615;195,7571051;18,88545659;3,064611122;-6,968581667;3,499577274;12587,38449;2551,199501
79,85874699;2,909888985;1,418222219;887,2760897;115,9293834;19,96404059;1,903045479;-12,20950452;2,425152709;10359,17704;1601,446276
80,04571217;3,553620727;1,655859925;902,0850154;136,3199387;18,85340229;2,18596926;-7,147029842;2,596895243;10774,27832;2120,000812
80,17203999;3,402026801;1,759442296;836,7827453;125,3904012;19,10207227;2,321761068;-8,348481936;2,846324305;9441,899488;1791,018888
80,33879271;5,294723782;1,265005642;836,8541012;95,02547613;21,05164738;1,627864166;-7,796110918;2,138285944;9016,125042;1285,661742
80,50554543;4,364069979;1,107613852;903,6008759;88,94831311;20,56709766;1,61287335;-8,576200404;1,958850202;9797,831796;1085,685347
80,67229816;6,348544322;0,795906486;822,1414317;61,73041816;21,98933517;1,309104603;-5,34374707;1,599169148;8576,158333;706,6163582
80,81883843;4,932273289;0,920541998;872,6665473;73,87601168;20,80145421;1,272118821;-7,583531257;1,699815013;9417,700254;839,2098623
80,95021936;4,592443057;1,101129508;841,5675321;76,60272511;20,96349655;1,398475669;-7,498508091;2,034849289;8297,298679;799,0017857
81,13213142;3,381305553;1,320181967;868,4769442;77,19172549;19,72974838;1,603688262;-9,069667042;2,13112588;9401,642436;866,985875
81,2786717;3,565836919;1,077317791;812,002946;86,35645676;21,19001663;1,329895336;-11,28905382;1,876736079;8354,012237;1042,575885
81,42521197;4,755373012;0,978687578;830,6187187;86,31633125;21,93510631;1,262671863;-9,53085267;1,756575215;8553,693792;1020,415126