"";"Abies";"Picea";"Pinus";"Betula";"Alnus";"Corylus";"Carpinus";"Quercus";"Tilia";"Ulmus";"Fraxinus";"Fagus";"Poaceae";"Ericaceae";"Artemisia";"Cerealia-type";"Ranunculaceae";"Juniperus";"Populus";"Salix"
"0.018";0;0,0254;0,0678;0,0678;0,1017;0,0254;0,0763;0,0254;0;0,0085;0;0,1186;0,178;0,0085;0,0678;0,1356;0,0678;0;0;0,0085
"0.054";0;0,1043;0,0609;0,0522;0,0261;0,0261;0,0522;0,0783;0;0;0;0,2;0,1913;0;0,0087;0,1391;0,0348;0;0;0
"0.09";0;0,1528;0,0486;0,0486;0,0347;0,0208;0,0069;0,0833;0;0;0,0069;0,2014;0,1736;0;0,0208;0,125;0,0417;0;0;0,0139
"0.126";0;0,049;0,0882;0,0686;0;0,0294;0,0392;0,1275;0;0;0,0098;0,1569;0,1667;0,0098;0,0196;0,2059;0;0;0;0,0196
"0.162";0;0,0408;0,0714;0,0408;0;0,0204;0,0918;0,0816;0;0;0;0,1531;0,1633;0;0,0102;0,2653;0;0;0;0
"0.198";0;0;0;0;0;0;0;0;0;0;0;0;0;0;0;0;0;0;0;0
"0.234";0,013;0,039;0,039;0,0649;0;0,0519;0,026;0,0649;0;0;0,013;0,1169;0,2208;0,013;0,013;0,1818;0,1039;0;0;0,013
"0.27";0;0;0,0323;0,129;0,0645;0;0,0323;0,0323;0;0;0;0,1613;0,2903;0;0;0,0968;0,0968;0;0;0
"0.306";0;0;0,0435;0,0174;0,0174;0,0261;0,0174;0,1478;0;0,0087;0;0,2174;0,1913;0;0;0,2435;0,0348;0;0;0
"0.342";0;0;0,0732;0,0244;0,0244;0,0244;0,0122;0,1098;0;0;0;0,2317;0,2927;0,0244;0;0,1707;0;0;0;0
"0.378";0;0;0,0192;0,0192;0,0577;0,0096;0,0288;0,0577;0;0;0,0096;0,2981;0,2692;0,0288;0,0096;0,1442;0,0096;0;0;0,0096
"0.413";0,0101;0;0,0303;0,0202;0;0;0;0,1515;0;0;0;0,2828;0,2828;0;0,0101;0,0909;0,0808;0,0101;0;0
"0.449";0;0;0,0204;0,0612;0,0816;0;0,0204;0,102;0;0;0;0,1837;0,3061;0,0408;0;0,1224;0,0204;0;0;0
"0.485";0;0;0,0342;0,094;0,0513;0,0085;0,0256;0,1026;0;0;0;0,2479;0,188;0,0427;0,0171;0,1282;0,0085;0,0085;0;0,0085
"0.521";0;0,0087;0,0174;0,0522;0,0174;0,0261;0,0087;0,1739;0;0;0,0174;0,2696;0,2609;0;0,0174;0,113;0;0;0;0
"0.557";0;0;0,0099;0,0693;0,0693;0,0099;0,0297;0,1287;0;0;0;0,2871;0,1089;0;0,0099;0,1782;0,0693;0;0;0
"0.593";0;0;0;0,0708;0,0177;0,0442;0,0177;0,1858;0;0;0;0,2655;0,1681;0;0;0,1504;0,0531;0;0;0,0088
"0.629";0;0,0091;0;0,1182;0,0364;0,0364;0,0818;0,1;0;0;0,0091;0,3;0,1818;0;0;0,0545;0,0545;0;0;0
"0.671";0;0;0;0,1441;0,045;0,036;0,0721;0,0991;0;0,009;0;0,2523;0,1712;0;0;0,1171;0,027;0;0;0
"0.736";0;0;0,028;0,0467;0,1215;0,0561;0,0187;0,0935;0;0;0;0,3364;0,1308;0,0093;0,0187;0,1215;0;0;0;0
"0.801";0;0;0,0175;0,0877;0,0526;0,0526;0,0702;0,193;0;0;0;0,2456;0,2456;0;0;0,0175;0,0175;0;0;0
"0.837";0;0;0,0077;0,0769;0,4154;0,0615;0,0538;0,1077;0;0;0;0,1;0,1077;0,0154;0;0,0308;0;0;0;0,0077
"0.866";0;0;0;0,0845;0,0423;0,1268;0;0,1127;0;0;0;0,338;0,2113;0,0423;0;0,0423;0;0;0;0
"0.898";0;0;0;0,0952;0,0357;0,0595;0,0476;0,0595;0;0;0;0,4048;0,2381;0;0;0,0476;0;0;0,0119;0
"0.967";0;0;0;0,0392;0,4314;0,1667;0,0686;0,0784;0;0;0;0,049;0,1176;0;0;0,0098;0;0;0;0,0196
"1.028";0;0;0;0,0952;0,254;0,0952;0,0635;0,0794;0;0,0159;0;0,2222;0,0635;0;0,0317;0,0794;0;0;0;0
"1.097";0;0;0,0098;0,1275;0,2059;0,0784;0,1569;0,1275;0;0,0294;0;0,1863;0,049;0;0;0,0098;0;0;0;0,0098
"1.161";0;0;0;0,0179;0,2946;0,0804;0,0893;0,0982;0;0;0,0179;0,375;0,0179;0;0;0;0;0;0;0
"1.226";0;0;0;0,0561;0,3645;0,0654;0,1589;0,1682;0,0187;0;0,0093;0,1308;0,0187;0;0;0;0;0;0;0
"1.291";0;0;0;0,0185;0,2593;0,0278;0,0926;0,1759;0;0,0093;0,0463;0,287;0,037;0;0,0093;0,0278;0;0;0;0
"1.356";0;0;0,0094;0,066;0,3113;0,1321;0,1509;0,1698;0;0,0189;0;0,0849;0,0472;0;0;0;0;0;0;0,0094
"1.389";0;0;0;0,0635;0,3095;0,1349;0,0714;0,1111;0;0,0159;0,0556;0,1905;0,0238;0;0;0,0079;0;0,0079;0;0
"1.431";0;0;0;0,1909;0,2091;0,2273;0,1;0,1182;0;0,0091;0,0273;0,0909;0,0091;0;0;0;0;0;0;0
"1.454";0;0;0;0,1019;0,2593;0,0556;0,1111;0,1574;0;0;0,0463;0,213;0,0278;0;0;0;0;0;0;0
"1.464";0;0;0;0,3861;0,2079;0,1188;0,0198;0,0891;0;0;0,0099;0,0792;0,0693;0;0;0;0;0;0;0
"1.486";0;0,0099;0,0099;0,2475;0,2178;0,1436;0,0792;0,1832;0,0099;0,0149;0,0248;0,0198;0,0198;0,0099;0;0;0;0;0;0
"1.496";0;0;0,0083;0,35;0,2417;0,0833;0,0167;0,0833;0;0,0083;0,0583;0,1167;0,0167;0;0;0,0083;0;0;0;0
"1.519";0;0;0,03;0,18;0,29;0,17;0,04;0,12;0,01;0,01;0,05;0,05;0,05;0;0;0;0;0;0;0
"1.529";0;0,0081;0;0,4113;0,2339;0,0484;0,0323;0,0887;0;0;0,0484;0,0726;0,0161;0;0,0161;0;0;0;0;0,0081
"1.551";0;0;0,0057;0,2571;0,3029;0,1029;0,04;0,08;0;0;0,0457;0,0629;0,0457;0;0;0,0229;0;0;0;0,0114
"1.561";0;0;0,009;0,1712;0,3153;0,1441;0,0721;0,1171;0;0;0,018;0,0811;0,0541;0;0;0,009;0;0;0;0
"1.584";0;0;0;0,1589;0,3458;0,1589;0,0841;0,0467;0;0,0093;0;0,0935;0,0935;0;0;0,0093;0;0;0;0
"1.594";0;0;0,0079;0,2362;0,3071;0,0709;0,0472;0,0787;0;0,0079;0,0315;0,1024;0,063;0;0,0079;0,0157;0;0;0;0
"1.631";0;0;0;0,0926;0,4444;0,1944;0,0741;0,0648;0,0185;0;0,0093;0,0556;0,0278;0;0;0;0;0;0;0,0093
"1.649";0;0;0,0091;0,0636;0,4727;0,1182;0,0273;0,0636;0;0;0;0,1182;0,0818;0;0;0;0;0;0;0,0182
"1.693";0;0;0,0088;0,0789;0,4123;0,1316;0,0702;0,1754;0;0,0175;0;0,0789;0,0263;0;0;0;0;0;0;0
"1.711";0;0;0,0079;0,0472;0,2913;0,1575;0,0157;0,1496;0;0;0,0079;0,0945;0,1654;0;0,0157;0,0236;0,0079;0;0;0
"1.755";0;0;0,0093;0,0561;0,1682;0,1121;0,0561;0,2056;0,0093;0;0,028;0,1215;0,1776;0;0;0,0093;0;0;0;0
"1.773";0,01;0;0,02;0,06;0,13;0,09;0,04;0,17;0;0;0,01;0,21;0,14;0;0,03;0,03;0;0;0;0
"1.816";0;0;0,0196;0,0588;0,3039;0,0784;0,0294;0,1667;0,0196;0,0098;0,0098;0,1863;0,0784;0;0;0,0196;0;0;0;0
"1.835";0;0;0,0093;0,0741;0,287;0,0556;0;0,1296;0;0,0278;0,0185;0,1944;0,1019;0;0;0,037;0;0;0;0
"1.878";0;0,0091;0;0,0909;0,3364;0,0636;0,0364;0,2273;0,0091;0;0,0091;0,0364;0,1091;0;0,0182;0;0;0;0;0
"1.897";0;0;0,0288;0,0481;0,2885;0,0385;0;0,1058;0;0;0,0192;0,1635;0,1827;0;0,0481;0,0192;0;0;0;0,0096
"1.94";0;0;0;0,0783;0,3652;0,0435;0,0087;0,2174;0;0,0261;0;0,1478;0,087;0;0,0087;0,0174;0;0;0;0
"1.959";0;0;0,01;0,06;0,34;0,05;0;0,08;0;0;0;0,16;0,19;0;0,01;0,04;0;0,01;0;0
"2.002";0;0;0,0077;0,0769;0,3846;0,0538;0,0231;0,1615;0,0154;0,0077;0,0154;0,1231;0,0769;0;0,0077;0,0154;0;0;0;0
"2.021";0;0;0,0568;0,142;0,1307;0,0568;0,0227;0,1591;0;0;0,0284;0,1136;0,1932;0;0,017;0,017;0,0057;0;0;0
"2.064";0;0;0;0,053;0,3333;0,0909;0,053;0,1515;0,0076;0;0,0076;0,1742;0,0682;0;0,0076;0,0152;0;0;0;0,0076
"2.082";0;0;0,0092;0,1101;0,2202;0,0459;0,0183;0,1376;0;0;0,0092;0,1193;0,211;0;0,0092;0,0459;0;0;0;0
"2.12";0;0;0,0268;0,0357;0,1786;0,0714;0,0089;0,1339;0,0179;0,0179;0;0,2054;0,1696;0;0,0089;0,0536;0,0089;0;0;0,0089
"2.144";0;0;0,0083;0,0667;0,2;0,0917;0,025;0,1167;0,0083;0,0167;0,0333;0,1333;0,1417;0;0,0167;0,05;0;0;0;0,0083
"2.181";0;0;0,0299;0,1418;0,1642;0,1119;0,0224;0,1045;0,0149;0,0149;0;0,1493;0,1716;0;0,0224;0,0149;0;0;0;0,0149
"2.206";0;0;0,0168;0,0756;0,1597;0,0672;0,0336;0,1429;0;0,0084;0,0084;0,2185;0,1345;0;0,042;0,0252;0;0;0;0,0084
"2.249";0;0;0,0077;0,0692;0,2231;0,1308;0,0308;0,1538;0,0154;0,0077;0,0154;0,2462;0,0538;0;0,0308;0,0154;0;0;0;0
"2.268";0;0;0,0088;0,0965;0,0965;0,0965;0,0351;0,1579;0;0;0,0088;0,1579;0,2281;0,0088;0;0,0526;0;0;0;0
"2.311";0;0;0,0236;0,0866;0,2913;0,189;0,0157;0,1339;0;0,0394;0;0,1102;0,0866;0;0;0,0157;0;0;0;0
"2.33";0;0;0,027;0,045;0,1712;0,1081;0,009;0,2523;0;0;0;0,1171;0,2162;0;0,009;0,036;0;0;0;0
"2.373";0;0;0,0309;0,0825;0,268;0,1237;0,0619;0,2371;0,0103;0,0103;0;0,0619;0,1134;0;0;0;0;0;0;0
"2.392";0;0;0,0273;0,0727;0,1091;0,1364;0,0273;0,2273;0,0091;0;0,0091;0,0818;0,2;0;0,0273;0;0;0;0;0
"2.429";0;0;0,0331;0,124;0,2479;0,0661;0;0,124;0;0,0165;0,0083;0,124;0,1818;0;0,0165;0,0083;0;0;0;0,0083
"2.454";0;0;0;0,13;0,18;0,19;0,02;0,12;0;0,02;0,03;0,12;0,08;0;0;0,04;0;0;0;0
"2.621";0;0;0,0073;0,0949;0,2482;0,1241;0,0146;0,0876;0,0073;0;0;0,1241;0,1387;0;0,0146;0,073;0;0;0;0
"2.905";0;0;0,0132;0,0658;0,2829;0,2039;0;0,2039;0;0;0,0197;0,1579;0,0132;0;0;0,0132;0;0;0;0
"3.096";0;0,0073;0;0,0365;0,3212;0,0657;0,0073;0,219;0,0146;0,0219;0,0146;0,1314;0,073;0;0,0146;0,0438;0;0;0;0
"3.287";0;0;0;0,0441;0,1838;0,1103;0,0147;0,125;0,0074;0,0221;0,0221;0,4559;0;0;0,0074;0;0;0;0;0
"3.669";0;0;0;0,027;0,2365;0,3243;0;0,1216;0,0135;0,0068;0,027;0,1757;0,027;0;0,0203;0,0068;0;0;0;0
"3.764";0;0;0,0061;0,0491;0,3804;0,227;0;0,1718;0,0061;0,0061;0,0307;0,092;0,0061;0;0,0061;0,0123;0;0;0;0
"3.962";0;0;0,0116;0,0058;0,2254;0,5491;0,0058;0,0925;0,0173;0,0173;0,0173;0,0347;0,0173;0;0;0,0058;0;0;0;0
"4.064";0;0;0;0;0,1676;0,6034;0;0,1117;0,0223;0,0112;0,0112;0,0335;0,0168;0;0;0,0056;0;0;0;0
"4.473";0;0;0,0075;0,0672;0,2463;0,4104;0;0,1716;0,0149;0,0149;0,0299;0,0075;0,0149;0;0;0;0;0;0;0
"4.677";0;0;0;0,0943;0,217;0,3585;0;0,2358;0,0377;0,0377;0;0,0189;0;0;0;0;0;0;0;0
"4.983";0;0,0177;0;0,0354;0,1681;0,6106;0;0,0796;0,0354;0,0177;0;0,0088;0,0265;0;0;0;0;0;0;0
"5.085";0;0,0142;0;0,0426;0,2199;0,4326;0;0,1489;0,0426;0,0142;0,0213;0,0355;0,0213;0;0;0;0;0;0;0
"5.289";0;0;0;0,0385;0,2212;0,4423;0,0192;0,125;0,0577;0,0385;0,0385;0;0,0096;0;0;0;0;0;0;0
"5.494";0;0;0,0315;0,0394;0,0945;0,4094;0;0,2992;0,0551;0,0079;0,0472;0;0;0;0;0;0;0;0;0
"5.596";0;0;0,0092;0,0092;0,0734;0,4037;0,0092;0,2844;0,0917;0,0275;0,0917;0;0;0;0;0;0;0;0;0
"5.8";0;0,0088;0;0,0614;0,0263;0,4298;0,0263;0,2193;0,1579;0,0263;0,0175;0;0,0088;0;0;0;0;0;0;0
"6.004";0;0;0;0,0345;0,0259;0,4224;0;0,2759;0,1034;0,0431;0,0603;0;0,0172;0;0;0;0;0;0;0,0086
"6.208";0;0;0,0083;0,0167;0,0667;0,3833;0,0167;0,3333;0,05;0,0667;0,0333;0,0083;0,0083;0;0;0;0;0;0;0
"6.405";0;0;0,0079;0,0079;0,0317;0,381;0;0,2381;0,1032;0,127;0,0952;0;0,0079;0;0;0;0;0;0;0
"6.597";0;0;0,0085;0,0256;0,0256;0,4017;0;0,1795;0,0855;0,1282;0,1111;0,0085;0,0171;0;0;0;0;0;0;0
"6.789";0;0;0,0088;0,0175;0,0439;0,3246;0;0,1842;0,1228;0,1053;0,1842;0;0;0;0;0;0;0;0;0
"6.98";0;0;0,0085;0,0171;0,0171;0,3846;0;0,2393;0,0855;0,1453;0,1026;0;0;0;0;0;0;0;0;0
"7.172";0;0;0;0,0074;0,037;0,4222;0,0074;0,163;0,1111;0,1111;0,1111;0;0,0148;0;0;0;0;0;0;0
"7.364";0;0;0,0083;0,0083;0,0167;0,425;0,0167;0,1917;0,0833;0,1417;0,0833;0;0,0167;0;0;0;0;0;0;0
"7.555";0;0;0;0;0,0093;0,4074;0;0,2037;0,0556;0,1667;0,1481;0;0;0;0;0;0;0;0;0
"7.747";0;0;0,0268;0,0357;0;0,4821;0;0,2054;0,0893;0,0893;0,0536;0;0,0179;0;0;0;0;0;0;0
"7.939";0;0;0,0248;0,0083;0,0248;0,4711;0;0,124;0,1074;0,124;0,0744;0;0,0165;0;0;0;0;0;0;0
"8.13";0;0;0,0265;0;0,0177;0,5133;0,0088;0,115;0,0973;0,1416;0,0796;0;0;0;0;0;0;0;0;0
"8.322";0;0;0,0377;0,0283;0,0094;0,3774;0;0,217;0,0755;0,1981;0,0377;0;0,0094;0;0;0;0;0;0;0
"8.514";0;0;0,0144;0,036;0,0144;0,4748;0;0,1079;0,0504;0,1799;0,0863;0;0,0144;0;0;0;0;0;0;0
"8.701";0;0;0,0308;0,0615;0,0077;0,6308;0;0,0846;0,0385;0,1;0,0154;0;0,0231;0;0;0;0;0;0;0
"8.884";0;0;0,0132;0,0197;0,0197;0,6316;0;0,1316;0,0197;0,125;0,0197;0;0;0;0;0;0;0;0;0
"9.067";0;0;0,0122;0,0183;0;0,7439;0;0,0671;0,0183;0,128;0,0061;0;0;0;0;0;0;0;0;0
"9.25";0;0;0,0181;0,0241;0;0,7711;0;0,0783;0,0301;0,0783;0;0;0;0;0;0;0;0;0;0
"9.434";0;0;0,009;0,009;0;0,8468;0;0,0991;0;0,036;0;0;0;0;0;0;0;0;0;0
"9.617";0;0;0,0144;0,0144;0;0,7698;0;0,1151;0;0,0791;0;0;0;0;0;0;0;0;0;0
"9.8";0;0;0,0278;0,0208;0;0,8819;0;0,0278;0;0,0417;0;0;0;0;0;0;0;0;0;0
"9.983";0;0;0,0353;0,0294;0;0,7706;0;0,0529;0;0,0941;0,0059;0;0,0118;0;0;0;0;0;0;0
"10.166";0;0;0,1083;0,0382;0;0,7452;0;0,0318;0;0,0573;0;0;0,0191;0;0;0;0;0;0;0
"10.35";0;0;0,1704;0,0667;0;0,7481;0;0,0074;0;0,0074;0;0;0;0;0;0;0;0;0;0
"10.533";0;0;0,3313;0,1902;0;0,411;0;0,0123;0;0,0061;0;0;0,0368;0;0;0;0;0;0;0,0123
"10.716";0;0;0,2679;0,5179;0;0,1696;0;0,0089;0;0;0;0;0,0357;0;0;0;0;0;0;0
"10.899";0;0;0,3;0,5545;0;0,0273;0;0;0;0;0;0;0,0455;0;0,0636;0;0;0;0;0
"11.081";0;0;0,6124;0,3101;0;0;0;0;0;0,0078;0;0;0,062;0;0;0;0;0;0;0,0078
"11.262";0;0;0,3482;0,5268;0;0;0;0;0;0;0;0;0,0893;0;0,0179;0;0;0,0089;0;0,0089
"11.443";0;0;0,4272;0,3786;0;0,0291;0;0;0;0;0;0;0,0874;0;0,0388;0;0;0,0097;0;0,0291
"11.624";0;0;0,5398;0,2566;0;0,0354;0;0,0088;0;0;0;0;0,0885;0;0,0265;0;0;0;0;0,0354
"11.805";0;0;0,6124;0,2713;0;0;0;0;0;0;0;0;0,031;0;0,0465;0;0;0,0233;0;0,0155
"11.986";0;0;0,4113;0,2695;0;0,0142;0;0;0;0;0;0;0,2199;0;0,0426;0;0;0,0426;0;0
"12.167";0;0;0,3295;0,2386;0;0;0;0;0;0;0;0;0,3182;0;0,0795;0;0;0,0227;0;0,0114
"12.348";0;0;0,1798;0,0787;0;0;0;0;0;0;0;0;0,5281;0;0,1573;0;0;0;0;0,0562
"12.529";0;0;0,4;0,1333;0;0;0;0;0;0;0;0;0,3556;0;0,1;0;0;0;0;0,0111
"13.003";0;0;0;0;0;0;0;0;0;0;0;0;0;0;0;0;0;0;0;0
"13.221";0;0;0;0;0;0;0;0;0;0;0;0;0;0;0;0;0;0;0;0
"13.439";0;0;0;0;0;0;0;0;0;0;0;0;0;0;0;0;0;0;0;0
"13.657";0;0;0;0;0;0;0;0;0;0;0;0;0;0;0;0;0;0;0;0
"13.788";0;0;0;0;0;0;0;0;0;0;0;0;0;0;0;0;0;0;0;0
"13.875";0;0;0;0;0;0;0;0;0;0;0;0;0;0;0;0;0;0;0;0
"14.093";0;0,1053;0,3158;0,0526;0,0351;0;0;0;0;0;0;0;0,4737;0,0175;0;0;0;0;0;0
"14.137";0;0;0;0;0;0;0;0;0;0;0;0;0;0;0;0;0;0;0;0
"14.158";0;0;0;0;0;0;0;0;0;0;0;0;0;0;0;0;0;0;0;0
"14.311";0;0;0;0;0;0;0;0;0;0;0;0;0;0;0;0;0;0;0;0
"14.398";0;0;0;0;0;0;0;0;0;0;0;0;0;0;0;0;0;0;0;0
"14.529";0;0;0;0;0;0;0;0;0;0;0;0;0;0;0;0;0;0;0;0
"14.66";0;0;0;0;0;0;0;0;0;0;0;0;0;0;0;0;0;0;0;0
"14.747";0;0;0;0;0;0;0;0;0;0;0;0;0;0;0;0;0;0;0;0
"14.965";0;0;0;0;0;0;0;0;0;0;0;0;0;0;0;0;0;0;0;0
"15.096";0;0;0;0;0;0;0;0;0;0;0;0;0;0;0;0;0;0;0;0
"15.183";0;0;0;0;0;0;0;0;0;0;0;0;0;0;0;0;0;0;0;0
"15.401";0;0;0;0;0;0;0;0;0;0;0;0;0;0;0;0;0;0;0;0
"15.532";0;0;0;0;0;0;0;0;0;0;0;0;0;0;0;0;0;0;0;0
"15.968";0;0;0;0;0;0;0;0;0;0;0;0;0;0;0;0;0;0;0;0
"16.448";0;0;0;0;0;0;0;0;0;0;0;0;0;0;0;0;0;0;0;0
"16.536";0;0;0;0;0;0;0;0;0;0;0;0;0;0;0;0;0;0;0;0
"16.688";0;0;0;0;0;0;0;0;0;0;0;0;0;0;0;0;0;0;0;0
"16.71";0;0;0;0;0;0;0;0;0;0;0;0;0;0;0;0;0;0;0;0
"16.754";0;0;0;0;0;0;0;0;0;0;0;0;0;0;0;0;0;0;0;0
"17.277";0;0;0;0;0;0;0;0;0;0;0;0;0;0;0;0;0;0;0;0
"17.539";0;0;0;0;0;0;0;0;0;0;0;0;0;0;0;0;0;0;0;0
"18.149";0;0;0;0;0;0;0;0;0;0;0;0;0;0;0;0;0;0;0;0
"18.586";0;0;0;0;0;0;0;0;0;0;0;0;0;0;0;0;0;0;0;0
"19.022";0;0;0;0;0;0;0;0;0;0;0;0;0;0;0;0;0;0;0;0
"19.349";0;0;0;0;0;0;0;0;0;0;0;0;0;0;0;0;0;0;0;0
"19.72";0;0;0;0;0;0;0;0;0;0;0;0;0;0;0;0;0;0;0;0
"19.85";0;0;0;0;0;0;0;0;0;0;0;0;0;0;0;0;0;0;0;0
"19.894";0;0;0;0;0;0;0;0;0;0;0;0;0;0;0;0;0;0;0;0
"19.938";0;0;0;0;0;0;0;0;0;0;0;0;0;0;0;0;0;0;0;0
"20.003";0;0;0;0;0;0;0;0;0;0;0;0;0;0;0;0;0;0;0;0
"20.069";0;0;0;0;0;0;0;0;0;0;0;0;0;0;0;0;0;0;0;0
"20.156";0;0;0;0;0;0;0;0;0;0;0;0;0;0;0;0;0;0;0;0
"20.243";0;0;0;0;0;0;0;0;0;0;0;0;0;0;0;0;0;0;0;0
"20.287";0;0;0;0;0;0;0;0;0;0;0;0;0;0;0;0;0;0;0;0
"20.352";0;0;0;0;0;0;0;0;0;0;0;0;0;0;0;0;0;0;0;0
"20.417";0;0;0;0;0;0;0;0;0;0;0;0;0;0;0;0;0;0;0;0
"20.439";0;0;0;0;0;0;0;0;0;0;0;0;0;0;0;0;0;0;0;0
"20.526";0;0;0;0;0;0;0;0;0;0;0;0;0;0;0;0;0;0;0;0
"20.592";0;0;0;0;0;0;0;0;0;0;0;0;0;0;0;0;0;0;0;0
"20.657";0;0;0;0;0;0;0;0;0;0;0;0;0;0;0;0;0;0;0;0
"20.854";0;0;0;0;0;0;0;0;0;0;0;0;0;0;0;0;0;0;0;0
"20.941";0;0;0;0;0;0;0;0;0;0;0;0;0;0;0;0;0;0;0;0
"21.333";0;0;0;0;0;0;0;0;0;0;0;0;0;0;0;0;0;0;0;0
"21.399";0;0;0;0;0;0;0;0;0;0;0;0;0;0;0;0;0;0;0;0
"21.551";0;0;0;0;0;0;0;0;0;0;0;0;0;0;0;0;0;0;0;0
"21.988";0;0;0;0;0;0;0;0;0;0;0;0;0;0;0;0;0;0;0;0
"22.206";0;0;0;0;0;0;0;0;0;0;0;0;0;0;0;0;0;0;0;0
"22.337";0;0;0;0;0;0;0;0;0;0;0;0;0;0;0;0;0;0;0;0
"22.424";0;0;0;0;0;0;0;0;0;0;0;0;0;0;0;0;0;0;0;0
"22.511";0;0,0446;0,3393;0,1696;0,0089;0;0;0,0089;0;0,0089;0;0;0,375;0,0089;0,0179;0;0;0;0;0
"22.598";0;0;0;0;0;0;0;0;0;0;0;0;0;0;0;0;0;0;0;0
"22.664";0;0;0;0;0;0;0;0;0;0;0;0;0;0;0;0;0;0;0;0
"22.773";0;0,0559;0,3217;0,1538;0,028;0;0;0;0;0;0;0;0,3566;0,014;0;0,014;0,021;0;0;0,007
"22.814";0;0,0536;0,625;0,0357;0;0;0;0;0;0;0;0;0,2679;0;0,0179;0;0;0;0;0
"22.86";0;0;0;0;0;0;0;0;0;0;0;0;0;0;0;0;0;0;0;0
"22.901";0;0;0,2154;0,0769;0,0308;0;0;0,0154;0;0;0;0;0,5846;0;0;0;0;0;0;0
"22.947";0;0;0;0;0;0;0;0;0;0;0;0;0;0;0;0;0;0;0;0
"22.989";0;0;0;0;0;0;0;0;0;0;0;0;0;0;0;0;0;0;0;0
"23.034";0;0,0403;0,2177;0,121;0,0323;0;0,0081;0;0;0,0081;0;0;0,4677;0,0242;0,0242;0;0;0;0;0
"23.076";0;0;0,2581;0,129;0,0484;0;0;0;0;0;0;0;0,5645;0;0;0;0;0;0;0
"23.122";0;0,0609;0,4348;0,1043;0,0174;0;0;0;0;0;0;0;0,3217;0,0087;0,0174;0;0;0;0;0,0348
"23.207";0;0;0;0;0;0;0;0;0;0;0;0;0;0;0;0;0;0;0;0
"23.25";0;0;0;0;0;0;0;0;0;0;0;0;0;0;0;0;0;0;0;0
"23.294";0;0;0;0;0;0;0;0;0;0;0;0;0;0;0;0;0;0;0;0
"23.338";0;0;0;0;0;0;0;0;0;0;0;0;0;0;0;0;0;0;0;0
"23.383";0;0;0;0;0;0;0;0;0;0;0;0;0;0;0;0;0;0;0;0
"23.425";0;0;0;0;0;0;0;0;0;0;0;0;0;0;0;0;0;0;0;0
"23.492";0;0;0;0;0;0;0;0;0;0;0;0;0;0;0;0;0;0;0;0
"23.556";0;0;0;0;0;0;0;0;0;0;0;0;0;0;0;0;0;0;0;0
"23.645";0;0;0;0;0;0;0;0;0;0;0;0;0;0;0;0;0;0;0;0
"23.687";0;0;0;0;0;0;0;0;0;0;0;0;0;0;0;0;0;0;0;0
"23.732";0;0,0943;0,3585;0,1321;0;0;0;0,0189;0;0;0;0;0,3774;0,0189;0;0;0;0;0;0
"23.774";0;0;0;0;0;0;0;0;0;0;0;0;0;0;0;0;0;0;0;0
"23.817";0;0;0;0;0;0;0;0;0;0;0;0;0;0;0;0;0;0;0;0
"23.861";0;0;0;0;0;0;0;0;0;0;0;0;0;0;0;0;0;0;0;0
"23.907";0;0,0364;0,3818;0,1818;0,0364;0;0;0;0;0;0;0;0,3091;0;0;0;0,0182;0;0;0,0182
"23.948";0;0;0;0;0;0;0;0;0;0;0;0;0;0;0;0;0;0;0;0
"23.994";0;0,0893;0,6071;0,0357;0;0;0;0;0;0;0;0;0,25;0;0;0;0;0;0;0
"24.081";0;0,0385;0,3462;0,0577;0,0385;0;0;0,0192;0;0;0;0;0,3846;0,0385;0;0;0;0;0;0,0577
"24.169";0;0;0;0;0;0;0;0;0;0;0;0;0;0;0;0;0;0;0;0
"24.21";0;0;0;0;0;0;0;0;0;0;0;0;0;0;0;0;0;0;0;0
"24.256";0;0;0,3333;0,2037;0;0;0;0;0;0;0;0;0,4259;0;0;0;0;0,0185;0;0
"24.297";0;0;0;0;0;0;0;0;0;0;0;0;0;0;0;0;0;0;0;0
"24.343";0;0,0175;0,3684;0,1228;0,0351;0;0;0;0;0,0175;0;0;0,3158;0,0351;0;0;0;0;0;0
"24.384";0;0;0;0;0;0;0;0;0;0;0;0;0;0;0;0;0;0;0;0
"24.43";0;0,0392;0,2549;0,1765;0,0196;0;0;0;0;0;0;0;0,4706;0,0392;0;0;0;0;0;0
"24.517";0;0;0;0;0;0;0;0;0;0;0;0;0;0;0;0;0;0;0;0
"24.559";0;0;0;0;0;0;0;0;0;0;0;0;0;0;0;0;0;0;0;0
"24.605";0;0;0;0;0;0;0;0;0;0;0;0;0;0;0;0;0;0;0;0
"24.646";0;0;0;0;0;0;0;0;0;0;0;0;0;0;0;0;0;0;0;0
"24.692";0;0,0357;0,3929;0,0357;0;0;0;0,0179;0;0;0;0;0,4821;0;0;0;0;0,0179;0;0
"24.733";0;0;0;0;0;0;0;0;0;0;0;0;0;0;0;0;0;0;0;0
"24.779";0;0,0784;0,3922;0,1569;0,0196;0;0;0;0;0;0;0;0,3333;0;0,0196;0;0;0;0;0
"24.821";0;0;0;0;0;0;0;0;0;0;0;0;0;0;0;0;0;0;0;0
"24.866";0;0,0508;0,3729;0,1864;0,0085;0;0;0,0169;0;0;0;0;0,3051;0;0,0169;0;0;0;0;0,0254
"24.954";0;0;0;0;0;0;0;0;0;0;0;0;0;0;0;0;0;0;0;0
"24.997";0;0;0;0;0;0;0;0;0;0;0;0;0;0;0;0;0;0;0;0
"25.041";0;0;0;0;0;0;0;0;0;0;0;0;0;0;0;0;0;0;0;0
"25.082";0;0;0;0;0;0;0;0;0;0;0;0;0;0;0;0;0;0;0;0
"25.128";0;0;0;0;0;0;0;0;0;0;0;0;0;0;0;0;0;0;0;0
"25.17";0;0;0;0;0;0;0;0;0;0;0;0;0;0;0;0;0;0;0;0
"25.213";0;0;0;0;0;0;0;0;0;0;0;0;0;0;0;0;0;0;0;0
"25.257";0;0;0;0;0;0;0;0;0;0;0;0;0;0;0;0;0;0;0;0
"25.303";0;0;0;0;0;0;0;0;0;0;0;0;0;0;0;0;0;0;0;0
"25.388";0;0;0;0;0;0;0;0;0;0;0;0;0;0;0;0;0;0;0;0
"25.433";0;0;0;0;0;0;0;0;0;0;0;0;0;0;0;0;0;0;0;0
"25.499";0;0;0;0;0;0;0;0;0;0;0;0;0;0;0;0;0;0;0;0
"25.564";0;0;0;0;0;0;0;0;0;0;0;0;0;0;0;0;0;0;0;0
"25.606";0;0;0;0;0;0;0;0;0;0;0;0;0;0;0;0;0;0;0;0
"25.652";0;0;0;0;0;0;0;0;0;0;0;0;0;0;0;0;0;0;0;0
"25.717";0;0;0;0;0;0;0;0;0;0;0;0;0;0;0;0;0;0;0;0
"25.826";0;0,0167;0,1833;0,2;0,05;0;0;0;0;0;0;0;0,4833;0;0;0;0,0167;0;0;0,0167
"25.867";0;0;0;0;0;0;0;0;0;0;0;0;0;0;0;0;0;0;0;0
"25.913";0;0;0;0;0;0;0;0;0;0;0;0;0;0;0;0;0;0;0;0
"25.955";0;0;0;0;0;0;0;0;0;0;0;0;0;0;0;0;0;0;0;0
"26";0;0;0;0;0;0;0;0;0;0;0;0;0;0;0;0;0;0;0;0
"26.042";0;0;0;0;0;0;0;0;0;0;0;0;0;0;0;0;0;0;0;0
"26.11";0;0;0;0;0;0;0;0;0;0;0;0;0;0;0;0;0;0;0;0
"26.129";0;0;0;0;0;0;0;0;0;0;0;0;0;0;0;0;0;0;0;0
"26.197";0;0,037;0,3889;0,0926;0,0185;0;0;0;0;0;0;0;0,4074;0,0185;0;0;0;0;0;0,0185
"26.262";0;0;0;0;0;0;0;0;0;0;0;0;0;0;0;0;0;0;0;0
"26.304";0;0;0;0;0;0;0;0;0;0;0;0;0;0;0;0;0;0;0;0
"26.349";0;0;0;0;0;0;0;0;0;0;0;0;0;0;0;0;0;0;0;0
"26.391";0;0;0;0;0;0;0;0;0;0;0;0;0;0;0;0;0;0;0;0
"26.437";0;0;0;0;0;0;0;0;0;0;0;0;0;0;0;0;0;0;0;0
"26.478";0;0;0;0;0;0;0;0;0;0;0;0;0;0;0;0;0;0;0;0
"26.524";0;0;0;0;0;0;0;0;0;0;0;0;0;0;0;0;0;0;0;0
"26.565";0;0;0;0;0;0;0;0;0;0;0;0;0;0;0;0;0;0;0;0
"26.611";0;0,0164;0,2787;0,0656;0,0492;0;0;0,0164;0;0;0;0;0,5082;0,0164;0;0;0;0;0;0,0328
"26.698";0;0;0;0;0;0;0;0;0;0;0;0;0;0;0;0;0;0;0;0
"26.74";0;0;0;0;0;0;0;0;0;0;0;0;0;0;0;0;0;0;0;0
"26.783";0;0;0;0;0;0;0;0;0;0;0;0;0;0;0;0;0;0;0;0
"26.827";0;0;0,3088;0,0588;0,0147;0;0;0;0;0;0;0;0,4118;0,0441;0,1324;0,0147;0;0;0;0
"26.873";0;0,004;0,656;0,052;0;0,004;0;0,004;0,004;0;0;0;0,204;0,012;0,028;0,004;0;0;0;0
"26.914";0;0;0;0;0;0;0;0;0;0;0;0;0;0;0;0;0;0;0;0
"26.96";0;0;0,4138;0,0862;0;0;0;0;0;0;0;0;0,3793;0;0,0345;0,0345;0;0;0;0
"27.047";0;0;0,3871;0,0323;0;0;0;0;0;0;0;0;0,4194;0;0,0323;0,0161;0;0;0;0,0323
"27.135";0;0;0;0;0;0;0;0;0;0;0;0;0;0;0;0;0;0;0;0
"27.176";0;0;0;0;0;0;0;0;0;0;0;0;0;0;0;0;0;0;0;0
"27.222";0;0,0133;0,36;0,1333;0;0;0;0;0;0;0;0;0,4;0;0;0;0,0267;0;0;0,0133
"27.263";0;0;0,339;0,2034;0;0;0;0,0169;0;0;0;0;0,2881;0,0169;0,0339;0;0,0169;0;0;0,0169
"27.309";0;0;0,5588;0,1387;0;0;0;0,0084;0;0;0;0;0,1891;0,0042;0,021;0,0042;0,0042;0;0;0,0252
"27.35";0;0;0;0;0;0;0;0;0;0;0;0;0;0;0;0;0;0;0;0
"27.396";0;0;0;0;0;0;0;0;0;0;0;0;0;0;0;0;0;0;0;0
"27.438";0;0;0;0;0;0;0;0;0;0;0;0;0;0;0;0;0;0;0;0
"27.483";0;0;0;0;0;0;0;0;0;0;0;0;0;0;0;0;0;0;0;0
"27.571";0;0;0;0;0;0;0;0;0;0;0;0;0;0;0;0;0;0;0;0
"27.612";0;0;0;0;0;0;0;0;0;0;0;0;0;0;0;0;0;0;0;0
"27.658";0;0;0,2321;0,125;0;0;0;0;0;0;0;0;0,5;0;0,0357;0,0179;0;0;0;0,0357
"27.699";0;0;0;0;0;0;0;0;0;0;0;0;0;0;0;0;0;0;0;0
"27.745";0;0,0254;0,2203;0,0593;0,0339;0;0;0,0085;0;0,0085;0;0;0,5254;0,0169;0,0254;0,0169;0;0;0;0,0339
"27.787";0;0;0;0;0;0;0;0;0;0;0;0;0;0;0;0;0;0;0;0
"27.832";0;0;0;0;0;0;0;0;0;0;0;0;0;0;0;0;0;0;0;0
"27.874";0;0;0;0;0;0;0;0;0;0;0;0;0;0;0;0;0;0;0;0
"27.944";0;0;0;0;0;0;0;0;0;0;0;0;0;0;0;0;0;0;0;0
"28.011";0;0;0;0;0;0;0;0;0;0;0;0;0;0;0;0;0;0;0;0
"28.06";0;0;0,4;0,1818;0,0364;0;0;0;0;0;0;0;0,2909;0;0;0;0;0;0;0,0182
"28.106";0;0;0;0;0;0;0;0;0;0;0;0;0;0;0;0;0;0;0;0
"28.15";0;0;0;0;0;0;0;0;0;0;0;0;0;0;0;0;0;0;0;0
"28.196";0;0;0;0;0;0;0;0;0;0;0;0;0;0;0;0;0;0;0;0
"28.245";0;0;0,1667;0,1667;0,0185;0;0;0;0;0;0;0;0,537;0;0,0185;0;0;0;0;0,0185
"28.291";0;0;0;0;0;0;0;0;0;0;0;0;0;0;0;0;0;0;0;0
"28.335";0;0;0;0;0;0;0;0;0;0;0;0;0;0;0;0;0;0;0;0
"28.384";0;0;0;0;0;0;0;0;0;0;0;0;0;0;0;0;0;0;0;0
"28.476";0,0083;0,0083;0,1983;0,0826;0,0331;0,0165;0;0;0;0,0083;0;0;0,5289;0,0083;0,0496;0,0165;0;0;0;0,0165
"28.52";0;0;0;0;0;0;0;0;0;0;0;0;0;0;0;0;0;0;0;0
"28.569";0;0;0,2182;0,0727;0;0;0;0;0;0;0;0;0,6545;0;0,0182;0;0;0;0;0,0364
"28.61";0;0;0,2241;0,0862;0,1034;0,0345;0,0172;0;0,0345;0;0;0;0,3621;0;0,0172;0;0;0;0;0
"28.659";0;0;0;0;0;0;0;0;0;0;0;0;0;0;0;0;0;0;0;0
"28.705";0;0;0;0;0;0;0;0;0;0;0;0;0;0;0;0;0;0;0;0
"28.754";0;0,0137;0,1644;0,1096;0;0,0411;0;0;0,0137;0;0;0;0,4932;0;0,0137;0,0274;0,0137;0;0;0,0137
"28.798";0;0;0;0;0;0;0;0;0;0;0;0;0;0;0;0;0;0;0;0
"28.846";0,0145;0,0145;0,1449;0,1594;0,0145;0;0;0;0;0,0145;0;0;0,5362;0;0,058;0;0;0;0;0,0435
"28.939";0;0;0;0;0;0;0;0;0;0;0;0;0;0;0;0;0;0;0;0
"28.983";0;0;0;0;0;0;0;0;0;0;0;0;0;0;0;0;0;0;0;0
"29.031";0;0;0,3818;0,1636;0,0364;0;0;0;0;0;0;0;0,4182;0;0;0;0;0;0;0
"29.075";0;0;0,2969;0,2188;0,0156;0;0;0;0;0;0;0;0,375;0,0078;0,0469;0,0078;0;0;0;0
"29.124";0;0,0538;0,2;0,1923;0,0231;0;0;0,0077;0,0077;0,0231;0;0;0,4308;0;0;0,0077;0;0;0;0,0154
"29.168";0;0;0;0;0;0;0;0;0;0;0;0;0;0;0;0;0;0;0;0
"29.217";0;0;0;0;0;0;0;0;0;0;0;0;0;0;0;0;0;0;0;0
"29.261";0;0;0;0;0;0;0;0;0;0;0;0;0;0;0;0;0;0;0;0
"29.309";0;0,0313;0,2969;0,1094;0;0;0;0;0;0;0;0;0,375;0,0156;0,1094;0;0;0;0;0
"29.402";0;0;0;0;0;0;0;0;0;0;0;0;0;0;0;0;0;0;0;0
"29.448";0;0,1;0,6;0,02;0;0;0;0;0;0;0;0;0,24;0,04;0;0;0;0;0;0
"29.492";0;0;0;0;0;0;0;0;0;0;0;0;0;0;0;0;0;0;0;0
"29.538";0;0;0;0;0;0;0;0;0;0;0;0;0;0;0;0;0;0;0;0
"29.587";0;0;0,2985;0,0448;0,0149;0;0;0;0;0;0;0;0,5522;0,0896;0;0;0;0;0;0
"29.631";0;0;0;0;0;0;0;0;0;0;0;0;0;0;0;0;0;0;0;0
"29.677";0;0;0;0;0;0;0;0;0;0;0;0;0;0;0;0;0;0;0;0
"29.723";0;0;0;0;0;0;0;0;0;0;0;0;0;0;0;0;0;0;0;0
"29.77";0;0;0;0;0;0;0;0;0;0;0;0;0;0;0;0;0;0;0;0
"29.864";0;0,02;0,22;0,16;0,07;0;0;0;0;0;0;0;0,36;0,03;0,07;0;0;0,01;0;0
"29.908";0;0;0;0;0;0;0;0;0;0;0;0;0;0;0;0;0;0;0;0
"29.957";0;0,0381;0,1905;0,219;0,0095;0;0;0;0;0;0;0;0,4667;0,0095;0,0286;0;0;0;0;0
"30.001";0;0;0;0;0;0;0;0;0;0;0;0;0;0;0;0;0;0;0;0
"30.05";0;0;0;0;0;0;0;0;0;0;0;0;0;0;0;0;0;0;0;0
"30.094";0;0;0;0;0;0;0;0;0;0;0;0;0;0;0;0;0;0;0;0
"30.142";0;0,0141;0,3099;0,169;0,0141;0,0141;0;0;0;0;0;0;0,3521;0;0,0704;0;0;0;0;0,0282
"30.186";0;0;0;0;0;0;0;0;0;0;0;0;1;0;0;0;0;0;0;0
"30.357";0;0;0;0;0;0;0;0;0;0;0;0;0;0;0;0;0;0;0;0
"30.815";0;0;0;0;0;0;0;0;0;0;0;0;0;0;0;0;0;0;0;0
"31.027";0;0;0;0;0;0;0;0;0;0;0;0;0;0;0;0;0;0;0;0
"31.262";0;0;0;0;0;0;0;0;0;0;0;0;0;0;0;0;0;0;0;0
"31.475";0;0;0;0;0;0;0;0;0;0;0;0;0;0;0;0;0;0;0;0
"31.709";0;0,0293;0,2049;0,0732;0,039;0,0098;0;0,0098;0,0049;0,0098;0;0;0,4634;0,0439;0,0488;0;0;0,0098;0;0,0195
"31.922";0;0;0;0;0;0;0;0;0;0;0;0;0;0;0;0;0;0;0;0
"32.157";0;0,0291;0,2621;0,1262;0,0291;0;0;0;0;0;0;0;0,4757;0;0,068;0;0;0;0;0
"32.369";0;0;0;0;0;0;0;0;0;0;0;0;0;0;0;0;0;0;0;0
"32.604";0;0;0;0;0;0;0;0;0;0;0;0;0;0;0;0;0;0;0;0
"33.051";0;0,0147;0,2255;0,1127;0,0245;0;0;0;0;0;0;0;0,5098;0,0196;0,0343;0,0049;0;0,0049;0;0
"33.263";0;0;0;0;0;0;0;0;0;0;0;0;0;0;0;0;0;0;0;0
"33.498";0;0;0;0;0;0;0;0;0;0;0;0;0;0;0;0;0;0;0;0
"33.711";0;0;0;0;0;0;0;0;0;0;0;0;0;0;0;0;0;0;0;0
"33.945";0;0,0097;0,3301;0,1262;0,0777;0;0,0097;0;0;0,0097;0;0;0,3398;0,0485;0;0;0;0;0;0,0194
"34.158";0;0;0;0;0;0;0;0;0;0;0;0;0;0;0;0;0;0;0;0
"34.393";0;0;0;0;0;0;0;0;0;0;0;0;0;0;0;0;0;0;0;0
"34.605";0;0;0;0;0;0;0;0;0;0;0;0;0;0;0;0;0;0;0;0
"34.84";0;0,0161;0,3226;0,0645;0,0161;0;0;0;0;0;0;0;0,4839;0,0323;0,0323;0;0;0;0;0
"35.287";0;0,0794;0,2698;0,1111;0,0317;0;0;0;0;0;0;0;0,4127;0,0159;0,0317;0;0;0;0;0,0159
"35.499";0;0;0;0;0;0;0;0;0;0;0;0;0;0;0;0;0;0;0;0
"35.734";0;0;0,2857;0,0952;0;0;0;0;0;0;0;0;0,5714;0;0;0;0;0;0;0,0476
"35.947";0;0;0,129;0,0323;0;0;0,0161;0;0;0;0;0;0,7419;0;0;0,0161;0;0;0;0,0323
"36.181";0;0,0135;0,2477;0,1261;0,0811;0,009;0;0,009;0;0;0;0;0,4099;0,0225;0,0135;0,0045;0;0;0;0,0135
"36.394";0;0;0;0;0;0;0;0;0;0;0;0;0;0;0;0;0;0;0;0
"36.841";0;0;0;0;0;0;0;0;0;0;0;0;0;0;0;0;0;0;0;0
"37.065";0;0;0;0;0;0;0;0;0;0;0;0;0;0;0;0;0;0;0;0
"37.523";0;0;0,2456;0,1404;0;0;0;0;0;0;0;0;0,5088;0,0175;0,0175;0,0175;0;0;0;0
"37.735";0;0,0082;0,3689;0,0902;0;0;0;0;0;0;0;0;0,4754;0;0,0328;0,0082;0;0;0;0
"37.97";0,0098;0,0294;0,3824;0,2059;0,0098;0,0098;0,0098;0,0098;0;0;0;0;0,2451;0;0;0,0098;0;0;0;0,0098
"38.183";0;0;0;0;0;0;0;0;0;0;0;0;0;0;0;0;0;0;0;0
"38.417";0;0,0303;0,1212;0,1364;0,1061;0;0,0152;0;0;0;0;0;0,3636;0,0152;0,0152;0;0,0455;0;0;0,0455
"38.63";0;0;0;0;0;0;0;0;0;0;0;0;0;0;0;0;0;0;0;0
"38.865";0;0,0127;0,2785;0,0506;0,0127;0;0;0;0;0;0;0;0,4304;0,0253;0,0633;0,0127;0,0253;0;0;0,0127
"39.077";0;0;0;0;0;0;0;0;0;0;0;0;0;0;0;0;0;0;0;0
"39.312";0;0;0,2542;0,0508;0,0169;0,0169;0;0;0,0169;0;0;0;0,5932;0;0;0,0169;0;0;0;0,0169
"39.759";0;0,0164;0,4973;0,1803;0,0273;0;0;0;0;0,0055;0;0;0,2131;0;0;0;0;0;0;0,0109
"39.971";0;0,0118;0,3412;0,1765;0;0;0;0,0118;0;0;0;0;0,4;0;0,0353;0;0;0;0;0
"40.206";0;0,0077;0,0769;0,2;0;0;0;0;0;0;0;0;0,6385;0;0,0154;0,0077;0;0;0;0,0154
"40.419";0;0;0,1553;0,233;0,0194;0;0;0;0;0;0;0;0,4854;0;0,0485;0;0;0;0;0,0291
"40.653";0,0164;0,1967;0,3934;0,0492;0;0;0;0;0;0;0;0;0,2623;0,0492;0;0;0;0;0;0
"40.866";0;0;0;0;0;0;0;0;0;0;0;0;0;0;0;0;0;0;0;0
"41.04";0;0,0152;0,2424;0,1667;0,0758;0;0;0;0;0;0;0;0,3939;0;0;0;0;0;0;0
"41.126";0;0;0;0;0;0;0;0;0;0;0;0;0;0;0;0;0;0;0;0
"41.22";0;0,0847;0,2034;0,1695;0,0508;0;0;0;0;0;0;0;0,4407;0,0169;0;0;0;0;0;0,0169
"41.4";0;0;0;0;0;0;0;0;0;0;0;0;0;0;0;0;0;0;0;0
"41.485";0;0;0;0;0;0;0;0;0;0;0;0;0;0;0;0;0;0;0;0
"41.579";0;0,0568;0,2159;0,1705;0,0341;0;0,0114;0;0;0,0114;0;0;0,3182;0,0568;0,0341;0,0114;0,0341;0;0;0
"41.664";0;0;0;0;0;0;0;0;0;0;0;0;0;0;0;0;0;0;0;0
"41.759";0;0,0147;0,1618;0,2059;0;0,0147;0;0;0;0;0;0;0,5;0,0147;0,0588;0;0;0;0;0,0294
"41.844";0;0;0;0;0;0;0;0;0;0;0;0;0;0;0;0;0;0;0;0
"41.938";0;0;0,1467;0,1333;0,12;0;0;0,0133;0;0;0;0;0,56;0;0,0133;0;0;0;0;0
"42.024";0;0;0;0;0;0;0;0;0;0;0;0;0;0;0;0;0;0;0;0
"42.118";0;0,0795;0,2727;0,0341;0,0227;0;0;0;0;0;0;0;0,4432;0;0,0341;0,0341;0;0;0;0
"42.297";0;0,0241;0,0602;0,0964;0,012;0;0;0;0;0,012;0;0;0,6145;0;0,0723;0,0241;0;0;0;0,0241
"42.383";0;0;0,125;0,1071;0;0;0;0;0;0,0179;0;0;0,5536;0;0,1964;0;0;0;0;0
"42.477";0;0,0435;0,2174;0,1304;0,029;0;0;0;0;0;0;0;0,4638;0,0145;0;0,0145;0,029;0;0;0
"42.562";0;0;0;0;0;0;0;0;0;0;0;0;0;0;0;0;0;0;0;0
"42.657";0;0;0,0797;0,1087;0,0145;0,0072;0;0,0072;0;0;0;0;0,4928;0;0,1087;0,029;0,087;0;0;0,0217
"42.742";0;0;0;0;0;0;0;0;0;0;0;0;0;0;0;0;0;0;0;0
"42.836";0;0,0571;0,1286;0,1714;0;0;0;0;0;0;0;0;0,5;0;0,0714;0;0;0,0143;0;0
"42.921";0;0;0;0;0;0;0;0;0;0;0;0;0;0;0;0;0;0;0;0
"43.016";0;0,0244;0,1341;0,1341;0;0;0;0;0;0;0;0;0,5;0;0,0976;0,0122;0;0;0;0,0488
"43.195";0;0,0047;0,4645;0,0806;0,0047;0;0;0;0;0;0;0;0,3697;0;0,0332;0,0047;0;0;0;0
"43.28";0;0;0,1316;0,0789;0;0,0132;0;0;0;0,0132;0;0;0,5789;0;0,1053;0;0;0;0;0,0132
"43.375";0;0;0,1271;0,0678;0,0169;0,0169;0;0;0;0;0;0;0,661;0;0,0508;0,0085;0;0;0;0,0169
"43.46";0;0,0219;0,3212;0,0949;0,0146;0;0;0;0;0,0146;0;0;0,4307;0;0,0438;0,0073;0;0;0;0,0146
"43.55";0;0;0,4138;0,069;0;0;0;0;0;0;0;0;0,4713;0;0;0,0115;0;0;0;0
"43.64";0;0;0,4882;0,0824;0;0;0;0;0;0,0176;0;0;0,2706;0;0,0412;0;0;0;0;0,0294
"43.734";0;0,0046;0,4722;0,2222;0,0093;0;0;0,0093;0;0;0;0;0,2222;0;0,0278;0;0;0;0;0,0185
"43.819";0;0;0,3318;0,1869;0;0;0;0;0;0;0;0;0,3972;0;0,0654;0;0;0;0;0
"43.903";0;0,0101;0,3159;0,5734;0;0;0;0;0;0;0;0;0,0926;0;0,002;0;0;0;0;0,002
"43.95";0;0;0,2819;0,1275;0,0201;0,0201;0;0,0201;0;0;0;0;0,4765;0;0;0,0067;0;0;0;0
"43.972";0;0;0;0;0;0;0;0;0;0;0;0;0;0;0;0;0;0;0;0
"43.997";0;0,0157;0,2283;0,0709;0,0472;0;0;0,0157;0,0157;0;0;0;0,4803;0;0,0315;0,0079;0;0;0;0,0315
"44.019";0;0;0,043;0,1398;0;0;0;0;0;0;0;0;0,6237;0,0108;0,1075;0,0108;0;0;0;0,0108
"44.042";0;0;0;0;0;0;0;0;0;0;0;0;0;0;0;0;0;0;0;0
"44.065";0;0,1452;0,1129;0,0968;0,0161;0,0081;0,0968;0,0242;0;0,0645;0;0;0,3871;0;0,0484;0;0;0;0;0
"44.09";0;0;0;0;0;0;0;0;0;0;0;0;0;0;0;0;0;0;0;0
"44.112";0;0;0,6914;0,0617;0;0;0;0;0;0;0;0;0,2346;0,0123;0;0;0;0;0;0
"44.137";0;0;0,4306;0,0625;0,0278;0;0;0;0;0;0;0;0,3056;0,0347;0,1111;0,0208;0;0;0;0,0069
"44.183";0;0;0;0;0;0;0;0;0;0;0;0;0;0;0;0;0;0;0;0
"44.205";0;0;0;0;0;0;0;0;0;0;0;0;0;0;0;0;0;0;0;0
"44.23";0;0;0,1364;0,0852;0;0;0;0;0;0,017;0;0;0,6023;0,017;0,0682;0,0057;0;0;0;0,0057
"44.252";0;0;0,2584;0,1348;0,0112;0;0;0;0;0;0;0;0,4382;0;0,0225;0,0112;0;0;0;0,0225
"44.276";0;0,0182;0,3982;0,0517;0,0365;0,0061;0,0091;0,0182;0;0,0122;0;0;0,3921;0;0,0304;0,003;0;0;0;0,003
"44.299";0;0,0146;0,284;0,1408;0,0097;0;0;0,0097;0;0;0;0;0,4709;0,0194;0,0146;0;0;0;0;0,0146
"44.323";0;0,0366;0,2683;0,1341;0,0366;0;0;0;0;0;0;0;0,5;0,0244;0;0;0;0;0;0
"44.345";0;0,0463;0,25;0,2037;0,0093;0,0185;0;0;0;0;0;0;0,3333;0,0093;0,0463;0,0093;0;0;0;0
"44.357";0;0;0;0;0;0;0;0;0;0;0;0;0;0;0;0;0;0;0;0
"44.37";0;0;0;0;0;0;0;0;0;0;0;0;0;0;0;0;0;0;0;0
"44.416";0;0,0201;0,2752;0,1342;0,0134;0;0;0;0;0;0;0;0,4966;0;0;0;0;0;0;0
"44.438";0;0;0;0;0;0;0;0;0;0;0;0;0;0;0;0;0;0;0;0
"44.463";0;0,0548;0,3653;0,1461;0,0183;0,0091;0;0,0183;0;0;0;0;0,3196;0,0091;0;0;0;0,0183;0;0,0091
"44.485";0;0;0;0;0;0;0;0;0;0;0;0;0;0;0;0;0;0;0;0
"44.509";0;0,0193;0,4627;0,1277;0,0048;0,0072;0;0,0048;0;0,0096;0;0;0,3108;0,0024;0,0217;0;0;0;0;0
"44.532";0;0;0;0;0;0;0;0;0;0;0;0;0;0;0;0;0;0;0;0
"44.556";0;0,1785;0,6822;0,0954;0;0;0;0;0;0;0;0;0,0269;0;0,0098;0;0;0;0;0,0049
"44.578";0;0,3029;0,532;0,0913;0;0;0;0,0058;0;0,0078;0;0;0,0602;0;0;0;0;0;0;0
"44.603";0;0,0862;0,5739;0,1502;0,0049;0,0074;0;0,0049;0;0,0123;0;0;0,1379;0;0;0;0;0,0049;0;0,0025
"44.649";0;0,0954;0,4499;0,1222;0;0;0;0;0;0,0049;0;0;0,2714;0,0024;0,022;0,0049;0;0;0;0,0147
"44.673";0,0071;0,1682;0,6209;0,1469;0,0024;0,0024;0,0095;0;0;0;0;0;0,0379;0;0;0;0;0;0;0
"44.696";0;0,1118;0,6022;0,0946;0,0108;0;0;0;0;0;0;0;0,1441;0,0065;0,0065;0;0;0;0;0,0086
"44.719";0;0;0;0;0;0;0;0;0;0;0;0;0;0;0;0;0;0;0;0
"44.743";0;0,0264;0,2542;0,1487;0,0096;0,0096;0;0;0;0,0096;0;0;0,4796;0,0192;0,0168;0,0072;0;0;0;0,0048
"44.766";0;0;0;0;0;0;0;0;0;0;0;0;0;0;0;0;0;0;0;0
"44.789";0;0,0417;0,2986;0,2014;0,0278;0,0417;0;0;0;0;0;0;0,3264;0;0;0,0069;0;0;0;0,0347
"44.812";0;0,2411;0,5781;0,0526;0;0;0;0,0062;0;0;0;0;0,1175;0;0;0;0;0,0031;0;0
"44.836";0;0,2;0,5556;0,0815;0,0049;0;0;0;0;0,0025;0;0;0,1284;0;0,0074;0;0;0,0049;0;0,0025
"44.882";0;0,01;0,36;0,08;0;0;0;0;0;0;0;0;0,48;0,01;0,015;0,01;0;0;0;0,01
"44.906";0;0,0482;0,3728;0,193;0,0044;0;0;0;0;0;0;0;0,3114;0,0263;0;0;0,0044;0;0;0,0088
"44.929";0;0,0271;0,1267;0,2036;0;0;0;0;0;0;0;0;0,5475;0;0,0226;0,009;0;0,0181;0;0,0181
"44.952";0;0;0;0;0;0;0;0;0;0;0;0;0;0;0;0;0;0;0;0
"44.976";0;0,0396;0,2134;0,1372;0,0152;0;0,003;0,003;0;0;0;0;0,4817;0,0366;0,0488;0;0;0;0;0,0122
"44.999";0;0,0494;0,3148;0,1358;0;0,0247;0;0,0185;0;0,0062;0;0;0,3148;0,0309;0,0432;0,0062;0,0062;0;0;0,0123
"45.022";0;0,0711;0,1896;0,1991;0,0379;0,0095;0;0;0;0;0;0;0,3839;0,0521;0,0095;0;0,0047;0;0;0,0284
"45.046";0;0;0;0;0;0;0;0;0;0;0;0;0;0;0;0;0;0;0;0
"45.069";0;0,0248;0,4901;0,1089;0,0099;0;0;0;0;0;0;0;0,2921;0;0;0,005;0;0,0099;0;0,0099
"45.115";0;0,0644;0,401;0,1139;0,0347;0;0;0;0;0;0;0;0,297;0,0297;0,0198;0;0;0,0099;0;0,0099
"45.138";0;0,018;0,2477;0,1171;0,0045;0;0,0135;0;0;0;0;0;0,5225;0,018;0,0225;0;0,0023;0;0;0
"45.162";0;0;0;0;0;0;0;0;0;0;0;0;0;0;0;0;0;0;0;0
"45.184";0;0;0;0;0;0;0;0;0;0;0;0;0;0;0;0;0;0;0;0
"45.209";0;0;0,3269;0,0962;0,0481;0,0192;0;0;0;0;0;0;0,4327;0,0577;0;0;0;0;0;0
"45.231";0;0,1297;0,4505;0,1274;0,0118;0;0;0,0047;0;0,0047;0;0;0,2406;0,0071;0,0118;0;0;0;0;0,0047
"45.255";0;0,028;0,3551;0,1402;0;0;0;0;0;0;0;0;0,3551;0;0,0935;0;0;0;0;0
"45.277";0;0;0;0;0;0;0;0;0;0;0;0;0;0;0;0;0;0;0;0
"45.302";0;0,057;0,3221;0,1846;0,0268;0;0;0,0067;0;0,0034;0;0;0,2819;0,0503;0,0168;0,0034;0;0;0;0,0168
"45.349";0;0,0311;0,3778;0,2178;0,0089;0,0089;0;0;0;0;0;0;0,3156;0,0044;0;0;0;0;0;0,0133
"45.371";0;0;0;0;0;0;0;0;0;0;0;0;0;0;0;0;0;0;0;0
"45.395";0;0;0;0;0;0;0;0;0;0;0;0;0;0;0;0;0;0;0;0
"45.417";0;0,0481;0,3942;0,25;0,0192;0;0;0;0;0;0;0;0,1923;0,0288;0,0385;0;0;0,0192;0;0,0096
"45.442";0;0,0237;0,4882;0,0995;0,0308;0;0;0;0;0;0;0;0,2109;0,0806;0,0427;0;0;0;0;0,0047
"45.464";0;0;0;0;0;0;0;0;0;0;0;0;0;0;0;0;0;0;0;0
"45.488";0;0,0221;0,3164;0,177;0,0288;0,0022;0,0044;0,0022;0;0;0;0;0,3695;0,0442;0,0133;0;0;0;0;0
"45.511";0;0;0;0;0;0;0;0;0;0;0;0;0;0;0;0;0;0;0;0
"45.535";0;0,081;0,3028;0,1197;0,0458;0,007;0;0;0;0,0106;0;0;0,3204;0,0493;0,0387;0;0;0;0;0,0176
"45.582";0;0,0763;0,339;0,1441;0,0169;0;0;0;0;0;0;0;0,3475;0,0254;0,0254;0;0;0;0;0,0085
"45.604";0;0,1176;0,267;0,0498;0;0;0;0;0;0,009;0;0;0,4977;0;0,0317;0;0,009;0;0;0
"45.628";0;0,1422;0,654;0,0284;0;0;0;0;0;0;0;0;0,1422;0;0,0237;0;0;0;0;0
"45.65";0;0,0499;0,2868;0,1446;0,005;0;0,005;0;0;0;0;0;0,4364;0,015;0,0374;0;0;0;0;0,02
"45.675";0;0,0651;0,4615;0,0592;0;0,0118;0,0237;0;0;0,0178;0;0;0,3077;0,0355;0;0;0;0;0;0
"45.697";0;0,0477;0,3198;0,1408;0;0;0,0024;0;0;0;0;0;0,4368;0,0191;0,0095;0;0;0;0;0,0048
"45.721";0;0,2402;0,6028;0,0462;0,0231;0,0069;0;0,0139;0;0,0046;0;0;0,0462;0,0115;0;0;0;0,0046;0;0
"45.745";0;0,0273;0,3226;0,0447;0,0099;0;0;0;0;0,005;0;0;0,5211;0,0149;0,0397;0;0;0;0;0,0099
"45.768";0,0033;0,11;0,42;0,07;0,02;0;0;0;0;0,0033;0;0;0,3233;0,0133;0,03;0;0;0;0;0
"45.815";0;0,0775;0,2934;0,0587;0;0;0;0,0141;0;0;0;0;0,5258;0;0,0235;0;0;0;0;0
"45.837";0;0,1216;0,7775;0,0642;0;0;0,0069;0;0;0,0023;0;0;0,0206;0,0046;0,0023;0;0;0;0;0
"45.861";0;0,179;0,69;0,0677;0;0,0087;0,0109;0;0;0;0;0;0,0371;0,0066;0;0;0;0;0;0
"45.883";0;0,2706;0,5528;0,1124;0;0,0023;0,0115;0,0069;0;0;0;0;0,0413;0;0;0;0;0;0;0
"45.908";0;0,2836;0,5086;0,132;0,0073;0,0024;0,0098;0,0098;0;0,0171;0;0;0,022;0;0,0024;0;0;0;0;0
"45.93";0;0,1286;0,5929;0,131;0;0;0,0095;0,0048;0;0;0;0;0,1262;0;0,0048;0;0;0;0;0
"45.955";0;0,0286;0,6305;0,16;0;0;0;0;0;0,0019;0;0;0,1657;0;0;0;0;0;0;0
"45.977";0;0;0;0;0;0;0;0;0;0;0;0;0;0;0;0;0;0;0;0
"46.005";0;0,0521;0,536;0,1266;0,0124;0,0025;0;0,0074;0;0;0;0;0,2134;0,0199;0,0174;0;0;0;0;0,005
"46.205";0,0048;0,3696;0,4106;0,0749;0,0145;0,0266;0,0628;0,0242;0,0024;0,0048;0;0;0;0;0,0024;0;0;0;0;0
"46.355";0;0,3414;0,3789;0,1542;0,0154;0;0,0639;0,0154;0,0044;0,0132;0;0;0,0044;0;0,0022;0;0;0;0;0,0044
"46.405";0;0,1363;0,5099;0,2352;0;0,0132;0,0308;0,0176;0;0,0286;0;0;0,0176;0;0;0;0;0,0066;0;0
"46.5";0,0072;0,4511;0,3652;0,0477;0,0167;0,0095;0,0597;0,0143;0;0,0048;0;0;0,0191;0,0024;0;0;0;0;0;0
"46.605";0;0,1495;0,6037;0,1738;0,0075;0,0037;0,0056;0,0112;0;0,0019;0;0;0,0374;0;0;0;0;0;0;0
"46.7";0;0,349;0,4116;0,1544;0,0112;0;0,0313;0,0291;0;0;0;0;0,0134;0;0;0;0;0;0;0
"46.805";0;0,4523;0,3174;0,0332;0,0124;0,0207;0,1017;0,0207;0,0062;0,0062;0;0;0,027;0;0;0;0;0;0;0
"46.9";0;0,2603;0,1557;0,0827;0,0657;0,0438;0,2579;0,09;0,017;0,0146;0,0122;0;0;0;0;0;0;0;0;0
"47.005";0,0021;0,5198;0,1331;0,0353;0,0146;0,0291;0,1996;0,0478;0,0021;0,0083;0;0;0,0062;0;0;0;0;0;0;0
"47.205";0;0,2087;0,1845;0,068;0,0388;0,0777;0,2184;0,1214;0,0194;0,034;0,0049;0;0,0194;0;0;0;0;0;0;0
"47.3";0,0076;0,3397;0,3359;0,1641;0,0038;0,0076;0,0649;0,0611;0;0,0115;0;0;0,0038;0;0;0;0;0;0;0
"47.405";0,0213;0,4383;0,3489;0,0596;0,0085;0,017;0,0766;0,0213;0,0085;0;0;0;0;0;0;0;0;0;0;0
"47.5";0,0168;0,3782;0,3529;0,1891;0;0,0042;0,0042;0,0126;0;0,0084;0;0;0,0252;0,0042;0;0;0;0;0;0
"47.605";0,0393;0,4584;0,2496;0,1074;0,0333;0,0378;0,0257;0,0272;0;0,0106;0;0;0,0061;0,003;0;0;0;0;0;0
"47.705";0,0071;0,3357;0,2071;0,175;0,075;0,0393;0,05;0,0393;0;0,0179;0;0;0,05;0;0;0;0;0;0;0
"47.8";0,0134;0,5;0,2277;0,1116;0,0179;0,0223;0,0357;0,0223;0;0,0179;0;0;0,0179;0;0;0;0;0;0;0
"47.9";0,0094;0,6085;0,1557;0,0708;0,0189;0,0142;0,0236;0,0142;0;0,0094;0;0;0,066;0,0047;0;0;0;0;0;0,0047
"48.005";0,0082;0,1184;0,2694;0,2857;0,0041;0;0,0122;0,0041;0;0;0;0;0,249;0;0,0082;0;0;0;0;0
"48.205";0,0398;0,5487;0,1593;0,1106;0,0177;0,0044;0,0885;0,0044;0;0,0177;0;0;0,0088;0;0;0;0;0;0;0
"48.3";0,0222;0,4593;0,3185;0,1259;0;0;0,0593;0;0;0,0148;0;0;0;0;0;0;0;0;0;0
"48.405";0,0231;0,3611;0,3472;0,1065;0,0278;0,0231;0,0324;0,0185;0;0,0185;0;0;0,0278;0,0046;0;0;0;0;0;0
"48.5";0,0044;0,3202;0,443;0,1491;0,0044;0,0044;0,0482;0,0044;0;0;0;0;0,0044;0,0088;0;0,0088;0;0;0;0
"48.605";0,0152;0,1898;0,482;0,1063;0,0474;0,0266;0,0569;0,0209;0;0,0228;0;0;0,0133;0,0057;0;0,0019;0;0;0;0
"48.7";0,0161;0,3097;0,3903;0,1645;0,0097;0,0032;0,029;0,0323;0;0,0097;0;0;0,0323;0,0032;0;0;0;0;0;0
"48.805";0,014;0,3131;0,4206;0,0701;0,0234;0,0187;0,0514;0,0234;0;0,0234;0;0;0,028;0;0;0,0047;0;0;0;0
"48.9";0;0,4032;0,3306;0,1048;0,0202;0;0,1008;0,0121;0;0;0,0081;0;0,0202;0;0;0;0;0;0;0
"49.005";0,0047;0,3208;0,3066;0,1274;0,0236;0,0189;0,0519;0,033;0;0,0613;0;0;0,0283;0;0;0,0047;0;0;0;0,0047
"49.205";0;0,36;0,265;0,085;0,065;0,03;0,115;0,025;0;0,045;0,005;0;0,005;0;0;0;0;0;0;0
"49.3";0;0,3839;0,1964;0,125;0,0446;0,0625;0,1339;0,0313;0;0,0179;0;0;0;0,0045;0;0;0;0;0;0
"49.405";0,0086;0,3664;0,2026;0,1207;0,0647;0,0302;0,0905;0,0345;0;0,0388;0;0;0,0388;0;0;0;0;0;0;0
"49.5";0;0,495;0,265;0,04;0,045;0,01;0,115;0,02;0;0;0;0;0,01;0;0;0;0;0;0;0
"49.6";0,0089;0,4711;0,2044;0,08;0,0133;0,0178;0,0756;0,0356;0;0,04;0;0;0,0489;0;0;0;0;0;0;0
"49.7";0;0,3632;0,2594;0,0566;0,033;0,0189;0,1981;0,0613;0;0,0094;0;0;0;0;0;0;0;0;0;0
"49.8";0;0,3496;0,1549;0,0973;0,0531;0,0354;0,1991;0,0442;0;0,0619;0,0044;0;0;0;0;0;0;0;0;0
"49.905";0,0052;0,3524;0,1962;0,0677;0,0295;0,0642;0,151;0,0642;0,0017;0,0486;0;0;0,0122;0,0017;0,0017;0;0;0;0;0
"50.005";0;0,2765;0,1014;0,0645;0,0369;0,0369;0,3226;0,0922;0,0138;0,0323;0;0;0,023;0;0;0;0;0;0;0
"50.205";0;0,2585;0,1366;0,1268;0,0439;0,0244;0,1854;0,1073;0,0049;0,0976;0;0;0,0146;0;0;0;0;0;0;0
"50.3";0;0,2227;0,4367;0,1747;0;0,0044;0,0786;0,0437;0;0,0349;0;0;0,0044;0;0;0;0;0;0;0
"50.405";0;0,0313;0,1473;0,5313;0;0,0134;0;0,0045;0;0,0089;0;0;0,1786;0;0,0313;0;0,0045;0;0;0
"50.505";0;0,1176;0,5441;0,1949;0,011;0,011;0,0184;0,011;0;0,0588;0;0;0,0221;0,0037;0;0;0;0;0;0
"50.605";0;0,1614;0,4841;0,1614;0,012;0,0159;0,008;0,0299;0;0,0239;0;0;0,0677;0,002;0,0179;0;0;0;0;0,004
"50.7";0,009;0,1435;0,4529;0,3094;0,009;0;0,0224;0;0;0,0404;0;0;0,0135;0;0;0;0;0;0;0
"50.805";0;0,133;0,2512;0,5419;0,0049;0,0099;0,0099;0;0;0,0246;0;0;0,0246;0;0;0;0;0;0;0
"50.9";0;0;0;0;0;0;0;0;0;0;0;0;0;0;0;0;0;0;0;0
"51";0;0;0;0;0;0;0;0;0;0;0;0;0;0;0;0;0;0;0;0
"51.2";0;0;0;0;0;0;0;0;0;0;0;0;0;0;0;0;0;0;0;0
"51.3";0;0;0;0;0;0;0;0;0;0;0;0;0;0;0;0;0;0;0;0
"51.4";0;0;0;0;0;0;0;0;0;0;0;0;0;0;0;0;0;0;0;0
"51.5";0;0;0;0;0;0;0;0;0;0;0;0;0;0;0;0;0;0;0;0
"51.6";0;0;0;0;0;0;0;0;0;0;0;0;0;0;0;0;0;0;0;0
"51.75";0;0,2167;0,5833;0,0833;0;0;0,0333;0,0167;0;0;0;0;0,0667;0;0;0;0;0;0;0
"51.8";0;0;0;0;0;0;0;0;0;0;0;0;0;0;0;0;0;0;0;0
"51.9";0;0,2105;0,4211;0,1228;0;0;0,0175;0,1228;0;0,0175;0;0;0,0702;0;0;0;0;0;0;0
"52";0;0;0;0;0;0;0;0;0;0;0;0;0;0;0;0;0;0;0;0
"52.205";0;0,2971;0,5774;0,0628;0,0126;0;0;0;0;0,0042;0;0;0,0418;0;0;0;0;0;0;0
"52.3";0;0,1713;0,6713;0,0694;0,0046;0;0;0,0093;0;0,0093;0;0;0,0648;0;0;0;0;0;0;0
"52.405";0;0,215;0,6262;0,0794;0,0047;0;0;0,0047;0;0;0;0;0,0561;0;0;0;0;0;0;0,0047
"52.5";0;0,1628;0,7209;0,0349;0;0;0,0116;0;0;0;0;0;0,0465;0;0;0;0;0;0;0
"52.605";0;0,1973;0,5547;0,0933;0,0267;0,0107;0,0213;0,0213;0;0,032;0;0;0,016;0,0107;0,0027;0;0;0;0;0
"52.7";0;0,2442;0,6267;0,0737;0;0;0;0,0138;0;0,0046;0;0;0,0323;0;0;0;0;0;0;0
"52.805";0;0,1311;0,5825;0,1214;0,0291;0;0;0,0097;0;0,0146;0;0;0,1019;0;0,0049;0;0,0049;0;0;0
"52.9";0;0,177;0,6364;0,0718;0,0096;0;0,0048;0,0096;0;0;0;0;0,0766;0,0048;0,0048;0;0;0;0;0
"53.005";0;0,2528;0,5688;0,0335;0,0112;0;0,0037;0,0186;0;0;0;0;0,0929;0;0,0037;0;0;0;0;0
"53.205";0;0,1875;0,5577;0,0385;0,0144;0;0,0048;0,024;0;0,0288;0;0;0,1058;0;0,0048;0;0;0;0;0
"53.3";0;0;0;0;0;0;0;0;0;0;0;0;0;0;0;0;0;0;0;0
"53.405";0;0,1552;0,6983;0,0603;0;0;0;0,0086;0;0,0086;0;0;0,069;0;0;0;0;0;0;0
"53.5";0;0;0;0;0;0;0;0;0;0;0;0;0;0;0;0;0;0;0;0
"53.605";0;0,1528;0,7396;0,0264;0,0302;0,0094;0,0038;0,0208;0;0,0019;0;0;0,0094;0,0057;0;0;0;0;0;0
"53.7";0;0;0;0;0;0;0;0;0;0;0;0;0;0;0;0;0;0;0;0
"53.805";0;0,1198;0,781;0,0331;0;0;0,0083;0;0;0;0;0;0,0455;0;0,0041;0;0,0041;0;0;0
"53.905";0;0,1845;0,7082;0,0558;0,0086;0;0,0129;0,0043;0;0;0;0;0,0215;0;0;0;0;0;0;0
"54";0;0;0;0;0;0;0;0;0;0;0;0;0;0;0;0;0;0;0;0
"54.205";0;0,1055;0,7266;0,0273;0,0039;0;0;0,0234;0;0,0195;0;0;0,0898;0;0;0;0;0;0;0
"54.3";0;0,173;0,6329;0,0295;0,0042;0,0042;0,0295;0,0422;0;0,0211;0;0;0,0506;0;0;0;0;0;0;0
"54.405";0;0,1928;0,6305;0,0361;0,0241;0;0,004;0,012;0;0,0241;0;0;0,0602;0;0;0;0;0;0;0,004
"54.5";0;0,2949;0,5256;0;0;0;0;0,0256;0;0,0256;0;0;0,1154;0;0;0;0;0;0;0
"54.605";0;0,1803;0,6197;0,0197;0,0318;0,0121;0,0091;0,0333;0;0,0682;0;0;0,0212;0;0;0;0;0;0;0,0015
"54.7";0;0,1633;0,5777;0,0359;0;0;0,0239;0,0598;0;0,0518;0;0;0,0717;0;0;0;0;0;0;0
"54.805";0;0,1156;0,619;0,0204;0;0;0;0,0204;0;0,068;0;0;0,1429;0;0;0;0;0;0;0,0136
"54.9";0;0,0392;0,3725;0,0588;0;0;0;0;0;0;0;0;0,4314;0;0;0;0;0;0;0,0784
"55.005";0;0,2974;0,5388;0,0388;0;0;0,0216;0,0172;0;0,0129;0;0;0,069;0;0;0;0;0;0;0
"55.205";0;0,1597;0,7311;0,0336;0,0084;0;0;0;0;0,0084;0;0;0,0588;0;0;0;0;0;0;0
"55.3";0;0,0625;0,7813;0,0313;0;0;0;0,0313;0;0;0;0;0,0938;0;0;0;0;0;0;0
"55.405";0;0,2254;0,6573;0,0516;0,0047;0;0;0;0;0,0141;0;0;0,0423;0,0047;0;0;0;0;0;0
"55.5";0;0,1558;0,7013;0,0649;0,0043;0;0,013;0,0043;0;0;0;0;0,0433;0,0087;0;0;0;0;0;0
"55.605";0;0,0748;0,8384;0,0425;0,0017;0,0017;0,0034;0,0136;0;0,0051;0;0;0,0136;0;0;0;0;0;0;0
"55.7";0;0,1207;0,5862;0,0862;0;0;0;0;0;0,0345;0;0;0,1552;0;0;0;0;0;0;0
"55.805";0;0,127;0,7143;0;0;0,0159;0;0,0159;0;0;0;0;0,1111;0;0;0;0;0;0;0
"55.9";0;0,1978;0,6374;0,1099;0,011;0;0;0;0;0;0;0;0,044;0;0;0;0;0;0;0
"56.005";0;0,2213;0,6482;0,0395;0,004;0;0;0,0119;0;0,0119;0;0;0,0514;0,0079;0;0;0;0;0;0,004
"56.205";0;0,1743;0,722;0,0373;0;0;0;0,0124;0;0,0083;0;0;0,0456;0;0;0;0;0;0;0
"56.3";0;0,1388;0,7265;0,0735;0;0;0,0041;0,0122;0;0;0;0;0,0367;0,0041;0;0;0,0041;0;0;0
"56.405";0;0,2913;0,5631;0,1165;0;0;0;0;0;0,0097;0;0;0,0097;0;0;0;0;0;0;0
"56.5";0;0,1524;0,719;0,0476;0,0048;0;0,0048;0;0;0,0048;0;0;0,0571;0,0048;0,0048;0;0;0;0;0
"56.605";0;0,2376;0,6444;0,065;0,0068;0,0085;0,0017;0,0068;0;0,0085;0;0;0,0085;0,0051;0,0017;0;0;0;0;0,0017
"56.7";0;0,148;0,6457;0,157;0;0;0;0,0045;0;0;0;0;0,0359;0,009;0;0;0;0;0;0
"56.805";0;0,1834;0,6725;0,0917;0;0,0131;0,0087;0;0;0;0;0;0,0262;0,0044;0;0;0;0;0;0
"56.9";0;0,0897;0,7821;0,1026;0;0;0;0;0;0,0085;0;0;0,0128;0;0;0;0;0;0;0
"57.005";0;0,1376;0,7798;0,055;0;0;0;0;0;0;0;0;0,0183;0;0;0;0;0;0;0
"57.205";0;0,25;0,6316;0,0526;0;0;0;0,0044;0;0,0219;0;0;0,0351;0,0044;0;0;0;0;0;0
"57.3";0;0,176;0,652;0,112;0;0,004;0,008;0,008;0;0,02;0;0;0,02;0;0;0;0;0;0;0
"57.405";0;0,1416;0,7725;0,0386;0;0;0;0,0086;0;0,0043;0;0;0,03;0;0;0;0;0;0;0,0043
"57.5";0;0,1991;0,5575;0,0929;0,0044;0,0088;0,0265;0,0265;0;0,0487;0;0;0,0265;0,0044;0;0;0;0;0;0
"57.605";0;0,2208;0,5332;0,1005;0,0126;0,0108;0,0054;0,0449;0;0,0592;0;0;0,0054;0,0018;0;0;0;0;0;0,0036
"57.7";0;0,2723;0,3973;0,1205;0,0089;0,0134;0,0313;0,0223;0;0,1071;0,0045;0;0,0223;0;0;0;0;0;0;0
"57.805";0;0,1303;0,4225;0,1972;0,0211;0,0141;0,0141;0,0845;0;0,081;0;0;0,0317;0,0035;0;0;0;0;0;0
"57.9";0;0,1545;0,3727;0,1364;0,0455;0,0364;0,0182;0,0636;0;0,1455;0;0;0,0273;0;0;0;0;0;0;0
"58.005";0;0,2338;0,3853;0,1991;0,0087;0,013;0,013;0,0346;0;0,0866;0;0;0,0216;0;0;0;0;0;0;0
"58.205";0;0,1494;0,3527;0,3237;0;0,0166;0,0041;0,0498;0;0,0539;0;0;0,0498;0;0;0;0;0;0;0
"58.3";0;0,0472;0,3302;0,2547;0;0;0;0;0;0;0;0;0,2925;0;0,0283;0;0;0;0;0,0094
"58.405";0;0,1794;0,5592;0,0763;0,0115;0,0134;0,0095;0,0706;0;0,0687;0;0;0,0076;0,0019;0;0;0;0;0;0
"58.5";0;0,1078;0,4902;0,1667;0,0098;0;0;0,0392;0;0,0882;0;0;0,0588;0;0,0098;0;0;0;0;0
"58.605";0,0012;0,0872;0,6118;0,1474;0,0221;0,0025;0;0,0381;0;0,0651;0;0;0,0221;0;0;0;0;0,0012;0;0,0012
"58.7";0;0,0129;0,6379;0,2802;0,0043;0;0,0129;0,0129;0;0,0043;0;0;0,0345;0;0;0;0;0;0;0
"58.805";0;0,14;0,58;0,12;0;0;0;0,01;0;0;0;0;0,07;0;0,01;0;0;0,01;0;0
"58.9";0;0,1154;0,649;0,0962;0;0;0;0;0;0;0;0;0,0962;0;0,0144;0;0;0;0;0,0096
"59.005";0;0,0495;0,5941;0,0693;0;0;0;0;0;0;0;0;0,2574;0;0;0,0099;0;0;0;0
"59.205";0;0,0437;0,6942;0,0728;0;0;0,0049;0;0;0;0;0;0,1602;0;0;0;0,0049;0,0097;0;0
"59.3";0;0,1622;0,7162;0,0766;0;0;0;0;0;0;0;0;0,0315;0;0;0;0;0;0;0,009
"59.405";0;0,0694;0,7361;0,1181;0;0;0;0;0;0;0;0;0,0694;0;0;0;0;0;0;0
"59.5";0;0,0868;0,5774;0,2906;0,0038;0;0;0,0038;0;0;0;0;0,0377;0;0;0;0;0;0;0
"59.605";0;0,1193;0,6168;0,1802;0;0;0,0051;0,0051;0;0,0178;0;0;0,0482;0;0;0;0;0;0;0
"59.7";0;0,0803;0,6825;0,1642;0,0036;0;0;0,0109;0;0;0;0;0,0401;0;0,0146;0;0;0,0036;0;0
"59.805";0;0,056;0,7629;0,1034;0;0,0129;0,0043;0,0043;0;0;0;0;0,0345;0;0,0043;0,0043;0;0;0;0
"59.9";0;0,0586;0,5565;0,2678;0;0;0;0;0;0;0;0;0,0962;0;0,0042;0,0084;0;0;0;0
"60.004";0;0,0971;0,5971;0,2233;0;0;0;0,0049;0;0;0;0;0,0777;0;0;0;0;0;0;0
"60.153";0;0;0;0;0;0;0;0;0;0;0;0;0;0;0;0;0;0;0;0
"60.229";0;0;0;0;0;0;0;0;0;0;0;0;0;0;0;0;0;0;0;0
"60.305";0;0;0;0;0;0;0;0;0;0;0;0;0;0;0;0;0;0;0;0
"60.382";0;0;0;0;0;0;0;0;0;0;0;0;0;0;0;0;0;0;0;0
"60.458";0;0;0;0;0;0;0;0;0;0;0;0;0;0;0;0;0;0;0;0
"60.534";0;0;0;0;0;0;0;0;0;0;0;0;0;0;0;0;0;0;0;0
"60.611";0;0;0;0;0;0;0;0;0;0;0;0;0;0;0;0;0;0;0;0
"60.687";0;0;0;0;0;0;0;0;0;0;0;0;0;0;0;0;0;0;0;0
"60.763";0;0;0;0;0;0;0;0;0;0;0;0;0;0;0;0;0;0;0;0
"60.92";0;0;0;0;0;0;0;0;0;0;0;0;0;0;0;0;0;0;0;0
"60.992";0;0,0161;0,5968;0,0484;0;0;0;0;0;0;0;0;0,2742;0;0;0;0;0,0161;0;0,0323
"61.073";0;0;0;0;0;0;0;0;0;0;0;0;0;0;0;0;0;0;0;0
"61.145";0;0;0;0;0;0;0;0;0;0;0;0;0;0;0;0;0;0;0;0
"61.225";0;0;0;0;0;0;0;0;0;0;0;0;0;0;0;0;0;0;0;0
"61.298";0;0;0;0;0;0;0;0;0;0;0;0;0;0;0;0;0;0;0;0
"61.374";0;0;0;0;0;0;0;0;0;0;0;0;0;0;0;0;0;0;0;0
"61.531";0;0,0526;0,6316;0,0877;0;0;0,0175;0;0;0;0;0;0,1754;0;0;0;0;0;0;0,0175
"61.683";0;0,08;0,7156;0,1644;0;0;0;0;0;0;0;0;0,0356;0;0;0;0;0;0;0
"61.756";0;0;0;0;0;0;0;0;0;0;0;0;0;0;0;0;0;0;0;0
"61.836";0;0;0,6543;0,1975;0;0;0;0,0123;0;0;0;0;0,0741;0;0;0;0;0;0;0
"61.908";0;0;0,5217;0,0725;0;0;0;0;0;0,0145;0;0;0,2899;0;0;0,0145;0;0;0;0,058
"61.989";0;0,0049;0,6108;0,133;0,0148;0,0049;0;0;0;0;0;0;0,2069;0;0;0;0;0;0;0,0246
"62.061";0;0;0,1695;0,1186;0;0;0;0,0339;0;0;0;0;0,6441;0;0;0;0,0169;0;0;0,0169
"62.218";0;0;0;0;0;0;0;0;0;0;0;0;0;0;0;0;0;0;0;0
"62.29";0;0;0,3269;0;0,0192;0;0;0;0;0;0;0;0,6346;0,0192;0;0;0;0;0;0
"62.443";0;0;0;0;0;0;0;0;0;0;0;0;0;0;0;0;0;0;0;0
"62.523";0;0;0;0;0;0;0;0;0;0;0;0;0;0;0;0;0;0;0;0
"62.595";0;0;0;0;0;0;0;0;0;0;0;0;0;0;0;0;0;0;0;0
"62.672";0;0;0;0;0;0;0;0;0;0;0;0;0;0;0;0;0;0;0;0
"62.748";0;0;0;0;0;0;0;0;0;0;0;0;0;0;0;0;0;0;0;0
"62.828";0;0;0;0;0;0;0;0;0;0;0;0;0;0;0;0;0;0;0;0
"62.905";0;0;0,2783;0,0348;0;0;0;0;0;0;0;0;0,6522;0,0087;0;0,0174;0;0;0;0
"62.977";0;0;0;0;0;0;0;0;0;0;0;0;0;0;0;0;0;0;0;0
"63.057";0;0;0;0;0;0;0;0;0;0;0;0;0;0;0;0;0;0;0;0
"63.21";0;0;0;0;0;0;0;0;0;0;0;0;0;0;0;0;0;0;0;0
"63.286";0;0;0;0;0;0;0;0;0;0;0;0;0;0;0;0;0;0;0;0
"63.363";0;0;0;0;0;0;0;0;0;0;0;0;0;0;0;0;0;0;0;0
"63.435";0;0;0;0;0;0;0;0;0;0;0;0;0;0;0;0;0;0;0;0
"63.515";0;0,0253;0,5696;0,0759;0,0063;0;0;0;0;0;0;0;0,3101;0;0;0;0;0;0;0
"63.588";0;0,08;0,58;0,04;0;0;0;0,02;0;0;0;0;0,28;0;0;0;0;0;0;0
"63.664";0;0;0;0;0;0;0;0;0;0;0;0;0;0;0;0;0;0;0;0
"63.74";0;0;0;0;0;0;0;0;0;0;0;0;0;0;0;0;0;0;0;0
"63.821";0;0;0;0;0;0;0;0;0;0;0;0;0;0;0;0;0;0;0;0
"63.973";0;0;0,129;0,0323;0;0;0;0,0161;0;0,0161;0;0;0,6452;0;0,0645;0,0484;0;0;0;0
"64.05";0;0;0;0;0;0;0;0;0;0;0;0;0;0;0;0;0;0;0;0
"64.126";0;0,0351;0,193;0,1754;0;0;0,0351;0,0175;0;0;0;0;0,4561;0;0;0;0;0;0;0
"64.198";0;0;0,2222;0,1296;0;0;0;0,0185;0;0;0;0;0,5185;0;0,0926;0,0185;0;0;0;0
"64.279";0;0,0062;0,108;0,1111;0;0;0;0,0031;0;0;0;0;0,6574;0;0,071;0,0062;0;0;0;0
"64.351";0;0;0;0;0;0;0;0;0;0;0;0;0;0;0;0;0;0;0;0
"64.431";0;0;0;0;0;0;0;0;0;0;0;0;0;0;0;0;0;0;0;0
"64.504";0;0;0,4615;0,0385;0;0;0,0192;0,0192;0;0;0;0;0,4615;0;0;0;0;0;0;0
"64.584";0;0;0,717;0,0377;0;0;0;0;0;0;0;0;0,1887;0;0;0;0;0;0;0
"64.737";0;0,0476;0,6476;0,0286;0;0;0;0;0;0;0;0;0,2095;0;0;0,0286;0;0;0;0
"64.889";0;0;0,125;0,0313;0,0156;0;0;0;0;0,0313;0;0;0,5938;0;0,0938;0,0313;0,0469;0;0;0,0156
"65.042";0;0;0,0857;0,0381;0,0381;0;0;0;0;0;0;0;0,7238;0;0,0762;0,019;0;0;0;0
"65.195";0;0,0145;0,6377;0,0435;0;0;0;0;0;0;0;0;0,2754;0;0;0;0;0;0;0
"65.347";0;0;0,9545;0,0065;0;0;0;0;0;0;0;0;0,0325;0;0;0,0065;0;0;0;0
"65.424";0;0;0,4691;0,0617;0;0;0;0;0;0;0;0;0,4074;0;0,037;0;0;0;0;0
"65.496";0;0,0439;0,5088;0,1316;0,0175;0;0;0;0;0;0;0;0,2982;0;0;0;0;0;0;0
"65.576";0;0,0238;0,2976;0,0595;0;0,0119;0;0;0;0;0;0;0,4762;0;0,0714;0,0119;0;0;0;0,0476
"65.676";0;0,1344;0,7473;0,0269;0;0;0;0;0;0;0;0;0,0806;0;0;0;0;0;0;0
"65.687";0;0,0862;0,7414;0,0172;0;0;0;0;0;0;0;0;0,1552;0;0;0;0;0;0;0
"65.805";0;0,0439;0,5088;0,1316;0,0175;0;0;0;0;0;0;0;0,2982;0;0;0;0;0;0;0
"65.878";0;0;0;0;0;0;0;0;0;0;0;0;0;0;0;0;0;0;0;0
"65.954";0;0;0;0;0;0;0;0;0;0;0;0;0;0;0;0;0;0;0;0
"66.008";0;0;0;0;0;0;0;0;0;0;0;0;0;0;0;0;0;0;0;0
"66.031";0;0;0;0;0;0;0;0;0;0;0;0;0;0;0;0;0;0;0;0
"66.111";0;0,0685;0,3014;0,0548;0;0;0;0,0274;0;0;0;0;0,4384;0;0;0;0,0137;0;0;0
"66.263";0;0,0291;0,4272;0,068;0,0291;0;0;0;0;0;0;0;0,4078;0;0,0097;0;0;0;0;0
"66.336";0;0,1348;0,5955;0,1011;0;0;0;0,0112;0;0;0;0;0,1124;0;0;0,0112;0;0;0;0
"66.416";0;0,0179;0,625;0,0536;0;0;0;0;0;0;0;0;0,3036;0;0;0;0;0;0;0
"66.489";0;0;0;0;0;0;0;0;0;0;0;0;0;0;0;0;0;0;0;0
"66.569";0;0;0,1628;0,1395;0;0;0;0;0;0;0;0;0,5814;0,0116;0,0116;0,0116;0;0;0;0
"66.641";0;0;0;0;0;0;0;0;0;0;0;0;0;0;0;0;0;0;0;0
"66.721";0;0,0357;0,2946;0,0982;0;0;0;0;0;0;0;0;0,5;0;0;0;0,0089;0;0;0,0089
"66.794";0;0;0;0;0;0;0;0;0;0;0;0;0;0;0;0;0;0;0;0
"66.874";0;0;0;0;0;0;0;0;0;0;0;0;0;0;0;0;0;0;0;0
"67.027";0;0,0244;0,6748;0,0325;0;0;0;0;0;0,0081;0;0;0,2358;0;0;0;0;0;0;0
"67.099";0;0,18;0,62;0,1;0;0;0;0;0;0;0;0;0,1;0;0;0;0;0;0;0
"67.179";0;0,084;0,5802;0,1145;0;0;0;0;0;0;0;0;0,1832;0;0;0,0076;0;0;0;0
"67.252";0;0,0777;0,5922;0,068;0;0;0;0;0;0;0;0;0,1845;0;0,0194;0;0;0,0097;0;0,0097
"67.332";0;0,0536;0,5595;0,2202;0,0119;0,0179;0,006;0,006;0;0,0179;0;0;0,0952;0,006;0;0;0;0;0;0
"67.405";0;0,0476;0,4921;0,2381;0;0;0;0;0;0;0;0;0,1746;0;0,0159;0;0;0;0;0,0317
"67.485";0;0,0714;0,5429;0,0857;0;0;0;0;0;0;0;0;0,2286;0;0,0357;0;0,0071;0;0;0
"67.557";0;0,1111;0,537;0,1296;0;0;0;0;0;0;0;0;0,2222;0;0;0;0;0;0;0
"67.637";0;0,0957;0,7826;0,0435;0;0;0;0;0;0;0;0;0,0783;0;0;0;0;0;0;0
"67.79";0;0,0724;0,5475;0,1448;0;0;0;0;0;0;0;0;0,2081;0;0;0;0;0;0;0,0045
"67.866";0;0,16;0,45;0,12;0;0;0,01;0;0;0;0;0;0,2;0;0,02;0;0;0,01;0;0
"67.943";0;0,1503;0,6536;0,1046;0,0065;0;0;0;0;0;0;0;0,0784;0;0;0;0;0;0;0
"68.015";0;0;0;0;0;0;0;0;0;0;0;0;0;0;0;0;0;0;0;0
"68.095";0;0;0;0;0;0;0;0;0;0;0;0;0;0;0;0;0;0;0;0
"68.168";0;0;0;0;0;0;0;0;0;0;0;0;0;0;0;0;0;0;0;0
"68.244";0;0;0;0;0;0;0;0;0;0;0;0;0;0;0;0;0;0;0;0
"68.321";0;0;0;0;0;0;0;0;0;0;0;0;0;0;0;0;0;0;0;0
"68.397";0;0;0;0;0;0;0;0;0;0;0;0;0;0;0;0;0;0;0;0
"68.553";0;0;0;0;0;0;0;0;0;0;0;0;0;0;0;0;0;0;0;0
"68.626";0;0;0;0;0;0;0;0;0;0;0;0;0;0;0;0;0;0;0;0
"68.702";0;0;0;0;0;0;0;0;0;0;0;0;0;0;0;0;0;0;0;0
