X2;Abies;Acer campestre-type;Alnus;Artemisia;Betula;Buxus;Campanulaceae;Carpinus;Caryophyllaceae (periporate excl. Paronychioideae);Centaurea;Chenopodiaceae/Amaranthaceae;Corylus;Cyperaceae;Euhedra distachya-type;Ericaceae;Euphorbiaceae;Fagus;Filipendula;Fraxinus;Poaceae;Hedera;Helianthemum;Ilex;Juniperus;Picea;Pinus;Plantaginaceae;Polygonum;Populus;Quercus;Ranunculus acris-type;Rosaceae;Rubiaceae;Salix;Saxifragaceae;Taxus;Thalictrum;Tilia;Trifolium-type;Ulmus;Varia;Hippophae rhamnoides;Rumex;Apiaceae;Brassicaceae
147.116789061375;0;0;0,111;0;0,214;0;0;0,007;0,003;0;0;0,019;0,012;0;0,003;0;0;0;0,022;0,07;0;0;0;0;0,326;0,089;0;0;0;0,026;0,003;0,003;0,003;0;0;0;0;0;0;0;0,018;0;0,007;0;0
196.888012864325;0,003;0;0,077;0;0,367;0;0;0,003;0;0;0;0,019;0;0;0;0;0,006;0;0,008;0,036;0;0;0;0;0,279;0,126;0,011;0;0;0,019;0,003;0,006;0;0,006;0;0;0;0;0;0,003;0,011;0,003;0;0;0,003
250.3480107365;0,005;0;0,045;0;0,285;0;0;0;0;0;0,003;0,011;0,003;0;0,005;0;0,005;0;0,016;0,029;0;0;0;0;0,457;0,081;0,008;0;0;0,011;0;0,003;0,005;0,013;0;0;0;0;0;0,003;0,008;0;0;0;0,003
307.4967826779;0,003;0,003;0,05;0,003;0,146;0;0;0;0;0;0;0,053;0,012;0;0,075;0;0,106;0;0,009;0,125;0;0;0;0;0,15;0,15;0,009;0;0;0,056;0,009;0,003;0,006;0,003;0;0;0;0;0;0;0,003;0,012;0,006;0,003;0
364.6455546193;0;0;0,054;0;0,048;0;0;0;0;0;0;0,017;0,017;0;0,238;0;0,177;0;0,003;0,19;0;0;0;0;0,058;0,117;0,003;0;0;0,044;0,013;0,01;0;0,003;0;0;0,003;0;0,01;0;0,013;0;0;0,003;0
417.30027691548;0,003;0;0,058;0;0,089;0;0;0,014;0;0;0;0,048;0,049;0;0,157;0;0,154;0;0,007;0,198;0;0;0;0;0,048;0,06;0,01;0;0;0,089;0,003;0,034;0;0;0;0;0;0;0;0,003;0;0;0;0,007;0,003
676.80136884025;0;0;0,06;0;0,092;0;0;0;0,003;0;0;0,044;0,048;0;0,238;0;0,139;0;0,006;0,117;0;0;0;0;0,043;0,111;0,025;0,006;0;0,063;0,006;0,01;0,006;0,003;0;0;0;0,003;0;0,006;0;0;0;0,006;0
469.95499921166;0;0;0,101;0,003;0,17;0;0;0,021;0;0;0,003;0,092;0,018;0;0,063;0;0,173;0;0;0,086;0;0;0;0;0,063;0,088;0,033;0;0;0,054;0,003;0,009;0;0,009;0;0;0;0;0,003;0;0,003;0,009;0;0;0
755.16246753375;0;0;0,103;0,003;0,116;0;0,003;0,007;0;0;0;0,089;0,067;0;0,089;0;0,243;0;0,01;0,072;0;0;0;0;0,039;0,07;0,014;0;0;0,092;0;0;0,003;0,003;0;0;0;0,003;0;0,003;0;0;0;0;0,003
524.5500521865;0;0;0,088;0,003;0,218;0;0;0,014;0;0;0;0,085;0,022;0;0,051;0;0,161;0;0;0,088;0;0,003;0;0;0,045;0,051;0,023;0;0;0,119;0;0,003;0;0;0;0;0;0;0;0;0;0,003;0;0,008;0
833.52356622725;0;0;0,074;0,004;0,126;0;0,004;0,011;0,004;0;0,004;0,088;0,065;0;0,032;0;0,175;0;0,007;0,074;0;0;0;0,004;0,079;0,119;0,011;0,004;0;0,137;0;0,007;0;0;0;0;0;0;0,004;0;0;0,004;0;0,004;0,004
581.08543584;0;0;0,19;0,006;0,044;0;0;0,044;0;0;0;0,066;0,012;0;0,009;0;0,459;0;0,009;0,034;0;0;0;0;0,037;0,017;0,009;0;0;0,044;0,006;0,003;0;0;0;0,003;0;0,006;0;0,009;0,009;0,003;0,003;0,003;0
1112.15705757725;0;0;0,152;0,003;0,164;0;0;0,025;0;0;0,003;0,074;0,012;0;0,003;0;0,357;0;0,016;0,031;0;0;0;0;0,031;0,045;0,006;0;0;0,065;0;0;0,003;0;0;0;0;0;0;0,003;0;0,003;0;0;0
637.6208194935;0,005;0,002;0,112;0;0,05;0;0;0,04;0;0;0;0,084;0,024;0;0,005;0;0,496;0;0,027;0,027;0;0;0;0;0,032;0,017;0,017;0;0;0,067;0,002;0;0;0;0;0;0;0;0;0,01;0,005;0;0,002;0;0
1390.79054892725;0;0;0,164;0,003;0,132;0;0;0,016;0;0;0;0,075;0,022;0;0,022;0;0,33;0;0,013;0,038;0;0;0;0;0,036;0,039;0,006;0;0;0,097;0;0,006;0;0,003;0;0;0;0;0;0,003;0,003;0;0;0;0
715.981918187;0,003;0;0,156;0,003;0,159;0;0;0,047;0;0;0;0,053;0,006;0;0;0;0,425;0;0,039;0,006;0;0;0;0;0,011;0,011;0;0;0;0,064;0;0;0;0,003;0;0;0;0;0;0,017;0,003;0;0;0;0
794.3430168805;0;0;0,123;0;0,156;0;0;0,02;0;0;0,003;0,126;0,05;0;0,003;0;0,375;0;0,033;0,037;0;0;0;0;0,003;0;0;0;0;0,093;0,01;0;0;0;0;0,003;0,003;0,01;0;0,003;0,015;0,003;0;0,003;0
972.84031190225;0;0;0,154;0,007;0,079;0;0,003;0,007;0;0;0;0,095;0,007;0;0,016;0;0,416;0;0,01;0,039;0;0,003;0;0;0,013;0,013;0,003;0;0;0,125;0;0,003;0;0,003;0;0;0;0;0;0;0,01;0,003;0,003;0;0
1251.47380325225;0,003;0;0,088;0,003;0,068;0;0;0,014;0;0;0;0,085;0,017;0;0,003;0;0,346;0;0,014;0,027;0;0;0;0;0,024;0,11;0,003;0;0;0,183;0;0;0;0;0;0;0;0;0;0;0,01;0,007;0;0,003;0
1530.10729460225;0;0;0,225;0;0,379;0;0;0,006;0;0;0;0,143;0;0;0,006;0;0,1;0;0,003;0,018;0;0;0;0;0,009;0,02;0,003;0;0;0,064;0;0;0;0,006;0;0;0;0;0;0,009;0;0;0,006;0;0
1632.31662846275;0;0;0,141;0,003;0,423;0;0;0,02;0;0;0;0,121;0,016;0;0,003;0;0,138;0;0,01;0,016;0;0;0;0;0,023;0,026;0;0;0;0,043;0;0;0,007;0,01;0;0;0;0;0;0;0,003;0,003;0,007;0;0
1734.52596232325;0,009;0;0,161;0,003;0,124;0;0;0;0,003;0;0;0,083;0,009;0;0,019;0;0,377;0;0;0,087;0;0;0;0;0,017;0,015;0,009;0;0,003;0,043;0,003;0,006;0,003;0,003;0;0;0;0;0;0,012;0,003;0,003;0,003;0;0
1829.129193684;0;0;0,149;0,014;0,237;0;0;0,017;0;0;0,003;0,112;0,036;0;0;0;0,308;0;0,024;0,047;0;0;0;0,003;0,003;0,007;0,01;0;0;0,047;0,023;0;0;0;0;0,003;0;0,003;0;0,007;0,028;0;0;0,003;0
1916.126322545;0;0;0,185;0;0,182;0;0;0,003;0;0;0;0,108;0,013;0;0,003;0;0,378;0;0,024;0,034;0;0;0;0;0,003;0,012;0;0;0,007;0,044;0;0;0;0;0;0;0;0;0;0,01;0,003;0;0;0,003;0
2003.123451406;0,007;0;0,186;0,007;0,245;0;0;0,007;0;0;0;0,127;0,003;0;0;0;0,303;0;0,007;0,016;0;0;0;0;0,018;0,01;0,02;0;0;0,039;0;0;0;0,003;0;0;0;0;0;0,003;0,006;0;0,003;0;0
2101.95538463085;0,003;0;0,18;0;0,203;0;0;0,003;0;0;0;0,103;0,01;0;0,042;0;0,296;0,003;0,023;0,042;0;0;0;0;0,021;0,014;0,01;0;0;0,045;0;0;0;0;0;0;0;0,003;0,003;0,003;0,006;0;0,003;0;0
2200.7873178557;0;0;0,146;0,003;0,1;0;0;0,003;0;0;0;0,11;0,007;0;0,003;0;0,356;0;0,007;0,04;0;0;0;0;0,017;0,018;0,023;0;0;0,143;0;0,003;0;0;0;0;0,003;0;0;0,003;0;0;0,007;0,01;0
2302.84909506388;0,007;0;0,178;0;0,056;0;0;0,01;0;0;0;0,053;0;0;0,003;0;0,537;0;0,03;0,007;0;0;0;0;0,038;0,023;0,007;0;0;0,036;0;0;0;0;0;0;0;0;0;0,007;0,013;0;0,003;0;0
2408.14071625538;0,003;0;0,179;0;0,146;0;0;0,006;0;0;0;0,054;0,023;0;0;0;0,487;0;0,015;0,015;0;0;0;0;0,027;0,019;0;0;0;0,033;0,006;0;0;0;0;0;0,003;0;0;0,006;0,006;0,006;0;0;0
2513.43233744687;0,008;0;0,119;0;0,075;0;0;0,005;0;0;0;0,073;0,011;0;0;0;0,539;0;0,032;0,016;0;0;0;0;0,023;0,012;0,005;0;0;0,075;0;0;0;0;0;0;0;0;0;0,005;0,008;0,005;0,005;0;0
2605.23708379837;0,006;0;0,148;0;0,102;0;0;0,006;0;0;0;0,105;0,009;0;0;0;0,449;0;0,022;0,025;0;0;0;0;0,02;0,005;0,006;0;0;0,083;0;0;0,003;0,003;0;0;0;0;0;0,012;0,003;0;0,003;0;0
2697.04183014987;0;0;0,192;0,003;0,13;0;0;0,003;0;0;0;0,11;0,006;0;0;0;0,469;0;0,017;0,003;0;0;0;0;0,02;0;0;0;0;0,034;0;0,003;0;0,003;0;0;0;0;0;0,006;0;0,003;0,003;0;0
2789.92049551888;0;0;0,231;0;0,154;0;0;0;0;0;0;0,113;0,011;0;0;0;0,363;0;0,036;0,011;0;0;0;0;0,017;0,015;0;0;0;0,039;0;0;0;0,003;0;0;0;0;0;0,006;0,003;0,003;0,008;0;0
2883.87307990537;0;0;0,221;0;0,166;0;0;0,003;0;0;0;0,123;0,01;0;0;0;0,386;0;0,006;0,01;0;0;0;0;0,013;0,003;0;0;0;0,055;0;0;0;0,003;0;0;0;0;0;0,003;0,006;0;0;0;0
2977.82566429188;0;0;0,276;0,003;0,123;0;0;0,014;0,003;0;0;0,131;0,013;0;0;0;0,298;0;0;0,047;0;0,003;0;0;0,014;0,007;0;0;0;0,055;0;0,005;0;0;0;0;0;0,011;0;0,003;0,019;0,003;0;0,003;0
3050.73404410267;0;0;0,231;0,003;0,113;0;0;0;0;0;0;0,159;0,006;0;0;0;0,344;0;0,006;0,028;0;0;0;0;0,02;0,017;0,006;0;0;0,063;0;0,003;0;0;0;0;0;0,003;0;0,003;0;0;0;0;0
3123.64242391347;0;0;0,161;0,006;0,12;0;0;0;0;0;0;0,129;0,009;0;0;0;0,423;0;0,022;0,013;0;0;0;0;0,022;0,003;0,003;0;0;0,076;0;0;0;0,003;0;0;0;0;0;0,006;0;0,006;0,003;0,003;0
3196.94165844313;0,006;0;0,172;0,01;0,096;0;0;0,003;0;0;0,003;0,146;0,013;0;0;0;0,436;0;0,01;0,022;0;0;0;0;0,016;0,01;0,01;0;0;0,048;0;0;0;0;0;0;0;0,003;0;0,006;0,003;0;0,003;0;0
3270.63174769163;0,003;0;0,12;0,009;0,095;0;0;0,006;0;0;0;0,077;0,021;0;0;0;0,538;0;0,012;0,003;0;0;0;0;0,018;0,025;0,015;0;0;0,065;0;0;0;0;0;0;0;0;0;0;0,009;0,006;0;0,003;0
3344.32183694013;0,003;0;0,16;0,009;0,115;0;0;0,012;0;0;0;0,065;0,009;0;0,006;0;0,505;0;0,012;0,018;0;0;0;0;0,018;0,019;0;0;0;0,032;0,003;0;0;0;0;0;0;0,006;0;0,015;0,009;0,003;0,003;0;0
3406.58437091743;0;0,003;0,222;0,006;0,098;0;0;0,006;0;0;0;0,065;0,038;0;0,006;0;0,45;0;0,037;0,028;0;0;0;0,003;0,034;0,007;0,003;0;0;0,02;0,003;0;0;0;0;0;0;0,006;0;0,006;0,016;0;0;0,003;0
3468.84690489472;0;0;0,153;0,009;0,061;0;0;0;0;0;0;0,127;0,014;0;0,009;0;0,462;0;0,035;0,009;0;0;0;0;0,02;0,017;0,006;0;0;0,066;0;0;0;0,003;0;0;0;0;0;0,009;0;0;0,003;0,003;0
3533.61070713463;0,003;0;0,17;0;0,096;0;0;0;0;0;0;0,108;0,009;0;0;0;0,455;0;0,046;0,006;0;0;0;0;0,015;0,034;0;0;0;0,043;0;0,003;0;0,003;0;0;0;0;0;0,009;0;0,003;0;0;0
3600.87577763712;0,003;0;0,164;0,009;0,042;0;0;0,003;0;0;0;0,085;0,006;0;0,018;0;0,507;0;0,042;0,009;0;0;0;0;0,023;0,018;0,003;0;0;0,036;0;0,006;0;0,003;0;0;0;0;0;0,015;0;0;0,003;0,006;0
3668.14084813963;0,006;0;0,206;0,003;0,044;0;0;0;0;0;0;0,114;0,022;0;0,013;0;0,459;0;0,028;0,032;0;0;0;0;0,033;0,011;0,003;0;0;0,032;0,003;0;0;0;0;0;0;0,003;0;0,003;0,009;0;0;0,003;0
3735.04503245842;0;0;0,162;0;0,042;0;0;0,003;0;0;0;0,089;0,006;0;0,014;0;0,519;0;0,025;0,022;0;0;0;0;0,013;0,003;0,006;0;0;0,053;0;0,003;0;0;0;0;0;0,006;0;0,011;0;0,003;0,008;0,003;0
3801.94921677723;0;0,003;0,133;0,003;0,09;0;0;0,013;0;0;0;0,07;0,032;0;0,007;0;0,549;0;0,02;0,023;0;0;0;0;0,012;0,017;0;0;0;0,033;0,016;0,007;0;0;0;0;0;0,01;0;0,007;0,025;0;0;0;0
3870.0328317954;0;0;0,127;0;0,087;0;0;0,003;0;0;0;0,081;0,009;0;0,012;0;0,53;0;0,024;0,009;0;0;0;0;0,021;0,018;0;0;0;0,042;0;0,003;0;0,003;0;0;0;0,015;0;0,018;0;0,003;0;0,003;0
3939.29587751295;0,003;0;0,133;0;0,041;0;0;0,003;0;0;0;0,086;0,017;0;0;0;0,536;0;0,041;0,021;0;0;0;0;0,028;0,018;0,003;0;0;0,053;0;0;0;0;0;0;0;0,015;0;0,009;0,006;0;0;0;0
4008.5589232305;0,003;0;0,161;0;0,069;0;0;0,006;0;0;0;0,072;0,009;0;0;0;0,542;0;0,018;0,009;0;0;0;0;0,036;0,004;0;0;0,003;0,057;0;0;0;0,003;0;0;0,003;0,006;0;0,009;0,006;0;0;0;0
4085.0133494195;0;0;0,136;0,007;0,148;0;0;0,002;0;0;0;0,113;0,002;0;0;0;0,438;0;0,028;0,019;0,002;0;0;0;0,024;0,007;0;0;0;0,061;0;0,002;0;0,002;0;0;0;0,002;0;0,002;0,007;0;0,002;0;0
4161.4677756085;0,003;0;0,156;0,003;0,133;0;0;0;0;0;0;0,113;0,011;0;0,006;0;0,402;0;0,04;0,008;0;0;0;0;0,03;0,011;0;0;0;0,076;0,003;0,006;0;0,003;0;0;0;0,003;0;0,006;0,011;0;0;0;0
4221.78475098505;0,003;0;0,14;0;0,096;0;0;0,014;0;0;0;0,118;0,011;0;0,003;0;0,479;0;0,036;0,022;0;0;0;0;0,037;0,008;0;0;0;0,03;0,005;0,005;0;0;0;0;0,003;0,005;0;0,003;0,013;0;0;0;0
4265.96427554915;0,003;0;0,108;0,009;0,088;0;0;0,003;0;0;0;0,108;0,006;0;0;0;0,546;0;0,026;0,018;0;0;0;0;0,007;0,009;0,003;0;0;0,044;0;0,006;0;0,003;0;0;0;0,006;0;0,006;0,006;0;0,006;0;0
4435.88316335488;0;0;0,101;0,003;0,09;0;0;0;0;0;0;0,146;0,006;0;0;0;0,488;0,006;0,042;0,011;0;0;0;0;0,007;0,028;0;0;0;0,062;0;0;0;0;0;0;0;0,008;0;0,003;0;0;0,003;0;0,003
4466.74871251337;0,003;0;0,165;0;0,075;0;0;0;0;0;0;0,105;0,006;0;0,006;0;0,495;0,003;0,012;0,012;0;0;0;0;0,006;0,009;0;0;0;0,054;0;0;0;0;0;0;0;0,018;0;0,015;0,006;0;0;0,021;0
4498.72973217973;0;0;0,167;0;0,073;0;0;0;0;0;0;0,183;0,019;0;0;0;0,461;0,003;0,013;0,016;0;0,003;0;0;0,019;0,014;0;0;0;0,025;0;0;0;0;0;0;0;0,009;0;0;0,003;0;0;0,009;0
4530.71075184607;0,003;0;0,103;0;0,097;0;0;0;0;0;0;0,162;0,024;0;0;0;0,505;0,009;0,012;0,025;0;0;0;0;0,023;0,009;0;0;0;0,019;0;0,003;0;0;0;0;0;0,009;0,003;0,003;0;0;0,003;0,009;0
4563.26454616331;0;0;0,094;0;0,132;0;0;0;0;0;0;0,125;0,018;0;0,003;0;0,467;0;0,05;0,003;0;0;0;0;0,024;0,005;0,003;0;0;0,056;0;0,003;0,003;0;0;0;0;0,006;0;0,009;0;0;0;0,016;0
4596.39111513143;0;0;0,1;0;0,146;0;0;0;0;0;0;0,106;0,018;0;0;0;0,477;0;0,031;0,006;0;0;0;0;0,017;0,014;0,003;0;0;0,037;0;0;0;0,009;0;0;0;0,028;0;0,009;0,006;0;0;0,016;0
4694.37804327435;0,006;0;0,116;0;0,093;0;0;0,003;0;0;0;0,187;0,01;0;0;0;0,444;0;0,026;0,006;0;0;0;0;0,023;0,011;0;0;0,003;0,061;0;0;0;0,003;0;0;0;0,006;0;0,006;0,006;0;0,003;0;0
4726.04283605953;0;0;0,118;0;0,14;0;0;0,006;0;0;0;0,134;0,003;0;0;0;0,467;0;0,027;0;0,003;0;0;0;0,024;0,008;0;0;0;0,039;0;0,003;0;0;0;0;0;0,015;0;0,009;0,006;0;0;0;0
4756.94224204248;0;0;0,17;0,003;0,107;0;0;0,006;0;0;0;0,139;0,009;0;0;0;0,429;0;0,019;0,009;0;0;0;0;0,006;0,009;0;0;0;0,05;0;0;0;0,003;0;0;0;0,035;0;0,006;0,003;0;0;0,003;0
4787.84164802542;0;0;0,083;0;0,062;0;0;0,003;0;0;0;0,127;0,018;0;0;0;0,541;0;0,025;0,012;0;0;0;0;0,014;0,009;0;0;0;0,062;0;0,003;0;0,003;0;0;0;0,022;0,003;0,015;0;0,003;0;0,006;0
4846.25831024248;0;0,003;0,112;0;0,086;0;0;0,009;0;0;0;0,097;0,046;0;0,003;0;0,507;0;0,046;0,014;0;0;0;0;0,024;0,016;0;0;0;0,04;0,017;0;0;0;0;0;0;0,017;0;0,009;0,018;0,003;0;0,003;0
4904.67497245952;0,003;0;0,119;0;0,037;0;0;0,003;0;0;0;0,119;0,009;0;0;0;0,49;0;0,052;0;0;0;0;0;0,058;0,011;0;0;0;0,058;0,003;0,006;0;0,003;0;0;0;0,012;0;0,018;0,009;0;0,003;0,006;0
4965.4260513473;0,009;0,003;0,107;0;0,065;0;0;0;0;0;0;0,11;0,012;0;0,015;0;0,551;0;0,012;0,006;0;0;0;0;0,018;0,01;0;0;0;0,041;0;0,006;0;0;0;0,003;0;0,003;0,006;0,021;0;0;0,003;0,009;0
5028.5115469058;0;0;0,117;0;0,078;0;0;0,003;0;0;0;0,113;0,016;0;0,016;0;0,486;0;0,042;0;0;0;0;0;0,018;0,016;0;0;0;0,084;0,003;0;0;0;0;0;0;0,023;0;0;0,009;0;0;0;0
5091.5970424643;0;0;0,108;0;0,061;0;0;0;0;0;0;0,103;0,005;0;0,013;0;0,548;0;0,013;0,003;0;0;0;0;0,007;0,016;0;0;0;0,082;0;0,005;0;0,003;0;0;0;0,021;0;0,016;0;0;0;0;0
5151.5531381473;0,007;0,003;0,154;0;0,089;0;0;0;0;0;0;0,125;0,026;0,003;0,02;0;0,308;0;0,036;0,003;0;0;0;0;0,043;0,03;0;0;0;0,138;0,003;0;0;0,003;0;0;0;0,016;0;0,007;0,003;0;0,003;0,003;0
5211.5092338303;0,009;0;0,134;0;0,071;0;0;0,003;0;0;0;0,068;0,02;0;0,009;0;0,407;0;0,074;0,012;0;0;0;0;0,024;0,013;0;0;0;0,134;0,003;0,006;0;0;0;0,006;0;0,015;0;0,006;0,02;0;0;0,006;0
5272.1590601838;0,003;0;0,186;0;0,099;0;0;0;0;0;0;0,135;0,006;0;0,015;0;0,315;0;0,018;0;0;0;0;0;0,025;0,021;0,003;0;0;0,138;0,009;0,003;0;0;0;0;0;0,024;0;0,009;0,006;0,003;0;0,003;0
5333.5026172078;0,003;0,003;0,115;0;0,055;0;0;0;0;0;0;0,095;0,003;0;0,006;0;0,548;0;0,029;0,003;0;0;0;0;0,029;0,017;0,003;0;0;0,072;0;0;0;0,006;0;0;0;0,014;0;0;0,003;0;0;0;0
5394.8461742318;0;0;0,097;0;0,237;0;0;0;0;0;0;0,1;0,013;0;0,013;0;0,214;0;0,049;0,013;0;0;0;0;0,028;0,026;0;0;0;0,172;0;0,013;0;0,003;0;0;0;0,01;0;0,01;0,003;0;0;0,01;0
5454.4500913179;0,003;0;0,148;0;0,242;0;0;0;0;0;0;0,116;0,022;0;0,025;0;0,192;0;0,019;0;0;0;0;0;0,028;0,017;0;0;0;0,166;0,003;0,006;0;0,003;0;0;0;0,013;0,003;0,009;0;0;0;0,009;0
5514.054008404;0,003;0;0,13;0;0,174;0;0;0,003;0;0;0;0,193;0,019;0,003;0,01;0;0,162;0;0,025;0,013;0;0;0;0;0,043;0,041;0;0;0;0,152;0;0,01;0;0;0;0,003;0;0,006;0,003;0,006;0,003;0;0;0,013;0
5575.1353409981;0,003;0;0,126;0;0,176;0;0;0,003;0;0;0;0,123;0,08;0;0,02;0;0,146;0;0,04;0,013;0;0;0;0;0,055;0,043;0;0;0;0,213;0;0,007;0;0;0;0;0;0,01;0;0,013;0,009;0;0,003;0,003;0
5637.6940891002;0,006;0;0,103;0;0,191;0;0;0,006;0;0;0;0,13;0,031;0,003;0,015;0;0,124;0;0,041;0,032;0;0;0;0,003;0,044;0,049;0;0;0;0,212;0;0,003;0;0;0;0;0;0,018;0;0,012;0,006;0;0,003;0,003;0
5700.2528372023;0,003;0;0,098;0,003;0,221;0;0,003;0,006;0;0;0;0,187;0,03;0;0,008;0;0,084;0;0,078;0,025;0;0;0;0;0,049;0,027;0;0;0;0,131;0;0,006;0;0;0;0;0;0,034;0;0,02;0,005;0;0,003;0,008;0
5768.11940371865;0;0;0,154;0,003;0,304;0;0;0;0;0;0;0,139;0,006;0;0,009;0;0,078;0;0,039;0,012;0;0;0;0;0,018;0,027;0;0;0;0,16;0;0;0;0;0;0;0;0,015;0;0,036;0;0;0,006;0;0
5835.985970235;0,003;0,003;0,116;0,006;0,266;0;0;0;0;0,003;0,003;0,142;0,009;0;0,014;0;0,064;0;0,029;0,038;0;0;0;0;0,016;0,012;0;0;0;0,194;0;0,003;0;0,003;0;0;0;0,014;0;0,026;0,006;0;0,003;0,038;0
5908.12862808592;0;0;0,154;0,006;0,241;0;0;0;0;0;0;0,182;0,011;0;0,011;0;0,036;0;0,056;0,022;0;0;0;0;0,014;0,015;0;0;0;0,177;0;0,003;0,003;0,011;0;0;0;0,025;0;0,036;0,003;0;0,006;0;0
5984.54737727142;0;0;0,094;0,01;0,302;0;0;0,003;0;0;0;0,117;0,046;0;0,019;0;0,045;0;0,052;0,039;0;0;0;0;0;0,01;0;0,003;0;0,208;0,006;0;0,003;0,003;0;0;0;0,029;0;0,036;0,027;0;0,006;0,01;0,003
6060.96612645692;0;0;0,095;0;0,363;0;0,003;0,003;0;0;0;0,095;0,018;0;0,015;0;0,052;0;0,055;0,055;0;0;0;0;0,017;0,028;0;0;0;0,154;0;0;0;0;0;0;0;0,022;0;0,031;0,006;0;0;0,006;0
6136.51619832342;0;0,003;0,088;0;0,302;0;0;0,003;0;0;0;0,159;0,013;0,003;0,016;0;0,019;0;0,052;0,019;0;0;0;0;0,019;0,029;0;0;0;0,179;0;0,003;0;0,003;0;0;0;0,039;0;0,045;0,006;0;0,006;0,006;0
6212.06627018992;0;0,01;0,085;0;0,299;0;0;0,003;0;0;0;0,117;0,016;0;0,013;0;0,033;0;0,062;0,023;0;0,003;0;0;0,023;0,028;0;0;0;0,237;0;0;0;0,003;0;0;0,003;0,02;0;0,026;0,006;0;0;0,003;0
6289.97644909243;0;0,006;0,078;0,006;0,357;0;0;0;0;0;0;0,107;0,009;0;0,025;0;0,041;0;0,044;0,041;0;0;0;0;0,022;0,028;0;0;0;0,141;0;0,009;0;0,003;0;0;0;0,034;0;0,038;0,003;0;0,003;0,006;0
6370.24673503093;0;0,003;0,107;0;0,281;0;0;0,006;0;0;0;0,115;0,029;0;0;0;0,038;0;0,056;0,053;0;0;0;0;0,024;0,021;0,003;0;0;0,186;0;0,006;0;0,003;0;0;0;0,03;0,003;0,044;0,003;0,003;0,003;0,006;0
6450.51702096943;0,007;0;0,081;0,02;0,281;0,003;0;0;0;0;0;0,075;0,066;0;0;0;0,024;0;0,071;0,071;0;0,003;0;0,003;0,015;0,032;0;0;0;0,186;0,013;0,007;0;0;0;0;0;0,031;0;0,051;0,009;0;0;0,01;0
6533.12929367943;0;0,003;0,079;0,003;0,208;0;0;0,003;0;0;0,003;0,129;0,032;0,003;0;0;0,03;0;0,112;0,049;0;0;0;0,03;0,012;0,023;0;0;0;0,204;0;0,013;0;0;0;0;0;0,016;0;0,063;0,003;0;0,003;0,007;0
6615.74156638943;0;0;0,05;0,003;0,318;0;0;0,009;0;0;0;0,131;0,034;0;0,006;0;0,024;0;0,045;0,05;0,003;0;0;0;0,016;0,034;0;0;0;0,181;0;0,009;0;0;0;0;0;0,027;0,003;0,065;0,006;0,003;0;0,021;0
6693.61315633802;0;0;0,094;0;0,308;0;0,003;0,003;0;0;0;0,147;0,059;0;0,003;0;0,01;0;0,049;0,038;0;0;0;0;0,03;0,033;0;0;0;0,154;0,007;0,01;0;0,01;0;0;0;0,021;0,003;0,052;0,006;0;0,007;0,014;0
6766.74406352523;0;0;0,074;0;0,281;0;0;0,007;0;0;0;0,134;0,032;0;0,01;0;0,02;0;0,057;0,03;0;0,003;0;0,01;0,012;0,008;0;0;0;0,258;0;0,003;0;0;0;0;0;0,03;0;0,057;0;0,003;0;0;0
6839.87497071243;0;0;0,064;0;0,266;0;0;0;0;0;0;0,145;0,036;0;0,01;0;0,01;0;0,044;0,044;0,003;0;0;0,003;0,034;0,029;0;0;0;0,242;0;0,01;0;0;0;0;0;0,02;0;0,064;0,006;0;0,003;0,003;0
6907.96556607938;0,003;0;0,064;0,01;0,191;0;0;0;0,003;0;0;0,087;0,069;0;0,01;0;0,02;0;0,104;0,091;0;0;0;0;0,034;0,017;0;0;0;0,235;0,013;0,003;0;0,003;0;0;0;0,013;0;0,084;0,033;0;0,01;0,01;0
6976.05616144632;0;0;0,037;0,003;0,235;0;0,003;0;0;0;0;0,114;0,039;0;0,017;0;0,013;0;0,05;0,034;0;0;0;0,027;0,008;0,007;0;0;0;0,306;0;0,01;0;0;0;0;0,003;0,017;0;0,057;0,01;0,003;0;0,03;0,003
7034.47324872793;0;0,013;0,044;0;0,314;0;0;0;0;0;0;0,082;0,031;0,01;0,013;0;0,006;0;0,054;0,038;0;0,003;0;0,029;0,041;0,027;0;0;0;0,209;0;0,006;0;0;0;0;0;0,019;0;0,048;0,006;0;0,006;0,025;0
7083.21682792418;0;0;0,027;0;0,249;0;0,003;0,003;0;0;0;0,13;0,053;0;0,009;0;0,006;0;0,08;0,077;0;0;0;0,021;0,041;0,013;0;0;0;0,151;0,003;0,047;0;0;0;0;0;0,024;0,003;0,077;0;0;0,003;0,021;0
6766.74406352523;0,005;0,003;0,094;0,003;0,185;0;0;0,003;0,003;0;0;0,172;0,01;0,003;0,01;0;0,057;0;0,054;0,02;0;0;0;0;0,032;0,034;0;0;0;0,195;0;0,003;0;0;0;0;0;0,044;0;0,074;0;0;0;0;0
6839.87497071243;0,003;0,006;0,093;0,003;0,212;0;0;0,006;0;0;0;0,135;0,031;0;0,022;0;0,061;0;0,054;0,035;0;0;0;0;0,024;0,037;0;0;0;0,234;0;0,006;0;0;0;0;0;0,019;0;0,042;0,003;0;0,003;0;0
6907.96556607938;0;0,007;0,072;0,003;0,131;0;0;0,003;0;0;0;0,18;0,013;0;0,033;0;0,079;0;0,056;0,029;0;0,003;0;0;0,041;0,056;0;0;0;0,226;0;0;0;0,003;0;0;0;0,039;0;0,036;0,003;0;0,003;0;0
6976.05616144632;0;0,006;0,087;0,003;0,232;0;0,003;0,006;0;0;0;0,203;0,061;0;0,01;0;0,032;0;0,013;0,029;0;0;0;0;0,023;0,029;0;0;0;0,216;0;0,003;0;0;0;0;0;0,016;0;0,071;0,003;0;0,006;0,003;0
7034.47324872793;0,003;0,007;0,045;0,007;0,12;0;0;0;0;0;0;0,14;0,082;0;0,003;0;0,072;0;0,045;0,021;0;0,003;0;0;0,048;0,089;0;0;0;0,26;0;0,003;0;0,003;0;0;0,003;0,038;0;0,082;0,009;0;0;0,007;0
7083.21682792418;0;0,003;0,066;0,003;0,163;0;0;0,003;0;0;0;0,142;0,037;0;0;0;0,083;0;0,045;0,021;0,003;0;0;0;0,047;0,049;0;0;0;0,218;0;0,007;0;0;0;0;0;0,035;0;0,111;0,01;0;0;0;0
7131.96040712042;0,004;0,004;0,082;0;0,154;0;0;0;0;0;0;0,183;0,073;0;0;0;0,025;0;0,025;0,022;0;0;0;0;0,045;0,077;0;0;0,004;0,283;0,004;0;0;0;0;0;0;0,032;0;0,043;0,003;0;0,004;0;0
7178.83861083543;0;0;0,06;0;0,235;0;0;0;0;0;0;0,184;0,042;0;0,074;0;0,037;0;0,02;0,023;0;0;0;0;0,008;0,02;0;0,003;0;0,218;0,003;0;0;0;0;0;0;0,023;0;0,08;0;0;0,003;0,003;0
7225.71681455042;0,006;0,003;0,056;0,006;0,204;0;0,006;0;0;0;0;0,188;0,075;0;0,008;0;0,045;0;0,056;0,025;0;0;0;0;0,011;0,034;0;0;0;0,213;0;0;0;0;0;0;0;0,022;0;0,101;0;0;0,008;0,003;0
7273.61928991263;0,006;0,003;0,036;0,003;0,152;0;0;0,006;0;0;0;0,158;0,075;0;0,006;0;0,026;0;0,039;0,048;0;0;0;0,006;0,037;0,039;0;0;0;0,278;0;0,003;0;0;0;0;0;0,032;0;0,107;0;0;0,003;0,006;0
7322.54603692202;0;0;0,055;0,003;0,213;0;0,031;0;0;0;0;0,106;0,058;0;0,014;0;0,041;0;0,055;0,007;0;0;0;0,003;0,007;0,012;0;0;0;0,309;0;0;0,003;0;0;0;0;0,031;0;0,072;0,01;0;0,017;0;0
7371.47278393142;0;0;0,062;0;0,224;0;0,003;0;0;0;0;0,189;0,058;0;0,01;0;0,016;0;0,036;0,029;0;0;0;0,003;0,002;0,033;0;0;0;0,293;0,003;0,003;0;0;0;0;0;0,01;0;0,072;0,006;0;0;0;0
7420.02345371893;0;0,006;0,088;0,01;0,185;0;0;0,006;0,003;0;0;0,078;0,055;0,003;0,016;0;0,003;0;0,084;0,075;0;0;0;0;0,018;0,034;0;0;0;0,185;0;0,013;0,003;0;0;0;0;0,039;0;0,104;0,03;0,003;0,013;0,006;0
7468.57412350643;0;0;0,045;0,006;0,277;0;0;0,003;0;0;0;0,097;0,04;0,003;0,023;0;0,013;0,003;0,052;0,026;0;0;0;0,006;0,008;0,021;0;0;0;0,245;0;0,016;0;0,006;0;0;0;0,055;0;0,061;0,003;0;0,003;0,023;0
7517.20878519992;0,004;0;0,061;0;0,254;0;0;0;0;0;0;0,097;0,076;0;0,004;0;0,007;0,007;0,079;0,039;0;0;0;0,029;0,025;0,034;0;0;0;0,233;0;0,018;0;0;0;0;0,004;0,007;0;0,082;0,007;0;0;0,014;0
7565.92743879943;0;0;0,044;0;0,375;0;0;0,008;0;0;0;0,156;0,066;0;0,008;0;0,005;0,005;0,026;0,057;0;0;0;0,021;0,013;0,014;0;0;0;0,146;0;0,013;0;0;0;0;0;0,003;0;0,075;0,005;0;0;0,029;0
7614.64609239893;0,003;0,003;0,047;0;0,176;0;0;0,006;0;0;0;0,188;0,091;0;0,026;0;0,003;0;0,047;0,053;0,006;0;0;0,015;0,025;0,047;0;0;0;0,2;0;0,009;0;0;0;0;0;0,018;0;0,103;0,008;0,003;0,003;0,018;0
7688.79775348068;0;0;0,055;0,003;0,277;0;0,003;0,003;0;0;0;0,132;0,085;0;0,022;0;0,006;0,015;0,046;0,049;0;0;0;0,009;0,008;0,029;0;0;0;0,175;0;0,012;0;0;0;0;0;0,018;0;0,123;0,011;0;0;0,009;0
7762.94941456243;0;0,018;0,062;0,004;0,219;0;0;0,004;0;0;0;0,113;0,144;0;0;0;0;0,007;0,036;0,091;0;0,004;0;0;0,013;0,044;0;0;0;0,182;0,025;0,026;0;0;0;0;0;0,036;0;0,08;0,032;0,004;0,004;0,015;0,004
7912.79785543105;0;0;0,072;0;0,293;0;0;0;0;0;0;0,145;0,109;0;0;0;0;0,003;0,026;0,069;0;0;0;0,003;0,035;0,03;0;0;0;0,171;0,007;0,02;0;0;0;0;0;0,02;0;0,092;0,006;0;0;0,016;0
8138.34307608655;0,005;0,003;0,069;0,003;0,239;0;0;0;0;0;0;0,118;0,043;0;0,003;0;0,042;0;0,035;0,021;0,003;0;0;0;0,017;0,076;0;0;0;0,256;0;0,017;0;0;0;0;0;0,007;0;0,045;0,01;0;0;0,028;0
8363.88829674205;0,005;0,003;0,077;0;0,281;0;0,003;0;0;0;0;0,147;0,063;0;0,007;0;0,023;0,003;0,047;0,023;0;0;0;0;0,04;0,044;0;0;0;0,161;0;0,017;0,003;0;0;0;0;0,037;0;0,037;0,015;0;0;0,03;0
8584.05424717805;0,005;0,004;0,032;0,007;0,272;0;0;0;0;0;0;0,208;0,097;0;0,004;0;0,018;0;0,022;0,029;0;0;0;0;0,009;0,086;0;0,004;0;0,151;0;0,014;0;0;0;0;0;0,022;0;0,075;0;0;0,004;0,032;0
8804.22019761405;0;0,004;0,011;0,007;0,317;0;0;0,011;0;0;0;0,227;0,168;0;0;0;0;0;0,011;0,054;0;0;0;0;0;0,11;0;0;0;0,097;0;0,036;0;0,014;0;0;0;0,007;0;0,061;0,006;0;0;0,025;0
9027.3089151813;0;0,004;0,015;0,015;0,258;0;0,004;0;0;0;0;0,266;0,188;0;0;0;0;0;0;0,034;0;0;0;0,004;0;0,161;0;0;0;0,052;0;0,071;0,007;0,019;0;0;0;0,011;0;0,022;0,006;0;0,007;0,041;0,004
9253.3203998798;0;0;0,01;0,005;0,093;0;0;0;0;0;0;0,123;0,346;0;0;0;0;0,025;0;0,157;0;0;0;0,059;0;0,333;0;0;0;0,025;0,005;0,015;0,049;0;0;0;0,01;0;0;0,015;0;0;0;0,034;0
9479.3318845783;0;0;0,01;0,005;0,233;0;0;0;0;0;0;0,124;0,401;0;0;0;0;0;0,005;0,047;0;0;0;0,057;0;0,368;0;0;0;0,016;0,005;0,016;0,01;0,016;0;0;0,005;0,005;0;0,052;0,006;0;0;0,01;0
9694.3337653303;0;0;0,012;0;0,269;0;0;0;0;0;0;0,219;0,314;0;0;0;0;0,004;0;0,021;0,004;0;0;0;0;0,339;0,004;0;0;0,037;0;0,004;0,004;0,017;0;0;0;0,004;0;0,029;0,011;0;0,004;0,012;0
9909.3356460823;0;0;0,021;0;0,189;0;0;0,007;0;0;0;0,164;0,094;0;0;0;0;0,032;0;0,036;0,004;0;0;0;0;0,452;0;0,004;0;0,011;0;0,032;0;0;0;0;0;0;0;0,004;0,006;0;0,004;0,007;0,007
10118.2817387128;0;0;0,014;0;0,278;0;0;0;0;0;0;0,149;0,13;0;0;0;0;0;0;0,039;0;0;0;0;0;0,48;0;0,007;0;0,007;0;0,004;0;0,011;0;0;0;0;0;0,004;0;0;0;0;0
10321.1720432218;0;0;0;0;0,321;0;0;0,003;0;0;0;0,147;0,097;0;0;0;0;0,013;0;0,03;0;0;0;0;0;0,426;0;0;0;0;0,01;0,017;0;0,017;0;0;0;0,003;0;0,003;0,006;0;0;0;0
10524.0623477308;0;0;0;0,009;0,274;0;0;0,004;0;0;0;0,009;0,285;0;0;0;0;0,004;0;0,045;0;0;0;0;0,004;0,578;0;0;0;0;0,004;0,04;0;0;0;0;0,004;0;0;0;0,009;0;0;0,013;0
10727.6913944628;0;0;0,004;0,011;0,181;0;0;0;0;0;0;0;0,151;0;0;0;0;0,004;0;0,019;0;0;0;0;0;0,667;0;0;0;0;0,004;0,034;0;0,03;0;0;0,011;0;0;0;0,019;0;0,004;0,008;0
10931.3204411948;0;0;0;0,004;0,034;0;0;0;0;0;0;0;0,139;0;0;0;0;0;0;0,034;0;0;0;0;0;0,929;0;0;0;0;0;0;0;0;0;0;0;0;0;0;0,003;0;0;0;0
11138.8993365918;0;0;0;0,009;0,121;0;0;0;0,004;0;0,004;0;0,355;0;0;0;0;0,004;0;0,094;0;0;0;0;0;0,713;0;0;0;0;0,009;0,013;0,004;0,004;0;0;0,004;0;0;0;0,006;0,004;0,004;0;0
11350.4280806538;0;0;0;0,004;0,087;0;0;0;0;0;0,004;0;0,28;0;0;0;0;0;0;0,08;0;0;0;0;0;0,805;0;0;0;0;0;0;0,004;0,004;0;0;0,004;0;0;0;0,006;0;0;0;0,004
11561.9568247158;0;0;0;0;0,072;0;0;0;0;0;0;0;0,173;0;0;0;0;0;0;0,079;0;0;0;0;0,003;0,826;0;0;0;0;0,003;0;0;0,007;0;0;0,007;0;0;0,003;0,003;0;0,003;0;0
11765.2070875203;0;0;0;0,015;0,252;0;0;0;0,005;0;0,005;0;0,35;0,005;0;0;0;0;0;0,175;0;0;0;0,029;0;0,34;0;0;0;0;0,005;0,019;0,034;0,078;0;0;0,005;0;0;0;0,012;0;0,01;0,019;0
11968.4573503248;0;0;0;0,014;0,116;0;0;0;0,007;0;0,007;0;0,507;0;0;0;0;0;0;0,218;0;0;0;0,041;0;0,327;0;0;0;0;0,039;0;0,041;0,048;0;0;0,02;0;0;0;0,013;0,007;0,027;0,027;0,088
12168.9391923843;0;0;0;0,014;0,161;0;0;0;0;0;0,007;0;0,558;0;0;0;0;0;0;0,33;0;0;0;0,028;0;0,389;0;0;0;0;0;0,007;0;0,021;0;0;0,007;0;0;0;0;0;0,014;0;0,014
12366.6526136988;0;0;0;0,012;0,188;0;0;0;0,012;0;0;0;0,466;0;0;0;0;0,012;0;0,345;0;0;0;0,018;0;0,152;0;0;0;0;0,006;0;0,018;0,176;0;0;0,012;0;0;0;0,013;0;0,012;0,012;0,006
12564.3660350133;0;0;0;0,035;0,278;0;0;0;0;0;0;0;0,433;0;0;0;0;0,006;0;0,342;0;0,006;0;0,023;0;0,194;0;0;0,006;0;0,011;0;0;0,058;0;0;0;0;0;0;0,019;0;0,012;0;0,006
12780.3613314093;0;0;0;0,056;0,291;0;0;0;0,028;0;0;0;0,741;0;0;0;0;0;0;0,235;0;0;0;0,066;0;0,07;0;0;0;0;0,045;0;0,019;0,094;0;0;0,009;0;0;0;0,005;0,038;0,009;0;0,038
12996.3566278053;0;0;0;0,097;0,194;0;0;0;0,029;0;0,01;0;0,707;0;0,01;0;0;0;0;0,126;0;0,019;0;0,019;0;0,049;0;0;0;0,019;0;0;0,01;0,223;0;0;0,01;0;0;0;0,011;0,029;0,019;0,039;0,058
13207.680688551;0;0;0;0,099;0,346;0;0;0;0;0;0,016;0;0,396;0;0,005;0;0;0;0;0,162;0;0;0;0,026;0;0,005;0;0;0;0;0,015;0,01;0,016;0,183;0;0;0,016;0;0;0;0,009;0;0,01;0,042;0,031
13414.3335136466;0;0;0;0,068;0,165;0;0;0;0,011;0;0;0;0,558;0;0;0;0;0,011;0;0,313;0;0,011;0;0,085;0;0,003;0;0;0;0,006;0;0;0,017;0,142;0;0;0,011;0;0,034;0;0,012;0,017;0,006;0,017;0,068
13620.986338742;0;0;0;0,039;0,137;0;0;0;0;0;0;0;0,686;0,01;0;0;0;0;0;0,234;0;0,01;0;0,098;0;0,005;0;0;0;0;0,028;0,01;0,049;0,361;0;0;0,01;0;0;0;0,012;0,01;0,01;0,01;0,01
13825.3609811495;0;0;0;0,03;0,09;0;0;0;0,01;0;0;0;0,704;0;0;0;0;0;0;0,34;0;0,01;0;0,12;0;0;0;0;0;0;0,02;0;0,03;0,31;0;0;0,01;0;0;0;0,014;0;0,01;0,01;0,01
14029.735623557;0;0;0;0,028;0,056;0;0;0;0,021;0;0;0;0,56;0;0;0;0;0;0;0,21;0;0,007;0;0,042;0;0,007;0;0;0;0;0;0,007;0,007;0,538;0;0;0,021;0;0;0;0,012;0,021;0,007;0,007;0,014
14206.187871339;0;0;0;0,024;0,033;0;0;0;0,005;0;0;0;0,499;0;0;0;0;0;0;0,147;0;0,01;0;0,019;0;0,012;0;0;0;0;0,019;0;0,014;0,038;0;0;0,005;0;0;0;0,007;0;0;0,09;0,005
14354.7177244955;0;0;0;0,099;0,14;0;0;0;0;0;0,008;0;0,628;0,008;0;0;0;0;0;0,463;0;0,008;0;0,025;0;0,008;0;0;0;0;0,008;0,033;0,008;0,074;0;0;0,017;0;0;0;0,012;0,017;0;0,025;0,017
14503.247577652;0;0;0;0,151;0,161;0;0;0;0,02;0;0,04;0;0,687;0;0;0;0;0;0;0,221;0;0,04;0;0,05;0;0,015;0,01;0;0;0;0,02;0;0,01;0,07;0;0;0,09;0;0;0;0,006;0,03;0;0,02;0,04
14612.747807181;0;0;0;0,09;0,08;0;0;0;0,02;0;0,01;0;0,741;0;0;0;0;0,01;0;0,322;0,01;0,06;0;0,03;0,01;0,065;0;0;0;0;0,057;0;0;0,111;0;0;0,02;0;0;0;0,005;0;0;0;0,131
14722.24803671;0;0;0;0,075;0,047;0;0;0;0,009;0;0,019;0;0,786;0,009;0;0;0;0;0;0,244;0;0,009;0;0,019;0,014;0,103;0;0;0;0;0,036;0;0,019;0,085;0;0;0,019;0;0;0;0,008;0;0,009;0;0,235
14831.748266239;0;0;0;0,03;0,069;0;0;0;0,049;0,01;0,01;0;0,732;0,02;0,01;0;0;0,01;0;0,138;0;0;0;0,02;0,044;0,167;0;0;0;0;0;0;0,03;0,049;0;0;0,02;0;0;0;0,008;0;0,01;0;0,227
14941.248495768;0;0;0;0,057;0,043;0;0;0;0,028;0;0,028;0;0,55;0,014;0,014;0;0;0;0;0,085;0;0;0;0;0,043;0,206;0;0;0;0;0;0;0;0,028;0;0;0;0;0;0;0,006;0;0;0,014;0,298
16638.5020534675;0;0;0;0,041;0,014;0;0;0,007;0,061;0;0,034;0;0,385;0,007;0,007;0;0;0,007;0;0,313;0;0,007;0;0,014;0;0,095;0;0;0;0;0,007;0;0;0,027;0;0;0,014;0;0;0;0,008;0;0;0;0,197
16748.0022829965;0;0;0;0,041;0,014;0;0;0,014;0,041;0;0,027;0,014;0,41;0,014;0;0;0;0;0;0,272;0;0;0;0,014;0;0,211;0;0;0;0;0,013;0;0;0,041;0;0;0,054;0;0;0;0;0;0;0;0,15
16857.5025125255;0;0;0,005;0,038;0,044;0;0;0;0,109;0;0,038;0,005;0,387;0;0;0;0;0;0;0,234;0;0,016;0;0,005;0;0,095;0;0;0;0;0,011;0,005;0;0,027;0;0;0,016;0;0;0;0,013;0;0;0;0,18
16967.0027420545;0;0;0;0,067;0,057;0;0;0;0,067;0;0,038;0;0,424;0,01;0;0;0;0;0;0,211;0;0;0;0,01;0;0,091;0;0;0;0;0,037;0;0;0,038;0;0;0;0;0;0;0,016;0;0;0;0,191
17021.752856819;0;0;0;0,014;0,014;0;0;0;0,028;0;0,028;0;0,515;0;0;0;0;0;0;0,368;0;0,007;0;0,049;0,014;0,076;0;0;0;0;0,02;0;0;0,021;0;0;0,028;0;0;0;0,026;0;0;0;0,264
17076.5029715836;0;0;0,012;0,012;0,018;0;0;0;0,012;0;0,006;0;0,466;0;0;0;0;0;0;0,377;0;0;0;0;0,012;0,09;0;0;0;0;0;0;0,006;0,012;0;0;0;0;0;0;0,016;0;0,222;0;0,102
17186.0032011126;0,013;0;0,005;0,01;0,021;0;0;0;0,037;0;0,021;0;0,363;0;0;0;0;0;0;0,386;0;0;0;0;0,023;0,149;0;0,01;0;0;0,03;0;0;0;0;0;0,016;0;0,005;0;0,022;0;0,026;0;0,151
17295.5034306416;0;0;0;0,005;0,019;0;0;0;0,032;0;0,023;0;0,392;0;0;0,005;0;0;0;0,529;0;0;0;0,005;0,021;0,116;0;0,005;0;0;0,005;0;0;0,009;0;0;0,028;0;0;0;0,014;0;0,028;0;0,111
17405.0036601706;0,007;0;0;0;0,013;0;0;0;0,007;0;0,02;0;0,506;0;0;0;0;0;0;0,229;0;0;0;0,007;0,071;0,276;0;0,02;0;0;0,007;0;0;0;0;0;0,007;0;0;0;0,023;0;0,047;0;0,128
17514.5038896996;0;0;0;0;0,009;0;0;0;0,009;0;0;0;0,646;0;0;0;0;0;0;0,216;0;0;0;0;0,089;0,366;0;0;0;0;0;0;0;0;0;0;0,019;0;0;0;0,01;0;0,019;0;0,131
17624.0041192285;0;0;0,01;0,01;0,01;0;0;0;0,01;0;0,059;0;0,666;0,01;0;0;0;0;0;0,168;0;0;0;0,01;0,035;0,302;0;0;0;0;0;0;0;0,01;0;0;0;0;0;0;0,007;0;0;0;0,238
16912.25262729;0;0;0;0,012;0,059;0;0;0;0,047;0;0,047;0;0,716;0,012;0;0;0;0;0;0,188;0;0,024;0;0;0,024;0,176;0;0;0;0;0,012;0;0;0,071;0;0;0;0;0;0;0,003;0;0;0;0,235
17131.253086348;0;0;0,01;0,025;0,01;0;0;0;0,045;0;0,035;0;0,378;0,01;0;0;0;0,005;0;0,327;0;0,005;0;0,005;0,042;0,166;0;0;0;0;0,015;0;0,005;0,015;0;0;0,035;0;0;0;0;0;0;0;0,099
17350.253545406;0;0;0;0,017;0,035;0;0;0;0,035;0;0;0;0,617;0;0;0;0;0;0;0,443;0;0;0;0;0,022;0,187;0;0;0;0;0;0;0;0;0;0;0,017;0;0;0;0,023;0;0;0;0,157
17569.2540044641;0;0;0,011;0,027;0,038;0;0;0;0,032;0;0,032;0;0,344;0,005;0,005;0;0;0;0;0,268;0;0;0;0,011;0,038;0,19;0;0;0;0;0,005;0;0;0,021;0;0;0,016;0;0;0;0,01;0;0;0,005;0,107
17788.254463522;0;0;0,012;0,023;0,052;0;0;0;0,017;0;0,047;0;0,43;0;0;0;0;0;0;0,279;0;0;0;0,006;0,049;0,183;0;0;0;0;0;0;0;0,017;0;0;0,023;0;0;0;0,003;0;0;0;0,169
18007.25492258;0;0;0;0,02;0,02;0;0;0;0,02;0;0,061;0,01;0,703;0;0;0;0,01;0;0;0,242;0;0;0;0,061;0,005;0,197;0;0;0;0;0;0;0;0,01;0;0;0,01;0;0;0;0,021;0;0;0;0,303
18226.255381638;0;0;0,013;0,02;0,04;0;0;0;0,027;0;0,02;0,007;0,538;0;0;0;0;0;0;0,227;0;0;0;0;0,05;0,25;0;0;0;0;0,026;0;0;0,033;0,007;0;0,047;0;0;0;0,009;0;0;0;0,147
18281.0054964026;0;0;0;0,015;0,015;0;0;0;0,015;0;0,015;0;0,612;0;0;0;0;0;0;0,318;0;0;0;0;0,038;0,311;0;0;0;0;0;0;0;0,015;0;0;0,015;0;0;0;0,012;0;0;0;0,061
18390.5057259316;0;0;0,006;0,04;0,017;0;0;0;0;0;0,051;0,017;0,418;0,017;0,006;0;0;0;0;0,35;0;0;0;0;0,04;0,203;0;0;0;0;0;0;0;0,006;0;0;0,017;0;0;0;0,01;0;0;0;0,119
18500.0059554606;0;0;0,006;0,03;0,012;0;0;0;0,018;0;0,018;0,006;0,451;0,024;0;0;0;0;0;0,329;0;0,012;0;0;0,057;0,213;0;0,006;0;0;0;0;0;0,018;0;0;0,024;0;0;0;0,013;0;0;0;0,168
18609.5061849896;0;0;0,005;0,016;0,026;0;0;0;0,042;0;0,021;0;0,44;0;0;0;0;0;0;0,28;0;0,005;0;0,016;0,024;0,174;0;0;0;0;0,005;0;0;0,021;0;0;0,069;0;0;0,005;0,009;0;0,005;0;0,179
18664.2562997541;0;0;0,017;0,008;0,017;0;0;0;0,1;0;0,033;0;0,647;0;0;0;0;0;0;0,249;0;0;0;0,033;0,033;0,203;0,008;0;0;0;0,016;0;0;0,058;0;0;0;0;0;0;0,028;0;0;0;0,149
18719.0064145185;0;0;0;0,01;0,02;0;0;0;0,046;0;0,015;0;0,373;0,005;0;0;0;0;0;0,178;0;0;0;0,005;0,025;0,155;0;0;0;0;0,053;0;0,005;0,02;0;0;0,132;0;0;0;0,003;0;0;0;0,27
18828.5066440475;0;0;0;0,016;0,016;0;0;0;0,026;0;0,031;0,005;0,379;0;0;0;0;0,005;0;0,31;0;0;0;0;0,057;0,209;0;0;0;0;0,005;0;0;0,005;0;0;0,052;0;0;0;0;0;0;0;0,207
18938.0068735765;0;0;0;0,03;0,042;0;0;0;0,036;0;0,03;0;0,463;0;0;0;0;0;0;0,243;0;0;0;0,018;0,05;0,231;0;0;0;0;0;0;0,006;0,012;0;0;0,03;0;0;0;0,009;0;0;0;0,178
19047.5071031055;0;0;0,007;0,014;0,014;0;0;0;0,022;0,007;0,043;0;0,484;0;0;0;0;0;0;0,301;0;0;0;0,007;0,054;0,222;0;0;0;0;0;0;0;0,022;0;0;0,036;0;0;0;0,004;0;0;0;0,186
19157.0073326346;0;0;0,011;0,021;0,042;0;0;0;0,005;0;0,016;0,005;0,394;0,016;0,005;0;0;0;0;0,211;0;0;0;0;0,042;0,266;0;0;0;0;0,005;0;0;0,016;0;0;0,005;0;0;0;0,006;0;0;0;0,19
19266.5075621636;0;0;0,011;0,022;0,045;0;0;0;0,006;0;0,039;0,006;0,433;0,017;0;0;0;0;0;0,169;0;0;0;0,011;0,059;0,256;0;0;0;0;0;0;0;0,034;0;0;0;0;0;0;0,003;0;0;0,006;0,174
19321.257676928;0;0;0;0;0,04;0;0;0;0,02;0;0,05;0;0,685;0;0;0;0;0;0;0,291;0;0,01;0;0,03;0,02;0,296;0;0;0;0;0,039;0;0;0,01;0;0;0,03;0;0;0;0,015;0;0;0;0,131
19376.0077916926;0;0;0,006;0,012;0,036;0;0;0;0,024;0;0,03;0;0,464;0,012;0;0;0;0;0;0,23;0;0;0;0;0,048;0,297;0;0;0;0;0;0;0;0,006;0;0;0,012;0;0;0;0,01;0;0;0;0,152
19485.5080212216;0;0;0,011;0,005;0,038;0;0;0;0,021;0;0,032;0,005;0,379;0,011;0;0;0;0;0;0,241;0;0;0;0,011;0,056;0,252;0;0;0;0;0,005;0;0,011;0,016;0;0;0,005;0;0;0;0,013;0;0;0;0,193
24139.267776204;0;0;0;0,043;0,086;0;0;0;0,122;0;0,007;0;0,356;0;0;0;0;0;0;0,295;0;0,007;0;0,022;0,007;0,194;0,036;0;0;0;0,359;0;0;0;0;0;0,115;0;0;0;0,033;0;0,007;0;0,022
24248.768005733;0;0;0;0,033;0,059;0;0;0;0,046;0;0;0;0,375;0;0;0;0;0,026;0;0,352;0;0;0;0;0,02;0,218;0;0,013;0;0;0,316;0;0;0;0;0;0,078;0;0;0;0,012;0;0;0,007;0,046
24358.268235262;0;0;0;0,025;0,1;0;0;0;0,05;0;0,017;0;0,536;0;0;0;0;0,017;0;0,29;0;0;0;0;0,012;0,349;0;0,008;0;0;0,347;0;0;0,017;0;0;0,041;0;0;0;0,006;0;0;0,008;0,025
24577.26869432;0;0;0;0,048;0,113;0;0;0;0,06;0,012;0;0;0,389;0;0;0;0;0,018;0;0,256;0;0,012;0;0;0,042;0,262;0,018;0;0;0;0,273;0;0;0;0;0;0,048;0;0;0;0,006;0;0,012;0;0,048
24796.269153378;0;0;0,008;0,055;0,094;0;0;0;0,055;0;0;0;0,615;0,024;0;0;0;0,016;0;0,322;0;0,008;0;0,008;0,016;0,169;0;0;0;0;0,309;0,008;0,008;0;0,008;0;0,055;0;0;0;0,015;0;0;0;0,047
25015.269612436;0;0;0;0,036;0,143;0;0;0;0,083;0,006;0;0;0,349;0;0;0;0;0,006;0;0,256;0;0,012;0;0;0,018;0,149;0;0,006;0;0;0,323;0;0;0;0;0;0,077;0;0;0;0,015;0;0,018;0;0,089
25234.2700714941;0;0;0,006;0,012;0,042;0;0;0;0,137;0;0,024;0;0,337;0;0;0;0;0,006;0;0,281;0;0,006;0;0;0,03;0,212;0,006;0,018;0;0;0,28;0;0,006;0,006;0;0;0,078;0;0;0;0,019;0;0;0,006;0,042
25453.2705305521;0;0;0,006;0,013;0,038;0;0;0;0,051;0;0,006;0;0,414;0;0;0;0;0;0;0,359;0;0,006;0;0,013;0,006;0,269;0;0;0;0;0,294;0;0;0;0;0;0,154;0;0;0;0,033;0;0;0;0,058
25672.2709896101;0;0;0;0;0,076;0;0;0;0,095;0,006;0,006;0;0,35;0,019;0;0;0;0;0;0,304;0;0,006;0;0;0,013;0,335;0;0;0;0;0,269;0;0;0,006;0;0;0,063;0;0;0;0,016;0;0;0;0,032
25891.2714486681;0;0;0;0,006;0,067;0;0;0;0,101;0;0;0;0,248;0,017;0;0;0;0;0;0,207;0;0;0;0;0,014;0,394;0;0,006;0;0;0,281;0;0;0;0;0;0,061;0;0;0;0;0;0;0;0,067
26000.771678197;0;0;0;0,035;0,06;0;0;0;0,065;0;0;0;0,31;0,005;0;0;0;0,015;0;0,255;0;0,01;0;0,005;0,008;0,373;0;0,005;0;0;0,234;0;0;0;0;0;0,07;0;0;0;0,017;0;0,005;0;0,04
26110.271907726;0,007;0;0;0,026;0,033;0;0;0;0,02;0,007;0;0;0,453;0;0;0;0;0;0;0,49;0;0;0;0;0,01;0,215;0,007;0;0;0;0,23;0,007;0;0;0;0;0,113;0;0;0;0,021;0;0;0;0,046
26219.772137255;0;0;0,005;0,025;0,049;0;0,005;0;0,074;0;0,01;0;0,251;0;0;0;0;0,01;0;0,272;0;0,01;0;0,01;0,025;0,264;0;0,005;0;0;0,275;0;0;0,005;0;0;0,094;0;0;0;0,017;0;0;0,01;0,079
26329.272366784;0;0;0;0,022;0,072;0;0;0;0,044;0;0;0;0,32;0;0;0;0;0,011;0;0,205;0;0,006;0;0;0,011;0,452;0,006;0,011;0;0;0,237;0;0;0;0;0;0,105;0;0;0;0,015;0;0;0;0,033
26438.772596313;0;0;0;0,065;0,077;0;0;0;0,065;0;0,012;0;0,347;0;0;0;0;0,012;0;0,26;0;0,006;0;0;0,015;0,301;0;0,018;0;0;0,31;0;0;0,006;0;0;0,118;0;0;0;0,009;0;0;0,006;0,029
26548.272825842;0;0;0;0,006;0,052;0;0,006;0;0,098;0;0,006;0;0,304;0;0;0;0;0;0;0,293;0;0,011;0;0,006;0,014;0,307;0;0,017;0;0;0,281;0;0;0;0;0;0,075;0;0;0;0,006;0,006;0;0;0,052
26657.773055371;0;0;0;0,034;0,087;0;0,007;0;0,04;0;0;0;0,468;0,007;0;0;0;0,007;0;0,349;0;0,007;0;0;0,03;0,205;0;0;0;0;0,284;0;0,007;0;0;0;0,081;0;0;0;0;0;0;0,007;0,074
26767.2732849;0;0;0,02;0,047;0,08;0;0;0;0,02;0;0;0,007;0,46;0;0;0;0;0;0;0,478;0;0,013;0;0;0,017;0,093;0;0;0;0;0,226;0,027;0;0;0,013;0;0,08;0;0;0;0,018;0;0,007;0,007;0,027
26986.273743958;0;0;0;0,027;0,046;0;0;0;0,064;0;0,009;0;0,584;0,009;0;0;0;0;0;0,447;0;0;0;0;0,018;0,196;0,009;0,018;0;0;0,35;0;0;0,018;0;0;0,037;0;0;0;0,015;0;0;0,009;0,046
27095.773973487;0;0;0;0,016;0,072;0;0,008;0;0,064;0;0;0;0,567;0;0;0;0;0,008;0;0,273;0;0,032;0;0;0,072;0,285;0,008;0,008;0;0;0,278;0;0;0,016;0;0;0,056;0;0;0;0;0;0;0,008;0,032
27205.2742030161;0;0;0;0,016;0,098;0;0;0;0,033;0;0;0;0,572;0,025;0;0;0;0,016;0;0,27;0;0,008;0;0;0,041;0,32;0,008;0,008;0;0;0,371;0;0;0,008;0;0;0,09;0;0;0;0,017;0;0;0,008;0,008
27314.774432545;0;0;0,008;0,039;0,117;0;0;0;0,062;0;0;0;0,594;0,008;0;0;0;0,008;0;0,358;0;0,008;0;0,016;0,031;0,175;0;0;0;0;0,237;0;0,008;0,008;0,008;0;0,031;0;0;0;0,011;0;0;0,008;0,054
27424.274662074;0;0;0;0,02;0,111;0;0;0;0,04;0;0;0,01;0,635;0;0;0;0;0;0;0,523;0;0,01;0;0;0,04;0,055;0;0;0;0;0,368;0,03;0,01;0,01;0;0;0,07;0;0;0;0,009;0;0,01;0,01;0,01
27643.275121132;0;0;0;0,008;0,051;0;0;0;0,025;0,008;0,008;0;0,673;0;0;0;0;0;0;0,551;0;0,034;0;0;0,042;0,153;0;0;0;0;0,208;0;0;0;0;0;0,068;0;0;0;0,003;0;0,008;0;0,008
27752.775350661;0;0;0;0,069;0,079;0;0;0;0,03;0;0,01;0,01;0,698;0,01;0;0;0;0,03;0;0,365;0;0,039;0;0;0,03;0,094;0;0;0;0;0,326;0;0,01;0;0;0;0,059;0;0;0;0,008;0;0;0;0,049
27862.27558019;0;0;0;0;0,08;0;0;0;0,07;0;0,02;0;0,651;0;0;0;0;0;0;0,402;0;0;0;0;0,03;0,276;0;0;0;0;0,36;0;0;0;0;0;0,03;0;0;0;0,006;0;0;0;0,02
27971.775809719;0;0;0;0,048;0,156;0;0;0;0,036;0;0,012;0;0,648;0;0;0;0;0,048;0;0,347;0;0,012;0;0,024;0,018;0,048;0;0;0;0;0,476;0;0;0,012;0;0;0,096;0;0;0;0,006;0;0;0,024;0,06
28081.276039248;0;0;0;0,067;0,176;0;0;0,008;0;0;0,008;0,017;0,491;0;0;0;0;0;0;0,353;0;0,017;0;0;0,017;0,084;0,017;0;0;0;0,454;0,025;0;0;0;0;0,092;0;0;0;0,018;0;0,017;0,008;0,042
28190.776268777;0;0;0,01;0;0,237;0;0;0;0,021;0;0,01;0;0,575;0;0;0;0;0,021;0;0,258;0;0,041;0;0;0,077;0,139;0;0;0;0;0,538;0;0;0,021;0;0;0,093;0;0;0;0,003;0;0,01;0;0,031
28300.276498306;0;0;0,009;0,018;0,062;0;0,009;0;0,009;0;0;0;0,61;0;0;0;0;0;0;0,489;0;0,009;0;0;0,084;0,169;0,018;0;0;0;0,453;0;0;0,018;0;0;0,036;0;0;0;0,01;0;0;0;0,036
28409.776727835;0;0;0;0,104;0,189;0;0;0;0,057;0;0,009;0;0,541;0;0;0;0;0,038;0;0,245;0;0;0;0;0,042;0,156;0;0,009;0;0;0,5;0;0;0,009;0;0;0,066;0;0;0;0,006;0;0,009;0,009;0,038
28519.276957364;0;0;0;0,031;0,184;0;0;0;0,015;0;0,008;0;0,54;0;0;0;0;0,008;0;0,368;0;0,008;0;0;0,073;0,176;0,015;0,008;0;0;0,487;0;0;0;0;0;0,046;0;0;0;0,002;0;0,008;0;0,023
28628.777186893;0;0;0,01;0,073;0,219;0;0,01;0;0,031;0;0,042;0,01;0,562;0;0;0;0;0,052;0;0,177;0;0,01;0;0;0,047;0,099;0;0;0;0;0,547;0;0;0,031;0;0;0,063;0;0;0;0,006;0;0;0,01;0,042
28738.277416422;0;0;0;0,075;0,112;0;0;0;0;0;0;0,025;0,59;0,012;0;0;0;0;0;0,46;0;0,037;0;0;0,019;0,05;0,012;0;0;0;0,596;0,037;0;0;0;0;0,025;0;0;0;0;0;0,05;0,012;0,037
28847.777645951;0;0;0;0,117;0,127;0;0;0;0,039;0;0,029;0;0,513;0;0,01;0;0;0,039;0;0,273;0;0,01;0;0,01;0,034;0,127;0,01;0,01;0;0;0,489;0;0;0,01;0;0;0,068;0;0;0;0,022;0;0;0,01;0,01
29066.778105009;0;0;0,012;0,06;0,144;0;0;0;0,012;0;0;0,012;0,676;0;0;0;0;0,012;0;0,431;0;0;0;0;0,03;0,144;0,036;0;0;0;0,486;0;0;0,012;0;0;0,072;0;0;0;0,012;0;0;0;0
29176.278334538;0;0;0;0,037;0,101;0;0;0;0,009;0;0;0;0,632;0;0;0;0;0,018;0;0,516;0;0;0;0,018;0,018;0,069;0,009;0;0;0;0,249;0;0,018;0,018;0;0;0,101;0;0;0;0,006;0;0;0;0,046
29285.778564067;0;0;0,012;0,035;0,105;0;0;0;0,023;0;0;0,012;0,632;0;0;0;0;0,012;0;0,351;0;0,023;0;0;0,035;0,111;0,012;0,012;0;0;0,51;0;0;0,023;0;0;0,117;0;0;0;0,009;0;0;0;0,035
29450.0289083605;0;0;0;0,046;0,092;0;0;0;0,046;0;0,007;0;0,604;0;0;0;0;0,033;0;0,281;0;0;0;0,007;0,023;0,154;0;0,013;0;0;0,326;0;0,007;0,039;0;0;0,085;0;0;0;0,009;0;0;0,007;0,092
29614.279252654;0;0;0;0,073;0,104;0;0;0;0,041;0;0;0,01;0,588;0;0;0;0;0,01;0;0,363;0;0,01;0;0;0,021;0,13;0,021;0,01;0;0;0,45;0;0,01;0,01;0;0;0,073;0;0;0;0;0;0;0,01;0,031
29723.779482183;0;0;0;0,081;0,081;0;0;0;0,061;0;0,02;0;0,714;0;0;0;0;0,061;0;0,355;0;0,01;0;0,02;0,03;0,096;0;0;0;0;0,323;0;0;0;0;0;0,041;0;0;0;0,005;0;0;0,01;0,051
29997.5300560056;0;0;0;0,021;0,082;0;0;0;0,055;0;0,021;0,007;0,673;0;0;0;0;0,014;0;0,432;0;0;0;0;0,014;0,137;0;0;0;0;0,24;0;0,014;0;0;0;0,062;0;0;0;0,006;0;0;0;0,075
30161.780400299;0;0;0;0,047;0,14;0;0;0;0;0;0,012;0;0,587;0;0;0;0;0;0;0,36;0;0,012;0;0,012;0,041;0,157;0;0;0;0;0,533;0;0;0;0;0;0,081;0;0;0;0;0;0;0,012;0,07
30271.280629828;0;0;0;0,01;0,102;0;0;0;0,041;0;0;0,02;0,59;0;0;0;0;0,051;0;0,325;0;0,01;0;0,01;0,061;0,127;0;0,01;0;0;0,477;0;0;0,03;0;0;0,061;0;0;0;0,009;0;0,01;0;0,071
30380.780859357;0;0;0;0,029;0,254;0;0;0,02;0;0;0,02;0;0,491;0;0;0;0;0;0;0,38;0;0,01;0;0,01;0,024;0,059;0;0;0;0;0,504;0,01;0;0;0;0;0,068;0;0;0;0,029;0,01;0,039;0;0,049
30490.281088886;0;0;0;0,052;0,2;0;0,009;0;0;0;0,009;0;0,527;0;0;0;0;0,035;0;0,348;0;0,009;0;0,017;0,039;0,083;0,009;0,009;0;0;0,491;0;0;0,009;0;0;0,035;0;0;0;0,011;0,009;0,009;0,017;0,052
30599.781318415;0;0;0;0,04;0,119;0;0;0;0,02;0;0,02;0;0,519;0;0;0;0;0;0;0,436;0;0,02;0;0;0,035;0,173;0;0;0;0;0,517;0,01;0;0,01;0;0;0;0;0;0,02;0,009;0;0;0;0,01
30818.781777473;0;0;0;0,01;0,147;0;0;0;0,02;0;0,01;0;0,553;0;0;0;0;0;0;0,353;0;0;0;0;0,074;0,152;0;0;0;0;0,505;0,02;0;0;0;0;0,078;0;0;0;0,006;0;0;0;0,078
30928.282007002;0;0;0;0,075;0,167;0;0;0;0,033;0;0;0,008;0,5;0;0;0;0;0,033;0;0,192;0;0,017;0;0;0,025;0,142;0;0,017;0;0;0,508;0;0,008;0;0;0;0,142;0;0;0;0,008;0;0,025;0,025;0,058
31037.782236531;0;0;0;0,041;0,173;0;0;0,008;0,025;0;0;0,016;0,444;0;0;0;0;0,008;0;0,403;0;0,016;0;0,016;0,008;0,037;0;0;0;0,008;0,48;0,058;0;0,016;0;0;0,074;0;0;0;0,018;0;0,058;0,008;0,025
31147.28246606;0;0;0,019;0,047;0,187;0;0;0;0,019;0;0,019;0,009;0,549;0;0;0;0;0,037;0;0,215;0;0;0;0;0,089;0,136;0;0;0;0;0,535;0;0,009;0;0;0;0,112;0;0;0;0,008;0,009;0,009;0;0,019
31256.782695589;0;0;0;0,011;0,057;0;0;0;0,034;0;0,011;0;0,64;0,011;0;0;0;0;0;0,437;0;0,034;0;0;0,098;0,109;0,011;0;0;0;0,576;0;0;0,023;0;0;0,046;0;0;0;0,011;0;0;0;0,034
31475.783154647;0,011;0;0;0,043;0,097;0;0;0;0,022;0;0;0;0,557;0;0;0;0;0,032;0;0,355;0;0;0;0,022;0,043;0,215;0,043;0;0;0;0,516;0;0;0;0;0;0,032;0;0;0;0,013;0;0;0,011;0,032
31530.5332694115;0;0;0;0,021;0,064;0;0;0;0,011;0;0,011;0,011;0,548;0;0;0;0;0,011;0;0,404;0;0;0;0;0,138;0,117;0,011;0,021;0;0;0,513;0;0;0,011;0;0;0,074;0;0;0;0,006;0;0;0;0,053
31585.283384176;0;0;0;0,073;0,155;0;0;0;0;0;0,064;0;0,491;0;0;0;0;0,018;0;0,2;0;0,045;0;0,018;0;0,155;0,009;0,018;0;0;0,59;0;0;0,027;0;0;0,091;0;0;0;0,011;0;0;0,018;0,018
31640.0334989405;0;0;0;0,093;0,102;0;0;0;0,017;0;0,008;0,008;0,593;0,008;0;0;0;0;0;0,331;0;0,025;0;0;0,038;0,123;0;0,008;0;0;0,496;0;0;0,025;0;0;0,102;0;0;0;0,012;0;0;0,025;0,051
31694.783613705;0;0;0;0,008;0,167;0;0;0,008;0,017;0;0;0,008;0,482;0;0;0;0;0;0;0,51;0;0,017;0;0,008;0,013;0,042;0;0;0;0;0,453;0,008;0;0;0,008;0;0,1;0;0;0;0,012;0;0,017;0;0,025
31749.5337284695;0;0;0,007;0,043;0,1;0;0;0;0,029;0;0,022;0;0,51;0;0;0;0;0;0;0,38;0;0,007;0;0,014;0,065;0,204;0;0,007;0;0;0,508;0;0;0,036;0;0;0,029;0;0;0;0,007;0;0;0;0,036
31804.283843234;0;0;0,009;0,1;0,192;0;0;0;0,046;0;0;0;0,531;0;0;0;0;0,018;0;0,174;0;0;0;0,009;0,018;0,215;0,018;0;0;0;0,521;0;0,009;0,009;0;0;0,055;0;0;0;0,008;0;0;0,018;0,046
31859.0339579985;0;0;0;0,03;0,097;0;0;0;0,082;0,007;0,022;0;0,51;0;0;0;0;0,007;0;0,27;0;0;0;0,007;0,086;0,21;0;0,022;0;0;0,431;0;0,007;0,015;0;0;0,015;0;0;0;0,008;0;0;0;0,03
31913.784072763;0;0;0;0,044;0,142;0;0;0;0,033;0;0,011;0;0,527;0;0;0;0;0,044;0;0,284;0;0;0;0,011;0,016;0,208;0,011;0,011;0;0;0,539;0;0;0,011;0;0;0,109;0;0;0;0,003;0;0,011;0,011;0,011
31968.5341875276;0;0;0;0,094;0,225;0;0;0;0,009;0;0,019;0;0,51;0;0;0;0;0,028;0;0,216;0;0,019;0;0,028;0,028;0,211;0;0;0;0;0,564;0;0,019;0,009;0;0;0,056;0;0;0;0,008;0;0;0;0,038
32132.784531821;0;0;0;0,009;0,206;0;0,009;0;0,028;0;0,009;0,019;0,531;0;0;0;0;0,009;0;0,215;0;0,009;0;0,009;0,112;0,187;0;0;0;0;0,457;0;0;0;0;0;0,047;0;0;0;0,012;0;0,009;0,009;0,028
32242.28476135;0;0;0;0,124;0,219;0;0;0;0,01;0;0,019;0;0,478;0;0;0;0;0,029;0;0,229;0;0;0;0,01;0,038;0,105;0;0,019;0;0;0,531;0;0;0,029;0;0;0,076;0;0;0;0,012;0,01;0;0,019;0,029
32297.0348761146;0;0;0;0,075;0,113;0;0;0;0,028;0;0;0,009;0,484;0;0;0;0;0,009;0;0,394;0;0;0;0;0,038;0,202;0,009;0;0;0;0,492;0;0,009;0;0;0;0,056;0;0;0;0,003;0;0;0;0
32351.784990879;0;0;0;0,05;0,151;0;0;0;0,03;0;0,01;0;0,509;0;0;0;0;0;0;0,452;0;0,01;0;0,01;0,06;0,085;0;0;0;0;0,513;0,01;0;0;0,01;0;0,04;0;0;0,01;0,016;0;0,01;0,03;0,03
32406.5351056436;0;0;0;0,085;0,108;0;0;0;0,015;0;0,015;0;0,559;0;0;0;0;0,023;0;0,386;0;0,015;0;0,015;0,027;0,154;0;0;0;0;0,507;0;0;0,015;0;0;0,062;0;0;0;0,009;0;0,015;0,008;0,023
32461.285220408;0;0;0;0,097;0,155;0;0;0;0,029;0;0,01;0;0,504;0;0;0;0;0,01;0;0,251;0;0;0;0;0,072;0,184;0,01;0;0;0;0,541;0;0,01;0,019;0;0;0,058;0;0;0;0,012;0;0;0;0,039
32516.0353351725;0;0;0;0,067;0,157;0;0;0;0,052;0;0;0,015;0,447;0;0;0;0;0,022;0;0,36;0;0,007;0;0,007;0,052;0,086;0,007;0;0;0;0,397;0,007;0,015;0,007;0;0;0,045;0;0;0;0,006;0;0,007;0;0,045
32570.785449937;0;0;0;0,08;0,109;0;0;0;0,03;0;0;0,01;0,617;0;0;0;0;0,04;0;0,358;0;0;0;0,01;0,035;0,159;0,01;0;0,01;0;0,599;0,01;0;0;0;0;0,05;0;0;0;0,01;0;0,01;0;0,02
32680.285679466;0;0;0;0,093;0,149;0;0;0;0,028;0;0,009;0;0,562;0;0;0;0;0,019;0;0,233;0;0,028;0;0,009;0,023;0,149;0,009;0,009;0;0;0,564;0;0;0,037;0,009;0;0,093;0;0;0;0,013;0;0,009;0,028;0,009
32735.0357942305;0,01;0;0,007;0,085;0,196;0;0;0;0,118;0;0,02;0,007;0,416;0;0,007;0;0;0,02;0;0,092;0;0,033;0;0,007;0,023;0,124;0;0,007;0;0;0,39;0;0;0,033;0,007;0;0,02;0;0;0;0,014;0,026;0,007;0,026;0,039
32789.785908995;0;0;0;0,069;0,079;0;0,01;0;0,039;0;0,02;0;0,587;0;0;0;0;0,01;0;0,404;0;0,01;0;0;0,094;0,177;0,01;0;0;0;0,657;0;0,01;0;0;0;0,039;0;0;0;0,005;0;0;0;0,02
33008.786368053;0;0;0;0,061;0,25;0;0;0;0,068;0;0,008;0;0,482;0;0;0;0;0,008;0;0,212;0;0;0;0;0,083;0,159;0,015;0;0;0;0,436;0;0;0,015;0;0;0,045;0;0;0;0,011;0;0,008;0,023;0,008
33063.5364828176;0;0;0;0,069;0,206;0;0;0;0,031;0,008;0;0,008;0,407;0;0;0;0;0,031;0;0,26;0;0;0;0,015;0,061;0,183;0;0;0;0;0,524;0;0;0;0;0;0,076;0;0;0;0,008;0;0;0,015;0,015
33118.2865975821;0;0;0;0,066;0,197;0;0;0;0,033;0;0,016;0,016;0,492;0;0;0;0;0,016;0;0,254;0;0,016;0;0,008;0,074;0,148;0;0,008;0;0;0,448;0;0;0,033;0;0;0,033;0;0;0;0,006;0;0,008;0,016;0,033
33008.786368053;0;0;0;0,046;0,161;0;0;0;0,015;0;0;0,038;0,389;0;0;0;0;0;0;0,375;0;0,008;0;0;0,054;0,096;0,015;0;0;0;0,466;0,023;0,008;0,008;0;0;0,092;0;0;0;0,015;0;0,023;0,008;0,015
33118.2865975821;0;0;0;0,094;0,085;0;0;0;0,066;0;0,019;0;0,543;0;0;0;0;0,009;0;0,189;0;0,038;0;0,019;0,028;0,179;0,019;0,009;0;0;0,488;0;0,009;0,019;0,009;0;0,085;0;0;0;0,009;0;0,019;0,009;0,038
33173.0367123465;0;0;0,008;0,041;0,124;0;0;0;0,008;0;0,017;0;0,554;0;0;0;0;0,033;0;0,364;0;0,008;0;0,033;0,045;0,128;0,017;0;0;0;0,549;0;0;0,025;0;0;0,066;0;0;0;0,007;0,008;0,008;0;0,033
33227.786827111;0,009;0;0;0,056;0,112;0;0;0;0,019;0;0;0;0,508;0;0;0;0;0,019;0;0,391;0;0,009;0;0,019;0,056;0,172;0,009;0;0;0;0,494;0;0;0;0;0;0,056;0;0;0;0,003;0,009;0,009;0,009;0,009
33282.5369418756;0;0;0;0,063;0,154;0;0,014;0;0,028;0,007;0;0,007;0,482;0;0;0;0;0,021;0;0,224;0;0,014;0;0,007;0,098;0,217;0;0,014;0;0;0,489;0;0;0;0;0;0,056;0;0;0;0,002;0;0,007;0;0,014
33337.28705664;0;0;0;0,081;0,163;0;0;0;0,018;0;0,018;0;0,485;0;0;0;0;0,018;0;0,353;0;0,009;0;0,009;0,023;0,154;0,009;0;0;0;0,478;0;0;0,027;0;0;0,036;0;0;0;0,009;0;0;0,009;0,063
33392.0371714045;0;0;0;0,107;0,246;0;0;0;0,033;0;0,033;0;0,514;0;0;0;0;0,016;0;0,148;0;0,016;0;0;0,07;0,102;0,008;0,016;0;0;0,45;0;0;0,008;0;0;0,066;0,008;0;0;0,008;0;0,008;0,025;0,041
33446.787286169;0;0;0;0,02;0,198;0;0;0;0,089;0;0,03;0,01;0,541;0;0;0;0;0;0;0,327;0;0,02;0;0,01;0,064;0,153;0;0;0;0;0,545;0;0;0;0;0;0;0;0,01;0;0,003;0;0;0;0,01
33556.287515698;0;0;0;0,126;0,165;0;0,008;0;0,031;0,008;0;0;0,5;0;0;0;0;0,008;0;0,276;0;0;0;0,016;0,016;0,087;0;0,008;0;0;0,533;0;0,016;0;0,008;0;0,102;0;0;0;0,01;0;0,008;0,024;0,031
33611.0376304626;0;0;0,008;0,063;0,134;0;0;0;0,024;0;0,008;0;0,505;0;0;0;0;0,024;0;0,213;0;0,024;0;0;0,103;0,233;0,008;0;0;0;0,48;0;0;0,024;0;0;0,016;0;0;0;0,005;0;0,008;0,024;0,032
33665.787745227;0;0;0;0,036;0,126;0;0;0,009;0,018;0;0,009;0,018;0,437;0;0,009;0;0;0;0;0,459;0;0,009;0;0,009;0,036;0,117;0;0;0;0;0,513;0,009;0;0,009;0;0;0,054;0;0;0;0,019;0;0,027;0;0,045
33720.5378599915;0;0;0,009;0,056;0,194;0;0,009;0;0,046;0;0,019;0;0,528;0;0;0;0;0,019;0;0,213;0;0,019;0;0,019;0,102;0,157;0,009;0,009;0;0;0,53;0;0;0,019;0;0;0,028;0;0;0;0,006;0,009;0;0,009;0,037
33775.287974756;0;0;0;0,039;0,148;0;0;0;0,049;0,01;0,01;0,01;0,525;0,01;0;0;0;0,02;0;0,217;0;0,03;0;0,02;0,054;0,167;0;0,01;0;0;0,478;0;0;0,03;0,01;0;0,059;0;0;0;0,013;0;0,01;0,02;0,049
33830.0380895206;0;0;0,009;0,179;0,098;0;0;0;0,009;0;0,018;0;0,349;0;0;0;0;0,018;0;0,304;0;0,045;0;0,009;0,022;0,058;0;0;0;0;0,778;0;0;0,036;0;0;0,089;0,009;0;0,009;0,005;0;0,018;0;0,027
34103.7886633431;0;0;0,009;0,137;0,137;0;0;0;0;0;0,009;0;0,376;0;0;0;0;0,018;0;0,274;0;0,064;0;0,009;0;0,059;0;0;0;0;0,717;0;0,018;0,027;0;0;0,091;0;0;0;0,007;0,009;0,009;0,009;0,009
34158.5387781075;0;0;0;0,165;0,077;0;0;0;0,011;0;0,033;0;0,393;0,011;0;0;0;0,011;0;0,33;0;0,044;0;0,011;0,016;0,093;0,022;0;0;0;0,761;0;0;0,033;0;0;0,077;0;0;0;0,009;0;0;0,011;0
34213.288892872;0;0;0;0,17;0,085;0;0;0;0;0;0,043;0;0,4;0,014;0;0;0;0;0;0,326;0;0,057;0;0,014;0,014;0,078;0,028;0;0;0;0,749;0;0;0,043;0;0;0,057;0;0;0;0,012;0;0;0,014;0
34268.0390076366;0;0;0;0,201;0,096;0;0;0;0,009;0;0,026;0;0,437;0,009;0;0;0;0;0;0,227;0;0,087;0;0;0,022;0,07;0,009;0,009;0;0;0,776;0;0;0,026;0;0;0,087;0;0;0;0,007;0;0;0,009;0,026
34158.5387781075;0;0;0,01;0,082;0,154;0;0;0;0,021;0;0,01;0;0,571;0;0;0;0;0,01;0;0,318;0;0,041;0;0,01;0,026;0,082;0,01;0;0;0;0,766;0;0,021;0,021;0;0;0,103;0;0;0;0,007;0;0;0,01;0,021
34432.28935193;0;0;0;0,185;0,081;0;0;0;0,046;0;0,058;0;0,38;0;0;0;0;0,012;0;0,197;0;0,081;0;0;0,023;0,052;0;0,012;0;0;0,743;0;0,012;0;0;0;0,127;0;0;0;0,013;0;0;0,012;0,023
34487.0394666946;0;0;0;0,193;0,091;0;0;0;0;0;0,023;0,011;0,296;0;0;0;0;0,011;0;0,273;0;0,045;0;0;0,028;0,074;0;0;0;0;0,698;0;0;0,011;0;0;0,125;0;0;0;0,015;0;0,023;0,011;0,034
34541.789581459;0;0;0;0,168;0,042;0;0;0;0,031;0;0,021;0;0,251;0;0;0;0;0,01;0;0,168;0;0,115;0;0;0,094;0,12;0;0,01;0;0;0,72;0;0,01;0;0;0;0;0;0;0;0,005;0;0,01;0,01;0,042
34432.28935193;0;0;0;0,118;0,109;0;0;0;0,018;0;0;0,009;0,299;0;0;0;0;0;0;0,418;0;0,036;0;0,009;0;0,045;0,009;0,018;0;0;0,565;0;0;0,027;0;0;0,1;0;0;0;0,026;0;0,009;0,018;0,018
34706.0399257525;0;0;0;0,182;0,05;0;0,008;0;0,058;0;0,041;0;0,234;0;0;0;0;0,008;0;0,281;0;0,099;0;0,008;0,033;0,091;0;0;0;0;0,59;0;0;0,033;0;0;0,025;0;0;0;0,009;0;0;0;0,008
34760.790040517;0;0;0;0,237;0,079;0;0;0;0,053;0;0,013;0,013;0,377;0;0;0;0;0,013;0;0,289;0;0,053;0;0,013;0;0,066;0,013;0;0;0;0,801;0;0;0,013;0;0;0,039;0;0;0;0;0;0,013;0,013;0,026
34815.5401552816;0;0;0;0,266;0,046;0;0;0;0,023;0;0,023;0,012;0,384;0;0;0;0;0;0;0,092;0;0,081;0;0;0,04;0,092;0,012;0,012;0;0,012;0,79;0;0,023;0,012;0;0;0,116;0;0,012;0;0,009;0;0;0,035;0
34706.0399257525;0;0;0;0,1;0,12;0;0;0;0;0;0,02;0;0,355;0;0;0;0;0,01;0;0,46;0;0,05;0;0;0,02;0,1;0;0;0;0;0,738;0;0;0,01;0;0;0,04;0;0;0;0,002;0;0,02;0;0,01
34760.790040517;0;0;0,005;0,177;0,226;0;0;0;0,022;0;0,005;0,011;0,287;0,005;0,005;0;0;0,011;0;0,183;0;0,043;0;0;0,019;0,056;0,016;0;0;0;0,699;0;0,005;0,032;0;0;0,07;0;0;0;0,006;0,005;0,005;0,011;0,022
34815.5401552816;0;0;0,01;0,153;0,105;0;0;0;0;0;0,029;0,01;0,369;0;0;0;0;0;0;0,268;0;0,124;0;0;0,038;0,033;0,01;0,01;0;0;0,781;0;0;0,048;0;0;0,077;0;0;0;0,007;0;0;0;0,019
34870.290270046;0;0;0;0,167;0,078;0;0;0;0,059;0;0,039;0,01;0,282;0,01;0;0;0;0;0;0,186;0;0,069;0;0;0,054;0,083;0;0;0;0;0,708;0;0;0,01;0;0;0,108;0;0;0;0,008;0;0;0,02;0,029
34925.0403848105;0;0;0;0,112;0,089;0;0;0;0,011;0;0,034;0;0,417;0;0;0;0;0,056;0;0,346;0;0,078;0;0;0,039;0,056;0,011;0,011;0;0;0,795;0;0;0,011;0;0;0,056;0;0;0,011;0,006;0;0;0;0,022
34979.790499575;0;0;0;0,229;0,042;0;0;0;0;0;0,042;0;0,333;0;0;0;0;0,017;0;0,237;0;0,068;0;0;0,03;0,081;0;0,008;0;0;0,803;0;0,008;0,025;0;0;0,136;0;0;0;0,005;0;0,017;0;0,017
35034.5406143396;0,012;0;0;0,19;0,024;0;0;0;0,016;0;0,008;0;0,303;0;0;0;0;0;0;0,158;0;0,087;0;0,008;0,047;0,213;0,008;0;0;0;0,803;0;0,008;0,016;0;0;0,111;0;0;0;0,006;0,024;0,016;0,008;0,008
35089.290729104;0;0;0;0,192;0,023;0;0;0;0,045;0;0,056;0,011;0,37;0;0;0;0;0,023;0;0,158;0;0,158;0;0;0,051;0,09;0,011;0,011;0;0;0,826;0;0;0,023;0;0;0,068;0;0;0;0,005;0;0,011;0;0,011
35144.0408438685;0;0;0;0,252;0,042;0;0;0;0,025;0;0,017;0,008;0,296;0;0;0;0;0;0;0,345;0;0,05;0;0;0;0,034;0,017;0;0;0;0,784;0;0;0,025;0,008;0;0,101;0;0;0;0,012;0;0;0;0,034
35253.5410733976;0;0;0;0,128;0,011;0;0;0;0,032;0;0,032;0,011;0,382;0;0;0;0;0;0;0,213;0;0,117;0;0;0,021;0,106;0;0;0;0;0,809;0;0,011;0,043;0;0;0,17;0;0;0;0,009;0;0,011;0;0,032
35363.0413029265;0;0;0;0,147;0,046;0;0;0;0,028;0;0,055;0;0,311;0;0;0;0;0;0;0,258;0;0,12;0;0;0,018;0,051;0,009;0;0;0;0,874;0;0;0,009;0,009;0;0,111;0;0;0;0,005;0;0,065;0,009;0
35472.5415324556;0;0;0;0,248;0,032;0;0;0;0,05;0;0,055;0;0,213;0,005;0;0;0;0,009;0;0,11;0;0,206;0;0;0,021;0,076;0,005;0;0;0;0,667;0;0,005;0,028;0,005;0;0,05;0;0;0;0,008;0,005;0,005;0,005;0,028
35527.29164722;0;0;0,014;0,221;0,041;0;0;0;0,041;0;0,041;0,014;0,293;0;0;0;0;0;0;0,317;0;0,069;0;0;0;0,021;0;0;0;0;0,84;0;0,014;0;0;0;0,124;0;0;0;0,004;0;0;0;0,041
35582.0417619845;0;0;0;0,16;0,062;0;0;0;0,036;0;0,009;0;0,427;0;0;0;0;0,009;0;0,276;0;0,044;0;0,018;0,009;0,049;0,009;0;0;0;0,858;0;0;0,044;0;0;0,107;0;0;0;0,003;0,018;0,027;0;0,044
35691.5419915135;0;0;0;0,203;0,019;0;0,01;0;0,039;0;0,058;0,01;0,269;0;0;0;0;0;0;0,155;0;0,077;0;0;0,058;0,092;0,01;0;0;0;0,871;0;0,01;0,019;0;0;0,116;0;0;0;0,006;0;0,01;0;0,029
35746.292106278;0;0;0,011;0,286;0,034;0;0;0;0,046;0;0,046;0;0,33;0;0;0;0;0;0;0,217;0;0,08;0;0;0,011;0,051;0,011;0;0;0;0,786;0;0;0,011;0;0;0,126;0;0;0;0,011;0;0;0,011;0,034
35801.0422210426;0;0;0,009;0,181;0,018;0;0;0;0,036;0;0,018;0,009;0,324;0,009;0;0;0;0,018;0;0,199;0;0,118;0;0;0,081;0,122;0;0,009;0;0;0,852;0;0;0,009;0;0;0,063;0;0;0;0,006;0;0;0;0,036
35855.792335807;0,011;0;0,022;0,27;0,034;0;0;0;0,011;0;0,011;0,034;0,226;0;0;0;0;0;0;0,258;0;0,011;0;0;0,011;0,067;0,022;0;0;0,045;0,68;0;0;0,022;0,011;0;0,101;0;0;0;0,016;0;0;0;0,022
35910.5424505715;0;0;0;0,159;0,011;0;0;0;0,068;0;0,034;0;0,343;0;0;0;0;0,011;0;0,227;0;0,057;0;0;0,057;0,136;0;0,011;0;0;0,792;0;0,011;0,023;0;0;0,045;0;0;0;0,004;0,011;0,011;0,011;0,057
35965.292565336;0;0;0,009;0,188;0,027;0;0;0;0,009;0;0,045;0,018;0,385;0,009;0;0;0;0,018;0;0,304;0;0,027;0;0,009;0,022;0,076;0;0;0;0;0,792;0;0;0,009;0;0;0,152;0;0;0;0,005;0;0;0,009;0,027
36020.0426801006;0;0;0;0,219;0,018;0;0;0;0,027;0;0,055;0;0,263;0;0;0;0;0,009;0;0,283;0;0,046;0;0;0,032;0,064;0,009;0;0;0;0,757;0;0,009;0,027;0;0;0,164;0;0;0;0,002;0;0,009;0;0,009
36074.792794865;0;0;0;0,05;0,1;0;0;0;0,063;0;0,025;0;0,456;0;0,013;0;0;0;0;0,288;0;0,013;0;0,013;0,081;0,256;0,013;0;0;0;0,778;0;0;0;0;0;0,038;0;0;0;0,002;0;0;0;0,013
36129.5429096295;0;0;0,008;0,106;0,049;0;0;0;0,041;0;0,016;0,008;0,382;0;0;0;0;0,024;0;0,325;0;0,033;0;0;0;0,13;0,016;0,008;0;0;0,808;0;0,016;0,041;0;0;0,065;0;0;0;0,004;0;0,024;0,016;0,033
36184.293024394;0;0;0,009;0,128;0,064;0;0;0;0,055;0;0,018;0,009;0,277;0,009;0;0;0;0,037;0;0,164;0;0,1;0;0,009;0;0,087;0,027;0;0;0,009;0,578;0;0;0,046;0;0;0,091;0;0;0;0,007;0;0;0,009;0,027
36239.0431391586;0;0;0,021;0,166;0,041;0;0;0;0,01;0;0,01;0,01;0,441;0,01;0;0;0;0;0;0,301;0;0,031;0;0,01;0,067;0,104;0;0;0;0,01;0,783;0;0;0,031;0;0;0,062;0;0;0,01;0,004;0;0;0,01;0,01
36293.7932539231;0;0;0;0,088;0,064;0;0;0;0,04;0;0,008;0;0,386;0;0;0;0;0;0;0,263;0;0,032;0;0,008;0,064;0,124;0,008;0;0;0;0,808;0;0;0,032;0;0;0,127;0;0;0;0,005;0;0,008;0,008;0,064
36403.293483452;0,023;0;0,009;0,168;0,037;0;0,009;0;0,047;0;0,037;0,037;0,359;0;0;0;0;0,009;0;0,187;0;0,056;0;0,009;0,042;0,112;0,009;0,009;0;0;0,695;0;0;0,037;0,009;0;0,065;0;0;0;0,01;0,009;0;0;0,009
36458.0435982166;0;0;0;0,167;0,029;0;0;0;0,02;0;0,029;0;0,414;0;0;0;0;0,029;0;0,294;0;0,02;0;0,01;0,054;0,152;0;0;0;0;0,782;0;0,01;0,029;0,01;0;0,098;0;0;0;0,007;0;0,01;0;0,029
36512.793712981;0;0;0;0,195;0,031;0;0;0;0,008;0;0,023;0,016;0,395;0;0;0;0;0,008;0;0,28;0;0,023;0;0;0,031;0,121;0;0;0;0;0,8;0;0;0,031;0;0;0,163;0;0;0;0,004;0;0,016;0;0,016
36567.5438277455;0;0;0;0,104;0,048;0;0;0;0,032;0;0,008;0;0,366;0,008;0;0;0;0;0;0,329;0;0,016;0;0;0,048;0,133;0;0;0;0;0,836;0;0,008;0,024;0;0;0,12;0;0;0;0,002;0;0,008;0;0,056
36622.29394251;0;0;0;0,1;0,038;0;0;0,013;0,05;0;0,038;0,063;0,333;0;0;0;0;0;0;0,375;0;0;0;0;0,013;0,163;0;0,013;0;0;0,692;0;0;0,025;0;0;0,063;0;0;0;0,01;0;0,013;0,025;0
36731.794172039;0,013;0;0,009;0,108;0,018;0;0;0;0,045;0;0,027;0;0,228;0,009;0;0;0;0;0;0,251;0;0,09;0;0;0,121;0,121;0;0;0;0;0,654;0;0;0;0;0;0,108;0;0;0;0,006;0,009;0;0;0,009
36786.5442868036;0;0;0;0,185;0,046;0;0;0;0,058;0;0,035;0,012;0,414;0,012;0;0;0;0,012;0;0,277;0;0,012;0;0;0;0,075;0,012;0;0;0;0,814;0;0;0,069;0,012;0;0,139;0;0;0;0;0;0;0;0,023
36841.294401568;0;0;0;0,149;0,046;0;0;0;0,034;0;0,011;0;0,47;0,011;0;0;0;0;0;0,264;0;0,023;0;0,011;0,08;0,218;0;0;0;0;0,844;0;0;0;0;0;0,08;0;0;0;0,005;0;0;0;0,034
37060.294860626;0;0;0;0,138;0,075;0;0;0;0,025;0;0,025;0,013;0,42;0;0;0;0;0,025;0;0,225;0;0;0;0;0,075;0,263;0;0;0;0;0,868;0;0,013;0;0;0;0,088;0;0;0;0;0;0;0;0
37279.2953196841;0;0;0;0,062;0,086;0;0;0;0,012;0;0,025;0,037;0,243;0;0;0;0;0;0;0,272;0;0;0;0;0,074;0,358;0;0;0;0;0,736;0;0;0,025;0;0;0,025;0;0;0;0,021;0;0;0;0
2200.7873178557;0;0;0,014;0,135;0,092;0;0;0;0;0;0,014;0,071;0,078;0;0;0;0;0;0;0,085;0;0;0;0;0,121;0,305;0;0;0;0,007;0,575;0;0;0,007;0;0;0,071;0,014;0;0;0,006;0;0,007;0,014;0,007
2408.14071625538;0;0;0,02;0,082;0,102;0;0,007;0,02;0,027;0;0,007;0,041;0,169;0;0;0;0;0;0;0,061;0;0,02;0;0,014;0,146;0,344;0;0;0;0,02;0,464;0;0;0,007;0;0;0,041;0;0;0;0,01;0;0;0;0,034
2605.23708379837;0;0;0,006;0,113;0,088;0;0;0,006;0,019;0,006;0,006;0,063;0,184;0;0;0;0;0;0;0,119;0;0,013;0;0;0,116;0,295;0;0;0;0;0,441;0;0,006;0,006;0;0;0,056;0;0;0,006;0;0;0;0,006;0,025
2789.92049551888;0;0;0;0,068;0,068;0;0;0;0,024;0;0,01;0,015;0,221;0;0,01;0;0;0;0;0,068;0;0,02;0;0,005;0,163;0,398;0;0;0;0;0,218;0;0;0,005;0,005;0;0,049;0;0;0;0;0;0;0,005;0,049
2977.82566429188;0;0;0,014;0,082;0,119;0;0;0,009;0,014;0;0,009;0,032;0,226;0,005;0;0;0;0,005;0;0,1;0;0,005;0;0;0,121;0,322;0;0;0;0;0,204;0;0,014;0,018;0;0;0,064;0;0;0;0,003;0;0;0,005;0,037
3123.64242391347;0;0;0,01;0,054;0,088;0;0;0;0,02;0;0,015;0,034;0,221;0;0;0;0;0;0;0,078;0;0,02;0;0;0,162;0,314;0;0;0;0;0,224;0;0,01;0,025;0;0;0,074;0;0;0;0,009;0;0;0;0,054
3270.63174769163;0;0;0,008;0,054;0,045;0;0;0;0,025;0;0,008;0,008;0,177;0;0;0;0;0,004;0;0,128;0;0,012;0;0;0,192;0,407;0;0;0;0,008;0,227;0;0;0;0;0;0,037;0;0;0,004;0,016;0;0,004;0;0,012
3406.58437091743;0;0;0,024;0,106;0,091;0;0;0,01;0,019;0;0,014;0,043;0,2;0;0;0;0;0;0;0,111;0;0,01;0;0,019;0,142;0,281;0;0;0;0;0,191;0;0;0,029;0;0;0,063;0;0;0;0,019;0;0;0;0,029
3533.61070713463;0,01;0;0,005;0,01;0,057;0;0;0,005;0,005;0;0,01;0,019;0,186;0;0,005;0,005;0;0;0;0,071;0;0,019;0;0;0,207;0,442;0;0;0;0;0,222;0,01;0;0;0;0;0,052;0;0;0,005;0,015;0;0;0;0,038
3668.14084813963;0;0;0,01;0,061;0,066;0;0;0;0,026;0;0,015;0,036;0,197;0;0;0;0;0;0;0,107;0;0,031;0;0,015;0,156;0,324;0;0;0;0,005;0,234;0;0;0,02;0;0;0,082;0,005;0;0;0,016;0;0;0,01;0,005
3801.94921677723;0;0;0,006;0,044;0,033;0;0;0;0;0;0;0,028;0,15;0;0,011;0;0;0,006;0;0,061;0;0,011;0;0;0,207;0,439;0,006;0;0;0;0,33;0;0,011;0;0;0;0,05;0;0;0;0,013;0;0;0;0,017
3939.29587751295;0;0;0,016;0,07;0,06;0;0;0,011;0,005;0;0;0,038;0,252;0,005;0;0;0;0,022;0;0,136;0;0,011;0;0,005;0,103;0,29;0;0;0;0;0,248;0,005;0;0,054;0;0;0,108;0;0;0;0,006;0;0;0;0,033
4085.0133494195;0,01;0;0,01;0,077;0,051;0;0;0,005;0;0;0;0,031;0,163;0;0,005;0;0;0;0;0,123;0;0,015;0;0;0,165;0,409;0;0;0;0;0,312;0;0;0,005;0;0;0,031;0;0;0;0,009;0;0,005;0;0,015
4221.78475098505;0;0;0,005;0,068;0,094;0;0;0,005;0;0;0,005;0,021;0,263;0;0;0;0;0,005;0;0,063;0;0;0;0;0,181;0,357;0;0,005;0;0;0,227;0;0;0,037;0;0;0,1;0;0;0;0,009;0;0;0,01;0,01
4310.14380011325;0,015;0;0;0,018;0,009;0;0;0;0,004;0;0;0,018;0,126;0;0;0;0;0,004;0;0,053;0;0,009;0;0;0,377;0,445;0;0;0;0;0,174;0;0;0,004;0;0;0,009;0;0;0;0,006;0;0;0;0,018
4373.69663171635;0;0;0,011;0,049;0,099;0;0;0;0,011;0;0,016;0,033;0,201;0;0;0;0;0,016;0;0,137;0;0;0;0,011;0,142;0,277;0;0,011;0;0;0,384;0;0;0,038;0;0;0,071;0;0;0;0,006;0;0,005;0;0,038
4435.88316335488;0;0;0,005;0,038;0,024;0;0;0,014;0,029;0,005;0,01;0,029;0,15;0;0;0;0;0;0;0,11;0;0,01;0;0;0,164;0,507;0;0;0;0,005;0,377;0;0;0;0;0;0,014;0,005;0;0,005;0;0;0;0,005;0,005
4498.72973217973;0;0;0,017;0,097;0,092;0;0;0;0,011;0;0,034;0,011;0,226;0;0;0;0;0;0;0,12;0;0;0;0;0,126;0,324;0,006;0,006;0;0;0,343;0;0,011;0,017;0;0;0,057;0;0;0;0,006;0;0;0,006;0,029
4563.26454616331;0;0;0;0,025;0,086;0;0;0,006;0,019;0;0,012;0,006;0,206;0;0;0;0;0;0;0,13;0;0,006;0;0;0,182;0,429;0;0;0;0;0,447;0;0;0;0;0;0,031;0;0;0;0,012;0;0,012;0;0,006
4629.51768409955;0;0;0,007;0,086;0,086;0;0;0;0,014;0;0;0,007;0,187;0;0;0;0;0;0;0,1;0;0,007;0;0,007;0,136;0,355;0;0;0;0;0,515;0;0,007;0,022;0;0;0,093;0;0;0;0,006;0;0;0,007;0,036
4694.37804327435;0,011;0;0;0,067;0,052;0;0;0,015;0,03;0;0,007;0,052;0,192;0,007;0;0;0;0,007;0;0,126;0;0;0;0;0,112;0,342;0,015;0;0;0,007;0,529;0;0,007;0,022;0;0;0,052;0;0;0;0,009;0;0,007;0;0,015
4756.94224204248;0;0;0,007;0,08;0,067;0;0;0;0,013;0;0,007;0,06;0,247;0;0;0;0;0;0;0,127;0;0,007;0;0,007;0,114;0,311;0;0;0;0;0,447;0,007;0,007;0,054;0;0;0,06;0;0;0;0,006;0;0;0;0,027
4846.25831024248;0;0;0;0,115;0,097;0;0;0,006;0,006;0;0,006;0,03;0,122;0;0,006;0;0;0;0,006;0,187;0;0;0;0;0,16;0,254;0;0;0;0;0,574;0,006;0;0,024;0;0;0,048;0;0;0,006;0,01;0;0,006;0;0,012
4965.4260513473;0;0;0,011;0,075;0,096;0;0;0,005;0,021;0;0,011;0,016;0,221;0,005;0;0;0;0,005;0;0,118;0;0;0;0;0,115;0,281;0;0;0;0;0,332;0;0;0,048;0;0;0,102;0,005;0;0,011;0,009;0;0;0;0,016
5091.5970424643;0,009;0;0;0,09;0,06;0;0,006;0,006;0,036;0;0,018;0,06;0,262;0;0;0;0;0;0,006;0,138;0;0,006;0;0;0,132;0,318;0,006;0;0;0;0,333;0;0;0,006;0;0;0,072;0;0;0;0,006;0;0;0;0,006
5211.5092338303;0;0;0,023;0,083;0,069;0;0,005;0,005;0,009;0;0,009;0,014;0,2;0;0;0;0;0,005;0,005;0,111;0;0;0;0,009;0,113;0,34;0;0;0;0;0,169;0;0;0,032;0;0;0,074;0;0;0;0,009;0;0,014;0,005;0,056
5333.5026172078;0;0;0;0,112;0,061;0;0,005;0,005;0,01;0;0,025;0;0,196;0;0;0;0;0,01;0;0,091;0;0,005;0;0;0,19;0,327;0;0;0;0;0,273;0;0,01;0,025;0;0;0,076;0;0;0;0,003;0;0,005;0,005;0,02
5394.8461742318;0;0;0,013;0,133;0,044;0;0;0,003;0,016;0;0,016;0,006;0,125;0;0;0;0;0,01;0;0,076;0;0,006;0;0;0,059;0,17;0,013;0;0;0,003;0,127;0;0,003;0,025;0;0;0,073;0;0;0;0,003;0;0;0,003;0,013
5454.4500913179;0;0;0,01;0,048;0,022;0;0;0;0,022;0;0,016;0,01;0,138;0,003;0;0;0;0,006;0;0,051;0;0,01;0;0,003;0,075;0,278;0;0,003;0;0;0,178;0;0;0,013;0;0;0,019;0;0;0;0,009;0;0,003;0;0,013
5514.054008404;0,01;0;0,01;0,07;0,03;0;0;0;0,01;0;0,013;0,013;0,14;0;0,003;0;0;0,003;0;0,066;0;0,003;0;0;0,063;0,167;0;0;0;0,003;0,206;0;0;0,017;0;0;0,043;0;0;0,003;0,016;0;0,007;0,003;0,02
5575.1353409981;0;0;0,007;0,059;0,049;0;0;0;0,013;0;0,01;0,013;0,167;0;0;0;0;0,007;0;0,079;0;0,003;0;0;0,069;0,145;0;0,003;0;0;0,191;0;0,007;0,02;0,003;0;0,03;0,003;0;0;0,01;0;0,003;0;0,023
5637.6940891002;0;0;0,006;0,073;0,051;0;0;0;0,019;0;0,016;0,016;0,158;0;0;0;0;0;0;0,083;0;0;0;0;0,073;0,161;0;0;0;0;0,176;0;0;0,025;0;0;0,041;0;0;0;0,016;0;0,006;0;0,013
5700.2528372023;0;0;0;0,047;0,023;0;0;0;0,007;0;0,007;0,01;0,113;0;0,003;0;0;0,01;0;0,067;0;0,007;0;0;0,07;0,211;0,003;0,003;0;0;0,235;0;0,003;0,01;0;0;0,047;0;0;0;0,013;0;0,003;0;0,02
5768.11940371865;0;0;0,006;0,068;0,03;0;0;0;0,012;0;0,015;0,021;0,113;0;0;0;0;0,009;0,003;0,05;0;0;0;0,009;0,064;0,164;0,003;0,006;0;0;0,246;0;0,003;0,018;0;0;0,047;0;0;0;0,009;0,003;0;0;0,006
5835.985970235;0,007;0;0;0,052;0,036;0;0;0;0,026;0;0,007;0,013;0,164;0,003;0;0;0;0;0;0,075;0;0,003;0;0;0,044;0,206;0,003;0,003;0;0;0,191;0;0;0,003;0,003;0;0,046;0,003;0;0;0,006;0;0;0,003;0,013
5908.12862808592;0;0;0,016;0,098;0,032;0;0;0,003;0,006;0;0,022;0,016;0,097;0;0;0;0;0,01;0;0,086;0;0;0;0;0,055;0,209;0,003;0;0;0,006;0,155;0;0;0,016;0;0;0,098;0;0;0;0,015;0;0;0,006;0,01
5984.54737727142;0,005;0;0,003;0,041;0,028;0;0;0,006;0,025;0;0,006;0,009;0,171;0;0;0;0;0,003;0;0,063;0;0,003;0;0;0,097;0,256;0,003;0;0;0;0,089;0;0,003;0,013;0;0;0,06;0;0;0;0,012;0;0,003;0,003;0,035
6060.96612645692;0;0;0,013;0,075;0,042;0;0;0;0,007;0;0,01;0,023;0,12;0;0,003;0;0;0;0;0,059;0;0,007;0;0,003;0,094;0,223;0,003;0;0;0,01;0,149;0,003;0;0,02;0;0;0,059;0;0;0;0,016;0;0,01;0,003;0,016
6136.51619832342;0;0;0,003;0,053;0,026;0;0;0;0,02;0;0,007;0,013;0,169;0,007;0;0;0;0,01;0;0,056;0;0,003;0;0;0,085;0,268;0;0;0;0;0,143;0;0;0,016;0;0;0,03;0,003;0;0;0,01;0;0,003;0;0,01
6212.06627018992;0;0;0,009;0,092;0,035;0;0;0;0,003;0;0,017;0,029;0,143;0;0;0;0;0,014;0;0,046;0;0,006;0;0;0,085;0,188;0;0;0,003;0,003;0,141;0;0;0,009;0;0;0,087;0;0;0;0,006;0;0;0;0,02
6370.24673503093;0;0;0,009;0,136;0,075;0;0;0;0,019;0;0,014;0,037;0,161;0;0;0;0;0,009;0;0,112;0;0;0;0;0,077;0,301;0;0,005;0;0,005;0,227;0;0,005;0,028;0;0;0,117;0;0;0;0,009;0;0,005;0,005;0,023
6533.12929367943;0;0;0,007;0,033;0,036;0;0;0;0,01;0;0,01;0,01;0,062;0;0,003;0;0;0;0;0,073;0;0;0;0;0,21;0,243;0;0;0;0;0,193;0;0;0,01;0;0;0,026;0;0;0,007;0;0;0;0;0
6693.61315633802;0,006;0;0,004;0,046;0,1;0;0;0,004;0,013;0;0,004;0,021;0,112;0;0;0;0;0;0,004;0,084;0;0,004;0;0;0,226;0,366;0;0,008;0;0,004;0,262;0,004;0,004;0,017;0;0;0,046;0;0;0;0,006;0;0,004;0;0,013
6839.87497071243;0;0;0,01;0,058;0,144;0;0;0;0,014;0;0,005;0,024;0,137;0;0;0;0;0,019;0;0,11;0;0;0;0,01;0,175;0,293;0;0;0;0,005;0,287;0;0,01;0,014;0;0;0,072;0;0;0;0,012;0;0;0,005;0
6976.05616144632;0,008;0;0,005;0,052;0,119;0;0;0;0,01;0;0,016;0,01;0,111;0;0;0;0;0;0;0,094;0;0;0;0,016;0,226;0,319;0;0,005;0;0,016;0,342;0;0;0,021;0;0;0,036;0;0;0,005;0,012;0;0;0,005;0,01
7083.21682792418;0,015;0;0,017;0,013;0,1;0;0;0,009;0,03;0;0,009;0,026;0,128;0;0;0;0;0,004;0;0,03;0;0,004;0;0,013;0,212;0,461;0;0;0;0;0,198;0;0;0,013;0;0;0,026;0;0;0;0,003;0;0;0,004;0,004
7178.83861083543;0;0;0;0,049;0,078;0;0;0,005;0;0;0;0,02;0,143;0;0,005;0;0;0,005;0;0,049;0;0,01;0;0;0,26;0,431;0;0;0;0,005;0,292;0;0;0,005;0;0;0,064;0,005;0;0;0,012;0;0;0,005;0
7273.61928991263;0;0;0,032;0,032;0,101;0;0;0;0,011;0;0;0,011;0,175;0;0;0;0;0,005;0;0,037;0;0,005;0;0,005;0,318;0,353;0;0;0;0;0,276;0;0,005;0,021;0;0;0,027;0;0;0;0,003;0,005;0,005;0;0,011
7371.47278393142;0;0;0,015;0,035;0,13;0;0;0,005;0,005;0;0,015;0,035;0,177;0;0;0;0;0,005;0;0,08;0;0,005;0;0,005;0,203;0,281;0;0;0;0;0,311;0;0;0,02;0;0;0,085;0;0;0;0,003;0,005;0;0,005;0,025
7468.57412350643;0;0;0,012;0,053;0,094;0;0;0,012;0,006;0;0;0,012;0,212;0;0;0;0;0,012;0;0,094;0;0;0;0,006;0,138;0,411;0,006;0,012;0;0;0,353;0,006;0;0,029;0;0;0,041;0;0;0;0,003;0;0;0,006;0
7565.92743879943;0,006;0;0,026;0,03;0,056;0;0;0,004;0;0;0;0,017;0,158;0;0;0;0;0,009;0;0,085;0;0,004;0;0;0,209;0,404;0,004;0;0;0;0,176;0,009;0;0,03;0;0;0,056;0;0;0;0,003;0;0;0,004;0,013
7688.79775348068;0;0;0,009;0,005;0,098;0;0;0,019;0,009;0;0;0,005;0,123;0;0;0;0;0,005;0;0,051;0;0;0;0;0,287;0,448;0;0;0;0,009;0,241;0;0;0,005;0;0;0,023;0;0;0;0,003;0;0;0,005;0,014
7912.79785543105;0;0;0,004;0,035;0,106;0;0;0,008;0,016;0;0,004;0,012;0,096;0;0;0;0;0;0;0,051;0;0;0;0,004;0,306;0,411;0;0;0;0,004;0,115;0;0;0,008;0;0;0,016;0,004;0;0;0,003;0;0;0;0
8363.88829674205;0;0;0,013;0,021;0,051;0;0;0,004;0,034;0;0;0,013;0,161;0;0;0;0;0,013;0;0,034;0;0,009;0;0,004;0,316;0,42;0,004;0,004;0;0,004;0,143;0;0;0,004;0;0;0,017;0;0;0;0,006;0;0;0;0,009
8804.22019761405;0;0;0,015;0,015;0,091;0;0;0,015;0,011;0;0,007;0;0,083;0;0;0;0;0,004;0;0,025;0;0;0;0;0,195;0,529;0;0,004;0;0,007;0,077;0;0,004;0,018;0;0;0,029;0;0;0;0,003;0,004;0;0;0,022
9253.3203998798;0;0;0,015;0,012;0,07;0;0;0,004;0,012;0;0,008;0,015;0,107;0;0;0;0;0;0;0,046;0;0,004;0;0;0,275;0,466;0;0,004;0;0,015;0,075;0;0;0,012;0;0;0,023;0;0;0;0;0;0;0,004;0
9694.3337653303;0;0;0,008;0,008;0,039;0;0;0,004;0,008;0;0,008;0,008;0,163;0;0;0;0;0;0;0,023;0;0;0;0;0,371;0,43;0;0;0;0;0,066;0;0;0,012;0;0;0,035;0;0;0;0,012;0,004;0;0;0,016
10118.2817387128;0;0;0,007;0,011;0,047;0;0;0;0,007;0;0;0,015;0,093;0;0;0;0;0;0;0,026;0;0,004;0;0,015;0,432;0,37;0;0;0;0,011;0,039;0;0;0,004;0;0;0,011;0;0;0;0,003;0;0;0;0,011
10524.0623477308;0;0;0,016;0,024;0,124;0;0;0,012;0,012;0;0,004;0,028;0,164;0;0,012;0;0;0,008;0;0,056;0;0,016;0;0,008;0,148;0,324;0,004;0,004;0;0,004;0,12;0;0;0,024;0;0;0,048;0,004;0,004;0;0,018;0,004;0,008;0,004;0,036
10931.3204411948;0;0;0,012;0,024;0,036;0;0;0,004;0,028;0;0,008;0,004;0,142;0;0;0;0;0;0;0,052;0;0,004;0;0;0,341;0,429;0;0;0;0;0,105;0;0;0,004;0;0;0,032;0;0;0;0,003;0;0;0;0,016
11350.4280806538;0;0;0;0,004;0,039;0;0;0;0,012;0;0,004;0,012;0,146;0;0;0;0;0;0;0,023;0;0;0;0,004;0,371;0,454;0;0;0;0,016;0,062;0;0;0,016;0;0;0,027;0,004;0;0;0;0;0;0;0,004
11765.2070875203;0;0;0,009;0,022;0,104;0;0;0,013;0,004;0;0,004;0,009;0,2;0;0;0;0;0,009;0,004;0,078;0;0;0;0,017;0,201;0,419;0;0,009;0;0,004;0,057;0,004;0;0,013;0;0;0,039;0;0;0,009;0,007;0;0;0;0,017
12168.9391923843;0,013;0;0,031;0,027;0,081;0;0;0,018;0,013;0;0,004;0,018;0,171;0;0,004;0;0;0,004;0;0,067;0;0;0;0;0,143;0,48;0,004;0;0,004;0;0,122;0;0;0,013;0;0;0,04;0;0;0;0,003;0;0;0,004;0,018
12564.3660350133;0;0;0,004;0,004;0,028;0;0;0,008;0,004;0;0;0,008;0,146;0;0;0;0;0,004;0;0,024;0;0;0;0;0,454;0,399;0,008;0;0;0,004;0,038;0;0,008;0,008;0,004;0;0,012;0;0;0;0;0,004;0;0,004;0,008
12996.3566278053;0,017;0;0,004;0,013;0,093;0;0;0,008;0,008;0;0,008;0,021;0,206;0,004;0;0;0;0;0,004;0,042;0;0;0;0,004;0,35;0,314;0;0;0;0,017;0,064;0;0;0,021;0;0;0,034;0;0;0;0,006;0,004;0,004;0;0,013
13414.3335136466;0;0;0,008;0,025;0,062;0;0;0;0;0;0;0,012;0,243;0;0;0;0;0;0;0,045;0;0;0;0;0,369;0,421;0;0;0;0,004;0,062;0;0;0,012;0;0;0,021;0;0;0;0,003;0;0;0,004;0,008
13825.3609811495;0,016;0;0,012;0,02;0,127;0;0;0,004;0;0;0,004;0,008;0,218;0;0;0;0;0;0;0,029;0;0,004;0;0;0,325;0,393;0;0;0;0;0,083;0;0,004;0,004;0;0;0,025;0;0;0;0,009;0,004;0;0,008;0,004
14206.187871339;0;0;0,008;0,004;0,085;0;0,004;0,02;0,008;0;0;0,016;0,208;0;0,004;0;0;0;0;0,02;0;0;0;0;0,31;0,447;0;0;0;0;0,05;0,004;0;0,008;0;0;0,045;0;0;0;0,009;0;0;0;0,004
14503.247577652;0,006;0;0,013;0,009;0,099;0;0;0,009;0,004;0;0,004;0,009;0,215;0;0;0;0;0;0;0,047;0;0;0;0;0,455;0,277;0;0;0;0,004;0,049;0,009;0;0;0;0;0,017;0;0;0,004;0,003;0;0;0;0,013
14722.24803671;0;0;0,012;0,033;0,133;0;0;0,012;0,008;0;0;0,004;0,247;0;0,004;0;0;0,012;0;0,05;0;0;0;0,004;0,26;0,374;0;0,008;0;0;0,091;0;0,004;0,004;0;0;0,025;0;0;0,004;0;0;0;0,012;0,021
14941.248495768;0;0;0,008;0,025;0,065;0;0;0,004;0,008;0;0;0,004;0,161;0;0;0;0;0,004;0;0,053;0;0,004;0;0;0,387;0,372;0;0;0;0,008;0,039;0;0;0;0;0;0,025;0;0;0;0,007;0;0;0,008;0,016
15050.748725297;0;0;0,008;0,03;0,093;0;0;0,004;0,025;0;0,004;0,008;0,18;0;0,008;0;0;0;0;0,034;0;0,004;0;0,004;0,226;0,423;0,004;0,013;0;0,008;0,067;0;0;0,004;0;0;0,025;0;0;0,004;0,013;0;0;0,008;0,03
15269.749184355;0,006;0;0,013;0,03;0,068;0;0;0,008;0,008;0;0;0,008;0,213;0;0;0;0;0;0;0,051;0;0,004;0;0,004;0,39;0,316;0;0;0;0,004;0,078;0;0,008;0;0;0;0,055;0;0;0;0,003;0;0;0,004;0,008
15488.749643413;0,004;0;0,004;0,021;0,049;0;0;0,004;0,004;0;0;0,004;0,208;0;0;0;0;0;0;0,037;0;0;0;0;0,436;0,391;0;0;0;0,004;0,032;0,004;0;0,008;0;0;0,012;0;0;0;0,013;0;0;0;0,004
15707.750102471;0;0;0,009;0,037;0,111;0;0;0;0,005;0;0,005;0,005;0,222;0;0;0;0;0;0;0,028;0;0;0;0,005;0,359;0,346;0,005;0;0;0;0,107;0;0,005;0,009;0;0;0,037;0;0;0;0,013;0;0;0;0,009
15926.750561529;0,006;0;0,016;0,016;0,081;0;0;0,004;0,004;0;0,004;0,008;0,183;0;0;0;0;0;0,004;0,053;0;0,004;0;0;0,367;0,367;0,004;0;0;0,004;0,035;0,004;0,004;0,012;0;0;0,012;0;0;0;0,01;0;0;0;0,008
16145.751020587;0;0;0,004;0,02;0,065;0;0;0,004;0;0;0;0,008;0,171;0;0,004;0;0;0;0;0,036;0;0;0;0,004;0,454;0,333;0;0;0;0;0,05;0,004;0,004;0,004;0;0;0,028;0;0;0;0,01;0;0;0;0,004
16364.751479645;0,018;0;0,013;0,009;0,106;0;0;0,004;0,009;0;0,004;0;0,232;0;0;0;0;0;0;0,018;0;0;0;0,004;0,35;0,361;0;0;0;0;0,062;0,009;0;0,009;0;0;0,044;0;0;0;0,003;0;0;0,004;0,009
16583.7519387031;0;0;0,004;0,004;0,085;0;0;0;0,009;0;0;0,013;0,204;0;0;0;0;0,004;0;0,073;0;0,004;0;0;0,335;0,391;0,004;0;0;0;0,064;0;0;0,009;0;0;0,021;0;0;0;0,013;0;0,004;0,004;0,026
16802.752397761;0,004;0;0,008;0,028;0,089;0;0;0,012;0;0;0;0,016;0,221;0;0;0;0;0,012;0;0,057;0;0,004;0;0;0,355;0,337;0;0;0;0,004;0,065;0,012;0,004;0,012;0;0;0,032;0;0;0;0,006;0;0;0;0
17021.752856819;0,004;0;0,004;0,022;0,043;0;0;0;0;0;0;0;0,183;0;0;0;0;0,004;0;0,134;0;0;0;0;0,405;0,31;0,009;0;0;0;0,068;0;0;0,009;0;0;0,017;0;0;0;0;0;0;0,004;0,009
17240.753315877;0;0;0,004;0,008;0,102;0;0;0,004;0;0;0;0,004;0,161;0;0;0;0;0,004;0,004;0,043;0;0,008;0;0,004;0,376;0,38;0,004;0;0;0;0,052;0;0;0;0;0;0,027;0;0;0;0,003;0;0;0,008;0
17459.753774935;0;0;0,004;0,022;0,101;0;0;0;0,004;0;0;0,004;0,233;0;0;0;0;0;0;0,057;0;0,004;0;0,009;0,358;0,382;0;0;0;0;0,058;0;0,004;0,009;0;0;0,022;0;0;0;0,003;0;0;0,004;0,004
17678.754233993;0;0;0,003;0,01;0,052;0;0;0;0,003;0;0;0,007;0,113;0;0,017;0;0;0,003;0;0,031;0;0,007;0;0,003;0,377;0,446;0;0;0;0;0,046;0,007;0;0,003;0;0;0,024;0;0;0;0,006;0;0;0;0
17897.754693051;0,006;0;0,008;0,032;0,095;0;0;0,008;0,004;0;0;0,004;0,205;0;0;0;0;0;0;0,036;0;0;0;0,004;0,355;0,413;0,004;0;0;0;0,063;0,004;0;0,004;0;0;0,016;0;0;0;0,003;0;0;0;0
18116.755152109;0;0;0,013;0,017;0,088;0;0;0,013;0;0;0;0,038;0,255;0;0;0;0;0;0;0,054;0;0;0;0,008;0,388;0,333;0,008;0;0;0;0,028;0;0;0,013;0;0;0,013;0;0;0;0,009;0;0;0,004;0,004
18335.755611167;0;0;0,011;0,015;0,068;0;0;0,008;0;0;0,004;0,008;0,17;0;0;0;0;0;0;0,03;0;0;0;0,004;0,392;0,403;0;0;0;0;0,054;0;0;0;0;0;0,03;0;0;0,004;0,009;0;0;0,008;0,011
18554.756070225;0,006;0,004;0;0,016;0,083;0;0;0;0;0;0;0,008;0,159;0;0,004;0;0;0;0;0,012;0;0;0;0,004;0,413;0,415;0;0;0;0;0,038;0;0,004;0;0;0;0,024;0;0;0;0,003;0;0;0;0,004
18773.756529283;0;0;0,014;0,011;0,116;0;0;0;0;0;0;0,007;0,056;0;0;0;0;0;0;0,025;0;0;0;0,004;0,405;0,392;0;0,004;0;0;0,056;0;0;0,011;0;0;0,014;0;0;0;0,003;0;0;0;0
18992.756988341;0,017;0;0;0,004;0,18;0;0;0,004;0;0;0,004;0,004;0,037;0;0;0;0;0;0;0,008;0;0;0;0;0,423;0,314;0;0;0;0,008;0,121;0;0;0;0;0;0,015;0;0;0,004;0,01;0;0;0;0
19211.757447399;0;0;0,011;0,007;0,083;0;0;0;0,004;0;0,004;0,007;0,083;0;0;0;0;0,004;0;0,043;0;0;0;0;0,421;0,395;0;0;0;0;0,021;0;0;0,011;0;0;0;0;0;0;0;0;0,004;0,004;0
19430.757906457;0;0;0;0,004;0,068;0;0;0,004;0;0;0;0,004;0,086;0;0;0;0;0;0;0,038;0;0;0;0;0,409;0,448;0;0;0;0,004;0,047;0;0,004;0;0;0;0,011;0;0;0;0,01;0;0,004;0;0
19649.758365515;0;0;0;0,012;0,075;0;0;0;0,008;0;0,004;0,008;0,133;0;0;0;0;0;0;0,043;0;0;0;0,004;0,413;0,371;0;0,004;0;0,004;0,041;0;0,004;0,008;0;0;0,02;0;0;0;0,007;0;0,004;0,004;0,016
19868.758824573;0,004;0;0,011;0,008;0,053;0;0;0;0,004;0;0,004;0,004;0,102;0;0;0;0;0;0;0,011;0;0;0;0;0,579;0,281;0;0;0;0,004;0,029;0,004;0;0;0;0;0,023;0;0;0,004;0,007;0;0;0,008;0
20087.759283631;0;0;0,007;0,018;0,077;0;0;0,004;0,004;0;0;0,004;0,129;0;0,007;0;0;0;0;0,041;0;0;0;0,004;0,465;0,321;0;0;0;0;0,018;0,004;0;0;0;0;0,041;0;0;0;0;0;0;0,004;0
20306.759742689;0,003;0;0,003;0;0,069;0;0;0,003;0;0;0;0;0,056;0;0;0;0;0;0;0,016;0;0;0;0,003;0,479;0,395;0;0;0;0;0,01;0;0;0;0;0;0,007;0;0;0,003;0,003;0;0;0;0
20525.760201747;0;0;0,008;0,012;0,061;0;0;0;0,004;0;0;0,004;0,112;0;0,008;0;0;0;0;0,035;0;0;0;0,004;0,443;0,361;0;0;0;0,004;0,044;0;0,004;0,008;0;0;0,031;0;0;0;0,007;0;0;0;0,008
20744.760660805;0,006;0;0;0,008;0,027;0;0;0,004;0,004;0;0;0,004;0,102;0;0;0;0;0;0;0,027;0;0;0;0,004;0,548;0,337;0;0;0;0;0,022;0;0;0,008;0;0;0;0;0;0,004;0,003;0;0;0,004;0,004
20963.761119863;0;0;0,004;0,013;0,057;0;0;0,009;0,004;0;0;0;0,211;0;0;0;0;0;0;0,066;0;0;0;0;0,438;0,365;0;0,004;0;0;0,062;0;0,004;0,009;0;0;0,004;0;0;0,004;0;0;0;0;0,009
21182.761578921;0;0;0,013;0,025;0,113;0;0;0,006;0,006;0;0;0,019;0,167;0;0,006;0;0;0;0,006;0,031;0;0;0;0,006;0,248;0,42;0;0;0;0,013;0,07;0,019;0;0,013;0;0;0,013;0;0;0;0,005;0;0;0;0,019
21292.26180845;0,006;0;0,004;0,029;0,042;0;0;0,004;0;0;0;0,013;0,192;0;0;0;0;0;0;0,084;0;0;0;0,021;0,336;0,403;0;0,004;0;0,004;0,04;0;0,004;0;0;0;0,038;0;0;0;0;0;0;0;0,004
21401.762037979;0;0;0;0,019;0,034;0;0;0;0;0;0,004;0,004;0,124;0;0;0;0;0,004;0;0,03;0;0;0;0,004;0,406;0,434;0,004;0;0;0;0,025;0;0,004;0,011;0;0;0,011;0;0;0;0,003;0;0;0,004;0,019
21511.262267508;0,013;0;0,009;0,021;0,06;0;0;0;0;0;0;0,021;0,212;0;0,009;0;0;0,004;0;0,026;0;0;0;0,004;0,396;0,364;0;0;0;0,013;0,06;0;0;0;0,004;0;0,03;0;0;0;0,003;0,004;0;0;0
21620.762497037;0;0;0,009;0,018;0,036;0;0;0;0;0;0;0,013;0,315;0;0;0;0;0;0,004;0,107;0;0,004;0;0,013;0,337;0,413;0;0;0;0;0,055;0;0;0;0;0;0,036;0;0;0;0,006;0;0;0;0,004
21730.262726566;0;0;0,013;0,034;0,09;0;0;0;0;0;0,004;0,009;0,268;0;0,004;0;0;0;0;0,125;0;0;0;0;0,262;0,394;0;0;0;0;0,086;0;0;0;0;0;0,043;0;0;0;0,003;0;0;0,004;0
21839.7629560951;0;0;0;0,008;0,03;0;0;0,008;0;0;0;0,008;0,216;0;0;0;0;0;0;0,038;0;0;0;0;0,5;0,364;0,008;0;0;0;0,025;0;0,004;0;0;0;0,025;0;0;0,004;0,003;0;0;0;0
22058.763415153;0;0;0;0,008;0,039;0;0;0;0;0;0,004;0,004;0,136;0;0;0;0;0;0;0,02;0;0,008;0;0,004;0,425;0,461;0;0;0;0,004;0,034;0;0;0;0;0;0,012;0;0;0;0,003;0;0;0;0
22277.763874211;0;0;0,005;0,014;0,05;0;0,005;0;0,005;0;0;0;0,242;0;0;0;0;0;0;0,027;0;0;0;0,005;0,311;0,516;0;0,005;0;0,005;0,048;0,005;0;0,009;0;0;0,027;0;0;0;0;0,005;0;0,005;0
22496.7643332691;0;0;0,004;0,021;0,112;0;0;0,004;0;0;0,008;0;0,207;0;0;0;0,004;0;0;0,05;0;0;0;0,012;0,343;0,393;0;0;0,004;0;0,028;0;0,004;0;0;0;0,012;0;0;0;0,016;0;0;0,012;0,004
22715.7647923271;0;0;0,008;0,016;0,051;0;0;0,008;0;0;0,004;0,012;0,155;0;0,004;0;0;0;0;0,062;0;0;0;0;0,3;0,462;0;0,004;0;0,004;0,076;0,008;0;0;0;0;0,031;0;0;0;0,006;0;0;0,004;0,008
22934.7652513851;0;0;0,007;0,004;0,065;0;0;0,004;0;0;0;0;0,139;0;0;0;0;0,004;0;0,029;0;0;0;0,004;0,507;0,335;0;0;0;0,004;0,021;0;0,004;0;0;0;0,022;0,004;0;0;0,003;0;0;0;0
23153.7657104431;0;0;0,007;0,011;0,068;0;0;0,004;0,004;0;0;0;0,091;0;0;0;0;0,004;0;0,014;0;0;0;0;0,394;0,435;0;0,004;0;0,004;0,018;0;0,004;0;0;0;0,011;0;0;0,004;0,003;0;0;0,007;0,018
23372.766169501;0;0;0;0,007;0,052;0;0;0;0;0;0;0;0,08;0;0;0;0;0;0;0,042;0;0;0;0;0,565;0,317;0;0;0;0;0,014;0;0;0,007;0;0;0,003;0;0;0;0,003;0;0;0;0,003
23591.766628559;0,004;0;0,007;0,011;0,048;0;0;0;0;0;0;0,007;0,165;0;0,004;0;0;0;0,007;0,063;0;0,004;0;0;0,398;0,405;0;0;0;0;0,018;0,004;0;0,004;0;0;0,011;0;0;0;0,009;0;0;0,007;0,004
23810.767087617;0;0;0,004;0,017;0,14;0;0;0,004;0;0;0,004;0;0,184;0;0;0;0;0;0;0,047;0;0;0;0;0,393;0,323;0;0;0;0;0,045;0;0,004;0,008;0;0;0,03;0;0;0;0,01;0;0;0;0,004
24029.767546675;0,005;0;0,007;0,007;0,062;0;0;0;0,003;0;0;0;0,204;0;0;0;0;0;0;0,076;0;0;0;0;0,483;0,315;0;0;0;0,003;0,04;0,003;0,003;0;0;0;0,017;0;0,003;0;0,003;0;0;0,003;0,007
24248.768005733;0;0;0;0,007;0,033;0;0;0,004;0;0;0,004;0,007;0,134;0;0;0;0;0;0;0,011;0;0;0;0;0,488;0,427;0;0;0;0;0,011;0,004;0;0;0;0;0,011;0;0;0;0;0;0;0;0
24467.768464791;0,008;0;0,006;0,018;0,046;0;0;0,012;0;0;0,003;0,009;0,125;0;0,003;0;0,003;0;0;0,027;0;0;0;0;0,412;0,41;0,003;0;0;0;0,024;0;0;0,003;0;0;0,009;0;0;0,003;0,01;0;0;0,003;0,003
24686.768923849;0,009;0;0,004;0,035;0,074;0;0;0;0;0,004;0;0,009;0,292;0;0,004;0;0;0;0;0,148;0;0;0;0,004;0,206;0,377;0;0,004;0;0;0,025;0;0,004;0,013;0;0;0,087;0;0;0;0;0;0;0;0,013
24905.769382907;0;0;0,009;0,013;0,091;0;0;0;0;0;0;0,009;0,217;0;0;0;0;0;0;0,065;0;0,004;0;0;0,33;0,406;0,004;0;0;0;0,046;0;0;0,004;0;0;0,048;0;0;0;0;0;0;0;0,013
25124.769841965;0;0;0,02;0,012;0,051;0;0;0;0,008;0;0;0,004;0,145;0;0;0;0;0;0;0,024;0;0;0;0;0,384;0,463;0;0;0;0;0,045;0,008;0;0;0;0;0,02;0;0;0;0,01;0;0;0;0
25343.770301023;0,005;0;0,013;0,017;0,054;0;0;0,003;0,003;0;0,003;0;0,131;0;0,003;0;0;0;0,003;0,034;0;0,007;0;0,007;0,514;0,29;0;0,003;0;0;0,023;0;0;0,003;0;0;0,003;0;0;0,007;0;0;0;0,003;0
25562.770760081;0;0;0;0,009;0,051;0;0;0;0;0;0;0,004;0,206;0,004;0;0;0;0,004;0;0,051;0;0;0;0;0,44;0,411;0;0;0;0;0,045;0;0;0;0;0;0,026;0;0;0;0,003;0;0;0;0
25781.771219139;0;0,004;0,007;0,004;0,064;0;0;0;0,004;0;0;0,011;0,073;0;0,029;0;0,004;0;0;0;0;0,004;0;0,043;0,425;0,346;0;0;0;0,029;0,004;0;0;0;0;0;0,007;0;0;0,004;0,003;0;0,004;0;0,004
26000.771678197;0,005;0;0,003;0,007;0,041;0;0;0,003;0,003;0;0,003;0;0,129;0;0;0;0;0;0;0,031;0;0;0;0,003;0,49;0,398;0;0;0;0,003;0,024;0;0;0;0;0;0,007;0;0;0;0;0;0;0;0
26219.772137255;0,017;0;0,003;0,003;0,068;0;0;0;0;0;0,003;0;0,093;0;0;0;0;0;0;0,007;0;0;0;0,014;0,575;0,281;0,003;0,003;0;0,007;0,003;0;0;0,003;0;0;0,007;0;0;0;0;0;0;0,003;0
26438.772596313;0;0;0,007;0,021;0,062;0;0,003;0,003;0;0;0;0,007;0,083;0;0;0;0;0;0;0,01;0;0;0;0;0,626;0,256;0;0;0;0;0,02;0;0;0;0;0;0,003;0;0;0;0;0;0;0;0
26657.773055371;0;0;0,007;0,003;0,035;0;0;0,007;0;0;0;0,017;0,068;0;0;0;0;0;0;0,003;0;0;0;0;0,719;0,187;0;0;0;0,014;0;0;0;0;0;0;0;0;0;0,003;0,006;0;0;0;0
26876.773514429;0;0;0;0,007;0,093;0;0;0,007;0;0;0;0,003;0,041;0;0;0;0;0;0;0,013;0;0;0;0;0,41;0,447;0,003;0;0;0;0,007;0;0;0,003;0;0;0,003;0;0;0;0,006;0;0;0,007;0
27095.773973487;0,004;0;0,011;0;0,037;0;0;0;0;0;0,007;0,022;0,112;0;0;0;0;0;0;0,019;0;0;0;0;0,555;0,307;0,004;0;0;0,007;0,018;0;0;0,004;0;0;0;0;0;0;0,006;0;0;0,004;0,007
27314.774432545;0;0;0;0,003;0,111;0;0;0;0;0;0;0,01;0,068;0;0;0;0;0;0;0,021;0;0;0;0;0,452;0,389;0;0;0;0;0,037;0;0;0;0;0;0,007;0;0;0;0;0;0;0;0
27533.774891603;0;0;0,006;0;0,085;0;0;0,003;0;0;0;0,053;0,017;0;0;0;0;0;0;0,006;0;0;0;0;0,196;0,619;0;0;0;0,023;0;0;0;0;0;0;0;0;0;0,006;0,003;0;0;0;0
27752.775350661;0;0;0,007;0,01;0,18;0;0;0;0;0;0;0,007;0,017;0;0;0;0;0;0;0,007;0;0;0;0;0,088;0,698;0;0;0;0;0,052;0;0;0;0;0;0;0;0;0;0;0;0;0;0
27971.775809719;0;0;0,018;0,058;0,373;0;0;0;0;0;0;0,013;0,101;0,004;0;0;0;0,004;0;0,027;0;0,004;0;0,018;0,029;0,391;0;0;0;0;0,239;0;0;0,009;0;0;0,009;0;0;0;0,016;0,004;0;0,004;0,004
28190.776268777;0;0;0,004;0,085;0,288;0;0;0,009;0;0;0,004;0;0,082;0;0;0;0;0;0;0,054;0;0,009;0;0,004;0,22;0,263;0,009;0;0;0;0,299;0;0,009;0,013;0;0;0,013;0;0;0;0,003;0;0;0,004;0
28409.776727835;0,007;0;0,005;0,088;0,185;0;0;0,005;0;0;0,01;0,005;0,093;0;0;0;0;0;0;0,024;0;0,02;0;0;0,212;0,371;0;0;0;0;0,303;0;0;0,01;0;0;0,01;0;0;0;0,003;0;0;0,015;0
28519.276957364;0;0;0,015;0,162;0,197;0;0;0;0;0;0,01;0;0,12;0;0;0;0;0;0;0,015;0;0,015;0;0;0,175;0,294;0,005;0;0;0;0,283;0;0,015;0,02;0;0;0,046;0;0;0;0,007;0;0;0;0
28628.777186893;0,01;0;0,016;0,11;0,172;0;0;0,005;0;0;0,005;0,005;0,082;0;0;0;0;0;0;0,084;0;0,021;0;0;0,159;0,287;0,005;0,01;0;0;0,365;0;0,005;0,005;0;0;0,068;0;0;0,005;0,009;0;0;0,01;0,005
28738.277416422;0;0;0,005;0,148;0,176;0;0;0,005;0;0;0,005;0;0,122;0;0;0;0;0,005;0;0,023;0;0,019;0;0,009;0,171;0,347;0,005;0;0;0;0,2;0;0,005;0,014;0;0;0,028;0;0;0;0;0;0;0,005;0
28847.777645951;0,013;0;0,004;0,047;0,051;0;0;0,004;0;0;0,007;0,004;0,065;0,004;0;0;0;0;0;0,051;0;0,011;0;0;0,374;0,387;0,004;0,004;0;0;0,055;0;0,004;0,015;0;0;0,007;0;0;0;0,01;0;0;0;0
29066.778105009;0;0;0,011;0,07;0,103;0;0;0;0;0;0,004;0,011;0,078;0;0;0;0;0;0;0,048;0;0,004;0;0,004;0,275;0,435;0;0,004;0;0;0,018;0;0;0;0;0;0,011;0;0;0;0,003;0,004;0;0,004;0
29285.778564067;0;0;0,014;0,059;0,098;0;0;0,007;0;0;0,007;0,007;0,059;0;0,003;0;0;0;0;0,056;0;0,007;0;0,003;0,274;0,406;0;0;0;0,003;0,003;0;0,007;0,003;0;0;0,01;0,003;0;0;0,013;0;0,007;0;0,003
29504.779023125;0,01;0;0,014;0,066;0,073;0;0;0,003;0;0;0,007;0,007;0,056;0;0;0;0;0,003;0;0,059;0;0,017;0;0,003;0,364;0,341;0,003;0;0;0;0,003;0;0;0;0;0;0,01;0;0;0;0,003;0;0,003;0;0
29614.279252654;0;0;0,004;0,129;0,125;0;0;0,004;0,008;0;0,019;0;0,105;0;0;0;0;0;0;0,042;0;0,004;0;0,004;0,226;0,371;0,004;0;0;0;0,03;0;0;0,011;0;0;0,019;0;0;0;0,007;0,004;0;0;0
29723.779482183;0,028;0;0,004;0,108;0,067;0;0;0;0;0;0,011;0,011;0,11;0;0,004;0;0;0;0;0,09;0;0;0;0,004;0,2;0,396;0,011;0;0;0,011;0,004;0,004;0,004;0;0;0;0,022;0;0;0;0,01;0;0;0,004;0,004
29833.279711712;0;0;0,004;0,177;0,147;0;0;0;0,008;0;0,015;0,004;0,105;0;0;0;0;0,004;0;0,064;0;0,004;0;0,008;0,202;0,29;0,008;0;0;0,004;0,011;0;0,004;0,008;0;0;0,023;0;0;0;0,007;0;0;0,011;0,004
29942.779941241;0;0;0,011;0,109;0,091;0;0;0,007;0,004;0;0,007;0;0,115;0;0;0;0;0;0;0,116;0;0;0;0,007;0,194;0,379;0,007;0;0;0;0,014;0;0;0,025;0;0;0,022;0;0;0,004;0,006;0,004;0;0;0
30161.780400299;0,017;0;0,009;0,093;0,102;0;0;0;0,003;0;0,006;0,003;0,055;0;0;0;0;0;0;0,056;0;0;0;0;0,289;0,379;0,003;0;0;0,003;0,003;0;0,009;0,003;0;0;0,006;0;0;0;0,02;0;0,003;0;0
30380.780859357;0;0;0,006;0,083;0,079;0;0;0;0;0;0,006;0;0,022;0;0;0;0;0,003;0;0,048;0;0;0;0;0,386;0,338;0;0;0;0;0,003;0;0,003;0;0;0;0,013;0;0;0;0,003;0;0,003;0,01;0,003
30599.781318415;0,005;0;0,006;0,039;0,026;0;0;0,003;0;0;0;0,003;0,003;0;0;0;0;0,003;0;0,023;0;0;0;0;0,415;0,457;0;0;0;0,01;0,003;0;0;0,003;0;0;0,003;0;0;0;0;0;0,003;0;0
30818.781777473;0;0;0,009;0,012;0,102;0;0;0,006;0;0;0;0,025;0,015;0;0;0;0,009;0,006;0,003;0,012;0;0;0;0;0,388;0,391;0;0;0;0,016;0,003;0;0;0,006;0;0;0,006;0;0;0;0;0,003;0;0,003;0
31037.782236531;0,009;0;0,021;0,009;0,128;0;0,003;0,003;0;0;0;0,006;0,015;0;0;0;0,015;0,003;0;0,036;0;0,003;0;0,012;0,27;0,436;0;0;0;0,006;0;0,006;0;0;0;0;0,003;0;0;0;0,006;0,009;0,006;0,006;0,003
31256.782695589;0;0;0,009;0,015;0,058;0;0;0,003;0;0;0;0,003;0,012;0;0;0;0,006;0,003;0;0,033;0;0;0;0,003;0,489;0,365;0;0;0;0;0,006;0;0;0;0;0;0,003;0;0;0;0;0;0;0,006;0
31475.783154647;0;0;0;0,006;0,071;0;0;0;0;0;0;0;0,031;0;0;0;0;0;0;0,029;0;0;0;0;0,218;0,669;0,003;0,003;0;0;0;0;0;0;0;0;0;0;0;0;0,003;0;0;0;0
31694.783613705;0,013;0;0;0,003;0,04;0;0;0;0;0;0;0,003;0,05;0;0;0;0;0;0;0,03;0;0;0;0;0,232;0,662;0;0,003;0;0,003;0,007;0;0;0;0;0;0;0;0;0;0,006;0;0;0,007;0
31913.784072763;0,005;0;0,003;0,003;0,059;0;0;0;0;0;0;0,003;0,026;0;0;0;0;0;0;0,03;0;0;0;0;0,224;0,656;0;0;0;0,003;0;0,003;0;0,007;0;0;0;0;0;0;0;0;0;0;0
32132.784531821;0,004;0;0,003;0,005;0,065;0;0;0,003;0;0;0;0;0,008;0;0;0;0;0;0;0,022;0;0,003;0;0,003;0,305;0,583;0;0;0;0;0;0;0;0;0;0;0,003;0;0;0;0,003;0;0;0;0
32351.784990879;0;0;0,018;0,003;0,061;0;0;0;0;0;0;0,003;0,006;0;0,003;0;0;0;0;0,03;0;0;0;0;0,41;0,456;0;0;0;0,006;0;0;0;0;0;0;0;0;0;0;0,003;0;0;0,003;0
32570.785449937;0,014;0;0,008;0;0,031;0;0;0,003;0;0;0;0;0,006;0;0;0;0,003;0;0;0,011;0;0;0;0;0,494;0,421;0,003;0;0;0;0;0;0;0,003;0;0;0;0;0;0;0;0;0;0;0
32789.785908995;0,007;0;0,011;0;0,056;0;0;0;0;0;0;0,003;0,011;0;0;0;0,003;0;0,003;0,023;0;0;0;0;0,487;0,388;0;0;0;0,006;0;0,003;0,003;0;0;0;0,003;0;0;0;0,003;0;0;0;0
33008.786368053;0,013;0;0,01;0;0,055;0;0;0,003;0;0;0;0,003;0,01;0;0;0;0,003;0,003;0;0,01;0;0;0;0;0,591;0,296;0,003;0;0;0;0;0,005;0;0;0;0;0;0;0;0;0;0;0;0;0
33227.786827111;0,042;0;0,019;0,003;0,068;0;0;0,003;0;0;0;0;0,003;0;0,003;0;0,003;0;0;0,012;0;0;0;0;0,569;0,261;0;0;0;0,009;0;0;0;0;0;0;0,003;0;0;0;0;0;0;0,003;0
33446.787286169;0,046;0;0,033;0;0,079;0;0;0;0;0;0;0,007;0,003;0;0;0;0,003;0,003;0;0,013;0;0;0;0;0,517;0,252;0;0;0;0,03;0,003;0,003;0;0;0;0;0,003;0;0;0;0;0,003;0;0,007;0
33665.787745227;0,059;0;0,015;0;0,059;0;0;0,003;0;0;0;0,006;0,003;0;0;0;0;0;0;0,003;0;0;0;0;0,641;0,199;0;0;0;0,003;0;0;0;0;0;0;0;0;0;0,003;0;0;0;0,003;0
33884.788204285;0,051;0;0,032;0,003;0,068;0;0;0,008;0;0;0;0;0;0;0;0;0,003;0;0;0,011;0;0;0;0;0,661;0,142;0;0;0;0,014;0;0;0;0;0;0;0;0;0;0;0;0;0;0;0,003
34049.0385485786;0,027;0;0,023;0,003;0,058;0;0;0,009;0;0;0,003;0,003;0;0;0;0;0;0;0;0,003;0;0;0;0;0,461;0,382;0;0;0;0,023;0;0,003;0;0;0;0;0;0;0;0;0;0,003;0;0;0
34103.7886633431;0,02;0;0,013;0,01;0,197;0;0;0,01;0;0;0;0,01;0,01;0;0;0;0;0;0;0,026;0;0;0;0;0,204;0,494;0;0;0;0,013;0;0,003;0;0;0;0;0;0;0;0;0,003;0;0;0;0
34158.5387781075;0;0;0,016;0,013;0,072;0;0,003;0;0;0,003;0;0;0,024;0;0;0;0;0;0,003;0,034;0;0,003;0;0;0,326;0,486;0;0,003;0;0,009;0;0;0,009;0;0;0;0,006;0;0;0;0;0;0;0,003;0
34213.288892872;0,012;0;0,015;0,018;0,073;0;0;0,003;0;0;0,012;0,003;0,043;0;0;0;0;0;0;0,048;0;0;0;0;0,242;0,543;0;0;0;0;0,003;0;0,003;0,006;0;0;0,006;0;0;0,003;0,003;0;0;0,009;0
34268.0390076366;0;0;0,02;0,026;0,087;0;0,003;0;0;0;0;0;0,015;0;0,003;0;0,008;0,003;0;0,018;0;0;0;0,003;0,357;0,436;0,003;0;0;0,013;0;0;0;0;0;0;0,013;0;0;0;0;0;0;0,003;0
34322.789122401;0,008;0;0,009;0,012;0,052;0;0;0;0;0;0;0,003;0,009;0;0;0;0;0,003;0;0,021;0;0;0;0;0,443;0,416;0;0;0;0,006;0;0;0,003;0;0;0;0,009;0;0;0;0;0,003;0;0,003;0
34377.5392371655;0,003;0;0,003;0,006;0,113;0;0;0,006;0;0;0;0,003;0,017;0;0;0;0;0;0,003;0,046;0;0,003;0;0;0,423;0,364;0,003;0;0;0,012;0;0;0;0;0;0;0,003;0;0;0;0;0,003;0,003;0,003;0
34432.28935193;0,005;0;0,009;0;0,084;0;0;0;0;0;0;0,006;0,003;0;0,003;0;0;0;0;0,018;0;0;0;0;0,403;0,469;0;0;0;0,003;0;0;0;0;0;0;0;0;0;0;0;0;0;0;0
34541.789581459;0,003;0;0,006;0,009;0,072;0;0;0;0;0;0;0;0,006;0;0;0;0;0;0;0,019;0;0;0;0;0,397;0,452;0;0;0;0,019;0;0;0,006;0;0;0;0;0;0;0,003;0;0;0;0,003;0
34651.289810988;0,014;0;0,01;0;0,13;0;0;0,002;0;0;0,002;0,002;0,014;0;0;0;0,005;0;0;0,017;0;0;0;0;0,34;0,46;0;0;0;0,002;0,005;0,005;0;0,002;0;0;0,002;0;0;0;0,002;0;0;0,002;0
34870.290270046;0;0;0,013;0;0,064;0;0;0;0;0;0;0,006;0,01;0;0;0;0;0;0;0,023;0;0;0;0;0,19;0,688;0;0;0;0,006;0;0;0;0,006;0;0;0;0;0;0,003;0,006;0;0;0;0
35089.290729104;0,012;0;0,003;0;0,049;0;0;0,003;0;0;0;0;0;0;0;0;0,003;0;0,003;0,009;0;0;0;0;0,28;0,627;0;0;0;0,006;0;0;0;0,003;0;0;0,003;0;0;0;0;0;0;0;0
35308.291188162;0,045;0;0,014;0;0,065;0;0;0,003;0;0;0;0,006;0,006;0;0,003;0;0;0;0;0,02;0;0;0;0;0,157;0,674;0;0;0;0,008;0,003;0;0;0,003;0;0;0;0;0;0;0;0;0;0;0
35527.29164722;0,101;0;0,033;0;0,012;0;0;0,015;0;0;0;0,003;0,003;0;0;0;0;0;0;0,021;0;0;0;0,003;0,326;0,474;0;0;0;0,003;0;0;0;0,003;0;0;0;0;0;0,003;0;0;0;0,003;0
35746.292106278;0,173;0;0,093;0;0,023;0;0;0,087;0;0;0;0,017;0,016;0;0;0;0,003;0;0,02;0,003;0;0;0;0;0,527;0,05;0;0;0;0,003;0,003;0;0;0;0;0;0;0;0;0;0,013;0;0;0;0
35965.292565336;0,335;0;0,047;0;0,021;0;0;0,092;0;0;0;0;0,006;0;0;0;0;0;0,015;0,009;0,003;0;0;0;0,404;0,03;0;0;0;0,033;0;0;0;0;0;0;0;0,003;0;0,009;0,006;0;0;0;0
36184.293024394;0,218;0;0,164;0;0,022;0;0;0,25;0;0;0;0,057;0;0;0;0;0;0;0,022;0,008;0;0;0;0;0,201;0,013;0;0;0;0,022;0;0;0;0,003;0;0,011;0,003;0,003;0;0,005;0,008;0;0;0;0
36403.293483452;0,317;0;0,057;0;0,025;0;0;0,137;0;0;0;0,054;0,006;0;0;0;0;0;0,003;0;0;0;0;0;0,379;0,017;0;0;0;0,003;0;0;0;0;0;0;0;0;0;0,006;0,006;0;0;0;0
36622.29394251;0,427;0;0,062;0;0;0;0;0,161;0;0;0;0,056;0,006;0;0;0;0,003;0;0,015;0,003;0,012;0;0;0;0,226;0,007;0;0;0;0,018;0;0;0;0;0;0;0,003;0;0;0,009;0;0;0;0;0
36841.294401568;0,318;0,003;0,053;0;0,019;0;0;0,2;0;0;0;0,041;0;0;0;0;0;0;0,006;0,006;0;0;0;0;0,31;0,006;0;0;0;0,034;0;0;0;0;0;0;0;0;0;0,003;0,006;0;0;0;0
37060.294860626;0,337;0;0,073;0;0,015;0;0;0,133;0;0;0;0,036;0,003;0;0;0;0;0;0,009;0,006;0;0;0;0;0,355;0,015;0;0;0;0,009;0;0;0;0,003;0;0;0;0;0;0,009;0;0;0;0;0
37279.2953196841;0,576;0;0,051;0;0;0;0;0,169;0;0;0;0,033;0,003;0;0;0;0;0;0,006;0,003;0;0;0;0;0,125;0,012;0;0;0;0,018;0;0;0;0;0;0;0;0;0;0,006;0,003;0;0;0;0
37498.295778742;0,405;0;0,078;0;0;0;0;0,211;0;0;0;0,11;0,006;0,003;0;0;0;0;0,006;0;0,003;0;0;0;0,156;0,008;0;0;0;0,003;0;0;0;0,003;0;0,01;0;0;0;0,003;0;0;0;0;0
37717.2962378;0,304;0;0,021;0;0,006;0;0;0,103;0;0;0;0,239;0,009;0;0;0;0;0;0,015;0,003;0,003;0;0;0;0,233;0,015;0;0;0;0,041;0;0;0;0;0;0;0;0,003;0;0,012;0,003;0;0;0;0
37936.296696858;0,089;0;0,039;0;0,003;0;0;0,039;0;0;0;0,602;0;0;0;0;0;0;0,036;0;0;0;0;0;0,053;0,01;0;0;0;0,045;0;0,003;0;0;0;0,055;0;0,013;0;0,013;0,006;0;0;0;0
38155.297155916;0,016;0;0,029;0;0,006;0;0;0,003;0;0;0;0,693;0,003;0;0;0;0;0;0,035;0,006;0;0;0,003;0,009;0,055;0,015;0;0;0;0,091;0;0,003;0;0;0;0;0;0,006;0;0,029;0;0;0;0;0
38374.297614974;0,01;0;0,059;0;0,003;0;0;0,015;0;0;0;0,654;0,003;0;0;0;0;0;0,033;0,003;0,006;0;0,003;0;0,046;0,016;0;0;0;0,125;0;0;0;0;0;0,006;0;0;0;0,021;0,003;0;0;0;0
38593.298074032;0,008;0;0,015;0;0;0;0;0,03;0;0;0;0,53;0;0;0;0;0;0;0,036;0;0;0;0;0;0,075;0,02;0;0;0;0,262;0;0,003;0;0;0;0;0;0;0;0,021;0,003;0;0;0;0
38812.29853309;0;0;0,013;0,003;0,016;0;0;0,007;0;0;0;0,487;0,003;0;0;0;0;0;0,052;0,003;0;0;0;0;0,028;0,051;0;0;0;0,31;0;0;0;0;0;0;0;0;0;0,029;0,003;0;0;0;0
39031.298992148;0;0,006;0,014;0;0,061;0;0;0;0;0;0;0,064;0,023;0;0;0;0;0;0,043;0,009;0,012;0;0;0;0,016;0,21;0;0,003;0;0,357;0;0,003;0;0,003;0;0;0;0,023;0;0,177;0,006;0;0;0;0
39250.299451206;0;0;0,012;0,021;0,431;0;0,003;0;0;0;0;0;0,021;0;0;0;0;0;0;0,03;0,003;0;0;0,015;0,004;0,295;0,003;0;0;0,018;0;0,003;0;0,006;0;0;0,006;0;0;0,141;0,003;0;0;0,003;0
39469.2999102641;0;0;0;0,037;0,262;0;0;0;0;0;0,003;0,003;0,053;0;0;0;0;0;0;0,034;0;0;0;0,054;0;0,558;0,003;0;0;0;0,003;0;0;0,028;0;0;0,006;0;0;0;0;0;0;0,006;0
39688.300369322;0;0;0;0,072;0,08;0;0;0;0,004;0;0,042;0;0,246;0,004;0;0;0;0;0;0,144;0;0,008;0;0,275;0;0,154;0,004;0;0;0,004;0;0;0,004;0,152;0;0;0,013;0;0;0,004;0;0,008;0;0,004;0,008
39907.30082838;0;0;0;0,066;0,053;0;0;0;0;0;0,031;0,004;0,273;0,004;0;0;0;0,004;0;0,066;0,009;0,013;0;0,062;0;0,482;0;0;0;0;0,013;0;0,004;0,08;0;0;0,044;0;0;0;0,016;0,018;0;0;0,009
40126.301287438;0;0;0;0,064;0,064;0;0;0;0;0,005;0,064;0,005;0,333;0,024;0;0;0;0;0;0,171;0;0,024;0;0,049;0,01;0,213;0;0;0;0,01;0;0;0,005;0,083;0;0;0,049;0;0;0;0,01;0,01;0,005;0;0,078
40345.301746496;0;0;0,004;0,071;0,054;0;0;0;0,013;0;0,076;0,004;0,258;0,004;0;0;0;0,004;0;0,254;0;0,04;0;0,027;0;0,219;0,009;0;0;0;0,013;0;0,009;0,085;0,004;0;0,022;0;0;0;0,013;0;0,004;0;0,049
40564.302205554;0;0;0,013;0,085;0,072;0;0;0,004;0,013;0,009;0,154;0;0,222;0,021;0;0;0;0,004;0;0,179;0;0,034;0;0,021;0,017;0,143;0;0;0;0;0,017;0;0,004;0,034;0,009;0;0,043;0;0;0,004;0,019;0,013;0;0;0,072
40892.802894141;0;0;0,004;0,077;0,096;0;0;0;0,015;0,004;0,103;0,011;0,181;0,008;0,004;0;0;0;0;0,151;0;0,018;0;0,033;0,013;0,239;0,018;0;0;0;0,007;0;0;0,041;0,004;0;0,048;0;0;0;0,015;0;0,004;0,004;0,066
41111.803353199;0;0;0;0,126;0,046;0;0;0;0,004;0,008;0,155;0;0,285;0,008;0,017;0;0;0;0;0,176;0;0,021;0;0,013;0,011;0,191;0;0;0;0;0,004;0;0,013;0,034;0;0;0,029;0;0;0;0,015;0;0,004;0;0,113
41330.803812257;0;0;0,005;0,073;0,02;0;0;0;0,02;0;0,064;0;0,346;0,025;0;0;0;0,005;0;0,196;0;0,015;0;0,01;0,01;0,267;0;0;0;0;0,014;0;0,01;0,073;0;0;0,068;0;0;0;0,009;0,024;0;0,005;0,064
41549.804271315;0;0;0;0,121;0,111;0;0,01;0;0;0;0,081;0;0,353;0;0,02;0;0;0;0;0,111;0;0,03;0;0,061;0,02;0,121;0,01;0;0;0;0,029;0,071;0,01;0,04;0;0;0,061;0,01;0;0;0,025;0,01;0;0;0,03