X2;Site;Long;Lat;Alt;Abies;Alnus;Apiaceae;Armeria;Artemisia;Asteraceae;Betula;Boraginaceae;Botrychium;Brassicaceae;Calluna.vulgaris;Campanulaceae;Carpinus;Caryophyllaceae..periporate.excl..Paronychioideae.;Cedrus;Centaurea;Chenopodiaceae.Amaranthaceae;Corylus;Cyperaceae;Dipsacaceae;Ephedra;Ericaceae;Fagaceae;Fagus;Filipendula;Hedera;Helianthemum;Hippophae;Juniperus;Picea;Pinus;Plantago;Plantago.lanceolata.type;Poaceae;Polygonum;Quercus;Ranunculaceae;Rosaceae;Rubiaceae;Rumex;Salix;Saxifraga;Scrophulariaceae;Thalictrum;Ulmus;Urticaceae
1;GHB-1+2;112,233;38,9;1860;0;0;0;0;15,428571;0;0;0;0;0;0;0;0;0;0;0;2,6229508;0;2,4590164;0;0;0;0;0;0;0;2,745098;0;0;0;29,719222;0;0;38,184932;0;0;0;0;0;2,0967742;0;0;0;2,0689655;0;0
2;GHB-3;112,234;38,1;1861;0;0;0;0;16,628571;1,8518519;0;0;0;0;0;0;0;0,55555556;0;0;2,6229508;0;3,1147541;0;0;0;0;0;0;0;3,1372549;0;0;0;27,300216;0;0;40,239726;0;0;0;0;0;2,4193548;0;0;0;0,68965517;0;0
3;GHB-4;112,235;38,11;1862;0;0;0;0;17,828571;2,4074074;0;0;0;0;0;0;0;1,4814815;0;0;2,4590164;0;2,7868852;0;0;0;0;0;0;0;2,9411765;0;0;0;22,462203;0;0;42,808219;0;0;0;0;0;2,9032258;0;0;0;0;0;0
4;GHB-5;112,236;38,12;1863;0;0,3125;0;0;18,342857;2,7777778;1,1666667;0;0;0;0;0;0;3,1481481;0;0;2,4590164;0;2,7868852;0;0;0;0;0;0;0;2,745098;0;0,18867925;0;19,179266;0;0;45,376712;0;0,17045455;0;0;0;2,9032258;0;0;0;0;0;0
5;GHB-6;112,237;38,13;1864;0;0;1,4545455;0;18,171429;3,1481481;1,1666667;0;0;0;0,8;1,4;0;4,0740741;0;0;2,4590164;0;2,7868852;0;2,037037;0;0;0;0;0;2,745098;0;0,75471698;0;16,241901;1,372549;0;45,034247;0;0,17045455;0,98039216;1,372549;0;2,9032258;0;1;1,6326531;0;0;0
6;GHB-7;112,238;38,14;1865;0;0;0,72727273;0;16,971429;3,999880182;0;0;0;0;0;0;0;1,8518519;0;0;2,6229508;0;3,2786885;0;0;0;0;0;0;0;0,78431373;0;0;0;13,304536;0;0;43,835616;0;0;0;0;0;2,9032258;0;0;0;0;0;0
7;GHB-8;112,239;38,15;1866;0;0;0,54545455;2,2222222;16,457143;6,135243394;0;0;0;0,19607843;0;0;0;0,55555556;0;0;3,9344262;0;4,5901639;0;0;0;0;0;0;0;0;0;0;0;7,2570194;0;0;42,294521;0;0;0;0;0;1,9354839;0;0;0;1,0344828;1,5254237;0
8;GHB-9;112,24;38,16;1867;0;0;2,9090909;0;17,142857;8,110152735;1,1666667;0;0;1,9607843;0;2,4;0;0;0;0;4,5901639;0;5,9016393;0;1,6666667;0;0;0;0;0;0;0;0,56603774;0;7,2570194;2,9411765;0;40,924658;0;0;1,9607843;0;0,74074074;1,6129032;0,19607843;1;0;2,9310345;1,6949153;0
9;GHB-10;112,241;38,17;1868;0;0;2,7272727;0;18,171429;5,332973985;0;0;0,86206897;2,5490196;0;0;0;0;0;0;2,6229508;0;4,4262295;0;0;0;0;0;0;0;0;0;0;0;10,885529;1,5686275;0;39,726027;0;0;0;0;2,5925926;4,1935484;0;0;0;4,3103448;0;0
10;GHB-11;112,242;38,18;1869;0;0;3,6363636;0;20,228571;3,3333333;0;0;0;2,5490196;0;0;0;0,37037037;0;0;0,6557377;0;2,7868852;0;0;0;0;0;0;0;0;0;0;0;12,440605;0;0;37,5;0;0;0;0;0,55555556;7,4193548;0;0;0;6,2068966;0;0
11;GHB-12;112,243;38,19;1870;0;0;4;0;18;3,3333333;0;0;0;2,5490196;0;1,2;0;2,4074074;0;2,1818182;0;0;1,9672131;0;0;0;0;0;0;0;0;0;0;0;14,859611;0;0;37,5;0;0;0,98039216;0;0;10,16129;0;0;0;7,5862069;0;0
12;GHB-13;112,244;38,2;1871;0;0;2,5454545;0;15,6;4,296056665;0;0;0,51724138;2,5490196;0;0;0;3,1481481;0;0;0;0;1,4754098;0;0;0;0;0;0;0;0;0;0;0;17,62419;0;0;39,041096;0;0;0;0;0,92592593;8,5483871;0;0;0;6,3793103;0;0
13;GHB-14;112,245;38,21;1872;0;0;0;1,6666667;14,057143;6,221503346;0;0;0;2,3529412;0;0;0;3,8888889;0;0;1,147541;0;1,4754098;0;0;0;0;0;0;0;0;0;0;0;20,561555;0;0;40,239726;0;0;0;0;0;6,7741935;0;0;0;5,3448276;0;0
14;GHB-15;112,246;38,22;1873;0;0;1,6363636;0;16,8;5,394502594;1;0;0;2,5490196;0;1,6;0;4,0740741;0;0;3,2786885;0;1,6393443;0;0;0;0,94339623;0;0;0;0;0;0,75471698;0;19,87041;1,7647059;0;39,726027;0;0;0,98039216;0;0;6,2903226;0;1;0;4,6551724;0;0
15;GHB-16;112,247;38,23;1874;0;0;0;0;22,8;2,234288359;0;0;1,3793103;2,5490196;0;0;0;1,6666667;0;0;1,8032787;0;2,9508197;0;0;0;0;0;0;0;0;0;0;0;17,969762;0;0;38,527397;0;0;0;0;0;1,1290323;0;0;0;5;0;0
16;GHB-17;112,248;38,24;1875;0;0;0;0;31,028571;0;1,5;0;0;2,5490196;0;0;0;0;0;0;0,98360656;0;4,4262295;0;0;0;0;0;0;0;0;0;0;0;16,241901;0;0;37,5;0;0;0;0;0;0;0;0;0;6,2068966;0;0
17;GHB-18;112,249;38,25;1876;0;0;1,2727273;0;28,114286;3,320668104;1,6666667;0;0;2,5490196;0;0;0;0;0;0;0;0;5,7377049;0;1,8518519;0;0,94339623;0;0;0;1,9607843;0;0,75471698;0;15,896328;0;0;37,157534;0;0;0,78431373;0;0;0;0;1,8;0;6,7241379;0;0
18;GHB-19;112,25;38,26;1877;0;0;0;0;24;0;0;0;0;1,7647059;0;0;0;0;0;0;0;0;4,4262295;0;0;0;0;0;0;0;0;0;0;0;16,241901;0;0;37,157534;0;0;0;0;0;0,48387097;0;0;0;4,6551724;0;0
19;GHB-20;112,251;38,27;1878;0;0,15625;0;0;20,4;2,999760365;0;0;0;0;0;0;0;0,37037037;1,2068966;0;0,81967213;0,17241379;2,9508197;0;0;0;0;0;0;0;0;0;0,18867925;0;16,760259;0;0;38,013699;0;0;0;0;0;1,4516129;0;0;0;2,7586207;0;0
20;GHB-1+3;112,252;38,28;1879;0;0;1,4545455;0;18,342857;3,740501165;1,6666667;0;0;0,58823529;0;0;0;2,5925926;0;0;6,3934426;0,51724138;2,9508197;0;0;0;0,94339623;0;0;0;1,5686275;0;1,1320755;0;16,760259;1,372549;0;39,212329;0;0;0,58823529;0,98039216;0,37037037;5,6451613;0;1;0;2,4137931;0;0
21;GHB-21;112,253;38,29;1880;0;0;0;0;17,314286;3,1481481;0;0;0;0,58823529;0;0;0;2,5925926;0;0;5,9016393;0;2,7868852;0;0;0;0;0;0;0;0;0;0;0;16,241901;1,372549;0;41,438356;0;0;0;0;3,3333333;5,483871;0;0;0;2,2413793;0;0
22;GHB-22;112,254;38,3;1881;0;0;0;0;16,285714;3,7037037;0;0;0;0;0;0;0;2,5925926;0;0;5,0819672;0;2,7868852;0;0;0;0;0;0;0;0;0;0;0;14,859611;0;0;42,979452;0;0;0;0;3,3333333;5;0;0;0;2,5862069;0;0
23;GHB-23;112,255;38,31;1882;0;0;0;0;15,6;3,7037037;0;0;0;0;0;0;0;2,5925926;0;0;4,5901639;0;3,1147541;0;0;0;0;0;0;0;0;0;0;0;14,341253;0;0;44,691781;0;0;0;0;3,1481481;4,516129;0;0;0;2,9310345;0;0
24;GHB-24;112,256;38,32;1883;0;0;0,72727273;0;13,885714;3,3333333;0,83333333;0;0;0;0;0;0;2,5925926;0;0;4,0983607;0;3,442623;0;0;0;0;0;0;0;0;0;0;0;13,131749;0,78431373;0;46,40411;0;0;0;0;2,962963;4,3548387;0;0;0;2,9310345;0;0
25;GHB-25;112,257;38,33;1884;0;0;2,3636364;0;13,542857;3,975148877;2,1666667;0;0;0;0;0;0;2,5925926;0;0;3,2786885;0;3,7704918;0;0;0;0;0;0;0;0;0;0;0;12,095032;2,1568627;0;48,630137;0;0,91119529;0;0;2,5925926;3,8709677;0;0;0;2,7586207;0;0
26;GHB-26;112,258;38,34;1885;0;0;2,9090909;0;14,228571;4,987334804;2,5;0;0;0,58823529;1;0;0;2,5925926;0;0;3,1147541;0;3,1147541;0;0;0;0;0;0;0;1,9607843;0;0,94339623;0;13,131749;2,5490196;0;47,431507;0;0,91119529;0,58823529;0;2,5925926;3,7096774;0;0,8;0;2,7586207;0;0
27;GHB-27;112,259;38,35;1886;0;0;1,6363636;0;15,771429;4,0740741;0;0;0;0;0;0;0;1,2962963;0;0;3,2786885;0;0,6557377;0;0;0;0;0;0;0;0;0;0;0;13,99568;1,5686275;0;45,034247;0;0;0;0;1,6666667;4,3548387;0;0;0;1,3793103;0;0
28;GHB-28;112,26;38,36;1887;0;0;0;1,1111111;16,8;5,7407407;1;0;0;0;0;0;0;0;1,0344828;0;3,442623;0;0;0;0;0;0;0;0;0;0;0;0;0;15,205184;0;0;44,178082;0;0;0;0;0;5,3225806;0;0;0;0;0;0
29;GHB-29;112,261;38,37;1888;0;0;1,6363636;0;15,428571;7,2222222;1;0;0,17241379;0;0;1,2;0;1,4814815;0;0;3,2786885;0;1,147541;0;0;0;0;0;0;0;3,1372549;0;0,94339623;0;14,514039;1,372549;0;44,691781;0;0,51136364;1,7647059;0;0;5,6451613;0;0,8;0;1,5517241;0;0
30;GHB-30;112,262;38,38;1889;0;0;0;0;14,228571;5,5555556;0;0;0,51724138;0;0;0;0;0;0;0;3,1147541;0;0;0;0;0;0;0;0;0;1,1764706;0;0;0;13,477322;0;0;46,746575;0;0,17045455;0;0;0,92592593;4,3548387;0;0;0;0;0;0
31;GHB-31;112,263;38,39;1890;0;0;0,54545455;0;13,714286;4,962603585;1,3333333;0;0;0;0;0;0;0;0;0;2,295082;0;0;0;0,18518519;0;0;0;0;0;0;0;0,18867925;0;11,922246;0;0;50,171233;0;0,37037037;0;0;0;2,7419355;0;0;0;0,68965517;0;0
32;GHB-32;112,264;38,4;1891;0;0;3,2727273;0;14,228571;4,838947094;1,3333333;0;0;0,78431373;0;0;0;2,7777778;0;0;2,1311475;0;2,4590164;0;2,5925926;0;0;0;0;0;1,9607843;0;0,94339623;0;10,712743;1,5686275;0;49,828767;0;0,17045455;1,5686275;0,19607843;0;1,4516129;0;0;0;2,7586207;0;0
33;GHB-33;112,265;38,41;1892;0;0;4;0;15,942857;3,073954282;0;0;0;0;0;0;0;1,4814815;0;0;2,1311475;0;2,6229508;0;0,55555556;0;0;0;0;0;0;0;0;0;9,1576674;0;0;48,972603;0;0;0;0;2,2222222;1,4516129;0;0;0;3,4482759;0;0
34;GHB-34;112,266;38,42;1893;0;0;3,4545455;0;17,142857;3,234408177;1,5;0;0;0;0;0;0;0;0,86206897;0;2,4590164;0;2,6229508;0;0;0;0;0;0;0;0;0;0,75471698;0;7,9481641;0;0;48,287671;0;0;0;0;3,7037037;2,2580645;0;0;0;3,6206897;0;0
35;GHB-35;112,267;38,43;1894;0;0;2,5454545;0,92592593;20,4;4,086140259;1,8333333;1,7241379;0;0,98039216;1,2;1;0;1,4814815;0;0;2,4590164;0;2,6229508;0;1,8518519;0;0;0;0;0;2,745098;1,1538462;3,7735849;0;5,5291577;2,745098;0;45,376712;0;0;1,372549;0,19607843;3,7037037;3,0645161;0;0;1,2244898;3,7931034;0;0
36;GHB-36;112,268;38,44;1895;0;0;1,6363636;0,92592593;28,628571;3,7037037;0;0;0,17241379;0;0;0;0;2,2222222;0;0;4,9180328;0;2,295082;0;0;0;0;0;0;0;2,1568627;0;1,509434;0;5,1835853;1,372549;0;40,582192;0;0,34090909;0;0;3,7037037;4,1935484;0;0,8;0;3,7931034;0;0
37;GHB-37;112,269;38,45;1896;0;0;1,0909091;0,74074074;28,114286;6,801790288;0;0;0;0,78431373;0;0;0;2,4074074;0;0;6,7213115;0;1,6393443;0;1,6666667;0;0;0;0;0;1,9607843;0;0,75471698;0;5,3563715;1,5686275;0;40,924658;0;0;0;0,58823529;2,5925926;4,6774194;0;4,4;0;3,7931034;0;0
38;GHB-38;112,27;38,46;1897;0;0;1,4545455;0;25,542857;5,999520879;0;0;0;0;0;0;0;2,962963;0;0;5,7377049;0;1,8032787;0;1,6666667;0;0;0;0;0;1,9607843;0;0,75471698;0;8,2937365;1,5686275;0;40,924658;0;0,17045455;0;0;0,92592593;4,3548387;0;3,4;0;3,4482759;0;0
39;GHB-1+4;112,271;38,47;1898;0;0;1,6363636;0;22,628571;3,7037037;0;0;0;0,58823529;0;0;0;2,962963;0;0;2,4590164;0;2,9508197;0;1,6666667;0;0;0;0;0;0;0;0,18867925;0;10,539957;1,1764706;0;40,753425;0;0;0;0;0;5,483871;0;1,8;0;1,2068966;0;0
40;GHB-39;112,272;38,48;1899;0;0;0;0;20,057143;4,160334077;0;0;0;0;0;0;0;3,8888889;0;0;0;0;3,7704918;0;0;0;0;0;0;0;0;0;0;0;13,477322;0;0;40,582192;0;0;0;0;0;7,2580645;0;1;0;0;0;0
41;GHB-40;112,273;38,49;1900;0;0;0,72727273;0;17,314286;3,259139482;1,5;0;0;1,372549;0;0;0;5,3703704;0;0;1,6393443;0;4,7540984;0;0;0;0;0;0;0;1,1764706;0;0;0;20,561555;0,98039216;0;36,643836;0;0;0;0,78431373;0;9,3548387;0;0;0;1,7241379;0;0
42;GHB-41;112,274;38,5;1901;0;0;2,9090909;0;16,114286;0;1,1666667;0;0;0;0;0;0;2,962963;0;0;0;0;1,9672131;0;0;0;0;0;0;0;0;0;0;0;27,645788;0;0;33,90411;0;0;0;0;0;7,4193548;0;0;0;0;0;0
43;GHB-42;112,275;38,51;1902;0;0;2,7272727;0;14,228571;1,197371137;2,3333333;0;0;0;0;0;0;1,4814815;0,86206897;0;0;0;0;;0;0;0;0;0;0;0,98039216;0;0;0,96153846;31,447084;0;0;32,363014;0;0,18518519;0;0;0;5;0;1;0;0;0;0
44;GHB-43;112,276;38,52;1903;0;0;2,7272727;0;20,057143;3,802029799;6,5;0;0;0,98039216;0,8;0;0;1,4814815;0;2,1818182;1,9672131;0;0,81967213;;0;0;0;0;1;0;3,9215686;0;0;0;27,645788;2,745098;0;30,821918;0;0;0,98039216;0,98039216;1,1111111;3,3870968;0,39215686;1;0;1,8965517;0;0
45;GHB-44;112,277;38,53;1904;0;0;1,4545455;0;31,542857;0;3,5;0;0;0;0;0;0;0;0;0;0;0;0;;0;0;0;0;1,2;0;0,98039216;0;0,18867925;0;21,598272;2,3529412;0;29,794521;0;0;0;0;2,7777778;3,0645161;0;0;0;0;0;0
46;GHB-45;112,278;38,54;1905;0;0;0;0;44,057143;1,8518519;1,6666667;0;0;0;0;0;0;0,74074074;0;0;0,6557377;0;0;0;0,92592593;0;0;0,86455331;0;0;0;0;1,509434;0;4,3196544;0,98039216;0;29,109589;0;0;0;0;1,1111111;3,8709677;0;0;0;0;0;0
47;GHB-46;112,279;38,55;1906;0;0;1,6363636;0;43,2;3,1481481;1,3333333;0;0;0;0;1,4;0;3,1481481;0;0;4,4262295;0;1,147541;0;3,3333333;0;0;0;0;0;1,9607843;0;1,6981132;0;2,7645788;1,1764706;0;30,479452;0,78431373;0;0,78431373;1,1764706;0;4,516129;0;0;1,2244898;1,7241379;0;0
48;GHB-47;112,28;38,56;1907;0;0;0;0;42,514286;2,7777778;0;0;0;0;0;0;0;3,8888889;0;0;4,7540984;0;0;0;2,2222222;0;0;0;0;0;0;0;1,6981132;0;1,0367171;0;0;31,506849;0;0;0;0;1,1111111;4,8387097;0;0;0;0;0;0
49;GHB-48;112,281;38,57;1908;0;0;0;0;41,828571;1,8518519;0;0;0;0;0;0;0;3,8888889;0;0;4,7540984;0;0;0;1,2962963;0;0;0;0;0;0;0;0,18867925;0;0;0;0;33,219178;0;0;0;0;0;5,3225806;0;0;0;0;0;0
50;GHB-49;112,282;38,58;1909;0;0;0;0;41,657143;0;0;0;0;0;0;0;0;3,5185185;0;0;5,2459016;0;0;0;0;0;0;0;0;0;0;0;0;0;0;0;0;34,760274;0;0;0;0;0;6,2903226;0;0;0;0;0;0
51;GHB-50;112,283;38,59;1910;0;0;0;0;40,8;0;0;0;0;0;0;0;0;3,1481481;0;0;5,9016393;0;0;0;0;0;0;0;0;0;0;0;0;0;0;0;0;36,130137;0;0;0;0;0;7,0967742;0;0;0;1,0344828;0;0
52;GHB-51;112,284;38,6;1911;0;0;0;0;39,771429;1,123177259;0;0;0;0;0;0;0;3,1481481;0;0;6,2295082;0;0;0;0;0;0;0;0;0;1,372549;0;0;0;0,17278618;0;0;35,958904;0;0,54082492;0;0;0,74074074;7,9032258;0;0;0;2,0689655;0;0
53;GHB-52;112,285;38,61;1912;0;0;1,2727273;0;29,485714;2,789843959;0;0;0,86206897;0,58823529;0,4;0;0;3,1481481;0;0;6,0655738;0;0;0;0;0;0;0;0;0;1,5686275;0;0;0;0;1,1764706;0;32,534247;0;0,17045455;0,98039216;1,372549;1,8518519;8,3870968;0;1;0,6122449;2,9310345;0;0
54;GHB-53;112,286;38,62;1913;0;0;0;0,92592593;17,314286;0,160453894;0,33333333;0;0,86206897;0;0,2;0;0;1,6666667;0;0;4,4262295;0;0,49180328;0;0;0;0;0;0;0;0;0;0;0;1,7278618;1,1764706;0;28,938356;0;0;0;0,98039216;2,4074074;4,516129;0;0;0,6122449;1,3793103;0;0
55;GHB-54;112,287;38,63;1914;0;0;0;0,74074074;14,914286;2,505733539;1,1666667;0;0;0;0;0;0;0;0,86206897;0;3,2786885;0;1,6393443;0;0;0;0;0;0;0;0,58823529;0;0;0;44,578834;0;0;28,938356;0;0;0;0;1,4814815;0;0;0;0;0,34482759;0;0
56;GHB-55;112,288;38,64;1915;0;0;0;0;15,085714;4,221862885;3,1666667;0;0;0;0;0;0;1,4814815;0;0;2,295082;0;2,6229508;0;1,8518519;0;1,3207547;0;0;0;2,9411765;0;0;0;39,913607;1,372549;0;29,452055;0;0,34090909;1,372549;0;0;0,80645161;0;0;0;0;0;0
57;GHB-56;112,289;38,65;1916;0;0;0;0;16,8;0,74074074;1,8333333;0;0;0;0;0;0;0;0;0;0;0;2,9508197;0;0;0;0;0;0;0;2,9411765;0;0;0;27,473002;1,372549;0;33,732877;0;0;0;0;0;0,80645161;0;0;0;0;0;0
58;GHB-1+5;112,29;38,66;1917;0;0;0;0;17,657143;0;0;0;0;0;0;0;0;0,74074074;0;0;0;0;1,9672131;0;0;0;0;0;0;0;2,745098;0;0;0;17,451404;0;0;38,356164;0;0;0;0;0,74074074;0;0;0;0;3,4482759;0;0
59;GHB-57;112,291;38,67;1918;0;0;0;0;18,857143;1,1111111;1,5;0;0;0,19607843;0,8;0;0;2,7777778;0;0;1,147541;0;1,9672131;0;1,8518519;0;1,1320755;0;0;0;2,3529412;0;0,56603774;0;12,267819;2,745098;0;38,356164;0;0;0,98039216;0;1,6666667;7,7419355;0,39215686;0,8;0;6,8965517;0;0
60;GHB-58;112,292;38,68;1919;0;0;0;0;20,228571;0;0;0;0;0;0;0;0;4,0740741;0;0;0;0;2,6229508;0;0;0;0;0;0;0;1,5686275;0;0;0;9,6760259;3,5294118;0;38,356164;0;0;0;0;2,5925926;6,9354839;0;0;0;5,862069;0;0
61;GHB-59;112,293;38,69;1920;0;0;0;0;22,114286;2,370011015;1,6666667;0;0;0;0;0;0;6,1111111;1,0344828;0;0,98360656;0;3,6065574;0;0;0;0;0;0;0;0;0;0,37735849;0;7,0842333;3,7254902;0;38,356164;0;0;0;0;3,7037037;5,3225806;0;0;0;4,4827586;0;0
62;GHB-60;112,294;38,7;1921;0;0;0;0;21,942857;5,382436559;4;0;0;2,1568627;0;0;0;7,4074074;0;2;3,442623;0;4,5901639;0;1,4814815;0;0;0;0;0;1,372549;0;0,56603774;0;7,775378;3,7254902;0;37,671233;0;0;0;0,78431373;3,5185185;4,6774194;0;0;0;3,2758621;0;0
63;GHB-61;112,295;38,71;1922;0;0;0;0;21,257143;3,5185185;1,8333333;0;0,51724138;0;0;0;0;6,1111111;0;0;3,442623;0;5,0819672;0;0;0;0;0;0;0;0;0;0;0;9,6760259;4,1176471;0;37,157534;0;0;0;0;0,55555556;4,6774194;0;0;0;2,9310345;0;0
64;GHB-62;112,296;38,72;1923;0;0;0,72727273;0;21,085714;4,110871465;0;0;0;0;0;0;0;4,8148148;0;0;2,295082;0;5,7377049;0;0;0;0;0;0;0;0;0;0;0;11,058315;4,1176471;0;36,30137;0;0;0;0;0;5,6451613;0;0;0;2,9310345;0;0
65;GHB-63;112,297;38,73;1924;0;0;1,6363636;0;22,457143;4,110871465;1,8333333;0;0;0,39215686;0,6;1,2;0;3,8888889;0;0;2,1311475;0;6,8852459;0;1,6666667;0;1,3207547;0;0;0;1,5686275;0;0,56603774;0;10,712743;4,1176471;0;36,130137;0;0,17045455;0,98039216;0,78431373;0;6,6129032;0;0;0;3,1034483;0;0
66;GHB-64;112,298;38,74;1925;0;0;2,7272727;1,1111111;23,828571;2,7777778;0;0;0;0;0;1;0;2,962963;0;0;2,4590164;0;5,4098361;0;0;0;0;0;0;0;0;0;0;0;10,712743;4,1176471;0;35,616438;0;0;0;0;0;6,9354839;0;0;0;3,4482759;0;0
67;GHB-65;112,299;38,75;1926;0;0;3,4545455;1,8518519;25,885714;4,542770599;0;0;0;0;0;0;0;2,962963;0;0;3,7704918;0;3,6065574;0;0;0;0;0;0;0;0;0;0;0;10,712743;4,1176471;0;34,931507;0;0;0;0;0;6,7741935;0;0;0;4,4827586;0;0
68;GHB-66;112,3;38,76;1927;0;0;3,4545455;0;25,542857;4,197131542;1,6666667;0;0,17241379;0,58823529;0,6;0;0;3,1481481;0;0;4,5901639;0;3,1147541;0;1,4814815;0;0;0;1,2;0;0;0;0,56603774;0;12,613391;4,1176471;0;34,246575;0;0;0,98039216;0;0,74074074;6,2903226;0;1;0;4,4827586;0;0
69;GHB-67;112,301;38,77;1928;0;0;2;0;24,342857;0,55555556;0;0;0,17241379;0;0;0;0;3,1481481;0;0;4,0983607;0;2,9508197;0;0;0;0;0;0;0;0;0;0;0;16,069114;2,5490196;0;33,732877;0;0;0;0;0;5,8064516;0;0;0;3,9655172;0;0
70;GHB-68;112,302;38,78;1929;0;0;0;0;24,342857;0;0;0;0;0;0;0;0;2,962963;0;0;3,9344262;0;3,6065574;0;0;0;0;0;0;0;0;0;0;0;17,451404;0;0;32,191781;0;0,52609428;0;0,19607843;0;4,8387097;0;0;0;2,9310345;0;0
71;GHB-69;112,303;38,79;1930;0;0;1,4545455;0;24,685714;2,037037;1,8333333;1,5517241;0;0,98039216;0,4;0;0;2,7777778;0;0;3,7704918;0;3,7704918;0;2,4074074;0;0;0;1;0;1,9607843;0;0,94339623;0;16,414687;0;0;33,047945;0,78431373;0,34090909;0,98039216;2,3529412;0;4,8387097;0;1;0;2,2413793;0;0
72;GHB-70;112,304;38,8;1931;0;0;0;0,92592593;25,028571;0;0;1,0344828;0;0;0,4;0;0;2,4074074;0;0;3,1147541;0;4,0983607;0;0;0;0;0;0;0;0;0;0;0;15,896328;1,372549;0;34,246575;0;0;0;1,7647059;0;5,9677419;0;0;0;1,2068966;0;0
73;GHB-71;112,305;38,81;1932;0;0;0;0,74074074;25,371429;0;0;0;0;0;0;0;0;4,0740741;1,0344828;0;2,7868852;0;4,0983607;0;0;0;0;0;0;0;1,5686275;0;0,37735849;0;15,723542;0;0;34,246575;0;0;0;0,58823529;0;8,5483871;0;0;0;0;0;0
74;GHB-72;112,306;38,82;1933;0;0;1,2727273;0;21,085714;2,5925926;0;0;0,51724138;0,78431373;0;0;0;3,8888889;0;0;2,4590164;0;3,442623;0;1,4814815;0;0;0;0;0;1,5686275;0;0,56603774;0;22,980562;0;0;32,363014;0;0;1,9607843;0,98039216;0,37037037;10;0;0;0;1,5517241;0;0
75;GHB-73;112,307;38,83;1934;0;0;0;0;13,028571;0;0;0;0,51724138;0;0;0;0;2,962963;0;0;1,4754098;0;2,9508197;0;0;0;0;0;0;0;0;0;0;0;33,174946;0;0;30,308219;0;0;1,372549;0;0;5,483871;0;0;0;0;0;0
76;GHB-74;112,308;38,84;1935;0;0;0;0;10,8;0;1;0;0;0;0;0;0;2,962963;0;0;0;0;2,295082;0;0;0;0;0;0;0;0;0;0;1,1538462;40,777538;0;0;28,938356;0;0,17045455;0;0;0;0;0;0;0;0;0;0
77;GHB-1+6;112,309;38,85;1936;0;0,15625;2,5454545;0;9,2571429;2,037037;5,3333333;0;0;0,58823529;2,2;0;0;2,7777778;0;0;1,8032787;0;1,9672131;0;1,4814815;0;0;0;1,4;0;1,372549;0,96153846;1,509434;0;41,641469;1,5686275;0;28,59589;0,78431373;0,17045455;0;0,98039216;0;0,80645161;0;0,8;0;2,4137931;0;0
78;GHB-75;112,31;38,86;1937;0;0;0;0;8,0571429;0;6,5;0;0;0,39215686;0;0;0;1,1111111;0;0;0;0;1,6393443;0;0;0;0;0;0;0;0;0;0;0;43,023758;0;0;28,59589;0,39215686;0;0;0;0;0;0;0;0;0;0;0
79;GHB-76;112,311;38,87;1938;0;0,46875;0;0;7,2;0;7,6666667;0;0;0;0;0;0;0;1,2068966;0;0;0;1,6393443;0;0;0;0;0;0;0;0;0;0;1,3461538;43,023758;0;0;28,59589;0;0,34090909;0;0;0;0;0;0;0;0;0;0
80;GHB-77;112,312;38,88;1939;0;0,3125;0;0;16,971429;3,641575942;8,1666667;0;0;0;0,6;1;0;1,6666667;0;0;1,4754098;0;1,6393443;0;1,8518519;0,58823529;0;0;1;0;1,372549;0;0,56603774;0;36,803456;1,9607843;0;28,767123;0;0,34090909;0;0,19607843;0,92592593;0,96774194;0,98039216;0;0;1,8965517;0;0
81;GHB-78;112,313;38,89;1940;0;0;0;1,4814815;23,657143;0;3,6666667;0;0;0;0;0;0;0;0;0;0;0;0,98360656;0;0;0;0;0;0;0;0;0;0;0;27,12743;0;0;29,623288;0;0;0;0;0;0;0;0;0;0;0;0
82;GHB-79;112,314;38,9;1941;0;0,15625;0;1,1111111;34,628571;2,740381385;2;0;0;0;0;0;0;0,55555556;0;0;0,81967213;0;0;0;0;0;0;0;0;0;0;0;0;0;13,131749;0,98039216;0;30,650685;0;0;0;0;0;0,48387097;0;0;0;1,0344828;0;0
83;GHB-80;112,315;38,91;1942;0;0,15625;0;0;35,142857;4,407048085;1,6666667;0;0,51724138;1,1764706;0;0;0;4,0740741;0;0;5,2459016;0;0;0;1,6666667;0;0;0;0;0;2,1568627;0;0,56603774;0;9,6760259;3,5294118;0;32,705479;0;0;0,98039216;1,372549;2,2222222;1,9354839;0;2,4;0;4,6551724;0;0
84;GHB-81;112,316;38,92;1943;0;0;0;0;35,485714;2,962963;0;0;0,34482759;0;0;0;0;2,037037;0;0;5,5737705;0;0;0;0;0;0;0;0;0;0;0;0;0;7,0842333;0,98039216;0;35,445205;0;0,17045455;0;0;0;2,7419355;0;0;0;0,68965517;0;0
85;GHB-82;112,317;38,93;1944;0;0;0;0;36;2,7777778;0;0;0;0;0;0;0;0;0;0;6,0655738;0;0;0;0;0;0;0;0;0;0;0;0;0;5,3563715;0;0;37,842466;0;0;0;0;0;3,0645161;0;0;0;0;0;0
86;GHB-83;112,318;38,94;1945;0;0;0;0;32,228571;4,061408904;1,8333333;1,3793103;0;3,5294118;0,8;1;0;0;0;0;6,2295082;0;0,81967213;0;2,2222222;0;0,94339623;0;0;0;0;0;0,75471698;0;5,3563715;1,7647059;0;37,842466;0;0,17045455;1,5686275;0,98039216;0;3,5483871;0;1,2;0;1,5517241;0;0
87;GHB-84;112,319;38,95;1946;0;0;0;0;28,971429;2,7777778;0;0;0;1,9607843;0;0;0;0;0;0;6,557377;0;0;0;0;0;0;0;0;0;0;0;0;0;6,0475162;0;0;37,842466;0;0;0;0;0;3,8709677;0;0;0;0;0;0
88;GHB-85;112,32;38,96;1947;0;0;0;0;26,057143;2,7777778;0;0;0;0;0;0;0;0,55555556;0;0;6,557377;0;0,32786885;0;0;0;0;0;0;0;0;0;0;0;6,9114471;0;0;38,356164;0;0;0;0;0;4,516129;0;0;0;0,68965517;0;0
89;GHB-86;112,321;38,97;1948;0;0;1,0909091;0;20,057143;2,5925926;2,6666667;0;0;0,78431373;0;0;0;5;0;0;6,3934426;0;2,1311475;0;1,6666667;0;0;0;0;0;0;0;1,3207547;0;5,7019438;1,9607843;0;42,808219;0;0;1,5686275;0,58823529;0;5,8064516;0;0;0;1,8965517;0;0
90;GHB-87;112,322;38,98;1949;0;0;0;0,92592593;14,571429;3,715769859;0;0;0;0,78431373;0;0;0;4,2592593;0;0;3,442623;0;2,1311475;0;0;0;0;0;0;0;0;0;0;0;5,3563715;0;0;44,863014;0;0;0;0;0;5,8064516;0;0;0;3,1034483;0;0
91;GHB-88;112,323;38,99;1950;0;0;0,72727273;0,92592593;9,6;6,406688546;1,8333333;0;0;0,19607843;0;0,2;0;3,1481481;0;0;0;0;2,295082;0;0;0;0;0;0;0;0;0;0;0;7,0842333;0,58823529;0;47,431507;0;1,1111111;0;0;0,18518519;5,8064516;0;0;0;4,137931;0;0
92;GHB-89;112,324;38,1;1951;0;0;3,6363636;0;8,0571429;8,060690173;1,1666667;0;0,17241379;3,9215686;0;4,4;0;2,4074074;0;0;1,4754098;0;2,6229508;0;0;0;0;0;1,2;0;1,1764706;0;0;0;35,593952;1,7647059;0;19,691781;0;0;1,5686275;2,1568627;1,6666667;5,3225806;0;1,4;0;4,3103448;0;0
93;GHB-90;112,325;38,101;1952;0;0;2,5454545;0;4,6285714;3,048624026;1,3333333;0;1,0344828;2,3529412;0;2,6;0;1,6666667;0;0;0;0;3,9344262;0;0;0;0;0;1,6;0;0;0;0;0,96153846;66,177106;1,7647059;0;18,835616;0;0,35563974;0;0,19607843;1,1111111;1,6129032;0;0;0;1,7241379;0;0
94;GHB-91;112,326;38,102;1953;0;0;1,2727273;0;4,8;3,221743079;1,3333333;0;0,51724138;0;0;0,4;0;1,4814815;0;0;1,4754098;0;3,6065574;;0;0,98039216;0;0;0;0;0;0;0;0;60,302376;2,9411765;0;18,835616;0;0,35563974;0;0;0,92592593;0,64516129;0;0;0;1,5517241;0;0
95;GHB-92;112,327;38,103;1954;0;0;0,72727273;0;6,6857143;1,283631104;0;0;0,17241379;0;0;0;0;1,4814815;0;0;0;0;1,8032787;0;0;0,98039216;0;0;0;0;0;0;0;0;53,909287;3,5294118;0;26,369863;0;0;0;0;0;0,64516129;0;0;0;0;0;0
96;GHB-1+7;112,328;38,104;1955;0;0;0;0;8,5714286;0;0,33333333;0;0;0;0;0;0;0;0;0;0;0;0,32786885;0;0;0;0;0;0;0;0;0;0;0,96153846;43,887689;3,7254902;0;35,958904;0;0;0;0;0;0;0;0;0;0;0;0
97;GHB-93;112,329;38,105;1956;0;0;0;0;9,2571429;1,604538942;2,1666667;0;0;0;0;0;0;0;0;0;0,81967213;0;0;0;0;0;0;0;0;0;0;0;0;2,5;43,887689;3,7254902;0;35,787671;0;0;0;0;1,1111111;0;0;0;0;0;0;0
98;GHB-94;112,33;38,106;1957;0;0;2,9090909;0;6,3428571;1,2962963;3,6666667;0;0;1,1764706;0,8;0,8;0;1,4814815;0;0;3,7704918;0;0;0;0;0;0;0;0;0;0;0;0;3,0769231;61,511879;3,7254902;0;19,863014;0;0,17045455;0;0;2,2222222;0,64516129;0;0;0;1,3793103;0;0
99;GHB-95;112,331;38,107;1958;0;0;0;0;4,4571429;0;2,6666667;0;0,68965517;0;0;0;0;0;0;0;0,6557377;0;0;0;0;0;0;0;0;0;0;0;0;3,4615385;79,654428;2,3529412;0;19,006849;0;0;0;0;0,92592593;0,48387097;0;0;0;0;0;0
100;GHB-96;112,332;38,108;1959;0;0;0;1,2962963;2,9142857;0;2,6666667;0;0;0;0;0;0;0;1,0344828;0;0;0;0;0;0;0;0;0,69164265;0;0;0;0;0;3,4615385;77,926566;0;0;18,835616;0;0;0;0;0;0;0;0;0;0;0;0
101;GHB-97;112,333;38,109;1960;0;0;0;0;3,4285714;0;2,3333333;0;0,17241379;0;0;0;0;0;0;0;0;0;0,98360656;0;0;0,98039216;0;0;0;0;1,5686275;0;0;2,1153846;76,544276;1,7647059;0;18,835616;0,39215686;0;0;0;0;0;0;0;0;0;0;0
102;GHB-98;112,334;38,11;1961;0;0;0;0;5,6571429;0;4,1666667;0;0;0;0;0;0;0;0;0;0;0;0;0;0;0;0;0;0;0;0;0;0;0;60,820734;0;0;19,006849;0,39215686;0;0;0;0;0;0;0;0;0;0;0
103;GHB-99;112,335;38,111;1962;0;0,15625;0;0;6,5142857;2,740381385;6;0;0;0;0,2;0;0;0;0;0;0,49180328;0;0,32786885;;0;0;0;0;0,6;0;0;0;0;1,5384615;48,552916;0;0;29,965753;0;0,17045455;0;0;0;0;0;0;0;0;0;0
104;GHB-100;112,336;38,112;1963;0;0,15625;1,6363636;0;12,171429;2,740381385;6,8333333;0;0;0;2,4;1,2;0;0;0;0;1,4754098;0;2,6229508;;0;0;0;0;2,6;0;1,1764706;0;0,56603774;0;28,682505;1,5686275;0;34,417808;0;0,17045455;0;0,78431373;1,8518519;1,2903226;0,58823529;0;0;1,3793103;0;0
105;GHB-101;112,337;38,113;1964;0;0;0;0;17,485714;0;5,6666667;0;0,68965517;0;1,2;0;0;0;0;0;0;0;4,0983607;0;0;0;0;0;2;0;0;0;0;0;17,62419;0;0;39,89726;0;0;0;0,78431373;0,74074074;1,1290323;0;0;0;0;0;0
106;GHB-102;112,338;38,114;1965;0;0,3125;0;0;21,428571;1,493547629;3,8333333;0;0;0;0;0;0;0,55555556;0;0;0,6557377;0;3,442623;0;0;0;0;0;0,8;0;0;0;0,94339623;0;16,414687;0,39215686;0;42,294521;0;0,17045455;0;0;1,1111111;0;0;0;0;0;0;0
107;GHB-103;112,339;38,115;1966;0;0,3125;2,5454545;0;17,485714;3,900955059;2,3333333;0;0;0;0;1;0;2,2222222;0;0;3,2786885;0;3,1147541;0;1,1111111;0;0;0;0;0;1,1764706;0;1,509434;0;16,069114;2,745098;0;41,267123;0;0,17045455;0;0,19607843;2,2222222;7,5806452;0,58823529;1,8;0;2,2413793;0;0
108;GHB-104;112,34;38,116;1967;0;0;1,2727273;0;12,685714;0;3;0;0,68965517;0;0;0;0;2,5925926;0;0;2,9508197;0;2,6229508;0;0;0;0;0;0;0;0;0;0;0;21,771058;2,9411765;0;40,068493;0;0;0;0;0,18518519;6,2903226;0;0;0;0;0;0
109;GHB-105;112,341;38,117;1968;0;0;0;0;11,657143;0,962723365;4;0;0;0;0;0;0;3,1481481;0;0;2,295082;0;2,295082;0;0;0;0;0;0;0;1,1764706;0;0,56603774;0;34,038877;2,9411765;0;38,869863;0;0,34090909;0;0;0;4,516129;0;0;0;0;0;0
110;GHB-106;112,342;38,118;1969;0;0;1,2727273;0;14,228571;2,073834465;3,5;0;0;0;0,6;1,2;0;4,2592593;0;0;2,6229508;0;2,295082;0;1,1111111;0;0,94339623;0;1,4;0;1,1764706;0;0,75471698;0;25,572354;2,9411765;0,625;34,075342;0;0,34090909;0;2,5490196;0;3,3870968;0,58823529;0;0;0;0;0
111;GHB-107;112,343;38,119;1970;0;0;0;0;20,057143;0;1,6666667;0;0;0;0;0;0;3,3333333;0;0;2,7868852;0;0,49180328;0;0;0;0;0;0;0;0;0;0;0;20,907127;1,7647059;0;28,59589;0;0;0;0,98039216;0;4,8387097;0;0;0;0;0;0
112;GHB-108;112,344;38,12;1971;0;0;0,72727273;0,74074074;24,171429;0;0;0;0;0;0;0;0;2,7777778;0;0;3,2786885;0;0;0;0;0;0;0;0;0;0;0;0,37735849;0;15,896328;0;0;28,59589;0;0,17045455;0;0;0;7,7419355;0;0;0;0,51724138;0;0
113;GHB-109;112,345;38,121;1972;0;0;2,9090909;0;18,342857;2,037037;1,6666667;0;4,6551724;0;0;1,2;0;2,4074074;0;0;3,6065574;0;0,98360656;;1,2962963;0;0;0;1,2;0;2,5490196;0;0,94339623;0;17,969762;1,7647059;0;28,938356;0;0;0;0,98039216;0,74074074;11,451613;0;1,4;0;4,6551724;0;0
114;GHB-110;112,346;38,122;1973;0;0;3,0909091;0;13,2;0;0;0;7,9310345;0;0;0;0;0,74074074;0;0;3,1147541;0;0;0;0;0;0;0;1,2;0;0;0;0;0;22,116631;0;0;37,328767;0;0;0;0;0;9,8387097;0;0;0;4,3103448;0;0
115;GHB-1+8;112,347;38,123;1974;0;0;3,0909091;0,55555556;9,7714286;1,123177259;1,1666667;0;2,4137931;0;0;0;0;0;0;0;2,4590164;0;0;0;0;0;0;0;0;0;0;0;0,18867925;0;26,609071;0;0;40,924658;0;0;0,58823529;0;0,55555556;7,4193548;0;0;0;3,7931034;0;0
116;GHB-111;112,348;38,124;1975;0;0;2,7272727;0;7,7142857;3,160214259;3,3333333;0;0,34482759;0;1,2;0;0;1,2962963;0;0;1,8032787;0;1,8032787;1;1,6666667;0;0;0;1,4;0;1,372549;0;0,75471698;0;31,792657;2,5490196;0;39,383562;0;0,17045455;1,372549;0,98039216;2,4074074;5,483871;0,58823529;1,4;0;3,1034483;0;0
117;GHB-112;112,349;38,125;1976;0;0;1,4545455;0;6,3428571;0;0;0;0,68965517;0;0;0;0;0;0;0;0,98360656;0;3,1147541;0;0;0;0;0;0;0;0;0;0;0;35,593952;0;0;36,30137;0;0;0;0;1,8518519;5,483871;0;0;0;2,7586207;0;0
118;GHB-113;112,35;38,126;1977;0;0;0;0;5,6571429;1,283631104;0;0;0;0;0;0;0;0;0;0;0;0;3,7704918;0;0;0;0;0;0;0;0;0;0;0;42,159827;0;0;35,616438;0;0,17045455;0;0;2,2222222;5,8064516;0;0;0;2,7586207;0;0
119;GHB-114;112,351;38,127;1978;0;0;0;0;5,6571429;3,345399459;1,3333333;0;0;0,98039216;0;0;0;1,4814815;0;0;1,6393443;0;3,7704918;0;1,8518519;0;0;0;1,2;0;1,372549;0;0,56603774;0;37,4946;1,372549;0;36,986301;0;0,17045455;0;0;2,2222222;5,8064516;0;1,2;0;2,7586207;0;0
120;GHB-115;112,352;38,128;1979;0;0;0;0;6,8571429;0;0;0;0,51724138;0,39215686;0;0;0;0;0;0;0;0;3,7704918;0;0;0;0;0;0;0;0;0;0;0;31,965443;0;0;39,212329;0;0;0;0;2,5925926;5,8064516;0;0;0;2,7586207;0;0
121;GHB-116;112,353;38,129;1980;0;0;0,54545455;0;7,2;1,123177259;1,6666667;0;0;0;0;0;0;0;0;0;0;0,51724138;2,4590164;0;0;0;0;0;0,8;0;0;0;0;1,5384615;32,138229;0,39215686;0;39,212329;0;0;0;0;3,3333333;5,8064516;0;0;0;2,7586207;0;0
122;GHB-117;112,354;38,13;1981;0;0;3,6363636;0;5,4857143;2,259019665;5;0;0;0;0,8;1,2;0;3,3333333;0;0;1,147541;0,68965517;1,8032787;0;0;0,58823529;0;0;4,8;0;1,372549;0;0;0;48,034557;3,7254902;0;23,630137;0;0,17045455;0,98039216;0;3,5185185;5,8064516;0;1;0;2,5862069;0;0
123;GHB-118;112,355;38,131;1982;0;0;1,4545455;0;4,4571429;0;4,1666667;0;0;0;0;0;0;1,6666667;0;0;0;0;1,8032787;0;0;0;0;0;2;0;0;0;0;0;69,978402;1,1764706;0;17,294521;0;0;0;0;0;2,0967742;0;0;0;1,8965517;0;0
124;GHB-119;112,356;38,132;1983;0;0;0;0;4,2857143;0;3,3333333;0;0;0;0;0;0;0,37037037;0;0;0;0;1,9672131;0;1,2962963;0;0;0;0;0;0;0;0;0;74,643629;0;0;14,554795;0;0;0;0;0;0;0;0;0;0;0;0
125;GHB-120;112,357;38,133;1984;0;0;1,2727273;0;8,0571429;3,110751785;2,6666667;0;0,51724138;0;0,8;0;0;0;0;0;1,147541;0;2,295082;;1,2962963;0,78431373;0;0;1,6;0;1,1764706;0;0;0;55,11879;1,5686275;0;17,294521;0;0,17045455;1,372549;0;1,1111111;1,1290323;0;0;0;1,3793103;0;0
126;GHB-121;112,358;38,134;1985;0;0;0;0;13,371429;0;2,6666667;0;1,7241379;0;0;0;0;0;0;0;0;0;2,4590164;0;0;0;0;0;0;0;0;0;0,37735849;0;37,4946;1,5686275;0;27,739726;0;0;0;0;0;0;0;0;0;0;0;0
127;GHB-122;112,359;38,135;1986;0;0;0,54545455;0;19,542857;2,024371844;3,6666667;0;1,3793103;0;0;0;0;0,37037037;0;1,0909091;0,6557377;0;3,2786885;0;0;0;0;0;0;0;0;0;1,6981132;0;3,6285097;0;0;43,835616;0,19607843;0;0,58823529;1,7647059;0;0,32258065;0;0;0;0;0;0
128;GHB-123;112,36;38,136;1987;0;0;2,7272727;0;18,342857;3,691038504;4;0;0,17241379;0;0,8;0;0;2,037037;0;1,4545455;5,9016393;0;3,6065574;0;1,4814815;0;0;0;1,4;0;0;0;2,0754717;0;4,4924406;0;0;44,006849;3,3333333;0,17045455;0,58823529;3,7254902;0;5,1612903;0;0;0;3,2758621;0;0
129;GHB-124;112,361;38,137;1988;0;0;2,5454545;0;17,142857;2,7777778;4;0;0;0;0;0;0;1,6666667;0;0;3,6065574;0;3,6065574;0;0;0;0;0;0;0;0;0;2,6415094;0;5,3563715;0;0;43,835616;1,7647059;0;0;2,3529412;0;4,8387097;0;0;0;3,1034483;0;0
130;GHB-125;112,362;38,138;1989;0;0;2,5454545;0;16,114286;2,5925926;4,1666667;0;0;0;0;0;0;1,2962963;0;0;2,1311475;0;3,442623;0;0;0;0;0;0;0;0;0;3,0188679;0;6,5658747;0;0;44,006849;1,1764706;0;0;0,98039216;0;4,6774194;0;0;0;2,7586207;0;0
131;GHB-126;112,363;38,139;1990;0;0;2,5454545;0;14,571429;2,913500388;4,5;0;0;0;0;0;0;0;0;0;0,49180328;0;3,442623;0;0;0;0;0;0;0;0;0;3,9622642;0;7,775378;0;0;44,178082;0;0;0;0;0;4,516129;0;0;0;2,2413793;0;0
132;GHB-127;112,364;38,14;1991;0;0;2,3636364;0;13,714286;3,876223704;4,5;0;0;0;0;0;0;0;0;0;0;0;3,1147541;0;0;0;0;0;0,2;0;0;0;4,5283019;0;8,812095;0;0;44,178082;0;0;0;0;0,55555556;3,8709677;0;0;0;2,2413793;0;0
133;GHB-128;112,365;38,141;1992;0;0;2,3636364;0;12,685714;5,345040131;4,5;0;0;0;0;0;0;0,37037037;0;0;0;0,34482759;2,9508197;0;0;0;0;0;2,4;0;0;0;4,9056604;1,1538462;10,021598;0;0;44,178082;0;0;1,372549;0;1,8518519;3,3870968;0;0;0;2,4137931;0;0
134;GHB-1+9;112,366;38,142;1993;0;0;2,1818182;0;12,342857;4,999400951;4,5;0;0,51724138;0;0,8;0;0;1,6666667;0;0;1,4754098;0,34482759;2,7868852;0;1,4814815;0,78431373;0;0;2,8;0;0,98039216;0,57692308;5,2830189;0;12,267819;1,5686275;0;42,636986;0;0;1,9607843;0,58823529;1,8518519;2,2580645;0,58823529;0;0;2,0689655;0;0
135;GHB-129;112,367;38,143;1994;0;0;2,3636364;0;12,342857;3,740501165;4,3333333;0;0,34482759;0;0;0;0;0,55555556;0;0;0;0;2,7868852;0;0;0;0;0;1,4;0;0;0;0,75471698;0;14,686825;0;0;41,267123;0;0;0,58823529;0;0,55555556;2,7419355;0;0;0;0,34482759;0;0
136;GHB-130;112,368;38,144;1995;0;0,46875;2,3636364;1,1111111;12,342857;2,7777778;3,3333333;0;0;0;0;0;0;0;0;0;0;0;3,7704918;0;0;0;0;0;0;0;0;0;0,56603774;1,9230769;16,933045;0;0;40,924658;0;0;0;0;0;3,7096774;0;0;0;0;0;0
137;GHB-131;112,369;38,145;1996;0;0;2,3636364;0;14,228571;3,876223704;3,3333333;0;0;0,78431373;0,8;0;0;5,7407407;0;0;1,6393443;0;3,1147541;0;0;0;0,75471698;0;0;0;0;0;0,56603774;0;14,514039;1,5686275;0;41,609589;0,39215686;0;0,58823529;1,1764706;0;4,0322581;0;0;0;0;0;0
138;GHB-132;112,37;38,146;1997;0;0;2,3636364;0;15,771429;2,5925926;3,5;0;0;0;0;0;0;4,4444444;0;0;0;0;0,98360656;0;0;0;0;0;0;0;0;0;0;0;12,440605;0;0;42,123288;0;0;0;0;0;4,3548387;0;0;0;0;0;0
139;GHB-133;112,371;38,147;1998;0;0;3,8181818;0;18;6,172040883;3,5;0;0;0;0;0;0;2,5925926;0;0;0,6557377;0;0;0;0,92592593;0;0;0;0;0;0,58823529;0;0;0;11,231102;0;0;42,123288;0;0,51136364;0,78431373;0;0;4,3548387;0;0;0;0,17241379;0;0
140;GHB-134;112,372;38,148;1999;0;0;4,9090909;0;18;6,88805024;3,5;0;0;3,5294118;0;0;0;2,037037;0;0;2,9508197;0;1,147541;0;1,1111111;0;0;0;0;0;2,5490196;0;0;0;11,231102;1,9607843;0;37,842466;0;0,68181818;0,98039216;0;0;4,3548387;0,78431373;0,8;0;2,9310345;0;0
141;GHB-135;112,373;38,149;2000;0;0;4,3636364;0;18;6,838587678;3,5;0;0;2,9411765;0;0;0;1,8518519;0;0;0,6557377;0;0;0;0;0;0;0;0;0;0,78431373;0;0;0,96153846;15,37797;0;0;34,589041;0;0;0;0;0;4,3548387;0;0;0;3,1034483;0;0
142;GHB-136;112,374;38,15;2001;0;0;3,6363636;0;17,657143;6,283032178;3,5;0;0;2,745098;0;0;0;1,8518519;0;0;0;0,68965517;0;0;0;0;0;0;0;0;0;0;0;5;17,969762;0;0;34,589041;0;0;0;0;0;4,3548387;0;0;0;2,9310345;0;0
143;GHB-137;112,375;38,151;2002;0;0;3,2727273;0;15,6;6,283032178;3,8333333;0;2,7586207;2,745098;0,8;0;0;1,8518519;0;0;0,98360656;0;1,6393443;1;1,4814815;0;0;0;1;0;0;0;0;2,1153846;14,168467;1,5686275;0;40,410959;0;0;0,78431373;0;1,6666667;4,1935484;0;1;0;2,4137931;0;0
144;GHB-138;112,376;38,152;2003;0;0;3,4545455;0;12,685714;6,653402578;3,8333333;0;5,862069;2,3529412;0;0;0;2,4074074;0;0;0;0;1,9672131;0;0;0;0;0;0;0;0;0;0;0;11,058315;0;0;48,287671;0;0;0;0;0;4,1935484;0;0;0;1,0344828;0;0
145;GHB-139;112,377;38,153;2004;0;0;3,8181818;0;11,142857;8,134883978;3,8333333;0;2,5862069;2,3529412;0;0,6;0;2,7777778;0;0;0;0;1,8032787;0;0;0;0;0;0;0;0;0;0;1,5384615;10,194384;0;0;48,80137;0;0,17045455;0;0;0;4,0322581;0;0;0;0;0;0,36363636
146;GHB-140;112,378;38,154;2005;0;0;3,8181818;0;13,714286;9,29545764;3,3333333;0;0;2,1568627;0;0,8;0;3,1481481;0;0;1,147541;0;1,8032787;0;0;0;1,1320755;0;0;0;0;0;1,1320755;0;10,539957;1,7647059;0;45,890411;0;0,17045455;1,5686275;1,1764706;0;3,7096774;0;1;0;1,0344828;0;0,54545455
147;GHB-141;112,379;38,155;2006;0;0;3,8181818;0;16,285714;7,542530988;1,3333333;0;0;1,5686275;0;0;0;3,8888889;0;0;0;0;2,1311475;0;0;0;0;0;0;0;0;0;0;0,57692308;12,095032;0;0;38,869863;0;0;0;0;0;3,0645161;0;0;0;0;0;0
148;GHB-142;112,38;38,156;2007;0;0,15625;3,8181818;0,92592593;16,628571;6,135243394;0;0;0;0,39215686;0,4;0;0,6;4,6296296;0,86206897;0;0,6557377;0,51724138;2,7868852;0;0;0;0;0,34582133;0;0;0,98039216;0;0,75471698;1,7307692;14,341253;0;0;35,787671;0;0,91119529;0;0;0;2,5806452;0;0,8;1,4285714;1,5517241;0;0
149;GHB-143;112,381;38,157;2008;0;0;3,8181818;0,74074074;13,714286;7,184226735;0;0;2,4137931;0;0,4;0;0;3,8888889;0;0;4,2622951;0,34482759;2,6229508;;1,1111111;0;0;0;0;0;0,98039216;0;2,0754717;3,8461538;15,032397;2,9411765;0;37,842466;0;0,34090909;0,78431373;0;0;1,9354839;0;0,6;0;1,7241379;0;0
150;GHB-144;112,382;38,158;2009;0;0,46875;3,2727273;0,37037037;13,714286;9,010748367;2,5;0;5,862069;0;0,4;0,4;0,6;3,1481481;0,86206897;0;2,295082;0;1,9672131;0;0;0;0,56603774;0;0,6;0;0;0,38461538;2,0754717;2,8846154;15,205184;2,9411765;0;39,041096;0;0,17045455;0;0;0,18518519;0;0,58823529;0;0;1,2068966;0;0
151;GHB-145;112,383;38,159;2010;0;0;2,3636364;0;16,114286;7,998562415;2,1666667;0;2,9310345;0;0;0;0;2,962963;0;0;2,1311475;0,34482759;1,6393443;0;0;0;0;0;1,4;0;0,78431373;0;1,8867925;1,5384615;15,37797;2,9411765;0;39,726027;0;0,17045455;0;0;1,6666667;0,96774194;0;0,6;0;1,8965517;0;0
152;GHB-146;112,384;38,16;2011;0;0;2,5454545;0;18,171429;5,764274068;0;0;2,0689655;0;0;0;0;2,962963;0;0;1,9672131;0;1,6393443;0;0;0;0;0;0;0;0;0;0,37735849;0;15,032397;2,9411765;0;40,410959;0;0;0;0;0;0;0;0;0;0;0;0
153;GHB-1+10;112,385;38,161;2012;0;0;2,5454545;0;22,114286;3,36953174;0;0,86206897;0,34482759;0;0;0;0;2,962963;0;0;2,1311475;0;1,6393443;0;0;0;0;0;0;0;0;0;0;0;15,032397;2,9411765;0;40,753425;0;0;0;0;0;0;0;0;0;0;0;0
154;GHB-147;112,386;38,162;2013;0,50847458;0,3125;2,5454545;0;23,828571;4,715290726;1,6666667;1,5517241;0;0;0;0;0;3,1481481;0;1,4545455;2,1311475;0;1,6393443;0;0;0;0;0;0;0;0,78431373;0;0,18867925;1,5384615;15,032397;2,9411765;0;41,09589;0;0,34090909;0,39215686;0;0;1,6129032;0;0;0;0;0;0
155;GHB-148;112,387;38,163;2014;0;0;2,5454545;0;20,4;4,394382888;1,6666667;0;0;1,1764706;0,6;0;0;3,1481481;0;1,2727273;2,1311475;0;1,6393443;0;0;0;0;0;0;0;0,78431373;0;0,75471698;0;15,205184;2,9411765;0;38,184932;0;0,51136364;0,39215686;0,98039216;1,1111111;3,0645161;0,58823529;1,2;0;1,5517241;0;0
156;GHB-149;112,388;38,164;2015;0;0;2;0;16,114286;3,36953174;0;0;0;0;0;0;0;3,1481481;0;0;2,4590164;0;5,2459016;0;0;0;0;0;0;0;0;0;0;0;15,550756;2,1568627;0;35,445205;0;0;0;0;0;3,0645161;0;0;0;0;0;0
157;GHB-150;112,389;38,165;2016;0;0;0;0;13,542857;3,36953174;0;1,5517241;0;0;0;0;0;3,1481481;0;0;2,6229508;0;8,0327869;0;0;0;0;0;0;0;0;0;0,37735849;1,9230769;16,241901;0;0;35,273973;0;0;0;0;0;3,0645161;0;0;0;0,17241379;1,1864407;0
158;GHB-151;112,39;38,166;2017;0;0;0;0;15,942857;4,554836746;1,3333333;0;2,5862069;1,372549;0,8;0,6;0;3,1481481;0;0;2,9508197;0;10,983607;;0;0;0;0;0;0;0,98039216;0;0,37735849;0;0;1,5686275;0;38,527397;0;0,17045455;0,78431373;0;1,6666667;3,3870968;0;0,8;0;2,4137931;0;0
159;GHB-152;112,391;38,167;2018;0;0;0;0,55555556;19,714286;0;0;0;3,7931034;0;0;0;0;3,5185185;0;0;3,6065574;0;9,1803279;0;0;0;0;0;0;0;0;0;0;0;0;0;0;40,582192;0;0;0;0;0;3,3870968;0;0;0;2,2413793;0;0
160;GHB-153;112,392;38,168;2019;0;0,46875;0,54545455;0,37037037;23,657143;1,444085085;0;0;0,51724138;0;0;0;0;4,2592593;0;0;3,7704918;0,34482759;7,3770492;0;0;0;0;0;0;0;0;0;0;0;0,34557235;1,1764706;0;43,493151;0;0;0;0;0,37037037;3,3870968;0;0;0;2,2413793;0;0
161;GHB-154;112,393;38,169;2020;0;0;3,4545455;0;27,085714;1,6666667;1,3333333;0;0;0,98039216;0;0,8;0;4,2592593;0;0;3,9344262;0,34482759;5,7377049;0;1,4814815;0;0;0;0;0;0,98039216;0;0;0;0;2,9411765;0;41,438356;0;0;0,58823529;2,1568627;4,4444444;3,0645161;0;0;0;2,2413793;0;0
162;GHB-155;112,394;38,17;2021;0;0;3,8181818;0;30,171429;0;0;0;0;0;0;0;0;1,1111111;0;0;4,5901639;0;1,6393443;0;0;0;0;0;0;0;0;0;0;0;0;2,9411765;0;40,410959;0;0;0;0;3,5185185;0;0;0;0;2,2413793;0;0
163;GHB-156;112,395;38,171;2022;0;0,78125;3,6363636;0;33,085714;1,123177259;0;0;0;0;0;0;0;0;0;0;5,5737705;0;0;0;0;0;0;0;0;0;0;0;0,18867925;1,3461538;5,3563715;2,745098;0;38,869863;0;0;0;0;2,5925926;0;0,19607843;0;0;2,0689655;0;0
164;GHB-157;112,396;38,172;2023;0;0;3,2727273;0;35,828571;3,542650794;1,5;0;0,17241379;0,98039216;0;0;0;0,92592593;0;0;5,7377049;0;0;0;1,4814815;0;0,75471698;0;0;0;1,372549;0;0,18867925;0;11,576674;2,745098;0;28,253425;0;0,34090909;0;0;1,2962963;0,96774194;0,19607843;0;0;2,0689655;0;0
165;GHB-158;112,397;38,173;2024;0;0;3,0909091;0;38,914286;0;0;0;0,17241379;0;0;0;0;0;0;0;5,7377049;0;0;0;0;0;0;0;0;0;0;0;0;0;13,477322;0,98039216;0;19,349315;0;0;0;0;0;0;0;0;0;2,4137931;0;0
166;GHB-159;112,398;38,174;2025;0;0,3125;2,3636364;0;38,914286;3,505853304;0;0;0;0;0;0;0;0;0;0;5,7377049;0;0,81967213;0;0;0;0;0;0;0;0;0;0,94339623;0;15,896328;0;0;19,349315;0;0,17045455;0;0;0;0;0;0;0;2,9310345;0;0
167;GHB-160;112,399;38,175;2026;0;0;2,3636364;0;24,685714;4,802149604;1,5;0;0;0,98039216;0;0;0;1,1111111;0;0;5,5737705;0;3,7704918;0;2,037037;0;0;0;0;0;1,9607843;0;0,94339623;0;15,37797;1,7647059;0;23,458904;0;0,34090909;1,7647059;0,78431373;1,1111111;1,1290323;0;0;0;2,9310345;0;0
168;GHB-161;112,4;38,176;2027;0;0;2,7272727;1,6666667;11,485714;3,814694982;0;0;0,17241379;0;0;0;0;0;0;0;0,98360656;0;2,9508197;0;0;0;0;0;0;0;0;0;0;0,96153846;14,514039;0;0;33,732877;0;0;0;0;0;0;0;0;0;0,51724138;0;0
169;GHB-162;112,401;38,177;2028;0;0,46875;4,1818182;1,1111111;11,314286;6,14730954;1,3333333;0;0;0;0;0,2;0,2;0,37037037;0;0;0;0;1,8032787;0;0;0;0;0;0;0;0;0;0,56603774;4,8076923;13,477322;0;0;37,671233;0,19607843;1,1931818;0;0;0;0;0;0;0;0;0;0
170;GHB-163;112,402;38,178;2029;0;0;5,6363636;0;11,485714;8,048024977;5,5;0;0,51724138;0,98039216;0;2,2;0;3,3333333;0;0;0,81967213;0;1,6393443;0;0;0;0;0;1,6;0;0;0;0,56603774;1,3461538;12,440605;0;0;33,732877;2,5490196;0,51136364;0;0,98039216;1,1111111;0;0;0;0;1,5517241;0;0
171;GHB-164;112,403;38,179;2030;0;0;2,5454545;0;27,257143;4,727955799;2,1666667;0;3,4482759;0;0;0,6;0;2,962963;0;0;0;0;1,6393443;0;0;0;0;0;0,6;0;0;0;0;0;11,74946;0;0;27,226027;0,78431373;0;0;0;0;0;0;0;0;0;0;0
172;GHB-1+11;112,404;38,18;2031;0;0;1,0909091;0;39,942857;4,4444444;1,5;0;1,2068966;0;0;0,2;0;2,4074074;0;0;0;0;1,6393443;0;0,37037037;0;0;0;0;0;0;0;0,75471698;0;11,576674;0;0;25,684932;0;0;0;0;0;1,4516129;0;0;0;1,2068966;0;0
173;GHB-165;112,405;38,181;2032;0;0;1,4545455;0;40,628571;4,4444444;1,5;0;0;0;0;0;0;2,037037;0;0;4,2622951;0;1,6393443;0;3,7037037;0;0;0;0;0;1,5686275;0;1,6981132;0;11,74946;1,372549;0;24,657534;0,39215686;0,51136364;0;0,58823529;0;3,0645161;0;0;0;1,2068966;0;0
174;GHB-166;112,406;38,182;2033;0;0;0,36363636;0;40,971429;4,2592593;0;0;0;0;0;0;0;1,4814815;0;0;4,2622951;0;1,6393443;0;1,8518519;0;0;0;0;0;2,1568627;0;0,37735849;0;12,613391;0;0;22,945205;0,39215686;0;0;0;0;2,9032258;0;0;0;0;0;0
175;GHB-167;112,407;38,183;2034;0;0;0;0;41,314286;3,7037037;0;0;0;0;0;0;0;0,92592593;0;0;4,2622951;0;1,6393443;0;1,1111111;0;0;0;0;0;3,1372549;0;0;0;13,131749;0;0;21,746575;0;0;0;0;0;2,7419355;0;0;0;0;0;0
176;GHB-168;112,408;38,184;2035;0;0;0;0;41,657143;3,7037037;0;0;0;0;0;0;0;0;0;0;4,4262295;0;1,8032787;0;0;0;0;0;0;0;4,1176471;0;0;0;13,822894;0;0;20,890411;0;0;0;0;0;2,7419355;0;0;0;0;0;0
177;GHB-169;112,409;38,185;2036;0;0;0;0;42;3,3333333;0;0;0;0;0;0;0;0;0;0;4,4262295;0;1,8032787;0;0;0;0;0;0;0;4,7058824;0;0;0;13,99568;0;0;20,205479;0;0;0;0;0;2,7419355;0;0;0;0,51724138;0;0
178;GHB-170;112,41;38,186;2037;0;0;0;0;42,342857;3,3333333;0,66666667;0;0;0;0;0;0;0;0;0;4,2622951;0;1,9672131;0;0;0;0;0;0;0;5,4901961;0;0;0;14,168467;1,372549;0;18,493151;0;0;0;0;0;2,7419355;0;0;0;1,5517241;0;0
179;GHB-171;112,411;38,187;2038;0;0;0;0;42,514286;2,962963;1,6666667;0;0;0;0;0;0;0;0,51724138;0;4,2622951;0;1,6393443;0;0;0;0;0;0;0;6,6666667;0;0;0;15,032397;2,3529412;0;17,979452;0;0;0;0;0;2,4193548;0;0;0;2,7586207;0;0
180;GHB-172;112,412;38,188;2039;0;0;0;0;41,828571;4,382316742;2,6666667;0;0;0,58823529;0;0;0;0,55555556;0,34482759;0;4,2622951;0;1,6393443;0;1,4814815;0;0;0;0;0;7,0588235;0;0,37735849;0;18,315335;3,1372549;0;16,438356;0;0;0;0;0,74074074;2,4193548;0;0;0;4,137931;0;0
181;GHB-173;112,413;38,189;2040;0;0;0;0;34,971429;2,4074074;2,3333333;0;0;0,58823529;0;0;0;0,55555556;0;0;4,0983607;0;2,1311475;0;0;0;0;0;0;0;5,6862745;0;0;0;22,634989;3,7254902;0;15,068493;0;0;0;0;0;1,4516129;0;0;0;2,4137931;0;0
182;GHB-174;112,414;38,19;2041;0;0,3125;0;0;34,457143;2,999760365;0;0;0;0;0;0;0;0;2,0689655;0;3,7704918;0;2,6229508;0;0,18518519;0;0;0;0;0;3,5294118;0;0;0,57692308;34,902808;0;0;14,212329;0;0;0;0;0;0;0;0;0;0,17241379;0;0
183;GHB-175;112,415;38,191;2042;0;0;0;0;34,457143;2,629390065;0;0;0;0,78431373;0;0;0;4,4444444;1,8965517;0;2,9508197;0;4,4262295;0;1,6666667;0;0;0;0;0;1,5686275;0;0;0,76923077;26,436285;1,1764706;0;14,383562;0;0;0;0;0;0;0;0;0;0;0;0
184;GHB-176;112,416;38,192;2043;0;0,78125;0;0,74074074;40,285714;4,160334077;0,66666667;0;0,34482759;0,39215686;0;0;0,2;4,0740741;0;0;0;0,17241379;5,7377049;0;2,962963;0;0;0;0;0;1,9607843;0;0,37735849;0;21,079914;0;0;15,924658;0;0;0,19607843;0;0;1,1290323;0;0;1,2244898;0;0;0
185;GHB-177;112,417;38,193;2044;0;0;0;0;40,971429;4,061408904;0;0;0;0;0;0;0;3,1481481;0;0;0;0,17241379;6,557377;0;3,7037037;0;0;0;0;0;1,9607843;0;0,37735849;0;19,524838;1,372549;0;16,952055;0,39215686;0,85227273;0,39215686;0,78431373;0;0;0;0,8;0;3,1034483;0;0
186;GHB-178;112,418;38,194;2045;0;0;0;0;38,742857;0,37037037;0;0;0;0;0;0;0;2,962963;0;0;0,32786885;0;1,4754098;0;0,74074074;0;0;0;0;0;0;0;0;0;19,352052;0;0;18,835616;0,39215686;0;0;0;0;0;0;0;0;2,9310345;0;0
187;GHB-179;112,419;38,195;2046;0;0;0;1,1111111;37,371429;1,604538942;0;0;0;0;0;0;0;2,962963;1,8965517;0;4,0983607;0;0;0;0;0;0;0;0;0;0;0;0;0;19,352052;0;0;19,520548;0;0;0;0;0;0;0;0;0;2,5862069;0;0
188;GHB-180;112,42;38,196;2047;0;0;0;0;37,885714;1,604538942;0;0;0;0,78431373;0;0;0;2,962963;0;0;7,8688525;0;0;0;1,1111111;0;0;0;0;0;0,98039216;0,57692308;0;0;14,341253;1,7647059;0;16,952055;0;0;1,372549;0;0;0;0;0;0;1,8965517;0;0
189;GHB-181;112,421;38,197;2048;0;0;0;0;44,914286;0;0;0;0;0;0;0;0;3,5185185;0;0;7,3770492;0;0;0;0;0;0;0;0;0;0;0;0;0;8,9848812;0;0;13,527397;0;0;0;0;0;0;0;0;0;0,17241379;0;0
190;GHB-182;112,422;38,198;2049;0;0;0;0;53,828571;1,1111111;1;0;0;0;0;0;0;4,4444444;0;0;7,0491803;0;0,6557377;0;0,74074074;0;0;0;0;0;0;0;0;0;7,4298056;0;0;11,815068;0;0;0;0,58823529;0,55555556;0;0;0;0;0;0;0
191;GHB-1+12;112,423;38,199;2050;0;0;1,2727273;0;60,342857;2,962963;1,1666667;0;0;0;0;0;0;4,2592593;0;0;6,3934426;0;2,295082;0;2,5925926;0;0;0;0;0;0;0;0,18867925;0;9,1576674;1,5686275;0;12,671233;2,5490196;0;1,372549;0,19607843;0,18518519;2,0967742;0;1;0;1,3793103;0;0
192;GHB-183;112,424;38,2;2051;0;0;0;0;57,085714;2,7777778;0;0;0;0;0;0;0;4,2592593;0;0;5,2459016;0;2,295082;0;2,037037;0;0;0;0;0;0;0;0;0;12,095032;0;0;13,527397;1,7647059;0;0;0;0;1,9354839;0;0;0;0;0;0
193;GHB-184;112,425;38,201;2052;0;0;0;0;53,828571;2,7777778;0;0;0;0;0;0;0;4,2592593;0;0;4,0983607;0;2,295082;0;1,4814815;0;0;0;0;0;0;0;0;0;15,032397;0;0;14,212329;1,5686275;0;0;0;0;1,7741935;0;0;0;0;0;0
194;GHB-185;112,426;38,202;2053;0;0;0;0;49,2;2,962963;0;0;0;0;0;0;0;4,0740741;0;0;2,7868852;0;2,295082;0;1,2962963;0;0;0;0;0;0;0;0;0;17,451404;0;0;14,726027;1,5686275;0;0;0;0;1,4516129;0;0;0;0;0;0
195;GHB-186;112,427;38,203;2054;0;0;0;0;46,628571;2,962963;0;0;0;0;0;0;0;3,5185185;0;0;2,295082;0;2,4590164;0;1,1111111;0;0;0;0;0;0;0;0;0;20,734341;0;0;15,753425;1,372549;0;0;0;0;1,2903226;0;0;0;0;0;0
196;GHB-187;112,428;38,204;2055;0;0;0;0;42,685714;2,962963;0;0;0;0;0;0;0;3,5185185;0;0;1,4754098;0;2,7868852;0;0,37037037;0;0;0;0;0;0;0;0;0;23,671706;0;0;16,267123;0,98039216;0;0;0;0;1,1290323;0;0;0;0;0;0
197;GHB-188;112,429;38,205;2056;0;0;0;0;38,742857;2,962963;0;0;0;0;0;0;0;3,5185185;0;0;0,81967213;0;2,9508197;0;0;0;0;0;0;0;0;0;0;0;26,781857;0;0;16,952055;0,78431373;0;0;0;0;0;0;0;0;0;0;0
198;GHB-189;112,43;38,206;2057;0;0;0;0;35,657143;2,7777778;0;0;0;0;0;0;0;3,3333333;0;0;0;0;3,1147541;0;0;0;0;0;0;0;0;0;0;0;29,892009;0;0;17,636986;0,39215686;0;0;0;0;0;0;0;0;0;0;0
199;GHB-190;112,431;38,207;2058;0;0;0;0;32,571429;3,1481481;0;0;0;0;0;0;0;3,3333333;0;0;0;0;3,6065574;0;0;0;0;0;0;0;0;0;0;0;32,829374;0,98039216;0;18,321918;0;0;0;0;0;0;0;0;0;0;0;0
200;GHB-191;112,432;38,208;2059;0;0;0;0;29,657143;3,1481481;0;0;0;0;0;0;0;3,1481481;0;1,0909091;0;0;3,7704918;0;0;0;0;0;0;0;0,58823529;0;0;0;35,593952;0,98039216;0;19,178082;0;0;0;0;0;0;0;0;0;0,68965517;0;0
201;GHB-192;112,433;38,209;2060;0;0;0;0;27,257143;3,1481481;0;0;0;0;0;0;0;3,1481481;0;1,4545455;0;0;3,9344262;0;0;0;0;0;0;0;1,372549;0;0;0;37,840173;1,5686275;0;19,863014;0;0;0;0;0;0;0;0;0;1,2068966;0;0
202;GHB-193;112,434;38,21;2061;0;0;0;0;23,485714;3,1481481;0;0;0;0;0;0;0;3,1481481;0;1,8181818;0;0;4,4262295;0;0;0;0;0;0;0;2,3529412;0;0;0;40,777538;2,1568627;0;20,376712;0;0;0;0;0;0;0;0;0;1,3793103;0;0
203;GHB-194;112,435;38,211;2062;0;0;0;0;20,4;3,3333333;0;0;0;0;0;0;0;2,7777778;0;2,1818182;0;0;4,7540984;0;0;0;0;0;0;0;2,3529412;0;0;0;43,542117;2,745098;0;21,061644;0;0;0;0;0;0;0;0;0;1,7241379;0;0
204;GHB-195;112,436;38,212;2063;0;0;0;0;16,971429;3,5185185;0;0;0;0;0;0;0;2,5925926;0;2,5454545;0;0;4,7540984;0;0;0;0;0;0;0;2,9411765;0;0;0;47,688985;3,7254902;0;21,917808;0;0;0;0;0;0;0;0;0;2,0689655;0;0
205;GHB-196;112,437;38,213;2064;0;0;0;0;12,514286;3,5185185;1,1666667;0;0;0;0;0;0;2,5925926;0;3,2727273;0;0;4,9180328;0;0,92592593;0;0;0;0;0;3,5294118;0;0,37735849;0;49,071274;5,0980392;0;23,630137;0;0;0;0;0;0;0;0;0;2,0689655;0;0
206;GHB-197;112,438;38,214;2065;0;0;0;0;13,2;3,5185185;1,5;0;0;0;0;0;0;2,4074074;0;2,7272727;0;0;4,7540984;0;0,74074074;0;0;0;0;0;4,3137255;0;0,37735849;0;39,222462;4,9019608;0;26,027397;0;0;0;0,78431373;0;0;0;0;0;2,2413793;0;0
207;GHB-198;112,439;38,215;2066;0;0;0;0;15,942857;3,5185185;0;0;0;0;0;0;0;1,1111111;0;1,8181818;0;0;4,5901639;0;0;0;0;0;0;0;3,7254902;0;0;0;31,101512;4,5098039;0;28,424658;0;0;0;0;0;0;0;0;0;2,4137931;0;0
208;GHB-199;112,44;38,216;2067;0;0;0;0;18,514286;2,962963;0;0;0;0;0;0;0;0;0;1,0909091;0;0;3,6065574;0;0;0;0;0;0;0;2,9411765;0;0;0;25,226782;3,7254902;0;31,506849;0;0;0;0;0;0,32258065;0;0;0;2,7586207;0;0
209;GHB-200;112,441;38,217;2068;0;0;0,54545455;0;21,942857;2,7777778;0,83333333;0;0;0;0;0;0;0;0;0;1,8032787;0;2,9508197;0;0;0;0;0;0;0;2,3529412;0;0,75471698;0,96153846;11,922246;3,1372549;0;34,931507;0;0;0;0;0;1,7741935;0;0;0;2,7586207;0;0
210;GHB-1+13;112,442;38,218;2069;0;0;1,6363636;0;24,514286;2,7777778;2,8333333;0;0;0,78431373;0;0,6;0;0,37037037;0;0;2,9508197;0;2,9508197;0;0,92592593;0;0;0;0,2;0;1,5686275;0,57692308;1,509434;0,96153846;10,021598;2,745098;0;32,020548;0;0;1,9607843;0;0,74074074;4,3548387;0;2;0;2,9310345;0;0
211;GHB-201;112,443;38,219;2070;0;0;2,5454545;0;28,8;2,7777778;2,8333333;0;0,68965517;0,39215686;0;0,4;0;0,18518519;0;0;3,9344262;0;2,9508197;0;0;0;0;0;1,2;0;0,39215686;0;0,75471698;0;9,8488121;2,3529412;0;29,623288;0;0;0;0;0;5,483871;0;1,2;0;3,1034483;0;0
212;GHB-202;112,444;38,22;2071;0;0;2,5454545;0;33,257143;2,7777778;2,8333333;0;0;0;0;0;0;0;0;0;4,2622951;0;3,2786885;0;0;0;0;0;0;0;0;0;0;0;8,6393089;1,1764706;0;27,226027;0;0;0;0;0;3,8709677;0;0;0;3,2758621;0;0
213;GHB-203;112,445;38,221;2072;0;0;2,5454545;0;36,685714;2,7777778;2,8333333;0;0;0;0;0;0;0;1,0344828;0;4,4262295;0;3,442623;0;0;0;0;0;0;0;0;0;0;0;7,9481641;0;0;24,486301;0;0;0;0;0,37037037;2,9032258;0;0;0;2,7586207;0;0
214;GHB-204;112,446;38,222;2073;0;0,46875;2,5454545;0;42,685714;4,036677685;2,3333333;0;0;0;0;0;0;0;1,2068966;0;4,5901639;0;3,6065574;0;1,4814815;0;0;0;0;0;0,98039216;0;0,18867925;0;8,1209503;0;0;22,089041;0;0;0,58823529;0;1,4814815;2,0967742;0;0;0;2,5862069;0;0
215;GHB-205;112,447;38,223;2074;0;0;2,1818182;0;43,542857;3,7037037;2,1666667;0;0;0;0;0;0;0,74074074;0,68965517;0;5,5737705;0;3,2786885;;1,1111111;0;0;0;0;0;0;0;0,18867925;0;19,524838;1,372549;0;21,917808;0;0;0,78431373;0;0,92592593;1,4516129;0;0,8;0;2,4137931;0;0
216;GHB-206;112,448;38,224;2075;0;0;0,90909091;0;30,857143;5,7407407;1,3333333;0;0,34482759;0;0;0;0;1,1111111;1,0344828;0;7,0491803;0;2,9508197;0;0,74074074;0;0;0;0;0;0,98039216;0;0;0;20,561555;0,98039216;0;22,260274;0;0;0,78431373;1,372549;0;1,4516129;0;0;0;3,9655172;0;0
217;GHB-207;112,449;38,225;2076;0;0,15625;1,0909091;0,37037037;30,514286;4,431779204;1,6666667;0;0;0;0;0;0,6;2,7777778;0;0;5,9016393;0;4,4262295;0;0;0;0;0;0;0;2,1568627;0;0,18867925;0;20,734341;1,372549;0;22,260274;0;0;0,98039216;0,58823529;0;0;0;0;0;3,9655172;0;0
218;GHB-208;112,45;38,226;2077;0;0,46875;2;0;30,685714;0,55555556;0;0;0,34482759;0,78431373;1,2;0;0;1,1111111;0;1,2727273;5,0819672;0;6,0655738;0;0,92592593;0;0;0;0;0;0;0;0,18867925;0;13,477322;2,1568627;0;20,205479;0;0;0,78431373;0,19607843;1,8518519;0,96774194;0;0;0;4,137931;0;0
219;GHB-209;112,451;38,227;2078;0;0;2,5454545;0;39,942857;0;0;0;0,34482759;0;0;0;0;0,18518519;0;0;7,704918;0;4,4262295;0;0;0;0;0;0;0;0;0;0;0;8,9848812;3,3333333;0;18,835616;0;0;0,78431373;0;0;0;0;0;0;4,137931;0;0
220;GHB-210;112,452;38,228;2079;0;0;3,6363636;0;52,8;0,92592593;0;0;0;0;0;0;0;0;0;0;10;0;2,4590164;0;0,74074074;0;0;0;0;0;0;0;0,18867925;0;8,4665227;3,7254902;0;15,239726;0;0,17045455;0;0;0,92592593;0;0;0;0;4,137931;0;0
221;GHB-211;112,453;38,229;2080;0;0;2,9090909;0;52,8;0,92592593;1,5;0;0,51724138;0,98039216;0;0;0;0,74074074;0,86206897;0;11,147541;0;1,3114754;0;2,2222222;0;0;0;0;0;0,98039216;0;0,18867925;0;19,524838;3,5294118;0;13,527397;0;0,17045455;0;0;0,92592593;0,80645161;0;0;0;4,137931;0;0
222;GHB-212;112,454;38,23;2081;0;0;1,6363636;0;41,657143;1,2962963;0;0;0,34482759;0;0;0;0;0;0;0;9,1803279;0;0,98360656;0;4,2592593;0,98039216;0;0;0;0;0;0;0,18867925;0;19,697624;3,1372549;0;13,869863;0;0;0;0,19607843;0,92592593;0;0;0;0;3,9655172;0;0
223;GHB-213;112,455;38,231;2082;0;0;1,4545455;0;40,114286;1,2962963;0;0;2,4137931;0;0;0;0;0,92592593;1,5517241;0;8,1967213;0,51724138;1,3114754;0;4,6296296;0,98039216;0;0;0;0;1,9607843;0;0,18867925;0,96153846;18,833693;2,9411765;0;15,239726;0;0;0;0,19607843;0,92592593;0;0;0,4;0;3,1034483;0;0
224;GHB-214;112,456;38,232;2083;0;0;1,2727273;0;40,285714;0;0;0;2,2413793;0;0;0;0;0,74074074;0;0;7,3770492;0,17241379;1,6393443;0;3,5185185;0,58823529;0;0;0;0;2,1568627;0;0,18867925;0;16,587473;2,745098;0;17,294521;0;0;0;1,1764706;0,92592593;0,96774194;0;0,4;0;2,5862069;0;0
225;GHB-215;112,457;38,233;2084;0;0;1,0909091;0;41,828571;0;0;0;1,5517241;0;0;0;0;0,37037037;0;0;6,8852459;0;0;0;2,962963;0;0;0;0;0;2,1568627;0;0,18867925;0;13,822894;2,745098;0;19,006849;0;0;0;0;1,1111111;0;0;0;0;3,6206897;0;0
226;GHB-216;112,458;38,234;2085;0;0;0,18181818;0;44,4;1,1111111;1;0;0,51724138;0;0;0;0;0;0;0;6,8852459;0;0;0;2,4074074;0;0;0;0;0;1,9607843;0;0,18867925;0;8,1209503;2,745098;0;21,061644;0;0,34090909;0;0;0;0;0,19607843;0;0;4,6551724;0;0
227;GHB-217;112,459;38,235;2086;0;0;2,3636364;0;45,428571;0;1;0;0;0,78431373;0;0;0;1,8518519;0;0;6,8852459;0;0;0;2,037037;0;0;0;0;0;1,1764706;0;0,18867925;0;8,2937365;2,745098;0;20,034247;0;0,34090909;0;0,78431373;1,8518519;1,9354839;0,19607843;0,6;0;5,3448276;0;0
228;GHB-218;112,46;38,236;2087;0;0;2,7272727;0;45,771429;0;0;0;0;0;0;0;0;1,8518519;0;0;7,0491803;0;0;0;2,2222222;0;0;0;0;0;0,39215686;0;0;0;8,6393089;2,3529412;0;18,835616;0;0;0;0;1,2962963;1,2903226;0;0;0;5,1724138;0;0
229;GHB-1+14;112,461;38,237;2088;0;0;2,7272727;0;45,6;0,37037037;0;0;0;0;0;0;0;1,8518519;0;0;7,5409836;0;0;0;2,2222222;0;0;0;0;0;0;0;0;0;9,1576674;0,98039216;0;17,979452;0;0;0;0;0,55555556;0;0;0;0;5,1724138;0;0
230;GHB-219;112,462;38,238;2089;0;0;2,7272727;0;45,257143;1,6666667;1;0;0;0;0;0;0;1,8518519;0;0;8,0327869;0;0;0;2,4074074;0;0;0;0;0;0;0;0;0;9,8488121;0;0;17,465753;0;0;0;0;0;0;0;0;0;4,4827586;0;0
231;GHB-220;112,463;38,239;2090;0;0;2,7272727;0;45,257143;2,2222222;1,8333333;0;0;0;0;0;0;1,8518519;0;0;8,6885246;0;1,147541;0;2,2222222;0;0;0;0;0;0,78431373;0;0;0;9,8488121;0;0;17,294521;0;0;0;0;0;0;0;0;0;4,137931;0;0
232;GHB-221;112,464;38,24;2091;0;0;2,7272727;0,74074074;44,571429;3,3333333;2,6666667;0;0;0;0;0;0;1,8518519;1,0344828;0;9,1803279;0;2,4590164;0;2,037037;0;0;0;0;0;0,58823529;0;0,18867925;0;10,194384;0;0;17,294521;0;0;0;0;0,74074074;0;0,58823529;0,6;0;3,9655172;0;0
233;GHB-222;112,465;38,241;2092;0;0;2,7272727;0;44,057143;3,5185185;2,1666667;0;0;0;0;0;0;1,8518519;0;0;9,8360656;0;3,7704918;0;2,037037;0;0;0;0;0;0;0;0,18867925;0;10,539957;0;0;17,465753;0,78431373;0;0,98039216;0,78431373;0,74074074;0,96774194;0,58823529;0,6;0;3,9655172;0;0
234;GHB-223;112,466;38,242;2093;0;0;1,4545455;0;42,342857;2,4074074;0,83333333;0;0;0;0;0;0;1,8518519;0;0;10,163934;0;3,9344262;0;2,5925926;0;0;0;0;0;0,58823529;0;0;0;14,686825;0;0;19,006849;0;0;0;0;0;0;0;0;0;3,4482759;0;0
235;GHB-224;112,467;38,243;2094;0;0;0;0;40,285714;2,4074074;0;0;0;0;0;0;0;2,037037;0,86206897;0;10,163934;0;3,7704918;0;2,962963;0;0;0;0;0;1,9607843;0;0,18867925;0;14,341253;0;0;20,205479;0;0,17045455;0;0;0,55555556;0;0;0,8;0;3,4482759;0;0
236;GHB-225;112,468;38,244;2095;0;0;0;0;39,942857;2,4074074;0;0;0,68965517;0;0;0;0;2,037037;0;0;9,8360656;0;3,6065574;0;3,5185185;0;0;0;1,4;0;1,9607843;0;0,18867925;0;12,267819;1,372549;0;20,890411;0;0,17045455;0;0;0,55555556;0;0;0,6;0;2,9310345;0;0
237;GHB-226;112,469;38,245;2096;0;0;0;0;41,828571;2,4074074;0;0;0,51724138;0;0;0;0;1,1111111;0;0;9,0163934;0;3,2786885;0;1,6666667;0;0;0;0;0;2,1568627;0;0;0;10,539957;0;0;21,575342;0;0;0;0;0;0;0;0;0;2,7586207;0;0
238;GHB-227;112,47;38,246;2097;0;0;0;0;43,2;2,4074074;0;0;0;0;0;0;0;0,37037037;0;0;8,1967213;0;3,1147541;0;0;0;0;0;0;0;1,9607843;0;0;0;8,9848812;0;0;22,60274;0;0;0;0;0;0;0;0;0;2,4137931;0;0
239;GHB-228;112,471;38,247;2098;0;0;0;0;45,6;2,4074074;0;0;0;0;0;0;0;0;0;0;7,3770492;0;2,9508197;0;0;0;0;0;0;0;1,9607843;0;0,56603774;0;7,4298056;0;0;23,287671;0;0;0;0;0;0;0;0;0;2,2413793;0;0
240;GHB-229;112,472;38,248;2099;0;0;0,72727273;0;47,828571;2,4074074;0;0;0;0;0;0;0;0;0;0;6,7213115;0;2,7868852;0;0;0;0;0;0;0;1,9607843;0;0,94339623;0;6,5658747;0;0;24,486301;0;0;0;0;0;0,80645161;0;0;0;2,2413793;0;0
241;GHB-230;112,473;38,249;2100;0;0;2;0;50,057143;2,4074074;1,5;0;0;0;0;0;0;0,55555556;0;0;5,7377049;0;2,7868852;0;1,1111111;0;0;0;0;0;2,3529412;0;1,509434;0;6,7386609;0;0;25,171233;0;0;0;0;0,55555556;2,5806452;0;0;0;2,0689655;0;0
242;GHB-231;112,474;38,25;2101;0;0;2,5454545;0,74074074;50,4;2,4074074;1,1666667;0;0;1,1764706;1;0;0;0,55555556;1,2068966;0;6,2295082;0;2,1311475;0;0;0;1,1320755;0;0;0;4,1176471;0;2,0754717;0;35,24838;1,7647059;0;28,938356;0;0;0;0;1,2962963;4,1935484;0;0,4;0;1,7241379;0;0
243;GHB-232;112,475;38,251;2102;0;0;0,54545455;0;17,828571;1,8518519;1,1666667;0;0;0;0;0;0;0,55555556;0,68965517;1,2727273;7,3770492;0;2,1311475;0;0,55555556;0;0;0;0;1,1764706;0,58823529;0;0;0;31,447084;0;0;30,308219;0;0;0;0;0;0,64516129;0;0,4;0;2,5862069;0;0
244;GHB-233;112,476;38,252;2103;0;0;0;0;19,2;0,962723365;1,1666667;0;0;0;0;0;0;0,55555556;0,17241379;0;4,5901639;0;3,2786885;0;0;0;0;0;0;0;0,98039216;0;0,37735849;0;30,583153;1,1764706;0;28,767123;0;0,92592593;0;0;0,18518519;0;0;0,6;0;3,2758621;0;0
245;GHB-234;112,477;38,253;2104;0;0;1,4545455;0;21,771429;0,962723365;1,1666667;0;0,17241379;0;0;0;0;0;1,2068966;1,4545455;1,9672131;0;5,2459016;0;0,74074074;1,372549;0;0;0;0;0;0;0;0;35,075594;2,3529412;0;27,226027;0;0;0;0,78431373;2,5925926;2,0967742;0;0;0;2,2413793;0;0
246;GHB-235;112,478;38,254;2105;0;0;0;0;18,514286;0,74074074;1,1666667;0;0,17241379;0;0;0;0;0;0;0;0,32786885;0;3,9344262;0;0;0;0;0;0;0;0,78431373;0;0;0;41,987041;3,7254902;0;25;0;0;0;0;2,4074074;0;0;0;0;0;0;0
247;GHB-236;112,479;38,255;2106;0;0;0,72727273;0;15,6;1,863917999;2,3333333;0;0;0;0;0;0;0;1,2068966;0;0;0;3,7704918;0;0;0;0;0;0;0;2,9411765;0,57692308;0,94339623;0;46,99784;5,0980392;0;24,486301;0;1,08164983;0,39215686;0;2,4074074;0;0;0;0;0;0;0
248;GHB-1+15;112,48;38,256;2107;0;0;2,1818182;0;14,057143;0;2;0;0;0;0,8;0;0;0,37037037;0;1,2727273;0,81967213;0;3,7704918;0;1,1111111;0;0;0;0;0;2,745098;1,1538462;1,1320755;0;30,928726;5,0980392;0;24,657534;0;0,34090909;0,39215686;0,98039216;1,8518519;1,2903226;0;0;1,4285714;1,2068966;0;0
249;GHB-237;112,481;38,257;2108;0;0;1,0909091;0;22,114286;0,37037037;0;0;0,68965517;0;0;0;0;0;0;0;0;0;3,7704918;0;0;0;0;0;0;0;2,5490196;0;0;0;12,786177;3,3333333;0;26,027397;0;0;0;0;0,37037037;0;0;0;0;0;0;0
250;GHB-238;112,482;38,258;2109;0;0;0;0;28,971429;0,37037037;0;0;0;0;0;0;0;0,18518519;0;0;0,32786885;0;3,9344262;0;0;0;0;0;0;0;2,1568627;0;0;0;11,231102;2,745098;0;26,883562;0;0;0;0;0;0,80645161;0;0;0;0,34482759;0;0
251;GHB-239;112,483;38,259;2110;0;0;0,72727273;0;35,828571;0;0;0;0;1,1764706;0;0;0;2,2222222;0;0;6,2295082;0;3,9344262;0;1,1111111;0,98039216;0;0;0;0;2,1568627;0;0,37735849;0;10,885529;2,5490196;0;25,342466;0;0;0,58823529;0,98039216;1,1111111;3,0645161;0;0;0;1,8965517;0;0
252;GHB-240;112,484;38,26;2111;0;0;0;0;36,514286;0;0;0;0;0;0;0;0;1,4814815;0;0;6,3934426;0;3,9344262;0;0;0;0;0;0;0;2,3529412;0;0;0;11,058315;2,5490196;0;24,486301;0;0;0;0;0;2,4193548;0;0;0;2,2413793;0;0
253;GHB-241;112,485;38,261;2112;0;0;0;0;37,028571;0;0;0;0;0;0;0;0;0,55555556;0;0;6,2295082;0;3,9344262;0;0;0;0;0;0;0;2,1568627;0;0;0;10,885529;2,5490196;0;23,630137;0;0;0;0;0;1,7741935;0;0;0;2,5862069;0;0
254;GHB-242;112,486;38,262;2113;0;0;0;0;37,542857;0;0;0;0;0;0;0;0;0,18518519;0;0;6,2295082;0;3,9344262;0;0;0;0;0;0;0;2,3529412;0;0;0;10,021598;2,9411765;0;22,773973;0;0;0;0;0;0,96774194;0;0;0;2,5862069;0;0
255;GHB-243;112,487;38,263;2114;0;0;0;0;37,885714;0;0;0;0;0;0;0;0;0;0;0;5,7377049;0;3,9344262;0;0;0;0;0;0;0;2,3529412;0;0;0;9,8488121;2,9411765;0;21,917808;0;0;0;0;0;0,64516129;0;0;0;2,9310345;0;0
256;GHB-244;112,488;38,264;2115;0;0;0;0;38,228571;0,55555556;0;0;0;0;0;0;0;0;0;0;5,7377049;0;3,9344262;0;0;0;0;0;0;0;2,3529412;0;0;0;9,8488121;3,1372549;0;21,061644;0;0;0;0;0;0;0;0;0;2,9310345;0;0