"","Site","Long","Lat","A_CLDE","B_CLEG","C_CLMX","D_COEG","E_COMX","F_TEDE","G_WTEM","H_WTEG","I_TRSE","J_TREG","K_TRDE","L_TEXE","M_TEGR","N_DESE","O_CUSH","P_DRYT","Q_PROS","R_DWAR","S_SHRU","Best","Best.num"
"1","GHB-1+2",112.233,38.9,3.51562384222203,3.51562384222203,3.51562384222203,3.51562384222203,3.51562384222203,3.51562384222203,3.51562384222203,3.51562384222203,0,0,3.86375089776761,5.1163344279164,12.6547885193716,6.13880542125257,5.1163344279164,12.6547885193716,5.1163344279164,1.39964867020263,7.53845409145521,"M_TEGR",13
"2","GHB-3",112.234,38.1,3.33917774309784,3.33917774309784,3.33917774309784,3.33917774309784,3.33917774309784,3.33917774309784,3.33917774309784,3.33917774309784,0,0,5.17873087955571,5.61422504714008,13.53519044949,6.30394527260508,5.61422504714008,13.53519044949,5.61422504714008,1.61702012974483,7.92096540234992,"M_TEGR",13
"3","GHB-4",112.235,38.11,2.95484373529295,2.95484373529295,2.95484373529295,2.95484373529295,2.95484373529295,2.95484373529295,2.95484373529295,2.95484373529295,0,0,5.54384922974415,5.54384922974415,13.5605711586144,6.50447684291366,5.54384922974415,13.5605711586144,5.54384922974415,1.51224508595664,8.01672192887029,"M_TEGR",13
"4","GHB-5",112.236,38.12,3.47913307671563,3.47913307671563,3.47913307671563,3.47913307671563,3.47913307671563,3.47913307671563,2.66263647537549,2.66263647537549,0,0,5.73331147374462,5.73331147374462,13.9445648445148,6.69900828481351,5.73331147374462,13.9445648445148,6.54980807508476,2.32874168729678,9.02774997211029,"M_TEGR",13
"5","GHB-6",112.237,38.13,3.18735098320335,3.18735098320335,3.18735098320335,4.12145429654723,5.18571605946084,5.18571605946084,4.3692194581207,3.43511614477683,1.06426176291362,1.06426176291362,5.83105303617017,9.75510985465867,17.940753400171,7.91317142264206,9.51410982366167,17.699753369174,11.2647097383457,3.26284500064065,9.93624346019632,"M_TEGR",13
"6","GHB-7",112.238,38.14,2.0377114614194,2.0377114614194,2.0377114614194,2.0377114614194,2.0377114614194,2.0377114614194,2.0377114614194,2.0377114614194,0,0,5.92929750199336,6.40602879947654,14.6559479251596,6.58297926474024,6.40602879947654,14.6559479251596,6.40602879947654,1.6669398609428,8.24991912568304,"M_TEGR",13
"7","GHB-8",112.239,38.15,1.06231337184467,1.06231337184467,1.06231337184467,2.07494543730577,2.07494543730577,2.07494543730577,1.06231337184467,1.06231337184467,1.01263206546109,1.01263206546109,7.38113810825098,7.31279007559222,15.8000736505828,6.46486821211384,7.31279007559222,15.8000736505828,7.31279007559222,2.02241536287678,8.48728357499062,"M_TEGR",13
"8","GHB-9",112.24,38.16,1.87880997318481,1.87880997318481,1.87880997318481,2.97193178707382,2.97193178707382,2.97193178707382,1.55296675255248,1.55296675255248,1.58377519459682,1.58377519459682,8.42199150819967,11.3279233369595,20.0101048876946,7.43816231374085,12.5365524363941,21.2187339871292,13.3530490377342,3.14063930349937,9.49867815207524,"P_DRYT",16
"9","GHB-10",112.241,38.17,1.71544877510231,1.71544877510231,1.71544877510231,1.71544877510231,1.71544877510231,1.71544877510231,3.16202839613946,3.16202839613946,1.44657962103716,1.44657962103716,7.8487221020495,9.84655793715615,18.0910979834338,6.26306849715058,9.84655793715615,18.0910979834338,9.84655793715615,1.98147154912706,8.24454004627764,"M_TEGR",13
"10","GHB-11",112.242,38.18,1.92880857007636,1.92880857007636,1.92880857007636,1.92880857007636,1.92880857007636,1.92880857007636,2.16451083989996,2.16451083989996,0.235702269823606,0.235702269823606,6.3606386864443,10.2848257389979,17.8798333552528,6.08276253029822,10.2848257389979,17.8798333552528,10.2848257389979,1.51224508595664,7.59500761625486,"M_TEGR",13
"11","GHB-12",112.243,38.19,2.22031653148825,2.22031653148825,2.22031653148825,2.22031653148825,2.22031653148825,2.22031653148825,2.22031653148825,2.22031653148825,0,0,5.86655094582925,11.2360326972964,18.5300809494621,6.08276253029822,11.9291359796433,19.223184231809,11.9291359796433,1.21128572186747,7.29404825216569,"P_DRYT",16
"12","GHB-13",112.244,38.2,2.51238830597501,2.51238830597501,2.51238830597501,2.51238830597501,2.51238830597501,2.51238830597501,3.16501831601133,3.16501831601133,0.652630010036314,0.652630010036314,6.48684901792183,9.68914178854568,16.8849177097415,6.20814754979293,9.68914178854568,16.8849177097415,9.68914178854568,0.987628371402928,7.19577592119586,"M_TEGR",13
"13","GHB-14",112.245,38.21,2.78940450634181,2.78940450634181,2.78940450634181,2.78940450634181,2.78940450634181,2.78940450634181,2.78940450634181,2.78940450634181,0,0,6.07396899836113,8.27506590672296,15.566639550731,6.30394527260508,8.27506590672296,15.566639550731,8.27506590672296,0.987628371402928,7.29157364400801,"M_TEGR",13
"14","GHB-15",112.246,38.22,3.43386401277135,3.43386401277135,3.43386401277135,3.43386401277135,3.43386401277135,3.43386401277135,2.7267572315848,2.7267572315848,0,0,6.24967812383561,10.4029145358016,17.7333837543309,6.26306849715058,11.0960178181484,18.4264870366778,11.803124599335,1.77450750256536,8.03757599971593,"P_DRYT",16
"15","GHB-16",112.247,38.23,2.54654295074715,2.54654295074715,2.54654295074715,2.54654295074715,2.54654295074715,2.54654295074715,2.54654295074715,2.54654295074715,0,0,6.03921140554364,8.16053174910329,15.8926769477311,6.16663579271551,8.16053174910329,15.8926769477311,8.16053174910329,1.56550940591234,7.73214519862784,"M_TEGR",13
"16","GHB-17",112.248,38.24,3.37085438186321,3.37085438186321,3.37085438186321,3.37085438186321,3.37085438186321,3.37085438186321,2.37085438186321,2.37085438186321,0,0,5.52526659990267,7.91417777447572,15.978411853901,6.08276253029822,7.91417777447572,15.978411853901,8.91417777447572,2.98147154912706,9.06423407942528,"M_TEGR",13
"17","GHB-18",112.249,38.25,3.41425371003136,3.41425371003136,3.41425371003136,3.41425371003136,3.41425371003136,3.41425371003136,2.33413024486638,2.33413024486638,0,0,6.93441416120798,10.3082854678271,18.6514352879304,7.21723821772116,10.8414962422869,19.1846460623902,11.9216197074518,3.36872672916685,9.4232732852683,"P_DRYT",16
"18","GHB-19",112.25,38.26,2.37085438186321,2.37085438186321,2.37085438186321,2.37085438186321,2.37085438186321,2.37085438186321,2.37085438186321,2.37085438186321,0,0,4.84767985741633,6.88610385649012,14.9221219617186,6.05454655610146,6.88610385649012,14.9221219617186,6.88610385649012,1.98147154912706,8.03601810522852,"M_TEGR",13
"19","GHB-20",112.251,38.27,2.42489783289936,2.42489783289936,2.42489783289936,2.42489783289936,2.42489783289936,2.42489783289936,2.42489783289936,2.42489783289936,0,0,6.04200465366655,7.54487547313175,15.2352276525363,6.12484277349223,7.54487547313175,15.2352276525363,7.54487547313175,1.56550940591234,7.69035217940457,"M_TEGR",13
"20","GHB-1+3",112.252,38.28,3.50502129806434,3.50502129806434,3.50502129806434,4.32943101589705,4.32943101589705,4.32943101589705,3.11800111524622,2.42489783289936,0,0,6.02421981714333,9.07773065455663,16.8651633161834,6.22192325571443,8.68167162817173,16.4691042897985,10.4548983756836,3.33873615342418,9.56065940913861,"M_TEGR",13
"21","GHB-21",112.253,38.29,2.37085438186321,2.37085438186321,2.37085438186321,2.37085438186321,2.37085438186321,2.37085438186321,4.05410519502208,4.05410519502208,1.68325081315887,1.68325081315887,7.41108661641019,7.04744911782494,14.9580030428421,6.39830883906052,7.04744911782494,14.9580030428421,7.04744911782494,1.51224508595664,7.91055392501716,"M_TEGR",13
"22","GHB-22",112.254,38.3,2.22031653148825,2.22031653148825,2.22031653148825,2.22031653148825,2.22031653148825,2.22031653148825,3.90356734464712,3.90356734464712,1.68325081315887,1.68325081315887,7.44626407121965,7.20738402071142,15.2372553616784,6.51762625501033,7.20738402071142,15.2372553616784,7.20738402071142,1.51224508595664,8.02987134096697,"M_TEGR",13
"23","GHB-23",112.255,38.31,2.16116322844898,2.16116322844898,2.16116322844898,2.16116322844898,2.16116322844898,2.16116322844898,3.78847638208598,3.78847638208598,1.627313153637,1.627313153637,7.30307429743492,7.23493865133194,15.4996486805832,6.64768989950644,7.23493865133194,15.4996486805832,7.23493865133194,1.61702012974483,8.26471002925128,"M_TEGR",13
"24","GHB-24",112.256,38.32,2.59375164003778,2.59375164003778,2.59375164003778,2.59375164003778,2.59375164003778,2.59375164003778,3.58578437351539,3.58578437351539,1.56938299978049,1.56938299978049,6.91128301722227,7.37780882245899,15.8684735449037,6.77525719069025,7.37780882245899,15.8684735449037,7.95515908876186,2.29275779805736,9.06801498874761,"M_TEGR",13
"25","GHB-25",112.257,38.33,3.17447952927968,3.17447952927968,3.17447952927968,3.81572463842283,3.81572463842283,3.81572463842283,3.97130979781423,3.97130979781423,2.0878247301803,2.0878247301803,6.92224432263785,8.34368620871909,17.0897250207555,6.93758870213563,8.34368620871909,17.0897250207555,9.63468067036484,3.09944457154649,10.0370332736821,"M_TEGR",13
"26","GHB-26",112.258,38.34,3.430614936108,3.430614936108,3.430614936108,4.07186004525114,4.07186004525114,4.07186004525114,4.1042261039152,4.1042261039152,2.0878247301803,2.0878247301803,7.27012127694997,8.87853711599165,17.346214659445,6.85065741370856,9.17558137195362,17.643258915407,10.5897949343267,3.03123369211793,9.88189110582649,"P_DRYT",16
"27","GHB-27",112.259,38.35,2.1208111655685,2.1208111655685,2.1208111655685,2.1208111655685,2.1208111655685,2.1208111655685,3.20093463073347,3.20093463073347,1.08012346516498,1.08012346516498,6.87851321878863,7.80210878691807,14.87014340802,6.67339845955567,7.80210878691807,14.87014340802,7.80210878691807,0.394636161546303,7.06803462110197,"M_TEGR",13
"28","GHB-28",112.26,38.36,2.96599854486182,2.96599854486182,2.96599854486182,2.96599854486182,2.96599854486182,2.96599854486182,2.25889176367528,2.25889176367528,0,0,6.3265922585209,6.3265922585209,12.9355318103703,6.60893955184945,6.3265922585209,12.9355318103703,7.03369903970744,0.707106781186548,7.316046333036,"M_TEGR",13
"29","GHB-29",112.261,38.37,2.88816604218795,2.88816604218795,2.88816604218795,2.99476641742181,2.99476641742181,2.99476641742181,2.28765963623527,2.28765963623527,0.106600375233861,0.106600375233861,6.45647575783279,9.38467535528269,16.8370645775178,6.64768989950644,10.5092667922055,17.9616560144406,11.216373573392,1.51180610391523,8.15949600342167,"P_DRYT",16
"30","GHB-30",112.262,38.38,2.05880086458113,2.05880086458113,2.05880086458113,2.05880086458113,2.05880086458113,2.05880086458113,2.71143087461744,2.71143087461744,0.652630010036314,0.652630010036314,6.60629491156129,5.95366490152498,12.7541483402225,6.80048343869757,5.95366490152498,12.7541483402225,5.95366490152498,0,6.80048343869757,"M_TEGR",13
"31","GHB-31",112.263,38.39,2.77328027447202,2.77328027447202,2.77328027447202,2.77328027447202,2.77328027447202,2.77328027447202,1.86040936355416,1.86040936355416,0,0,5.74763347417319,6.3963283687732,13.4441105021823,7.04778213340906,6.3963283687732,13.4441105021823,7.30919927969106,0.912870910917858,7.96065304432692,"M_TEGR",13
"32","GHB-32",112.264,38.4,2.60295123445281,2.60295123445281,2.60295123445281,2.60295123445281,2.60295123445281,2.60295123445281,1.69008032353495,1.69008032353495,0,0,5.78822257584747,8.95624422932141,17.3793369976856,8.47002371919868,9.98998863680326,18.4130814051674,10.9028595477211,2.31251958112049,9.33596367928202,"P_DRYT",16
"33","GHB-33",112.265,38.41,1.44181611171467,1.44181611171467,1.44181611171467,1.44181611171467,1.44181611171467,1.44181611171467,2.75415074891663,2.75415074891663,1.31233463720196,1.31233463720196,6.84642949176423,9.12197797341163,17.5412397785552,7.19792914058845,9.12197797341163,17.5412397785552,9.12197797341163,1.45703493437872,8.41926180514356,"M_TEGR",13
"34","GHB-34",112.266,38.42,2.21411780729878,2.21411780729878,2.21411780729878,2.21411780729878,2.21411780729878,2.21411780729878,3.00400710555161,3.00400710555161,1.78988929825283,1.78988929825283,7.52305968513751,9.21859692283259,17.5884945782553,6.91286272104401,9.21859692283259,17.5884945782553,10.2185969228326,2.45703493437872,9.36989765542273,"M_TEGR",13
"35","GHB-35",112.267,38.43,1.66907281130165,1.66907281130165,1.66907281130165,1.66907281130165,3.32885004571625,3.32885004571625,3.15543125142185,3.15543125142185,2.6410589640657,2.6410589640657,8.14454161443157,11.9664211927365,19.313856843327,8.67030751503494,12.0919169374786,20.2479601566709,13.2466174614241,3.42034302692594,10.1193513117395,"P_DRYT",16
"36","GHB-36",112.268,38.44,0.302973018600667,0.302973018600667,0.302973018600667,0.302973018600667,0.302973018600667,0.302973018600667,2.09286231685349,2.09286231685349,1.78988929825283,1.78988929825283,8.88341612182731,9.97422138127572,17.6450779177052,6.33104983395329,9.97422138127572,17.6450779177052,9.97422138127572,1.33980670247614,7.67085653642944,"M_TEGR",13
"37","GHB-37",112.269,38.45,0.422120539656625,0.422120539656625,0.422120539656625,0.719164795618594,0.719164795618594,0.719164795618594,2.16574441665575,1.86870016069378,1.44657962103716,1.44657962103716,9.21184599475557,10.6457077433586,18.0711473133132,7.43816231374085,10.3486634873966,17.7741030573513,10.6457077433586,1.36444497734078,7.72248382591665,"M_TEGR",13
"38","GHB-38",112.27,38.46,1.28330364684279,1.28330364684279,1.28330364684279,1.28330364684279,1.28330364684279,1.28330364684279,1.9359336568791,1.9359336568791,0.652630010036314,0.652630010036314,8.00201960363308,10.0434524632397,17.5431036365563,7.43816231374085,10.0434524632397,17.5431036365563,10.0434524632397,1.14161232474076,7.49965117331663,"M_TEGR",13
"39","GHB-1+4",112.271,38.47,1.66432523864778,1.66432523864778,1.66432523864778,1.66432523864778,1.66432523864778,1.66432523864778,1.66432523864778,1.66432523864778,0,0,6.49399080651134,8.40076580271754,16.3108339009268,7.42468215746187,8.40076580271754,16.3108339009268,8.40076580271754,1.56550940591234,7.91006809820923,"M_TEGR",13
"40","GHB-39",112.272,38.48,2.05880086458113,2.05880086458113,2.05880086458113,2.05880086458113,2.05880086458113,2.05880086458113,2.05880086458113,2.05880086458113,0,0,6.33554582809021,6.33554582809021,14.4750457719442,6.33104983395329,6.33554582809021,14.4750457719442,6.33554582809021,1.80845010990074,8.13949994385403,"M_TEGR",13
"41","GHB-40",112.273,38.49,3.78940450634181,3.78940450634181,3.78940450634181,4.32261528080159,4.32261528080159,4.32261528080159,3.32261528080159,2.78940450634181,0,0,5.76158841652422,7.87793814389985,15.9524591097016,6.01197438450963,7.34472736944007,15.4192483352419,8.87793814389985,3.59575735575195,9.60773174026158,"M_TEGR",13
"42","GHB-41",112.274,38.5,4.18144741821696,4.18144741821696,4.18144741821696,4.18144741821696,4.18144741821696,4.18144741821696,3.36495081687682,3.36495081687682,0,0,3.95149161709854,5.50361625771217,12.4945308603989,5.77962888081925,5.50361625771217,12.4945308603989,6.32011285905231,2.02778232320761,7.80741120402686,"M_TEGR",13
"43","GHB-42",112.275,38.51,4.99042523122626,5.66979145058074,5.66979145058074,5.66979145058074,5.66979145058074,4.99042523122626,3.63641884276275,3.63641884276275,0,0,4.54029613370375,6.03270113905585,11.6774344365642,5.6447332975084,6.03270113905585,11.6774344365642,7.38670752751936,1.35400638846351,6.99873968597191,"M_TEGR",13
"44","GHB-43",112.276,38.52,5.81444055966,5.81444055966,5.81444055966,6.50754384200687,6.50754384200687,6.50754384200687,4.83979005208757,4.1466867697407,0.781735952863881,0.781735952863881,7.02123063391487,9.60676085427473,15.678690524742,5.50653411866303,9.60676085427473,15.678690524742,12.7493538794048,3.70798857693427,9.21452269559729,"M_TEGR",13
"45","GHB-44",112.277,38.53,4.61287291245491,4.61287291245491,4.61287291245491,4.61287291245491,4.61287291245491,4.61287291245491,4.39005296860437,4.39005296860437,1.50923086371834,1.50923086371834,7.08084256949971,6.54862014996187,11.961061466041,5.4124413160791,6.54862014996187,11.961061466041,8.28067095753075,1.73205080756888,7.14449212364797,"M_TEGR",13
"46","GHB-45",112.278,38.54,1.08012346516498,1.08012346516498,1.08012346516498,1.08012346516498,1.08012346516498,1.08012346516498,0.781735952863881,0.781735952863881,0.781735952863881,0.781735952863881,8.54421117154059,7.76247521867671,13.1112684470601,6.0014232384197,7.76247521867671,13.1112684470601,8.84259868384169,1.08012346516498,6.42891669354837,"M_TEGR",13
"47","GHB-46",112.279,38.55,0.912870910917858,0.912870910917858,0.912870910917858,1.73534923889982,2.58651890471269,2.58651890471269,1.67364799379483,0.851169665812874,0.851169665812874,0.851169665812874,8.16183685471882,13.4897901411786,19.7698389504698,7.15860029972135,13.2005225876564,19.4805713969476,14.9358718265562,2.5400485616285,8.01539804819098,"M_TEGR",13
"48","GHB-47",112.28,38.56,0,0,0,0,0,0,0.781735952863881,0.781735952863881,0.781735952863881,0.781735952863881,8.77280961010938,7.9910736572455,13.559453044464,6.88071402442047,7.9910736572455,13.559453044464,7.9910736572455,0,5.56837938721851,"M_TEGR",13
"49","GHB-48",112.281,38.57,0,0,0,0,0,0,0,0,0,0,7.59142178505777,7.59142178505777,13.3114897916465,6.61242236445336,7.59142178505777,13.3114897916465,7.59142178505777,0,5.72006800658873,"M_TEGR",13
"50","GHB-49",112.282,38.58,0,0,0,0,0,0,0,0,0,0,6.41538330889122,6.41538330889122,12.2686109654923,5.8532276566011,6.41538330889122,12.2686109654923,6.41538330889122,0,5.8532276566011,"M_TEGR",13
"51","GHB-50",112.283,38.59,0,0,0,0,0,0,0,0,0,0,6.34822809924155,7.07931140502824,13.0484099131784,5.96909850815012,7.07931140502824,13.0484099131784,7.07931140502824,0,5.96909850815012,"M_TEGR",13
"52","GHB-51",112.284,38.6,0,0,0,0.202051775542805,0.202051775542805,0.202051775542805,0.692705156250612,0.692705156250612,0.692705156250612,0.692705156250612,7.5467611814794,8.30869133092038,14.2634292764559,5.95473794553547,8.30869133092038,14.2634292764559,8.30869133092038,0,5.95473794553547,"M_TEGR",13
"53","GHB-52",112.285,38.61,0,0,0,0.934103313343872,1.26913301351984,1.26913301351984,2.43182467513955,1.49772136179568,1.49772136179568,1.49772136179568,8.05975292032389,10.6044208682622,16.264301344032,5.65988047576978,10.3634208372652,16.023301313035,11.2975241506091,0.934103313343872,6.59398378911366,"M_TEGR",13
"54","GHB-53",112.286,38.62,0,0,0,0.693103282346866,1.02813298252284,1.02813298252284,2.40922219035845,1.71611890801158,1.71611890801158,1.71611890801158,5.48161185744993,6.06637110070957,11.3991336118289,5.33276251111935,5.37326781836271,10.7060303294821,6.06637110070957,0.693103282346866,6.02586579346622,"M_TEGR",13
"55","GHB-54",112.287,38.63,5.26502635846215,5.26502635846215,5.26502635846215,5.26502635846215,5.26502635846215,5.26502635846215,5.43922723869749,5.43922723869749,0.990697481575481,0.990697481575481,6.20355177671476,5.21285429513928,11.6130175276374,5.33276251111935,5.21285429513928,11.6130175276374,6.02935089647942,1.88389732271895,7.2166598338383,"M_TEGR",13
"56","GHB-55",112.288,38.64,5.81112714550004,5.81112714550004,5.81112714550004,5.81112714550004,5.81112714550004,5.81112714550004,4.17813397343838,4.17813397343838,0,0,5.74833779103754,5.74833779103754,12.5860841096107,6.54340304581418,6.68244110438141,13.5201874229546,8.31543427644307,3.09002810644038,8.47073949063485,"P_DRYT",16
"57","GHB-56",112.289,38.65,4.50678957407528,4.50678957407528,4.50678957407528,4.50678957407528,4.50678957407528,4.50678957407528,3.35208905012978,3.35208905012978,0,0,4.52797922834508,4.52797922834508,11.8582849879893,5.76479635373185,4.52797922834508,11.8582849879893,5.68267975229057,2.72020992985783,8.48500628358968,"M_TEGR",13
"58","GHB-1+5",112.29,38.66,2.49513566765417,2.49513566765417,2.49513566765417,2.49513566765417,2.49513566765417,2.49513566765417,2.98578904836197,2.98578904836197,0.490653380707807,0.490653380707807,4.63277155864527,5.85917260339986,13.223194627109,6.15273630184164,5.85917260339986,13.223194627109,5.85917260339986,1.21128572186747,7.36402202370912,"M_TEGR",13
"59","GHB-57",112.291,38.67,2.90628158990218,2.90628158990218,2.90628158990218,2.90628158990218,2.90628158990218,2.90628158990218,2.98640505506716,2.98640505506716,1.08012346516498,1.08012346516498,6.14638307883411,7.59540011984904,14.9594221435582,7.31542796346135,8.28850340219591,15.652525425905,9.28850340219591,2.21128572186747,8.36402202370911,"P_DRYT",16
"60","GHB-58",112.292,38.68,1.52905622852791,1.52905622852791,1.52905622852791,1.52905622852791,1.52905622852791,1.52905622852791,2.97563584956507,2.97563584956507,1.44657962103716,1.44657962103716,5.88826522449898,6.75729977685082,14.3670710130712,6.15273630184164,6.75729977685082,14.3670710130712,6.75729977685082,1.45703493437872,7.60977123622036,"M_TEGR",13
"61","GHB-59",112.293,38.69,2.10096461343438,2.10096461343438,2.10096461343438,2.10096461343438,2.10096461343438,2.10096461343438,2.81073044652223,2.81073044652223,1.78988929825283,1.78988929825283,7.80648944914471,8.01228514607524,15.9275643268279,6.15273630184164,8.01228514607524,15.9275643268279,9.09240861124022,2.84266634407601,8.99540264591766,"M_TEGR",13
"62","GHB-60",112.294,38.7,3.04883081562615,3.04883081562615,3.04883081562615,3.58204159008593,3.58204159008593,3.58204159008593,3.44860131038198,2.9153905359222,1.73738841368302,1.73738841368302,8.57765529736644,9.03956952235718,17.1588064342052,7.08751903054671,8.5063587478974,16.6255956597454,10.9103982157442,4.42645483072353,10.5232763796948,"M_TEGR",13
"63","GHB-61",112.295,38.71,2.68375675247341,2.68375675247341,2.68375675247341,2.68375675247341,2.68375675247341,2.68375675247341,1.76475849835152,1.76475849835152,0.235702269823606,0.235702269823606,6.5290914517243,7.85256668943471,16.0476662581943,6.05454655610146,7.85256668943471,16.0476662581943,9.0072672133802,3.29525353660367,9.34980009270513,"M_TEGR",13
"64","GHB-62",112.296,38.72,1.74044749992638,1.74044749992638,1.74044749992638,1.74044749992638,1.74044749992638,1.74044749992638,1.74044749992638,1.74044749992638,0,0,6.43737754233458,8.47328634735178,16.7453142160428,5.98342460468919,8.47328634735178,16.7453142160428,8.47328634735178,2.28860326400187,8.27202786869106,"M_TEGR",13
"65","GHB-63",112.297,38.73,2.84478084748044,2.84478084748044,2.84478084748044,3.37799162194023,3.37799162194023,3.37799162194023,2.22329109799473,1.69008032353495,0,0,6.58607428021294,10.6354691137258,19.1314720324147,7.0492219733151,10.7953616216129,19.2913645403018,12.4832729200182,4.21481570894399,10.1839142170941,"P_DRYT",16
"66","GHB-64",112.298,38.74,1.69008032353495,1.69008032353495,1.69008032353495,1.69008032353495,1.69008032353495,1.69008032353495,1.69008032353495,1.69008032353495,0,0,6.33919680562725,10.2557630176283,18.397490433616,5.92591241919757,10.2557630176283,18.397490433616,10.2557630176283,2.21581499679012,8.14172741598769,"M_TEGR",13
"67","GHB-65",112.299,38.75,1.69008032353495,1.69008032353495,1.69008032353495,1.69008032353495,1.69008032353495,1.69008032353495,1.69008032353495,1.69008032353495,0,0,7.04908797981724,10.7636521156036,18.3940316486828,5.86783665416821,10.7636521156036,18.3940316486828,10.7636521156036,1.76254287891104,7.63037953307925,"M_TEGR",13
"68","GHB-66",112.3,38.76,3.03119893782102,3.03119893782102,3.03119893782102,3.03119893782102,3.03119893782102,3.03119893782102,2.44172885336385,2.44172885336385,0.490653380707807,0.490653380707807,7.41772988700429,10.6416406420828,18.067841006594,6.79987771634183,11.3347439244297,18.7609442889409,12.4148673895947,2.69714359490981,8.50632382967616,"P_DRYT",16
"69","GHB-67",112.301,38.77,2.35256392049185,2.35256392049185,2.35256392049185,2.35256392049185,2.35256392049185,2.35256392049185,2.35256392049185,2.35256392049185,0,0,5.11861707555184,8.20495191253736,15.5352576721815,5.76479635373185,8.20495191253736,15.5352576721815,8.20495191253736,1.56550940591234,7.33030575964418,"M_TEGR",13
"70","GHB-68",112.302,38.78,2.49513566765417,2.49513566765417,2.49513566765417,2.65667290794259,2.65667290794259,2.65667290794259,2.65667290794259,2.65667290794259,0.161537240288424,0.161537240288424,4.88291480572823,6.44209231326225,13.8341805556995,5.62954536352626,6.44209231326225,13.8341805556995,6.44209231326225,1.76254287891104,7.3920882424373,"M_TEGR",13
"71","GHB-69",112.303,38.79,3.54370523302415,3.54370523302415,3.54370523302415,4.90493306112641,4.90493306112641,4.90493306112641,3.75023253718092,2.38900470907866,0,0,6.15767027799649,10.3487306393127,17.862261379669,7.08616983829124,9.68060609355727,17.1941368339136,12.196534445605,4.3243784619485,10.0294590924041,"M_TEGR",13
"72","GHB-70",112.304,38.8,2.33413024486638,2.33413024486638,2.33413024486638,3.45872168178914,3.45872168178914,3.45872168178914,3.45872168178914,2.33413024486638,0,0,4.95263273421319,6.91799560262016,14.6241103908174,5.80918023476635,5.79340416569739,13.4995189538946,6.91799560262016,3.02152599035364,8.83070622511999,"M_TEGR",13
"73","GHB-71",112.305,38.81,2.31554982671503,2.31554982671503,2.31554982671503,2.612594082677,2.612594082677,2.612594082677,2.612594082677,2.31554982671503,0,0,4.98712632685397,5.28417058281594,12.9902853710132,5.80918023476635,4.98712632685397,12.6932411150512,5.28417058281594,2.19397880939285,8.00315904415919,"M_TEGR",13
"74","GHB-72",112.306,38.82,2.99837972912038,2.99837972912038,2.99837972912038,3.69148301146725,3.69148301146725,3.69148301146725,3.69148301146725,2.99837972912038,0,0,5.98372784431574,8.5814162213606,15.9415570506235,6.63543077908388,9.0969420384483,16.4570828677112,9.79004532079516,2.40851081410135,8.05324411160974,"P_DRYT",16
"75","GHB-73",112.307,38.83,3.75332825636128,3.75332825636128,3.75332825636128,3.75332825636128,3.75332825636128,3.75332825636128,3.75332825636128,3.75332825636128,0,0,3.53957214928584,3.53957214928584,10.5647719310345,5.45969037583634,4.47367546262971,11.4988752443784,4.47367546262971,1.56550940591234,7.02519978174868,"P_DRYT",16
"76","GHB-74",112.308,38.84,4.93661845512717,5.7452260237289,5.7452260237289,5.7452260237289,5.7452260237289,4.93661845512717,4.22951167394062,4.22951167394062,0,0,3.20936130717624,3.20936130717624,9.88193052077174,5.33276251111935,3.20936130717624,9.88193052077174,3.91646808836279,2.04691348366269,7.37967599478205,"M_TEGR",13
"77","GHB-1+6",112.309,38.85,6.47875703207208,6.47875703207208,6.47875703207208,7.17186031441894,7.85122653377342,7.85122653377342,4.9733759956211,4.28027271327424,0,0,4.19901997879832,8.91829323382273,14.750768367588,6.97061933218222,7.54582373212139,14.0576650852411,10.4374113332661,4.78223954236666,10.0827951736189,"M_TEGR",13
"78","GHB-75",112.31,38.86,6.80975108816146,6.80975108816146,6.80975108816146,6.80975108816146,6.80975108816146,6.80975108816146,4.36026134537828,4.36026134537828,0,0,2.74902580926407,2.74902580926407,9.11698216189514,5.30055563125226,2.74902580926407,9.11698216189514,5.19851555204725,3.51689046416199,8.81744609541424,"M_TEGR",13
"79","GHB-76",112.311,38.87,7.03732441897218,7.95719060489272,7.95719060489272,7.95719060489272,7.95719060489272,7.03732441897218,4.36026134537828,4.36026134537828,0,0,2.58843582110896,2.58843582110896,8.95639217374002,5.30055563125226,2.58843582110896,8.95639217374002,5.26549889470285,3.7444637949727,9.04501942622496,"S_SHRU",19
"80","GHB-77",112.312,38.88,7.44967498910808,7.44967498910808,7.44967498910808,7.44967498910808,7.44967498910808,7.44967498910808,5.33343037215241,4.64032708980554,0.652630010036314,0.652630010036314,6.48357997827106,7.71981463494607,14.1038988150235,6.47937512031837,7.71981463494607,14.1038988150235,11.1817925442849,4.52937863071766,9.84606208941632,"M_TEGR",13
"81","GHB-78",112.313,38.89,5.10572937025354,5.10572937025354,5.10572937025354,5.10572937025354,5.10572937025354,5.10572937025354,3.32621631888246,3.32621631888246,0,0,4.81218692488145,4.81218692488145,10.9042048576746,5.39659967016268,4.81218692488145,10.9042048576746,6.59169997625253,2.47493131400156,7.87153098416425,"M_TEGR",13
"82","GHB-79",112.314,38.9,3.24114624512649,3.24114624512649,3.24114624512649,3.24114624512649,3.24114624512649,3.24114624512649,2.0164013737349,2.0164013737349,0,0,7.33875672523464,8.06984003102133,13.5608039718973,5.49096394087595,8.06984003102133,13.5608039718973,9.29458490241292,1.22474487139159,6.71570881226754,"M_TEGR",13
"83","GHB-80",112.315,38.91,2.60917969369289,2.60917969369289,2.60917969369289,3.54328300703676,3.54328300703676,3.54328300703676,3.77549417907374,2.84139086572987,1.31233463720196,1.31233463720196,9.17477836065573,10.8349710358714,16.5099581724207,6.75511060171428,10.5939710048744,16.2689581414237,12.6081977833833,2.01422677850885,7.68921391505815,"M_TEGR",13
"84","GHB-81",112.316,38.92,1.02084114826941,1.02084114826941,1.02084114826941,1.02084114826941,1.02084114826941,1.02084114826941,1.02084114826941,1.02084114826941,0,0,7.48425527228139,7.91974943986576,13.8311963862571,5.91144694639138,7.91974943986576,13.8311963862571,7.91974943986576,0,5.91144694639138,"M_TEGR",13
"85","GHB-82",112.317,38.93,0.422120539656625,0.422120539656625,0.422120539656625,0.422120539656625,0.422120539656625,0.422120539656625,0.422120539656625,0.422120539656625,0,0,7.46741850762483,7.46741850762483,13.5782667302532,6.11084822262834,7.46741850762483,13.5782667302532,7.46741850762483,0,6.11084822262834,"M_TEGR",13
"86","GHB-83",112.318,38.94,1.57682106360212,1.57682106360212,1.57682106360212,2.26992434594899,2.26992434594899,2.26992434594899,1.11522382200349,0.422120539656625,0,0,7.51998154586463,9.94572761559187,16.6219713900244,7.4231828598303,10.2863687407269,16.9626125151594,12.1341725470192,2.41319935809658,8.52404758072493,"P_DRYT",16
"87","GHB-84",112.319,38.95,0.72371133748201,0.72371133748201,0.72371133748201,0.72371133748201,0.72371133748201,0.72371133748201,0.72371133748201,0.72371133748201,0,0,6.84509339942894,6.84509339942894,12.9559416220573,6.11084822262834,6.84509339942894,12.9559416220573,6.84509339942894,0,6.11084822262834,"M_TEGR",13
"88","GHB-85",112.32,38.96,0.977611144576411,0.977611144576411,0.977611144576411,0.977611144576411,0.977611144576411,0.977611144576411,0.977611144576411,0.977611144576411,0,0,6.56463816679492,7.00013233437928,13.1528686362209,6.15273630184164,7.00013233437928,13.1528686362209,7.00013233437928,0,6.15273630184164,"M_TEGR",13
"89","GHB-86",112.321,38.97,2.06438896999985,2.06438896999985,2.06438896999985,2.36143322596182,2.36143322596182,2.36143322596182,0.889473070251079,0.592428814289109,0,0,5.86892549172615,8.11643375391183,15.8980744469246,7.58460030807863,8.85313390543171,16.6347745984445,10.6221383171044,3.04616826177183,9.55064510468549,"P_DRYT",16
"90","GHB-87",112.322,38.98,0.422120539656625,0.422120539656625,0.422120539656625,0.422120539656625,0.422120539656625,0.422120539656625,0.422120539656625,0.422120539656625,0,0,5.54444711882979,7.15796758662684,15.0956880200754,6.66055658334947,7.15796758662684,15.0956880200754,7.15796758662684,1.27716385009912,7.93772043344859,"M_TEGR",13
"91","GHB-88",112.323,38.99,2.1755416722149,2.1755416722149,2.1755416722149,2.95727762507878,2.95727762507878,2.95727762507878,1.80257710113329,1.80257710113329,0.781735952863881,0.781735952863881,5.44698861151706,7.83105600942932,16.021520125614,6.85065741370856,7.83105600942932,16.021520125614,8.98575653337482,2.49450722642164,9.3451646401302,"M_TEGR",13
"92","GHB-89",112.324,38.1,4.72763147500533,4.72763147500533,4.72763147500533,6.01482326335701,6.01482326335701,6.01482326335701,6.27845012718185,4.99125833883017,1.08012346516498,1.08012346516498,6.57882019528486,12.4837188828806,18.3215963161401,4.38084249888078,12.2302715020108,18.0681489352703,14.3339598917026,3.56072332407054,7.94156582295132,"M_TEGR",13
"93","GHB-90",112.325,38.101,6.44356282061596,7.12292903997044,7.12292903997044,7.12292903997044,7.12292903997044,6.44356282061596,6.31242786256198,6.31242786256198,0.781735952863881,0.781735952863881,4.41006563166241,7.61406887682748,13.7493001136245,4.28201074263015,7.61406887682748,13.7493001136245,8.52693978774534,2.7660914050847,7.04810214771485,"M_TEGR",13
"94","GHB-91",112.326,38.102,6.17131060345024,6.17131060345024,6.17131060345024,6.17131060345024,6.17131060345024,6.17131060345024,5.91106970256869,5.91106970256869,0.652630010036314,0.652630010036314,4.37604475942426,5.62799984408595,11.6725534656271,4.28201074263015,5.62799984408595,11.6725534656271,6.5408707550038,2.67541378982889,6.95742453245904,"M_TEGR",13
"95","GHB-92",112.327,38.103,4.94516364744383,4.94516364744383,4.94516364744383,4.94516364744383,4.94516364744383,4.94516364744383,4.94516364744383,4.94516364744383,0,0,3.37233903521509,3.84907033269827,10.0769251801664,5.08624252272736,3.84907033269827,10.0769251801664,3.84907033269827,1.14161232474076,6.22785484746812,"M_TEGR",13
"96","GHB-1+7",112.328,38.104,4.40951749061051,5.08888370996499,5.08888370996499,5.08888370996499,5.08888370996499,4.40951749061051,4.40951749061051,4.40951749061051,0,0,2.84102597664999,2.84102597664999,8.79576392218546,5.95473794553547,2.84102597664999,8.79576392218546,2.84102597664999,0,5.95473794553547,"M_TEGR",13
"97","GHB-93",112.329,38.105,5.70051195225626,7.11472551462935,7.11472551462935,7.11472551462935,7.11472551462935,5.70051195225626,5.19125344347439,5.19125344347439,0.781735952863881,0.781735952863881,4.79195344485001,4.01021749198613,9.95056015886992,5.94034266688379,4.01021749198613,9.95056015886992,5.30121195363188,1.29099446164575,7.23133712852954,"M_TEGR",13
"98","GHB-94",112.33,38.106,7.09514466953274,8.70042442708281,8.70042442708281,8.70042442708281,8.70042442708281,7.09514466953274,6.62796625536362,6.62796625536362,1.31233463720196,1.31233463720196,4.62188925569872,6.34711728518798,10.7474597718588,4.40034248667078,6.34711728518798,10.7474597718588,8.12663033655905,1.77951305137108,6.17985553804186,"M_TEGR",13
"99","GHB-95",112.331,38.107,7.58156030629343,9.30247241909873,9.30247241909873,9.30247241909873,9.30247241909873,7.58156030629343,6.762230160619,6.762230160619,0.652630010036314,0.652630010036314,2.64188688133273,1.98925687129641,6.29121561121943,4.30195873992301,1.98925687129641,6.29121561121943,3.46121702700716,1.47196015571074,5.77391889563376,"B_CLEG",2
"100","GHB-96",112.332,38.108,7.51044365738565,9.23135577019095,9.23135577019095,9.23135577019095,9.23135577019095,7.51044365738565,6.0384835016749,6.0384835016749,0,0,1.55379718753768,1.55379718753768,5.83580793016783,4.28201074263015,1.55379718753768,5.83580793016783,3.02575734324842,1.47196015571074,5.75397089834089,"B_CLEG",2
"101","GHB-97",112.333,38.109,7.33498774606696,8.60596555861917,8.60596555861917,8.60596555861917,8.60596555861917,7.33498774606696,5.98098135760345,5.98098135760345,0,0,1.71130692746801,1.71130692746801,6.68873593272864,4.28201074263015,1.71130692746801,6.68873593272864,3.06531331593152,2.04942465109399,6.33143539372414,"B_CLEG",2
"102","GHB-98",112.334,38.11,7.1978805349593,7.1978805349593,7.1978805349593,7.1978805349593,7.1978805349593,7.1978805349593,5.28302631074274,5.28302631074274,0,0,2.27093436717136,2.27093436717136,6.57289310709438,4.30195873992301,2.27093436717136,6.57289310709438,4.18578859138792,1.91485422421656,6.21681296413957,"A_CLDE",1
"103","GHB-99",112.335,38.111,7.01173313967406,8.03078245153291,8.03078245153291,8.03078245153291,8.03078245153291,7.01173313967406,4.66652525976234,4.66652525976234,0,0,3.9491944264746,3.9491944264746,9.37743106464726,5.42823663817266,3.9491944264746,9.37743106464726,6.29440230638631,2.34520787991171,7.77344451808437,"M_TEGR",13
"104","GHB-100",112.336,38.112,6.25476782997636,6.25476782997636,6.25476782997636,6.78797860443614,6.78797860443614,6.78797860443614,5.43405879425493,4.60380376383318,1.16269166161971,1.16269166161971,6.07582934110131,8.28672751376987,15.5676621725601,5.82389972441147,7.75351673931009,15.0344513981003,11.1003832415328,4.80390143660139,10.6278011610129,"M_TEGR",13
"105","GHB-101",112.337,38.113,4.78541859613835,4.78541859613835,4.78541859613835,5.31862937059813,5.31862937059813,5.31862937059813,3.5362524611426,3.00304168668282,0.490653380707807,0.490653380707807,4.61202621023925,4.65458360399122,12.8282418250691,6.276723667647,4.12137282953144,12.2950310506093,6.92761389415456,4.70317561805399,10.979899285701,"M_TEGR",13
"106","GHB-102",112.338,38.114,4.2147465583005,4.2147465583005,4.2147465583005,4.2147465583005,4.2147465583005,4.2147465583005,3.17074066194254,3.17074066194254,0.781735952863881,0.781735952863881,6.35328005998804,5.57154410712416,13.7518198509925,6.46486821211384,5.57154410712416,13.7518198509925,7.39728595634601,3.54114938097633,10.0060175930902,"M_TEGR",13
"107","GHB-103",112.339,38.115,4.00361456491733,4.00361456491733,4.00361456491733,4.00361456491733,4.00361456491733,4.00361456491733,3.96194281365578,3.66489855769381,1.31233463720196,1.31233463720196,7.27787531674055,9.42245464327612,17.4243884764315,7.16664965627444,9.42245464327612,17.4243884764315,11.0735052877016,3.26807077417031,9.65298447758088,"M_TEGR",13
"108","GHB-104",112.34,38.116,4.47691661852031,4.47691661852031,4.47691661852031,4.47691661852031,4.47691661852031,4.47691661852031,2.89577778843612,2.89577778843612,0,0,3.49080420533722,4.36985329384138,12.1172374236146,6.29034919539448,4.36985329384138,12.1172374236146,5.95099212392557,3.03817376446291,9.32852295985739,"M_TEGR",13
"109","GHB-105",112.341,38.117,5.68126679155889,5.68126679155889,5.68126679155889,5.68126679155889,5.68126679155889,5.68126679155889,3.81043809817192,3.81043809817192,0,0,4.02046870686507,4.02046870686507,11.5546166172503,6.19434120790904,4.02046870686507,11.5546166172503,5.89129740025204,3.21063539586312,9.40497660377215,"M_TEGR",13
"110","GHB-106",112.342,38.118,5.2363021039322,5.2363021039322,5.2363021039322,6.6677417987849,6.6677417987849,6.6677417987849,4.93569099121602,3.20720704040135,0,0,4.959734224704,8.10688303459494,15.2411130906068,6.57615930639959,6.67544333974224,13.8096733957541,10.1359780981258,4.8003414608597,10.5947648143954,"M_TEGR",13
"111","GHB-107",112.343,38.119,3.90032975194614,3.90032975194614,3.90032975194614,4.59343303429301,4.59343303429301,4.59343303429301,3.51330956912803,2.82020628678116,0,0,4.42234587068899,5.11544915303586,10.4160047842881,5.30055563125226,4.42234587068899,9.72290150194125,6.19557261820084,1.77322674751184,7.0737823787641,"M_TEGR",13
"112","GHB-108",112.344,38.12,2.33413024486638,2.33413024486638,2.33413024486638,2.33413024486638,2.33413024486638,2.33413024486638,2.33413024486638,2.33413024486638,0,0,4.86532927970965,5.47336701267868,10.7739226439309,5.30055563125226,5.47336701267868,10.7739226439309,5.47336701267868,0,5.30055563125226,"M_TEGR",13
"113","GHB-109",112.345,38.121,3.62666641591213,3.62666641591213,3.62666641591213,4.31976969825899,4.31976969825899,4.31976969825899,3.73029961380182,3.03719633145496,0.490653380707807,0.490653380707807,5.95450695382047,10.584165521681,16.6123462954309,6.22511686898399,9.89106223933417,15.919243013084,11.664288986846,2.46864501014233,7.80140752126168,"M_TEGR",13
"114","GHB-110",112.346,38.122,2.9254598783781,2.9254598783781,2.9254598783781,2.9254598783781,2.9254598783781,2.9254598783781,2.9254598783781,2.9254598783781,0,0,3.56370593624109,7.12534649982268,13.1940174416352,6.06867094181255,7.12534649982268,13.1940174416352,7.12534649982268,0,6.06867094181255,"M_TEGR",13
"115","GHB-1+8",112.347,38.123,4.1035219282885,4.1035219282885,4.1035219282885,4.1035219282885,4.1035219282885,4.1035219282885,3.52272759677197,3.52272759677197,0.235702269823606,0.235702269823606,4.07002010789536,7.25863894384089,13.6166777924168,6.35803884857587,7.55568319980286,13.9137220483787,8.372179801143,0.81649660134014,7.17453544991601,"P_DRYT",16
"116","GHB-111",112.348,38.124,5.64039458962571,5.64039458962571,5.64039458962571,6.33349787197258,6.33349787197258,6.33349787197258,6.03133626664932,5.04118872834048,1.38108920783561,1.38108920783561,5.69804777176065,8.11598731942105,15.4932681728763,7.31579199387944,8.35698735041806,15.7342682038733,11.0303857018858,3.81501067620847,10.0506792049229,"P_DRYT",16
"117","GHB-112",112.349,38.125,3.91113487366519,3.91113487366519,3.91113487366519,3.91113487366519,3.91113487366519,3.91113487366519,5.0738265352849,5.0738265352849,1.16269166161971,1.16269166161971,3.57989192225183,4.89707952427782,12.4975242587118,5.98342460468919,4.89707952427782,12.4975242587118,4.89707952427782,1.61702012974483,7.60044473443402,"M_TEGR",13
"118","GHB-113",112.35,38.126,4.31044237868922,4.31044237868922,4.31044237868922,4.31044237868922,4.31044237868922,4.31044237868922,5.62277701589118,5.62277701589118,1.31233463720196,1.31233463720196,4.46849841192822,4.65903459419146,12.3933971232898,5.92591241919757,4.65903459419146,12.3933971232898,4.65903459419146,1.80845010990074,7.73436252909831,"M_TEGR",13
"119","GHB-114",112.351,38.127,4.94366487737161,4.94366487737161,4.94366487737161,4.94366487737161,4.94366487737161,4.94366487737161,5.34312860365572,5.34312860365572,1.31233463720196,1.31233463720196,5.27010019302262,5.46063637528586,13.30947562828,7.20308080471306,5.46063637528586,13.30947562828,6.37350728620372,2.7213210208186,8.76171016391195,"M_TEGR",13
"120","GHB-115",112.352,38.128,3.67188255531138,3.67188255531138,3.67188255531138,3.67188255531138,3.67188255531138,3.67188255531138,5.11846217634853,5.11846217634853,1.44657962103716,1.44657962103716,3.96791714306787,4.02420834149592,12.0545817071111,6.22192325571443,4.02420834149592,12.0545817071111,4.02420834149592,1.80845010990074,8.03037336561517,"M_TEGR",13
"121","GHB-116",112.353,38.129,4.76375136439693,5.78280067625578,5.78280067625578,5.91410711174163,5.91410711174163,4.89505779988278,5.36687871239082,5.36687871239082,1.68325081315887,1.68325081315887,5.06110240494891,5.09392313827088,12.7154950641879,6.22192325571443,5.09392313827088,12.7154950641879,6.17404660343586,2.47977213536761,8.70169539108204,"M_TEGR",13
"122","GHB-117",112.354,38.13,6.75999240569122,6.75999240569122,6.75999240569122,7.19548657327558,7.19548657327558,7.19548657327558,6.3760604758146,6.3760604758146,1.73738841368302,1.73738841368302,5.29654011361163,7.61116063691753,13.5621530672436,4.80938010558533,8.3042639192644,14.2552563495905,10.425584262824,3.2629326683004,8.07231277388573,"P_DRYT",16
"123","GHB-118",112.355,38.131,7.61478413606635,7.61478413606635,7.61478413606635,7.61478413606635,7.61478413606635,7.61478413606635,5.69992991184979,5.69992991184979,0,0,1.98925687129641,4.14802320100169,9.38774740806094,4.09811188231849,4.14802320100169,9.38774740806094,6.06287742521825,3.05646654895732,7.15457843127581,"M_TEGR",13
"124","GHB-119",112.356,38.132,7.58425195703268,7.58425195703268,7.58425195703268,7.58425195703268,7.58425195703268,7.58425195703268,5.90100114387381,5.90100114387381,0,0,1.94569121393915,1.94569121393915,6.90594946171288,4.6413268837709,1.94569121393915,6.90594946171288,3.62894202709802,2.89453653502634,6.64350906093261,"A_CLDE",1
"125","GHB-120",112.357,38.133,6.47789613212914,6.47789613212914,6.47789613212914,6.47789613212914,6.47789613212914,6.47789613212914,5.78767192928228,5.78767192928228,0.781735952863881,0.781735952863881,5.14654385913238,6.18157246334508,11.6194910481397,4.99046624018312,7.11567577668895,12.5535943614836,8.5876359323997,2.81176685818689,6.90987874050538,"P_DRYT",16
"126","GHB-121",112.358,38.134,5.5027541221645,5.5027541221645,5.5027541221645,5.5027541221645,5.5027541221645,5.5027541221645,4.03079396645376,4.03079396645376,0,0,3.58767738237428,3.58767738237428,10.2064951435338,5.21916909095691,3.58767738237428,10.2064951435338,5.05963753808503,2.87160882591338,8.09077791687029,"M_TEGR",13
"127","GHB-122",112.359,38.135,1.77951305137108,1.77951305137108,1.77951305137108,2.90410448829384,2.90410448829384,2.90410448829384,1.12459143692276,0,0,0,5.598466753922,6.9362589178604,15.1861780435434,6.58297926474024,6.10871173689961,14.3586308625827,9.01281622519345,4.57104434923664,11.1540236139769,"M_TEGR",13
"128","GHB-123",112.36,38.136,1.87082869338697,1.87082869338697,1.87082869338697,3.66679367077378,3.66679367077378,3.66679367077378,1.79596497738681,0,0,0,6.01042842162401,12.6481410817358,21.0066561406973,7.58666966162597,11.1492203603109,19.5077354192724,14.8160140310847,5.42933654968481,12.0253087297353,"M_TEGR",13
"129","GHB-124",112.361,38.137,2.2929492330436,2.2929492330436,2.2929492330436,3.65417706114586,3.65417706114586,3.65417706114586,1.78334836775889,0.422120539656625,0,0,5.58879664943622,11.1183302502356,19.4638523938869,6.58297926474024,9.75710242213338,18.1026245657847,12.9891589436226,4.99459940040027,11.5775786651405,"M_TEGR",13
"130","GHB-125",112.362,38.138,2.79969169516815,2.79969169516815,2.79969169516815,3.49279497751501,3.49279497751501,3.49279497751501,1.57794075329845,0.884837470951587,0,0,5.39807123813569,9.84671753590706,18.158097247712,6.59597218005049,9.1536142535602,17.4649939653652,11.7615717601236,4.32336503831791,10.9193372183684,"M_TEGR",13
"131","GHB-126",112.363,38.139,3.17800212223917,3.17800212223917,3.17800212223917,3.17800212223917,3.17800212223917,3.17800212223917,1.17800212223917,1.17800212223917,0,0,5.30473480402554,8.05454198657652,16.3788890701804,6.60893955184945,8.05454198657652,16.3788890701804,10.0545419865765,3.71540753175448,10.3243470836039,"M_TEGR",13
"132","GHB-127",112.364,38.14,3.38059679124645,3.38059679124645,3.38059679124645,3.38059679124645,3.38059679124645,3.38059679124645,1.61629906107006,1.61629906107006,0.235702269823606,0.235702269823606,5.70829853606997,8.1573602684732,16.3833199500675,6.60893955184945,8.1573602684732,16.3833199500675,10.1573602684732,3.61702012974483,10.2259596815943,"M_TEGR",13
"133","GHB-128",112.365,38.141,3.58455009387523,4.39315766247696,4.39315766247696,4.39315766247696,4.39315766247696,3.58455009387523,2.74724175549494,2.74724175549494,1.16269166161971,1.16269166161971,6.85464105321793,8.44049919013736,16.6149481478991,6.60893955184945,9.37460250348123,17.549051461243,11.3746025034812,3.56550940591234,10.1744489577618,"P_DRYT",16
"134","GHB-1+9",112.366,38.142,4.20332584586415,4.20332584586415,4.20332584586415,4.50037010182612,4.77772020548574,4.77772020548574,3.66306176344583,3.06897325152189,1.16269166161971,1.16269166161971,6.72521603443252,8.68635159847382,16.4125473749106,7.7593483793749,9.3205863382868,17.3241322183832,11.9146748502107,4.38368370154019,10.87498449568,"P_DRYT",16
"135","GHB-129",112.367,38.143,4.15866544375664,4.15866544375664,4.15866544375664,4.15866544375664,4.15866544375664,4.15866544375664,2.43647770134769,2.43647770134769,0.235702269823606,0.235702269823606,5.47718670809664,6.60663512592623,14.5037939152934,6.38491370341056,6.9036793818882,14.8008381712554,8.86156939412075,3.47013509818919,9.85504880159976,"P_DRYT",16
"136","GHB-130",112.368,38.144,4.1258974310715,5.31882529980456,5.31882529980456,5.31882529980456,5.31882529980456,4.1258974310715,2.44264661791263,2.44264661791263,0,0,4.95057609487432,6.31572678252752,14.4822157410041,6.35803884857587,6.31572678252752,14.4822157410041,7.99897759568639,3.49170092305961,9.84973977163548,"M_TEGR",13
"137","GHB-131",112.369,38.145,3.86431007416028,3.86431007416028,3.86431007416028,4.68678840214224,4.68678840214224,4.68678840214224,3.00353758898337,2.18105926100141,0,0,5.54265895805062,7.73028797368578,15.7589840933727,6.4116759899421,7.20485390166579,15.2335500213527,9.71058304280662,4.12274927088566,10.5344252608278,"M_TEGR",13
"138","GHB-132",112.37,38.146,3.66085937764523,3.66085937764523,3.66085937764523,3.66085937764523,3.66085937764523,3.66085937764523,1.92880857007636,1.92880857007636,0,0,5.35444719811804,6.71959788577124,13.8666274200144,6.4516112716127,6.71959788577124,13.8666274200144,8.45164869334011,2.42746907019936,8.87908034181206,"M_TEGR",13
"139","GHB-133",112.371,38.147,3.49714315642771,3.49714315642771,3.49714315642771,3.60374353166157,3.60374353166157,3.60374353166157,1.8716927240927,1.8716927240927,0.106600375233861,0.106600375233861,6.56490481922102,8.38649253327709,14.8381038048898,7.10424128164901,8.91970330773687,15.3713145793496,10.6517541153057,1.73205080756888,8.18366207918158,"P_DRYT",16
"140","GHB-134",112.372,38.148,4.03035393088749,4.03035393088749,4.03035393088749,4.45675536146671,4.45675536146671,4.45675536146671,2.72470455389783,2.19149377943805,0.426401430579214,0.426401430579214,6.71075937863261,10.3697204226294,17.2852679679864,6.89258417549223,11.0628237049762,17.9783712503333,13.3280852870049,3.06996090475734,9.18080912738569,"P_DRYT",16
"141","GHB-135",112.373,38.149,4.00998517887987,4.68935139823435,4.68935139823435,4.68935139823435,4.68935139823435,4.00998517887987,2.27793437131099,2.27793437131099,0,0,6.70095532709236,10.2800892869066,16.1186713921784,5.83858210527179,10.2800892869066,16.1186713921784,12.0121400944755,1.73205080756888,7.57063291284067,"M_TEGR",13
"142","GHB-136",112.374,38.15,4.27859375831603,6.39991410187567,6.39991410187567,6.83540826946004,6.83540826946004,4.71408792590039,2.54654295074715,2.54654295074715,0,0,6.54691176117907,9.87706741651729,15.7156495217891,5.83858210527179,9.87706741651729,15.7156495217891,11.6091182240862,1.73205080756888,7.57063291284067,"M_TEGR",13
"143","GHB-137",112.375,38.151,3.96682416898445,5.23780198153666,5.23780198153666,5.23780198153666,5.23780198153666,3.96682416898445,3.22120578492758,3.22120578492758,1.08012346516498,1.08012346516498,7.37078889395167,9.33921537368137,16.7241281844827,7.30820957099802,9.87242614814115,17.2573389589425,11.698167997363,2.89314257060065,9.2106546600232,"P_DRYT",16
"144","GHB-138",112.376,38.152,3.56618934914823,3.56618934914823,3.56618934914823,3.56618934914823,3.56618934914823,3.56618934914823,1.74044749992638,1.74044749992638,0,0,5.97140948994015,8.42137193632981,16.5455203792413,6.91286272104401,8.42137193632981,16.5455203792413,10.2471137855517,3.03702757108932,9.94989029213333,"M_TEGR",13
"145","GHB-139",112.377,38.153,3.43732243982226,4.45637175168112,4.45637175168112,4.45637175168112,4.45637175168112,3.43732243982226,1.61158059060042,1.61158059060042,0,0,6.02546857277476,8.16328405284766,16.2548150821489,6.94991870456051,8.16328405284766,16.2548150821489,9.98902590206951,2.9673541739626,9.91727287852311,"M_TEGR",13
"146","GHB-140",112.378,38.154,3.34757605180665,3.34757605180665,3.34757605180665,4.17005437978861,4.17005437978861,4.17005437978861,2.48680356662974,1.66432523864778,0,0,6.60085962069145,10.5237315260213,18.4025844580137,6.73724060725161,10.7349976055212,18.6138505375136,13.2407267466621,3.64734146588159,10.3845820731332,"P_DRYT",16
"147","GHB-141",112.379,38.155,2.79635597855179,3.07370608221141,3.07370608221141,3.07370608221141,3.07370608221141,2.79635597855179,1.88348506763393,1.88348506763393,0,0,6.62690070022904,8.44848841428511,15.9199934722933,6.19434120790904,8.44848841428511,15.9199934722933,9.36135932520297,2.19003476101698,8.38437596892601,"M_TEGR",13
"148","GHB-142",112.38,38.156,2.16116322844898,3.27056360703193,3.27056360703193,4.04311515166092,5.3229670145122,4.21356663592925,4.0822602004434,3.76603243442656,1.60486920597759,1.60486920597759,6.38990597788695,10.2006537949713,17.6532415478117,5.94034266688379,10.2006537949713,17.6532415478117,10.2006537949713,1.51224508595664,7.45258775284043,"M_TEGR",13
"149","GHB-143",112.381,38.157,2.23968714333051,4.06893666157563,4.06893666157563,4.06893666157563,4.06893666157563,2.23968714333051,2.23968714333051,2.23968714333051,0,0,6.22053309309214,9.14852846258086,16.7164116195879,6.89258417549223,9.68173923704065,17.2496223940477,9.68173923704065,1.45703493437872,7.56788315700706,"P_DRYT",16
"150","GHB-144",112.382,38.158,3.97014958201034,5.51436957929052,5.51436957929052,5.51436957929052,5.83059734530736,4.28637734802718,2.87216378565408,2.25889176367528,0,0,6.55246463409365,9.0583868995866,16.477820171247,6.20814754979293,9.0583868995866,16.477820171247,10.7696447179217,2.92254354020254,9.13069108999547,"M_TEGR",13
"151","GHB-145",112.383,38.159,3.56892883295674,4.58797814481559,4.58797814481559,4.58797814481559,4.58797814481559,3.56892883295674,3.35805783647597,3.35805783647597,1.08012346516498,1.08012346516498,7.76996539129996,9.23675049931296,16.5672197178423,6.26306849715058,9.23675049931296,16.5672197178423,10.5277449609587,2.35839518302456,8.62146368017514,"M_TEGR",13
"152","GHB-146",112.384,38.16,2.23968714333051,2.23968714333051,2.23968714333051,2.23968714333051,2.23968714333051,2.23968714333051,2.23968714333051,2.23968714333051,0,0,6.49814047266559,7.92833434064294,15.3132471514443,6.31751208942254,7.92833434064294,15.3132471514443,7.92833434064294,1.06740072137881,7.38491281080135,"M_TEGR",13
"153","GHB-1+10",112.385,38.161,2.23968714333051,2.23968714333051,2.23968714333051,2.23968714333051,2.23968714333051,2.23968714333051,2.23968714333051,2.23968714333051,0,0,6.34308591670009,7.77327978467743,15.1852391983531,6.34455869229689,7.77327978467743,15.1852391983531,7.77327978467743,1.06740072137881,7.4119594136757,"M_TEGR",13
"154","GHB-147",112.386,38.162,3.31981060849549,4.43091740239682,4.43091740239682,4.43091740239682,4.43091740239682,3.31981060849549,2.23968714333051,2.23968714333051,0,0,6.88308326101174,8.31327712898909,15.7521682568584,6.37149040649046,8.31327712898909,15.7521682568584,9.39340059415406,2.14752418654379,8.51901459303425,"M_TEGR",13
"155","GHB-148",112.387,38.163,3.63605948480222,3.63605948480222,3.63605948480222,4.43576314238295,4.43576314238295,4.43576314238295,4.13737563008185,3.14722809177302,0.888336328097742,0.888336328097742,7.21609664325237,9.58319384690654,16.7893999895379,6.13880542125257,8.89009056455967,16.0962967071911,10.9603615680335,3.13767172485262,9.2764771461052,"M_TEGR",13
"156","GHB-149",112.388,38.164,2.29681910476206,2.29681910476206,2.29681910476206,2.29681910476206,2.29681910476206,2.29681910476206,2.29681910476206,2.29681910476206,0,0,5.64546084350142,6.87020571489301,14.9601616927093,5.91144694639138,6.87020571489301,14.9601616927093,6.87020571489301,2.17850903142493,8.08995597781632,"M_TEGR",13
"157","GHB-150",112.389,38.165,2.37085438186321,3.56378225059627,3.56378225059627,4.39229942000195,4.39229942000195,3.19937155126889,2.37085438186321,2.37085438186321,0.82851716940568,0.82851716940568,6.13397597768472,5.30545880827904,13.9469971835428,5.89694607402849,5.30545880827904,13.9469971835428,5.30545880827904,2.74459230123529,8.64153837526377,"M_TEGR",13
"158","GHB-151",112.39,38.166,0.912870910917858,0.912870910917858,0.912870910917858,0.912870910917858,0.912870910917858,0.912870910917858,1.08012346516498,1.08012346516498,1.08012346516498,1.08012346516498,7.02352605328902,7.64302946502681,17.047505124073,6.16663579271551,8.17624023948659,17.5807158985327,9.08911115040445,4.1507107772485,10.317346569964,"P_DRYT",16
"159","GHB-152",112.391,38.167,0,0,0,0,0,0,0,0,0,0,4.38341031618077,5.7030236307544,14.9803130849694,6.33104983395329,5.7030236307544,14.9803130849694,5.7030236307544,2.94623962026173,9.27728945421502,"M_TEGR",13
"160","GHB-153",112.392,38.168,0,0,0,0,0,0,0,0,0,0,5.78382733418934,7.31664137577861,16.4959705063485,6.55691627215111,7.31664137577861,16.4959705063485,7.31664137577861,2.62241285841875,9.17932913056986,"M_TEGR",13
"161","GHB-154",112.393,38.169,0.912870910917858,0.912870910917858,0.912870910917858,2.20006269926954,2.20006269926954,2.20006269926954,3.27325432513143,1.98606253677975,1.98606253677975,1.98606253677975,8.22231963093457,11.1096638951883,19.7965759982507,7.389006320636,10.1195163627986,18.8064284658609,12.3195790620681,4.48866596327141,10.8869748023319,"M_TEGR",13
"162","GHB-155",112.394,38.17,0,0,0,0,0,0,1.73738841368302,1.73738841368302,1.73738841368302,1.73738841368302,7.18453711736277,8.58834973230945,15.9732625431108,6.31751208942254,8.58834973230945,15.9732625431108,8.58834973230945,1.06740072137881,7.38491281080135,"M_TEGR",13
"163","GHB-156",112.395,38.171,0.952450625546535,1.87231681146707,1.87231681146707,1.87231681146707,1.87231681146707,0.952450625546535,2.39903024658369,1.86870016069378,1.44657962103716,1.44657962103716,7.9443851821933,9.52136723910914,15.7157084470182,6.19434120790904,9.52136723910914,15.7157084470182,9.52136723910914,0,6.19434120790904,"M_TEGR",13
"164","GHB-157",112.396,38.172,2.81337723598814,2.81337723598814,2.81337723598814,2.81337723598814,2.81337723598814,2.81337723598814,2.70573159385278,2.70573159385278,0.892354357864632,0.892354357864632,8.58045816924396,10.6058381755369,15.8739901285466,6.25884943458519,10.6058381755369,15.8739901285466,11.6058381755369,1,6.26815195300971,"M_TEGR",13
"165","GHB-158",112.397,38.173,2.05880086458113,2.05880086458113,2.05880086458113,2.05880086458113,2.05880086458113,2.05880086458113,2.05880086458113,2.05880086458113,0,0,6.19792594341042,9.19095516708625,13.5325349486865,4.34157978160024,9.19095516708625,13.5325349486865,9.19095516708625,0,4.34157978160024,"M_TEGR",13
"166","GHB-159",112.398,38.174,2.33413024486638,2.33413024486638,2.33413024486638,2.33413024486638,2.33413024486638,2.33413024486638,2.33413024486638,2.33413024486638,0,0,7.93166563090679,10.855993826094,15.7629691594985,4.34157978160024,10.855993826094,15.7629691594985,10.855993826094,0.565395551804221,4.90697533340446,"M_TEGR",13
"167","GHB-160",112.399,38.175,3.27793437131099,3.27793437131099,3.27793437131099,3.81114514577077,3.81114514577077,3.81114514577077,3.59288109863465,3.05967032417487,0.781735952863881,0.781735952863881,7.77379565389519,10.4495986706783,17.0495938341082,6.03131801661557,11.0409793331413,17.6409744965712,12.5741901076011,3.34166088436052,8.13320593788971,"P_DRYT",16
"168","GHB-161",112.4,38.176,2.18105926100141,2.86042548035589,2.86042548035589,2.86042548035589,2.86042548035589,2.18105926100141,2.18105926100141,2.18105926100141,0,0,5.13510077549112,6.75881221632907,14.0891179759733,5.76479635373185,6.75881221632907,14.0891179759733,6.75881221632907,1.56550940591234,7.33030575964418,"M_TEGR",13
"169","GHB-162",112.401,38.177,2.97167177549899,5.04716986029695,5.04716986029695,5.87974526228766,5.87974526228766,3.8042471774897,2.89137626657184,2.89137626657184,0.832575401990715,0.832575401990715,5.66491502730558,7.58372147924386,14.8221553529559,6.09682154897123,7.58372147924386,14.8221553529559,8.49659239016172,2.05448323565862,8.15130478462985,"M_TEGR",13
"170","GHB-163",112.402,38.178,4.16487654757615,5.08474273349669,5.08474273349669,5.88444639107741,5.88444639107741,4.96458020515687,3.51024818052097,2.8171448981741,0.888336328097742,0.888336328097742,6.84357326503278,12.78211147082,19.6143085459306,5.76479635373185,12.0890081884731,18.9212052635838,15.0181794483197,3.99657198122546,9.76136833495731,"M_TEGR",13
"171","GHB-164",112.403,38.179,3.1280382825711,3.1280382825711,3.1280382825711,3.1280382825711,3.1280382825711,3.1280382825711,1.83704382092535,1.83704382092535,0,0,7.22893006797204,9.508562476426,15.74568533734,5.16972213953516,9.508562476426,15.74568533734,10.7995569380718,2.35839518302456,7.52811732255972,"M_TEGR",13
"172","GHB-1+11",112.404,38.18,2.81337723598814,2.81337723598814,2.81337723598814,2.81337723598814,2.81337723598814,2.81337723598814,1.81337723598814,1.81337723598814,0,0,8.26641738344247,9.87589493562561,15.9617547830709,5.01845912606649,9.87589493562561,15.9617547830709,10.8758949356256,2.06740072137881,7.0858598474453,"M_TEGR",13
"173","GHB-165",112.405,38.181,2.83704382092535,2.83704382092535,2.83704382092535,3.24068845212118,3.24068845212118,3.24068845212118,2.24068845212118,1.94364419615921,0.106600375233861,0.106600375233861,8.32077413242481,10.4355982640515,16.4180304197143,6.70492073253684,10.1385540080895,16.1209861637523,11.4355982640515,2.36444497734078,7.2794764116248,"M_TEGR",13
"174","GHB-166",112.406,38.182,1.95107547265604,1.95107547265604,1.95107547265604,1.95107547265604,1.95107547265604,1.95107547265604,1.95107547265604,1.95107547265604,0,0,8.3005968250153,8.3005968250153,14.1056346156513,5.90032873087691,8.3005968250153,14.1056346156513,8.3005968250153,1.06740072137881,5.80503779063601,"M_TEGR",13
"175","GHB-167",112.407,38.183,2.0164013737349,2.0164013737349,2.0164013737349,2.0164013737349,2.0164013737349,2.0164013737349,2.0164013737349,2.0164013737349,0,0,8.17849524947568,8.17849524947568,13.8552966911217,5.3911366731311,8.17849524947568,13.8552966911217,8.17849524947568,1.06740072137881,5.67680144164603,"M_TEGR",13
"176","GHB-168",112.408,38.184,2.10034449555305,2.10034449555305,2.10034449555305,2.10034449555305,2.10034449555305,2.10034449555305,2.10034449555305,2.10034449555305,0,0,8.20527260714404,8.20527260714404,13.8624592032262,4.51557427134135,8.20527260714404,13.8624592032262,8.20527260714404,1.14161232474076,5.65718659608211,"M_TEGR",13
"177","GHB-169",112.409,38.185,2.1208111655685,2.1208111655685,2.1208111655685,2.1208111655685,2.1208111655685,2.1208111655685,2.1208111655685,2.1208111655685,0,0,8.12530017652143,8.25660661200728,13.837304315517,4.43908537876892,8.25660661200728,13.837304315517,8.25660661200728,1.14161232474076,5.58069770350968,"M_TEGR",13
"178","GHB-170",112.41,38.186,2.54933061430895,2.54933061430895,2.54933061430895,2.54933061430895,2.54933061430895,2.54933061430895,2.1410823197626,2.1410823197626,0,0,8.15185630429836,9.1773923104922,14.6305114802923,4.24183344793263,9.1773923104922,14.6305114802923,9.58564060503854,1.61953401641382,5.86136746434644,"M_TEGR",13
"179","GHB-171",112.411,38.187,3.31981060849549,3.31981060849549,3.31981060849549,3.31981060849549,3.31981060849549,3.31981060849549,2.23968714333051,2.23968714333051,0,0,8.05122579330765,9.55409661277285,14.8023407897237,4.18084345557209,9.55409661277285,14.8023407897237,10.6342200779378,2.14752418654379,6.32836764211588,"M_TEGR",13
"180","GHB-172",112.412,38.188,4.05220578355318,4.05220578355318,4.05220578355318,4.05220578355318,4.05220578355318,4.05220578355318,3.07089900855024,3.07089900855024,0.490653380707807,0.490653380707807,8.88974305052313,10.3064257702444,15.3661135554502,4.98298454540243,10.3064257702444,15.3661135554502,11.7783859259551,2.53936087708955,6.5316479409165,"M_TEGR",13
"181","GHB-173",112.413,38.189,4.32343301661919,4.32343301661919,4.32343301661919,4.32343301661919,4.32343301661919,4.32343301661919,2.96942662815568,2.96942662815568,0,0,7.25232664129033,8.63572575217627,13.7297591310909,3.81686952881547,8.63572575217627,13.7297591310909,9.98973214063978,2.63117023856263,6.4480397673781,"M_TEGR",13
"182","GHB-174",112.414,38.19,3.8667045400444,4.14405464370402,4.14405464370402,4.14405464370402,4.14405464370402,3.8667045400444,3.8667045400444,3.8667045400444,0,0,7.40833882763962,7.40833882763962,12.5683899650615,3.70301620304314,7.40833882763962,12.5683899650615,7.40833882763962,1.45703493437872,5.16005113742186,"M_TEGR",13
"183","GHB-175",112.415,38.191,3.27385743428146,3.79273195668548,3.79273195668548,3.79273195668548,3.79273195668548,3.27385743428146,3.27385743428146,3.27385743428146,0,0,7.28651875529562,7.28651875529562,12.9940555212432,4.80618868198553,7.28651875529562,12.9940555212432,7.28651875529562,1.98147154912706,5.70753676594762,"M_TEGR",13
"184","GHB-176",112.416,38.192,3.77406017371231,3.77406017371231,3.77406017371231,3.77406017371231,4.62522983952519,4.62522983952519,4.21698154497884,3.68665145908893,0.851169665812874,0.851169665812874,8.22079173239743,9.07196139821031,15.2879884997932,5.49680683736155,9.07196139821031,15.2879884997932,9.48020969275665,2.69685155854821,6.62427539612928,"M_TEGR",13
"185","GHB-177",112.417,38.193,2.69488756722799,2.69488756722799,2.69488756722799,3.82162401931259,3.82162401931259,3.82162401931259,3.82162401931259,3.28841324485281,0.593525677624819,0.593525677624819,8.24888543317698,10.3956166754338,16.9129038697052,5.84600258562536,9.86240590097403,16.3796930952455,10.3956166754338,2.99438468135868,7.05049796873121,"M_TEGR",13
"186","GHB-178",112.418,38.194,2.678810556945,2.678810556945,2.678810556945,2.678810556945,2.678810556945,2.678810556945,2.678810556945,2.678810556945,0,0,6.1840809341405,7.74325844167452,13.0128975557076,4.77266412333796,7.74325844167452,13.0128975557076,7.74325844167452,0.987628371402928,5.26963911403308,"M_TEGR",13
"187","GHB-179",112.419,38.195,2.678810556945,2.678810556945,2.678810556945,2.678810556945,2.678810556945,2.678810556945,2.678810556945,2.678810556945,0,0,7.12315533841401,8.56752610106465,12.9287814249364,4.36125532387179,8.56752610106465,12.9287814249364,8.56752610106465,0,4.36125532387179,"M_TEGR",13
"188","GHB-180",112.42,38.196,2.16116322844898,2.16116322844898,2.16116322844898,2.16116322844898,2.43851333210859,2.43851333210859,2.16116322844898,2.16116322844898,0,0,7.16535629988722,8.62446428907162,12.4032274727845,5.11519934389603,9.28121749875587,13.3373307861284,9.28121749875587,0.277350103659617,4.33346339103215,"P_DRYT",16
"189","GHB-181",112.421,38.197,1.41153838063299,1.41153838063299,1.41153838063299,1.41153838063299,1.41153838063299,1.41153838063299,1.41153838063299,1.41153838063299,0,0,6.66440439949438,6.66440439949438,10.2737529556746,3.60934855618019,6.66440439949438,10.2737529556746,6.66440439949438,0,3.60934855618019,"M_TEGR",13
"190","GHB-182",112.422,38.198,1.80933307374176,1.80933307374176,1.80933307374176,2.10637732970373,2.10637732970373,2.10637732970373,1.63497281834078,1.33792856237881,0.235702269823606,0.235702269823606,8.32007959413659,8.38142158027495,12.1398454878005,3.85444112668703,8.08437732431298,11.8428012318385,9.0885283614615,1.39878719869482,4.76257494467405,"M_TEGR",13
"191","GHB-1+12",112.423,38.199,2.25831271305481,2.25831271305481,2.25831271305481,2.25831271305481,2.25831271305481,2.25831271305481,1.44181611171467,1.44181611171467,0,0,9.30519950484316,12.5534037567724,17.3819398841252,4.93530904591378,13.4875070701163,18.3160431974691,14.3040036714565,2.15630330381628,5.64503272869291,"P_DRYT",16
"192","GHB-183",112.424,38.2,1.88348506763393,1.88348506763393,1.88348506763393,1.88348506763393,1.88348506763393,1.88348506763393,1.88348506763393,1.88348506763393,0,0,9.03157850258747,10.1561699395102,15.1053251981666,4.84912151926657,10.1561699395102,15.1053251981666,10.1561699395102,1.33980670247614,4.94915525865633,"M_TEGR",13
"193","GHB-184",112.425,38.201,2.23968714333051,2.23968714333051,2.23968714333051,2.23968714333051,2.23968714333051,2.23968714333051,2.23968714333051,2.23968714333051,0,0,8.81187223516744,9.84561664264929,14.8884395481686,4.69371368461862,9.84561664264929,14.8884395481686,9.84561664264929,1.33980670247614,5.04282290551928,"M_TEGR",13
"194","GHB-185",112.426,38.202,2.49513566765417,2.49513566765417,2.49513566765417,2.49513566765417,2.49513566765417,2.49513566765417,2.49513566765417,2.49513566765417,0,0,8.54792152872765,9.5816659362095,14.693213218312,4.66409493749097,9.5816659362095,14.693213218312,9.5816659362095,1.33980670247614,5.11154728210248,"M_TEGR",13
"195","GHB-186",112.427,38.203,2.80484767857365,2.80484767857365,2.80484767857365,2.80484767857365,2.80484767857365,2.80484767857365,2.80484767857365,2.80484767857365,0,0,8.36118474894838,9.29528806229225,14.6005000721426,4.68729929251157,9.29528806229225,14.6005000721426,9.29528806229225,1.39964867020263,5.30521200985032,"M_TEGR",13
"196","GHB-187",112.428,38.204,3.05546281273394,3.05546281273394,3.05546281273394,3.05546281273394,3.05546281273394,3.05546281273394,3.05546281273394,3.05546281273394,0,0,8.06443604036453,8.7575393227114,14.2405680844681,3.97078367580003,8.7575393227114,14.2405680844681,8.7575393227114,1.51224508595664,5.48302876175667,"M_TEGR",13
"197","GHB-188",112.429,38.205,3.30014067881962,3.30014067881962,3.30014067881962,3.30014067881962,3.30014067881962,3.30014067881962,3.30014067881962,3.30014067881962,0,0,7.75346393392098,8.28667470838077,13.9082974016656,4.05611328737253,8.28667470838077,13.9082974016656,8.28667470838077,1.56550940591234,5.62162269328487,"M_TEGR",13
"198","GHB-189",112.43,38.206,3.52788952491429,3.52788952491429,3.52788952491429,3.52788952491429,3.52788952491429,3.52788952491429,3.52788952491429,3.52788952491429,0,0,7.43857678042787,7.43857678042787,13.1952811976516,4.13968428747894,7.43857678042787,13.1952811976516,7.43857678042787,1.61702012974483,5.75670441722377,"M_TEGR",13
"199","GHB-190",112.431,38.207,3.73023953654454,3.73023953654454,3.73023953654454,3.73023953654454,3.73023953654454,3.73023953654454,3.73023953654454,3.73023953654454,0,0,7.29047737516546,7.29047737516546,13.2746216090128,4.2216013549363,7.29047737516546,13.2746216090128,7.29047737516546,1.76254287891104,5.98414423384733,"M_TEGR",13
"200","GHB-191",112.432,38.208,3.91113487366519,3.91113487366519,3.91113487366519,3.91113487366519,3.91113487366519,3.91113487366519,3.91113487366519,3.91113487366519,0,0,7.02704861012003,7.4625427777044,13.5928075527661,4.32181466516092,7.4625427777044,13.5928075527661,7.4625427777044,1.80845010990074,6.13026477506166,"M_TEGR",13
"201","GHB-192",112.433,38.209,4.05217059117703,4.05217059117703,4.05217059117703,4.05217059117703,4.05217059117703,4.05217059117703,4.05217059117703,4.05217059117703,0,0,6.8000438638132,7.64081529529741,13.894378276135,4.40034248667078,7.64081529529741,13.894378276135,7.64081529529741,1.85322049416684,6.25356298083763,"M_TEGR",13
"202","GHB-193",112.434,38.21,4.22951167394062,4.22951167394062,4.22951167394062,4.22951167394062,4.22951167394062,4.22951167394062,4.22951167394062,4.22951167394062,0,0,6.42165502713747,7.35937049570989,13.7991726741196,4.45833062928267,7.35937049570989,13.7991726741196,7.35937049570989,1.98147154912706,6.43980217840973,"M_TEGR",13
"203","GHB-194",112.435,38.211,4.38988137652944,4.38988137652944,4.38988137652944,4.38988137652944,4.38988137652944,4.38988137652944,4.38988137652944,4.38988137652944,0,0,6.14419241779796,7.25060007323063,13.8476415547294,4.53449490020664,7.25060007323063,13.8476415547294,7.25060007323063,2.06254658129217,6.5970414814988,"M_TEGR",13
"204","GHB-195",112.436,38.212,4.62001001081167,4.62001001081167,4.62001001081167,4.62001001081167,4.62001001081167,4.62001001081167,4.62001001081167,4.62001001081167,0,0,5.79588924527096,7.04847277541975,13.7389571263886,4.62793776967668,7.04847277541975,13.7389571263886,7.04847277541975,2.06254658129217,6.69048435096885,"M_TEGR",13
"205","GHB-196",112.437,38.213,5.51070974094085,5.51070974094085,5.51070974094085,5.51070974094085,5.51070974094085,5.51070974094085,4.69421313960071,4.69421313960071,0,0,5.20355142196754,6.45613495211633,13.367426758987,5.46201011562165,6.45613495211633,13.367426758987,7.27263155345647,2.91840830262543,7.72778840821076,"M_TEGR",13
"206","GHB-197",112.438,38.214,5.13657237335454,5.13657237335454,5.13657237335454,5.66978314781432,5.66978314781432,5.66978314781432,4.66978314781432,4.13657237335454,0,0,5.30109434992411,7.15391843895752,14.2689294684175,5.54311782887565,6.62070766449774,13.7357186939578,8.15391843895752,3.59575735575195,8.64822180391979,"M_TEGR",13
"207","GHB-198",112.439,38.215,3.61258300942691,3.61258300942691,3.61258300942691,3.61258300942691,3.61258300942691,3.61258300942691,3.61258300942691,3.61258300942691,0,0,5.66712848142287,7.05052759230881,14.3573216320028,5.28437867681717,7.05052759230881,14.3573216320028,7.05052759230881,2.02241536287678,7.30679403969395,"M_TEGR",13
"208","GHB-199",112.44,38.216,3.18015581379278,3.18015581379278,3.18015581379278,3.18015581379278,3.18015581379278,3.18015581379278,3.18015581379278,3.18015581379278,0,0,5.81370697421976,7.31657779368496,14.6475000598145,5.56837938721851,7.31657779368496,14.6475000598145,7.31657779368496,1.76254287891104,7.33092226612955,"M_TEGR",13
"209","GHB-200",112.441,38.217,2.43775962985704,3.11712584921152,3.11712584921152,3.11712584921152,3.11712584921152,2.43775962985704,1.86040936355416,1.86040936355416,0,0,6.13987412356896,7.85594567004981,15.2892917301304,5.86783665416821,7.85594567004981,15.2892917301304,8.43329593635268,2.14285967221521,8.01069632638342,"M_TEGR",13
"210","GHB-1+13",112.442,38.218,3.11207531461628,3.79144153397076,3.79144153397076,3.79144153397076,4.06879163763038,3.3894254182759,2.07520347458304,2.07520347458304,0.490653380707807,0.490653380707807,6.90032157184907,9.62842713307374,16.5309027783909,6.54429645676033,10.5597061288487,17.7395318778254,12.0872313495897,3.37038473031301,8.9847010733774,"P_DRYT",16
"211","GHB-201",112.443,38.219,3.08457565345028,3.08457565345028,3.08457565345028,3.08457565345028,3.08457565345028,3.08457565345028,1.55705043270923,1.55705043270923,0,0,6.82900529502649,9.87271963080088,16.8348287068759,5.39659967016268,9.87271963080088,16.8348287068759,11.4002448515419,3.09303462665339,8.48963429681607,"M_TEGR",13
"212","GHB-202",112.444,38.22,2.8764709016341,2.8764709016341,2.8764709016341,2.8764709016341,2.8764709016341,2.8764709016341,1.34894568089304,1.34894568089304,0,0,7.23261648763011,10.3289022198214,17.1655642202994,5.16972213953516,10.3289022198214,17.1655642202994,11.8564274405625,3.19446508168385,8.36418722121901,"M_TEGR",13
"213","GHB-203",112.445,38.221,2.74164302803983,2.74164302803983,2.74164302803983,2.74164302803983,2.74164302803983,2.74164302803983,1.21411780729878,1.21411780729878,0,0,7.52468712239066,10.4577518098332,17.0707404792515,4.89758113766378,10.4577518098332,17.0707404792515,11.9852770305743,3.24293275249553,8.14051389015931,"M_TEGR",13
"214","GHB-204",112.446,38.222,2.60319618589223,2.60319618589223,2.60319618589223,2.60319618589223,2.60319618589223,2.60319618589223,2.2398872790042,2.2398872790042,0.990697481575481,0.990697481575481,9.36635619188404,11.2502233409365,17.6591670850335,5.63709834676135,11.5472675968985,17.9562113409954,12.901273985362,3.11654926737455,7.76295013256042,"P_DRYT",16
"215","GHB-205",112.447,38.223,3.98588202887374,3.98588202887374,3.98588202887374,3.98588202887374,3.98588202887374,3.98588202887374,3.34751757726431,3.34751757726431,0.652630010036314,0.652630010036314,9.00322483437397,11.0308432711142,17.3257209017337,5.40967372254057,11.564054045574,17.8589316761935,12.8550485072198,2.95793432258855,7.58587209226523,"P_DRYT",16
"216","GHB-206",112.448,38.224,3.70227541725967,3.70227541725967,3.70227541725967,4.63637873060354,4.63637873060354,4.63637873060354,3.72350781968568,2.78940450634181,0,0,7.7989980740411,11.2342935027564,17.4645937935852,5.1554442656243,10.8334009638723,17.0637012547011,12.680375188134,3.41248363017407,8.07727451509056,"M_TEGR",13
"217","GHB-207",112.449,38.225,3.88497114373863,3.88497114373863,3.88497114373863,4.1820153997006,4.49824316571744,4.49824316571744,3.41811970055246,2.80484767857365,0,0,7.46140100147162,10.3887413437264,17.03500377777,4.66479088491649,10.7848003701113,17.4310628041549,12.1619680912383,3.35863927025401,8.0234301551705,"P_DRYT",16
"218","GHB-208",112.45,38.226,2.05880086458113,2.05880086458113,2.05880086458113,2.05880086458113,2.05880086458113,2.05880086458113,3.22149252620084,3.22149252620084,1.16269166161971,1.16269166161971,6.89254664137048,8.86193595157144,15.6601681676525,5.09171538880523,9.39514672603122,16.1933789421123,9.39514672603122,2.35914683731217,6.79823221608109,"P_DRYT",16
"219","GHB-209",112.451,38.227,1.41153838063299,1.41153838063299,1.41153838063299,1.41153838063299,1.41153838063299,1.41153838063299,1.41153838063299,1.41153838063299,0,0,6.28035484666273,9.61788481506915,15.8813671068264,4.28201074263015,10.1510955895289,16.4145778812861,10.1510955895289,1.98147154912706,6.26348229175721,"P_DRYT",16
"220","GHB-210",112.452,38.228,1.31653383929165,1.31653383929165,1.31653383929165,1.31653383929165,1.31653383929165,1.31653383929165,1.96916384932796,1.96916384932796,0.652630010036314,0.652630010036314,8.53713391277845,11.5628181509754,16.8017019012428,4.32988846077258,11.5628181509754,16.8017019012428,11.5628181509754,1.39964867020263,5.23888375026741,"M_TEGR",13
"221","GHB-211",112.453,38.229,3.69488756722799,3.69488756722799,3.69488756722799,3.69488756722799,3.69488756722799,3.69488756722799,3.34751757726431,3.34751757726431,0.652630010036314,0.652630010036314,8.53713391277845,11.3439646437848,15.8541324937193,4.92168319338215,11.3439646437848,15.8541324937193,12.3439646437848,1.9008192937543,5.51016784993449,"M_TEGR",13
"222","GHB-212",112.454,38.23,2.71086923329031,2.71086923329031,2.71086923329031,2.71086923329031,2.71086923329031,2.71086923329031,3.36349924332663,3.36349924332663,0.652630010036314,0.652630010036314,7.96036767679216,10.2353311970718,14.5872317856543,5.59536326608225,10.2353311970718,14.5872317856543,10.2353311970718,0.695418262630483,4.35190058858257,"M_TEGR",13
"223","GHB-213",112.455,38.231,2.62998982887767,3.30935604823215,3.30935604823215,3.440662483718,3.440662483718,2.76129626436352,3.28261983891398,3.28261983891398,0.652630010036314,0.652630010036314,7.83897245177909,9.77687135372032,14.5169257275394,5.87138409034921,9.77687135372032,14.5169257275394,9.77687135372032,0.900819293754302,4.74005437381908,"M_TEGR",13
"224","GHB-214",112.456,38.232,2.40701817608426,2.40701817608426,2.40701817608426,3.22949650406622,3.22949650406622,3.22949650406622,3.88212651410253,3.05964818612058,0.652630010036314,0.652630010036314,6.96022178503254,9.45348995413299,14.6190025578303,5.83550029600151,8.63101162615103,13.7965242298483,9.45348995413299,1.88987904936077,5.98799093167926,"M_TEGR",13
"225","GHB-215",112.457,38.233,2.10034449555305,2.10034449555305,2.10034449555305,2.10034449555305,2.10034449555305,2.10034449555305,2.88208044841693,2.88208044841693,0.781735952863881,0.781735952863881,7.21046607630195,8.96398363948194,13.265942379405,5.8713417397035,8.96398363948194,13.265942379405,8.96398363948194,0,4.30195873992301,"M_TEGR",13
"226","GHB-216",112.458,38.234,1.95629657861527,1.95629657861527,1.95629657861527,1.95629657861527,1.95629657861527,1.95629657861527,1.24918979742872,1.24918979742872,0,0,7.40744346225486,9.44586746132865,13.9803623615353,5.91558410804225,9.44586746132865,13.9803623615353,10.1529742425152,0.707106781186548,5.24160168139318,"M_TEGR",13
"227","GHB-217",112.459,38.235,1.99041042802934,1.99041042802934,1.99041042802934,2.52362120248912,2.52362120248912,2.52362120248912,2.97920608292228,2.4459953084625,1.16269166161971,1.16269166161971,7.86556947640941,10.8023361852645,15.2220926265178,5.65952940433968,10.2691254108047,14.688881852058,11.5094429664511,1.24031755564633,5.66007399689962,"M_TEGR",13
"228","GHB-218",112.46,38.236,1.34894568089304,1.34894568089304,1.34894568089304,1.34894568089304,1.34894568089304,1.34894568089304,2.24130003875768,2.24130003875768,0.892354357864632,0.892354357864632,7.62075899789632,10.3823863384484,14.6643970810785,5.59434537983211,10.3823863384484,14.6643970810785,10.3823863384484,0,4.28201074263015,"M_TEGR",13
"229","GHB-1+14",112.461,38.237,1.44181611171467,1.44181611171467,1.44181611171467,1.44181611171467,1.44181611171467,1.44181611171467,1.67751838153827,1.67751838153827,0.235702269823606,0.235702269823606,6.95135562597593,10.369635054569,14.5504785101411,5.49317809277405,10.369635054569,14.5504785101411,10.369635054569,0,4.18084345557209,"M_TEGR",13
"230","GHB-219",112.462,38.238,2.26415721389578,2.26415721389578,2.26415721389578,2.26415721389578,2.26415721389578,2.26415721389578,1.55705043270923,1.55705043270923,0,0,7.77020141687825,11.2582914174137,15.3772418905318,5.50003968095373,11.2582914174137,15.3772418905318,11.9653981986003,0.707106781186548,4.82605725430467,"M_TEGR",13
"231","GHB-220",112.463,38.239,2.71175095665472,2.71175095665472,2.71175095665472,2.71175095665472,2.71175095665472,2.71175095665472,1.55705043270923,1.55705043270923,0,0,8.00241258891523,11.4021536946964,16.3049648997436,5.41044651952045,11.4021536946964,16.3049648997436,12.5568542186419,1.95939984667418,6.05751172899267,"M_TEGR",13
"232","GHB-221",112.464,38.24,3.38058500227313,3.38058500227313,3.38058500227313,3.38058500227313,3.38058500227313,3.38058500227313,2.3992782272702,2.10223397130823,0.490653380707807,0.490653380707807,8.81253575466292,11.6758773449011,17.1736378974223,5.33788484540488,11.6758773449011,17.1736378974223,13.4448817565739,3.16865308187535,7.26676496419384,"M_TEGR",13
"233","GHB-222",112.465,38.241,3.2523639562555,3.2523639562555,3.2523639562555,3.78557473071528,3.78557473071528,3.78557473071528,2.98523364977734,2.15497861935559,0.490653380707807,0.490653380707807,8.82782535144783,12.7575884906056,18.6849890736245,5.35872343620451,12.9174809984927,18.8448815815116,15.0387304905602,3.92969960196824,8.04865007508636,"P_DRYT",16
"234","GHB-223",112.466,38.242,2.77812569782695,2.77812569782695,2.77812569782695,2.77812569782695,2.77812569782695,2.77812569782695,2.20077543152408,2.20077543152408,0,0,7.8496946989751,10.543757568618,16.6989368027079,5.74853836096017,10.543757568618,16.6989368027079,11.1211078349209,2.43057076046972,6.73252950039273,"M_TEGR",13
"235","GHB-224",112.467,38.243,2.16116322844898,2.16116322844898,2.16116322844898,2.16116322844898,2.16116322844898,2.16116322844898,2.39686549827258,2.39686549827258,0.235702269823606,0.235702269823606,7.92438325265544,9.40573540829423,15.6532708969639,6.00846837854941,9.40573540829423,15.6532708969639,9.40573540829423,1.80845010990074,6.24753548866966,"M_TEGR",13
"236","GHB-225",112.468,38.244,1.90628158990218,1.90628158990218,1.90628158990218,1.90628158990218,1.90628158990218,1.90628158990218,2.14198385972579,2.14198385972579,0.235702269823606,0.235702269823606,7.89714632432195,9.22062156203236,15.4987387122847,6.25296268502437,9.22062156203236,15.4987387122847,9.22062156203236,1.76254287891104,6.27811715025239,"M_TEGR",13
"237","GHB-226",112.469,38.245,1.66432523864778,1.66432523864778,1.66432523864778,1.66432523864778,1.66432523864778,1.66432523864778,1.66432523864778,1.66432523864778,0,0,7.80981933127368,9.31269015073888,15.5704188327886,5.67091228627187,9.31269015073888,15.5704188327886,9.31269015073888,1.6669398609428,6.25772868204969,"M_TEGR",13
"238","GHB-227",112.47,38.246,1.41153838063299,1.41153838063299,1.41153838063299,1.41153838063299,1.41153838063299,1.41153838063299,1.41153838063299,1.41153838063299,0,0,7.91561290891743,9.29901201980337,15.6173872733396,4.70135512379144,9.29901201980337,15.6173872733396,9.29901201980337,1.61702012974483,6.31837525353627,"M_TEGR",13
"239","GHB-228",112.471,38.247,1.10222629255521,1.10222629255521,1.10222629255521,1.10222629255521,1.10222629255521,1.10222629255521,1.10222629255521,1.10222629255521,0,0,8.09674256398794,9.41635587856157,15.7555086519659,4.77364336749196,9.41635587856157,15.7555086519659,9.41635587856157,1.56550940591234,6.3391527734043,"M_TEGR",13
"240","GHB-229",112.472,38.248,0.884837470951587,0.884837470951587,0.884837470951587,0.884837470951587,0.884837470951587,0.884837470951587,0.884837470951587,0.884837470951587,0,0,8.2606655756071,10.0570101876639,16.4668364112843,4.89758113766378,10.0570101876639,16.4668364112843,10.0570101876639,1.51224508595664,6.40982622362041,"M_TEGR",13
"241","GHB-230",112.473,38.249,1.93237891975312,1.93237891975312,1.93237891975312,1.93237891975312,1.93237891975312,1.93237891975312,1.16808118957673,1.16808118957673,0.235702269823606,0.235702269823606,8.65647492224677,10.8981010539635,17.3773606355705,5.74875044851416,10.8981010539635,17.3773606355705,11.8981010539635,2.51224508595664,7.47925958160692,"M_TEGR",13
"242","GHB-231",112.474,38.25,4.70547975892774,4.70547975892774,4.70547975892774,4.70547975892774,4.70547975892774,4.70547975892774,4.78133751545223,4.78133751545223,0.892354357864632,0.892354357864632,9.33743677067999,10.9816839362254,17.5916102974438,5.33276251111935,10.9816839362254,17.5916102974438,11.7981805375655,2.09366045143926,7.42642296255861,"M_TEGR",13
"243","GHB-232",112.475,38.251,4.45291544410289,4.45291544410289,4.45291544410289,4.45291544410289,4.45291544410289,4.45291544410289,3.63641884276275,3.63641884276275,0,0,5.32545168352825,6.98302317319454,13.71987739913,5.69539264565995,6.98302317319454,13.71987739913,7.79951977453468,2.09366045143926,7.5533508272756,"M_TEGR",13
"244","GHB-233",112.476,38.252,4.39302795168505,4.39302795168505,4.39302795168505,5.04565796172137,5.04565796172137,5.04565796172137,4.22916136038123,4.22916136038123,0.652630010036314,0.652630010036314,5.00458738891584,6.67067925312981,13.6543025727713,5.31668345869867,6.67067925312981,13.6543025727713,7.48717585446995,2.48343646228294,7.8001199209816,"M_TEGR",13
"245","GHB-234",112.477,38.253,4.69435644924594,4.69435644924594,4.69435644924594,5.22756722370572,5.22756722370572,5.22756722370572,5.85765024340274,5.32443946894296,1.44657962103716,1.44657962103716,6.73891329222702,8.12216620440377,15.4703973753639,5.66037552024297,7.58895542994399,14.9371866009041,8.93866280574392,3.52821640722485,8.69793854676002,"M_TEGR",13
"246","GHB-235",112.478,38.254,5.11690594232153,5.11690594232153,5.11690594232153,5.11690594232153,5.11690594232153,5.11690594232153,5.681498548817,5.681498548817,1.38108920783561,1.38108920783561,6.11606656298269,4.73497735514708,11.5379453176198,4.94974746830583,4.73497735514708,11.5379453176198,5.55147395648722,2.66971709550698,7.61946456381282,"M_TEGR",13
"247","GHB-236",112.479,38.255,5.93646424424353,5.93646424424353,5.93646424424353,6.69912395210805,6.97647405576767,6.97647405576767,6.72620677148015,6.72620677148015,2.14374891570014,2.14374891570014,6.43483005245551,5.8078222457627,12.2365033896676,5.17493124132339,5.53047214210308,12.2365033896676,6.8844785305666,3.43980660202387,8.33738773968764,"M_TEGR",13
"248","GHB-1+15",112.48,38.256,4.82535079262207,4.82535079262207,4.82535079262207,5.51845407496894,7.29068574040511,7.29068574040511,6.4200249620315,5.72692167968463,2.12631575845415,2.12631575845415,4.84469424173831,8.28495829527649,14.1998322708595,6.50537495574963,6.78324744432789,13.5067289885126,8.70109559806635,4.53490583224092,9.44993726652494,"M_TEGR",13
"249","GHB-237",112.481,38.257,1.97309110281305,1.97309110281305,1.97309110281305,1.97309110281305,1.97309110281305,1.97309110281305,1.97309110281305,1.97309110281305,0,0,4.6491166902972,5.41782281099613,12.2787373690647,5.05246444816784,5.41782281099613,12.2787373690647,5.41782281099613,1.80845010990074,6.86091455806859,"M_TEGR",13
"250","GHB-238",112.482,38.258,1.76509234885884,1.76509234885884,1.76509234885884,1.76509234885884,1.76509234885884,1.76509234885884,1.76509234885884,1.76509234885884,0,0,5.3358625357106,5.3358625357106,12.3255761915589,5.13649316168142,5.3358625357106,12.3255761915589,5.3358625357106,1.85322049416684,6.98971365584826,"M_TEGR",13
"251","GHB-239",112.483,38.259,1.71544877510231,1.71544877510231,1.71544877510231,2.40855205744917,2.40855205744917,2.40855205744917,3.19028801031305,2.49718472796619,0.781735952863881,0.781735952863881,6.72552018515226,8.29537669764321,15.1328188963493,5.76595765740312,7.89931767125832,14.7367598699644,8.59242095360518,2.54632377651371,7.53054548105295,"M_TEGR",13
"252","GHB-240",112.484,38.26,1.74044749992638,1.74044749992638,1.74044749992638,1.74044749992638,1.74044749992638,1.74044749992638,1.74044749992638,1.74044749992638,0,0,6.00119038191591,7.32080369648954,14.0716053283202,4.89758113766378,7.32080369648954,14.0716053283202,7.32080369648954,1.85322049416684,6.75080163183062,"M_TEGR",13
"253","GHB-241",112.485,38.261,1.71544877510231,1.71544877510231,1.71544877510231,1.71544877510231,1.71544877510231,1.71544877510231,1.71544877510231,1.71544877510231,0,0,6.04388707703908,7.48825783968972,14.1508584394419,4.80938010558533,7.48825783968972,14.1508584394419,7.48825783968972,1.85322049416684,6.66260059975218,"M_TEGR",13
"254","GHB-242",112.486,38.262,1.58455009387523,1.58455009387523,1.58455009387523,1.58455009387523,1.58455009387523,1.58455009387523,1.58455009387523,1.58455009387523,0,0,6.08628433446877,7.53065509711942,14.1034066061224,4.71953101483611,7.53065509711942,14.1034066061224,7.53065509711942,1.85322049416684,6.57275150900296,"M_TEGR",13
"255","GHB-243",112.487,38.263,1.55705043270923,1.55705043270923,1.55705043270923,1.55705043270923,1.55705043270923,1.55705043270923,1.55705043270923,1.55705043270923,0,0,6.11438582361303,7.67356333114705,14.1547215949906,4.62793776967668,7.67356333114705,14.1547215949906,7.67356333114705,1.85322049416684,6.48115826384353,"M_TEGR",13
"256","GHB-244",112.488,38.264,1.55705043270923,1.55705043270923,1.55705043270923,1.55705043270923,1.55705043270923,1.55705043270923,1.55705043270923,1.55705043270923,0,0,6.37806101870827,7.93723852624229,14.3249539206158,4.53449490020664,7.93723852624229,14.3249539206158,7.93723852624229,1.85322049416684,6.38771539437348,"M_TEGR",13
