;DTBW;CCF;CCF;ET;CCF;TEDE;WF;WF;I_TRSE;J_TREG;K_TRDE;TEXE;TEGR;DESE;Tundra;Tundra;Tundra;Tundra;Tundra;Best;Best.num
1;7.8045055055783;8.69820640632754;8.69820640632754;16.617319277747;17.6165697468487;16.7228688460994;9.39116108079467;4.03524680781734;4.03524680781734;4.03524680781734;0;0;0.446431069707295;0.446431069707295;0;0.446431069707295;3.44784170170268;3.44784170170268;3.89427277140997;CCF;5
2;7.53181846524111;8.94691651838089;8.94691651838089;15.6629370678517;15.6853089251729;14.2702108720331;7.74542996996997;3.14808043099283;3.14808043099283;3.14808043099283;0;0.0223718573211974;0.0223718573211974;0.0223718573211974;0;0;3.02395635554876;3.02395635554876;3.02395635554876;CCF;5
3;6.07963098433287;6.71279833977691;6.71279833977691;13.2619924839915;13.2619924839915;12.6288251285474;6.7431603790435;2.02598237899543;2.02598237899543;2.02598237899543;0;0;0;0;0;0;2.62819470359408;2.62819470359408;2.62819470359408;ET;4
4;5.54525889973711;5.86148666575395;5.86148666575395;13.7274967191099;13.7274967191099;13.4112689530931;7.42850135698676;2.21359436211787;2.5298221281347;2.5298221281347;0.316227766016838;0;0;0;0;0;1.48323969741913;1.48323969741913;1.48323969741913;ET;4
5;4.09780605430097;5.28182543758825;5.28182543758825;14.017593384326;14.017593384326;12.8335740010387;7.55439041774171;2.9170205690053;3.69232766945002;3.69232766945002;0.77530710044472;0;0.0223718573211974;0.0223718573211974;0;0.0223718573211974;1.09622155607341;1.09622155607341;1.1185934133946;ET;4
6;6.29934043924044;6.29934043924044;6.29934043924044;18.76936342705;18.76936342705;18.76936342705;11.6003781176018;3.42409826085643;4.26219419808557;4.26219419808557;0.838095937229146;0;0;0;0;0;1.55106789019694;1.55106789019694;1.55106789019694;ET;4
7;4.37479096412049;4.37479096412049;4.37479096412049;19.288790523054;19.288790523054;19.288790523054;10.8963143171131;4.07430975749267;5.77724839408531;5.77724839408531;1.70293863659264;0;0.774596669241483;0.774596669241483;0;0.774596669241483;1.34164078649987;1.34164078649987;2.11623745574136;ET;4
8;6.02366315113969;6.65683050658373;6.65683050658373;20.8550180245323;21.4881853799763;20.8550180245323;12.255048610393;3.43690446477641;4.95440332803792;4.95440332803792;1.51749886326152;0;1.37927604198724;1.37927604198724;0;1.37927604198724;1.58291769570093;1.58291769570093;2.96219373768818;CCF;5
9;4.85769030565756;5.17486628204922;5.17486628204922;23.2033099028942;23.2033099028942;22.8861339265025;12.7715918675281;4.87075191320601;7.57404764249646;7.57404764249646;2.70329572929045;0;1.61341349318766;1.61341349318766;0;1.61341349318766;1.45003537887874;1.45003537887874;3.06344887206639;ET;4
10;4.0225722871247;4.0225722871247;4.0225722871247;23.2468356106609;23.2468356106609;23.2468356106609;12.1383005754606;4.34035452469035;7.34352586512366;7.34352586512366;3.00317134043331;0;0.633879799331072;0.633879799331072;0;0.633879799331072;1.55007830330998;1.55007830330998;2.18395810264105;ET;4
11;3.46384678832235;3.46384678832235;3.46384678832235;22.8265421602299;22.8265421602299;22.8265421602299;11.2566797601617;3.84001786454178;6.45190719986975;6.45190719986975;2.61188933532797;0;0.319069584887059;0.319069584887059;0;0.319069584887059;2.08282481166883;2.08282481166883;2.40189439655588;ET;4
12;1.76536544063578;1.76536544063578;1.76536544063578;21.1773547301774;21.1773547301774;21.1773547301774;9.7075730029425;4.19523539268061;7.14481163343113;7.14481163343113;2.94957624075052;0;1.09544511501033;1.09544511501033;0;1.09544511501033;1.44913767461894;1.44913767461894;2.54458278962928;ET;4
13;1.61149095560602;1.61149095560602;1.61149095560602;17.8303141999667;17.8303141999667;17.8303141999667;4.80830947374481;3.50531208311043;6.4702251172482;6.4702251172482;2.96491303413776;0;0;0;0;0;1.61149095560602;1.61149095560602;1.61149095560602;ET;4
14;1.18321595661992;1.18321595661992;1.18321595661992;16.5417579550284;16.5417579550284;16.5417579550284;4.22847015351835;3.5213633723318;5.9911811793775;5.9911811793775;2.46981780704569;0;0.836660026534076;0.836660026534076;0;0.836660026534076;1.18321595661992;1.18321595661992;2.019875983154;ET;4
15;0;0;0;15.1425617176215;15.1425617176215;15.1425617176215;4.17347791416224;4.17347791416224;6.66480420752487;6.66480420752487;2.49132629336263;0;0.633167355444041;0.633167355444041;0;0.633167355444041;0;0;0.633167355444041;ET;4
16;1.78988929825283;1.78988929825283;1.78988929825283;15.5539445646366;15.5539445646366;15.5539445646366;3.45143628073879;3.45143628073879;5.06484977392645;5.06484977392645;1.61341349318766;0;1.70393761622895;1.70393761622895;0;1.70393761622895;1.78988929825283;1.78988929825283;3.49382691448178;ET;4
17;1;1;1;15.6508262379331;15.6508262379331;15.6508262379331;3.61939221417077;3.61939221417077;5.92156510081504;5.92156510081504;2.30217288664427;0;0.632455532033676;0.632455532033676;0;0.632455532033676;1;1;1.63245553203368;ET;4
18;1.7606816861659;1.7606816861659;1.7606816861659;15.1039829234465;15.1039829234465;15.1039829234465;1.8165902124585;1.8165902124585;4.16179809237021;4.16179809237021;2.34520787991171;0;0.632455532033676;0.632455532033676;0;0.632455532033676;1.7606816861659;1.7606816861659;2.39313721819958;ET;4
19;1.37927604198724;1.37927604198724;1.37927604198724;15.2694322412478;15.2694322412478;15.2694322412478;2.43030993908185;2.43030993908185;5.1336056683723;5.1336056683723;3.25174882664701;0.548453097356556;2.42035159887847;1.87189850152192;0.548453097356556;2.42035159887847;1.9277291393438;1.37927604198724;3.25117454350916;ET;4
20;2.46981780704569;2.46981780704569;2.46981780704569;15.8046099244572;15.8046099244572;15.8046099244572;3.09838667696593;3.09838667696593;5.26633501583381;5.26633501583381;2.48417610488472;0.316227766016838;3.5099716505511;3.19374388453426;0.316227766016838;3.5099716505511;2.78604557306253;2.46981780704569;5.66356169157996;ET;4
21;4.56866180517468;4.56866180517468;4.56866180517468;15.5577613780537;15.5577613780537;15.5577613780537;2.1191720623915;1.22474487139159;3.24959054452325;3.24959054452325;2.3410734391485;0.316227766016838;4.18921111222426;3.87298334620742;0.316227766016838;4.18921111222426;4.88488957119152;4.56866180517468;8.4416451513821;ET;4
22;5.62244551198354;5.62244551198354;5.62244551198354;10.9665886397731;10.9665886397731;10.9665886397731;0.632455532033676;0;0.632455532033676;0.632455532033676;1.58113883008419;0.948683298050514;7.49085419156896;6.54217089351845;0.948683298050514;7.49085419156896;6.57112881003405;5.62244551198354;12.164616405502;Tundra;19
23;6.69207719869391;6.69207719869391;6.69207719869391;7.94558683168442;7.94558683168442;7.94558683168442;1.25350963299051;0.313377408247627;0.626754816495254;0.626754816495254;2.83911728004757;2.52573987179994;8.32209276823405;5.7963528964341;2.52573987179994;8.32209276823405;8.90443966224623;6.37869979044628;12.1750526868804;Tundra;19
24;7.18984699610527;7.18984699610527;7.18984699610527;8.13926860950998;8.13926860950998;8.13926860950998;1.30468471287127;0;0;0;2.40962783433459;2.95808093169115;9.1337297720965;6.72410193776191;2.40962783433459;8.58527667473994;9.59947483043986;7.18984699610527;13.3654958365106;Tundra;19
25;6.91959731909011;6.91959731909011;6.91959731909011;6.91959731909011;6.91959731909011;6.91959731909011;0.549184122130274;0;0;0;2.47249398381472;2.47249398381472;8.11737923508423;5.64488525126951;2.47249398381472;8.11737923508423;9.39209130290483;6.91959731909011;12.5644825703596;Tundra;19
26;8.15253133861009;9.88559322440644;9.88559322440644;10.8350148378111;10.8350148378111;9.1019529520148;0.447996316949146;0;0;0;2.25955871798013;2.25955871798013;5.54761457212859;3.28805585414847;2.25955871798013;5.54761457212859;10.4120900565902;8.15253133861009;11.4405871927586;Tundra;19
27;8.79077005999718;11.2197616202954;11.2197616202954;11.2197616202954;11.2197616202954;8.79077005999718;1.48323969741913;0;0;0;2.19089023002066;2.19089023002066;4.61988179031889;2.42899156029822;2.19089023002066;4.61988179031889;10.9816602900178;8.79077005999718;11.2197616202954;CCF;2
28;6.00481287207648;10.7376766985562;10.7376766985562;10.7376766985562;10.7376766985562;6.00481287207648;2.14476105895272;0;0;0;3.16227766016838;3.16227766016838;3.16227766016838;0;3.16227766016838;3.16227766016838;9.16709053224486;6.00481287207648;6.00481287207648;CCF;2
29;5.38610922867554;8.87714241385152;8.87714241385152;8.87714241385152;8.87714241385152;5.38610922867554;1.58019081126299;0;0;0;3.85805850137086;4.80600438590225;6.02993330540698;2.17187480403611;3.85805850137086;5.08198742087559;9.2441677300464;5.38610922867554;6.61003814818026;Tundra;17
30;4.63194550862709;6.47479761880848;6.47479761880848;6.47479761880848;6.47479761880848;4.63194550862709;0.773887007256227;0;0;0;4.6128322969733;6.0261625839197;6.9741084684511;2.36127617147779;4.6128322969733;5.56077818150469;9.2447778056004;4.63194550862709;5.57989139315848;Tundra;17
31;3.07365452130181;3.91031454783589;3.91031454783589;3.91031454783589;3.91031454783589;3.07365452130181;1.04880884817015;0;0;0;5.21536192416212;6.79650075424631;7.74518405229682;2.5298221281347;5.21536192416212;6.16404522221263;8.28901644546393;3.07365452130181;4.02233781935232;Tundra;17
32;1.58258896884875;1.60496082616995;1.60496082616995;1.62733268349114;1.62733268349114;1.60496082616995;0.949421613404709;0;0;0;4.67143685604333;6.88625183702933;9.41743869303186;4.74600183698853;4.67143685604333;7.20262371204587;6.25402582489208;1.58258896884875;4.11377582485128;TEGR;13
33;3.1185424327636;4.60087259166883;4.60087259166883;4.60087259166883;4.60087259166883;3.1185424327636;1.81554504212922;0;0;0;4.14515593192825;4.91904293918448;6.84149038970166;2.69633445777341;4.14515593192825;6.06760338244543;7.26369836469186;3.1185424327636;5.04098988328078;Tundra;17
34;2.8998687237289;4.27914476571614;4.27914476571614;4.27914476571614;4.27914476571614;2.8998687237289;1.67430681178809;0;0;0;3.48031788777979;3.48031788777979;5.82680590181268;2.34648801403289;3.48031788777979;5.82680590181268;6.38018661150869;2.8998687237289;5.24635673776178;Tundra;17
35;1.18401938328728;2.2335914865751;2.2335914865751;2.2335914865751;2.2335914865751;1.18401938328728;1.18401938328728;0;0;0;3.01821298121919;3.01821298121919;5.46903049788582;2.45081751666663;3.01821298121919;5.46903049788582;4.20223236450647;1.18401938328728;3.63483689995392;TEGR;13
36;0.836660026534076;2.10157109060143;2.10157109060143;2.10157109060143;2.10157109060143;0.836660026534076;0.836660026534076;0;0;0;2.91547594742265;3.75213597395673;5.98820395145652;3.07272800403387;2.91547594742265;5.15154392492244;3.75213597395673;0.836660026534076;3.07272800403387;TEGR;13
37;1.26491106406735;2.7140487386863;2.7140487386863;2.7140487386863;2.7140487386863;1.26491106406735;0;0;0;0;3.4928498393146;3.4928498393146;6.24965958973264;2.75680975041804;3.4928498393146;6.24965958973264;4.75776090338195;1.26491106406735;4.0217208144854;TEGR;13
38;1.89736659610103;3.12211146749262;3.12211146749262;3.43833923350945;3.43833923350945;2.21359436211787;0.948683298050514;0;0.316227766016838;0.316227766016838;3.19719982419442;2.88097205817759;5.2261799380893;2.34520787991171;2.88097205817759;5.2261799380893;4.77833865427861;1.89736659610103;4.24257447601274;TEGR;13
39;2.88677288993348;3.88752335833207;3.88752335833207;3.88752335833207;3.88752335833207;2.88677288993348;1.30468471287127;0;0;0;2.30343348069789;3.30418394909648;5.25464653525393;2.95121305455604;2.30343348069789;4.25389606685534;5.19020637063137;2.88677288993348;4.83723547609092;TEGR;13
40;3.10386435012525;4.55121033502313;4.55121033502313;4.55121033502313;4.55121033502313;3.10386435012525;1.26206751008019;0;0;0;2.50727483535411;3.40025031094121;5.63386218411882;3.12658734876471;2.50727483535411;4.74088670853173;4.98010543043928;2.47283059508516;4.70644246826277;TEGR;13
41;3.01436284142546;3.64681837345913;3.64681837345913;3.64681837345913;3.64681837345913;3.01436284142546;1.09082443525832;0;0;0;3.3166247903554;4.65826557685527;7.41507532727332;4.09845053691792;3.3166247903554;6.07343454077344;6.01475986576402;2.69813507540862;5.45494482582666;TEGR;13
42;4.22446321028706;4.93298561642535;4.93298561642535;5.38176484945647;5.83054408248759;5.1220216763493;2.5732853961384;0;0;0;2.96961904964256;3.80771498687171;6.77733403651427;3.80771498687171;2.96961904964256;5.93923809928513;6.48555985379132;3.51594080414876;6.48555985379132;TEGR;13
43;3.82328425639259;5.00489654475117;5.00489654475117;6.58129254542678;6.89562103602221;5.71400874766363;1.89072449127104;0.631033755040093;1.26206751008019;1.26206751008019;2.6781338502968;2.9400755708438;7.62570144152532;5.57860134626862;2.0471000952567;6.73272596593823;5.55605586105386;3.50895576579716;8.19458163647868;Tundra;19
44;2.61619272964071;3.91919012027509;3.91919012027509;4.62559014858766;4.62559014858766;3.32259275795328;0.315278606949472;0;0;0;2.46848265134677;3.51652921519783;8.05292878975032;5.58444613840354;2.46848265134677;7.00488222589926;5.08467538098749;2.61619272964071;7.1525923041932;TEGR;13
45;3.44599790674305;5.08916557925855;5.08916557925855;6.18461069426888;6.18461069426888;4.54144302175339;0.547722557505166;0;0;0;2.77488738510232;3.5494840543438;9.18863292629248;6.41374554119016;2.77488738510232;8.414036257051;6.22088529184538;3.44599790674305;9.08514677869173;TEGR;13
46;4.42718872423573;6.45203439736739;6.45203439736739;6.45203439736739;6.45203439736739;4.42718872423573;1.26491106406735;0;0;0;2.32379000772445;2.32379000772445;8.70344517081908;6.37965516309463;2.32379000772445;8.70344517081908;6.75097873196018;4.42718872423573;10.8068438873304;Tundra;19
47;4.18046910374984;4.88828334491768;4.88828334491768;4.88828334491768;4.88828334491768;4.18046910374984;1.00075046839859;0;0;0;2.36772171084357;3.36847217924216;8.2186292900995;5.85090757925593;2.36772171084357;7.21787882170091;6.54819081459341;4.18046910374984;9.03062621460718;Tundra;19
48;4.16711477167594;6.24075890700871;6.24075890700871;6.24075890700871;6.24075890700871;4.16711477167594;0.547722557505166;0;0;0;2.23606797749979;2.94317475868634;6.90549730991813;4.66942933241834;2.23606797749979;6.19839052873158;6.40318274917573;4.16711477167594;8.12943732290773;Tundra;19
49;3.19562281235407;5.89891854164452;5.89891854164452;5.89891854164452;5.89891854164452;3.19562281235407;0.548453097356556;0;0;0;2.64716971499751;3.42247681544223;7.19271748415292;4.54554776915541;2.64716971499751;6.4174103837082;5.84279252735158;3.19562281235407;6.96586348106475;TEGR;13
50;0.446431069707295;3.12827888418149;3.12827888418149;3.12827888418149;3.12827888418149;0.446431069707295;0.446431069707295;0;0;0;2.25707899728831;3.52116052155801;9.40035562803304;7.14327663074473;2.25707899728831;8.13627410376334;2.7035100669956;0.446431069707295;6.32562617618233;TEGR;13
51;2.73639675578748;4.00297024358832;4.00297024358832;4.03462462717101;4.03462462717101;2.76805113937017;0.031654383582688;0;0;0;1.51842391972729;1.96720315275841;8.71940163917748;7.20097771945019;1.51842391972729;8.27062240614637;4.25482067551477;2.73639675578748;9.48859524220655;Tundra;19
52;5.13233861236699;7.53935051512111;7.53935051512111;7.53935051512111;7.53935051512111;5.13233861236699;0.999250469101716;0;0;0;0.999250469101716;1.77313747635794;4.18014937911206;3.18089891001035;0.999250469101716;3.40626237185583;6.13158908146871;5.13233861236699;7.53935051512111;CCF;2
53;5.3320368981486;6.10734399859332;6.10734399859332;6.65579709594988;6.65579709594988;5.88048999550516;1.34249852886325;0;0;0;3.79669789422335;4.98071727751063;7.26231884220154;3.46562094797819;3.79669789422335;6.07829945891426;9.12873479237195;5.3320368981486;7.61363846283951;Tundra;17
54;5.01877360335187;6.77945528951777;6.77945528951777;7.61611531605185;7.61611531605185;5.85543362988595;1.48323969741913;0;0;0;2.86356421265527;4.47601576231498;7.2509031474173;4.38733893476203;2.86356421265527;5.63845159775759;7.88233781600714;5.01877360335187;7.79366098845419;Tundra;17
55;3.54596281706394;5.18718577571398;5.18718577571398;5.18718577571398;5.18718577571398;3.54596281706394;0;0;0;0;2.68041614306436;2.99474463365978;5.78462511497077;3.10420897190641;2.68041614306436;5.47029662437534;6.22637896012829;3.54596281706394;6.33584329837492;Tundra;19
56;4.80236540709451;6.92250809097218;6.92250809097218;6.92250809097218;6.92250809097218;4.80236540709451;0.892862139414591;0;0;0;2.77341093240796;3.95582452333121;5.68686568402034;2.91345475161238;2.77341093240796;4.5044520930971;7.12934526979518;4.35593433738722;6.08697549807636;Tundra;17
57;5.70816244597476;6.84754903532887;6.84754903532887;6.84754903532887;6.84754903532887;5.70816244597476;1.61149095560602;0;0;0;3.85805850137086;5.406316522503;7.75024612895453;3.89218762758366;3.85805850137086;6.20198810782239;9.56622094734562;5.70816244597476;8.05209205242628;Tundra;17
58;3.63318042491699;4.46984045145107;4.46984045145107;4.46984045145107;4.46984045145107;3.63318042491699;0;0;0;0;2.38746727726266;3.76587215247169;6.88035445295117;4.49288717568851;2.38746727726266;5.50194957774215;6.02064770217966;3.63318042491699;6.74766272539648;TEGR;13
59;4.83724467541061;6.28638235002955;6.28638235002955;6.83410490753472;6.83410490753472;5.38496723291578;0.547722557505166;0;0;0;2.40831891575846;2.40831891575846;5.25436880991;2.84604989415154;2.40831891575846;5.25436880991;6.6978410336639;4.28952211790544;7.13557201205698;Tundra;19
60;4.67194241082509;7.56868349349023;7.56868349349023;7.56868349349023;7.56868349349023;4.67194241082509;0.315278606949472;0;0;0;2.56766569085619;2.88294429780566;5.62009756351805;3.05243187266186;2.56766569085619;5.30481895656858;7.23960810168128;4.67194241082509;7.40909567653748;CCF;2
61;4.83724467541061;6.38643801389358;6.38643801389358;6.38643801389358;6.38643801389358;4.83724467541061;0.547722557505166;0;0;0;2.34520787991171;3.68684866641159;5.85479700527947;3.50958912536775;2.34520787991171;4.5131562187796;7.18245255532232;4.83724467541061;7.00519301427849;Tundra;17
62;4.92823179857072;6.1513458570297;6.1513458570297;6.1513458570297;6.7823796120698;5.55926555361081;1.40421187164713;0;0;0;3.23698067649469;4.46009473495367;6.73794960302582;3.50096892653113;3.23698067649469;5.51483554456684;8.16521247506541;4.92823179857072;7.20608666664287;Tundra;17
63;4.29470221288239;6.10816136599282;6.10816136599282;6.10816136599282;6.10816136599282;4.29470221288239;0.313377408247627;0;0;0;2.18726943927811;2.18726943927811;4.8847997912853;2.69753035200718;2.18726943927811;4.8847997912853;6.4819716521605;4.29470221288239;6.99223256488957;Tundra;19
64;5.50734335228883;5.95533966923798;5.95533966923798;6.40333598618713;6.40333598618713;5.95533966923798;0;0;0;0;1.30468471287127;2.14206228601257;5.16027526723175;3.85559055436048;1.30468471287127;4.32289769409046;6.81202806516011;5.50734335228883;8.52555633350802;Tundra;19
65;5.70087712549569;7.07928200070471;7.07928200070471;7.07928200070471;7.07928200070471;5.70087712549569;0;0;0;0;1.30384048104053;1.30384048104053;5.1509172933748;3.84707681233427;1.30384048104053;5.1509172933748;7.00471760653622;5.70087712549569;9.54795393782996;Tundra;19
66;4.22649659883928;6.79278346900793;6.79278346900793;6.79278346900793;6.79278346900793;4.22649659883928;0;0;0;0;1.44734598489788;1.44734598489788;4.09026669880512;2.64292071390725;1.44734598489788;4.09026669880512;5.67384258373716;4.22649659883928;6.86941731274653;Tundra;19
67;3.43511280746353;6.26353993220972;6.26353993220972;6.8959954642434;6.8959954642434;4.06756833949721;0;0;0;0;2.02484567313166;2.65730120516533;5.32188372406018;3.29703805092852;2.02484567313166;4.6894281920265;5.45995848059519;3.43511280746353;6.09969532635838;ET;4
68;5.15890119125586;5.99556121778993;5.99556121778993;5.99556121778993;5.99556121778993;5.15890119125586;0.447213595499958;0;0;0;2.94957624075052;3.5820317727842;5.3427134589501;2.39313721819958;2.94957624075052;4.71025792691643;8.10847743200638;5.15890119125586;6.91958287742176;Tundra;17
69;4.96360299066909;6.34200786587811;6.34200786587811;6.34200786587811;6.34200786587811;4.96360299066909;0.547722557505166;0;0;0;4.09878030638384;5.85946199254974;7.80882086151153;3.71004055512769;4.09878030638384;6.04813917534563;9.06238329705293;4.96360299066909;6.91296185963088;Tundra;17
70;4.89897948556636;6.48011831565055;6.48011831565055;7.70486318704214;7.70486318704214;6.12372435695795;0;0;0;0;2.21359436211787;2.21359436211787;5.18007375695613;2.96647939483827;2.21359436211787;5.18007375695613;7.11257384768422;4.89897948556636;7.86545888040462;Tundra;19
71;5.31622776601684;6.15288779255091;6.15288779255091;6.78534332458459;6.78534332458459;5.94868329805051;0.316227766016838;0;0;0;2.34520787991171;2.66143564592855;5.62791504076682;3.2827071608551;2.34520787991171;5.31168727474998;7.66143564592855;5.31622776601684;8.2827071608551;Tundra;19
72;4.08866936789954;4.72183672334358;4.72183672334358;4.72183672334358;4.72183672334358;4.08866936789954;0;0;0;0;1.48415049775958;2.2594575982043;5.63760974101847;4.1534592432589;1.48415049775958;4.86230264057375;5.57281986565911;4.08866936789954;7.46682151071371;Tundra;19
73;4.08446045396451;5.72665508311174;5.72665508311174;7.98998707648315;7.98998707648315;6.34779244733593;1.2640815242697;1.2640815242697;1.2640815242697;1.2640815242697;1.44824120919134;1.76351981614081;5.78636914217827;4.33812793298693;1.44824120919134;5.4710905352288;5.53270166315585;4.08446045396451;8.10730978000197;Tundra;19
74;5.0523287699832;5.94748311421664;5.94748311421664;7.93885901452349;7.93885901452349;7.04370467029005;0.89515434423344;0.89515434423344;0.89515434423344;0.89515434423344;1.09622155607341;1.09622155607341;5.88406276062478;4.78784120455138;1.09622155607341;5.88406276062478;6.14855032605661;5.0523287699832;9.84016997453458;Tundra;19
75;5.44890555065877;6.93488145894262;6.93488145894262;6.97366934364906;6.97366934364906;5.48769343536521;0.0387878847064392;0.0387878847064392;0.0387878847064392;0.0387878847064392;1.51935028877478;1.51935028877478;5.14439136440413;3.62504107562935;1.51935028877478;5.14439136440413;6.96825583943355;5.44890555065877;9.07394662628812;Tundra;19
76;6.34677580350842;7.48853199464557;7.48853199464557;7.48853199464557;7.48853199464557;6.34677580350842;0;0;0;0;0.838095937229146;0.838095937229146;3.54283830943394;2.70474237220479;0.838095937229146;3.54283830943394;7.18487174073757;6.34677580350842;9.05151817571322;Tundra;19
77;6.60637147759646;8.33943336339281;8.33943336339281;8.33943336339281;8.33943336339281;6.60637147759646;0;0;0;0;1.09622155607341;1.09622155607341;4.03034989341654;2.93412833734314;1.09622155607341;4.03034989341654;7.70259303366986;6.60637147759646;9.54049981493959;Tundra;19
78;6.18991489053825;7.67406538829782;7.67406538829782;8.22251848565438;8.22251848565438;6.7383679878948;1.54920356575515;0.548453097356556;0.548453097356556;0.548453097356556;2.60908169668947;2.60908169668947;4.6350640756849;2.02598237899543;2.60908169668947;4.6350640756849;8.79899658722772;6.18991489053825;8.21589726953368;Tundra;17
79;5.75134319514281;6.9353625784301;6.9353625784301;6.9353625784301;6.9353625784301;5.75134319514281;1.26574171930928;0;0;0;3.45143628073879;5.03352445780099;7.64260615449046;4.19116987375167;3.45143628073879;6.06051797742826;9.2027794758816;5.75134319514281;8.36042489183228;Tundra;17
80;5.56445365934908;7.11271168048122;7.11271168048122;7.94865497999381;7.94865497999381;6.40039695886168;1.64219462914723;0;0;0;3.17638325773198;4.27105293393572;6.71921683776242;3.54283358003044;3.17638325773198;5.62454716155868;8.74083691708106;5.56445365934908;8.01261756317579;Tundra;17
81;5.58100963369919;8.03049937648236;8.03049937648236;8.03049937648236;8.03049937648236;5.58100963369919;1.21065495701675;0;0;0;2.0976176963403;2.80472447752685;5.1285144852513;3.030896788911;2.0976176963403;4.42140770406475;7.36239956402265;5.26478186768235;7.5885718754068;CCF;2
82;4.1273563088253;5.50750470664345;5.50750470664345;5.50750470664345;5.50750470664345;4.1273563088253;0;0;0;0;2.45214724272422;3.29024317995337;5.86205742285661;3.40991018013239;2.45214724272422;5.02396148562747;6.57950355154952;4.1273563088253;6.69917055172855;Tundra;19
83;5.76449212698183;7.93244046584971;7.93244046584971;7.93244046584971;7.93244046584971;5.76449212698183;1.09544511501033;0;0;0;2.48997991959775;2.48997991959775;4.65792825846563;2.16794833886788;2.48997991959775;4.65792825846563;8.25447204657958;5.76449212698183;7.93244046584971;Tundra;17
84;5.84154183616077;8.80802123099904;8.80802123099904;8.80802123099904;8.80802123099904;5.84154183616077;1.18321595661992;0;0;0;2.14476105895272;2.46098882496956;4.19303963253844;2.04827857358572;2.14476105895272;3.8768118665216;7.98630289511349;5.84154183616077;7.57359264372965;CCF;2
85;5.94215780734518;11.2404054987994;11.2404054987994;11.2404054987994;11.2404054987994;5.94215780734518;0.835943299512592;0;0;0;1.48233015890523;1.48233015890523;2.57699983510897;1.09466967620374;1.48233015890523;2.57699983510897;7.42448796625041;5.94215780734518;7.03682748354892;CCF;2
86;4.3450022135565;5.988169886072;5.988169886072;5.988169886072;5.988169886072;4.3450022135565;1.51657508881031;0;0;0;4.69041575982343;5.39752254100998;7.34688140997177;2.65646565014834;4.69041575982343;6.63977462878522;9.03541797337993;4.3450022135565;6.29436108251829;Tundra;17
87;2.75680975041804;2.75680975041804;2.75680975041804;3.53140641965953;3.53140641965953;3.53140641965953;0;0;0;0;4.59347363114234;6.04261130576128;8.79942105617933;4.20594742503699;4.59347363114234;7.35028338156038;7.35028338156038;2.75680975041804;5.51361950083609;TEGR;13
88;2.48863550967192;3.19503553798449;3.19503553798449;3.51031414493396;3.51031414493396;2.80391411662139;0;0;0;0;4.71987529496278;6.30006610622578;8.98191392069997;4.26203862573719;4.71987529496278;7.40172310943697;7.2085108046347;2.48863550967192;5.17048332414611;TEGR;13
89;3.069620825057;4.91141766510207;4.91141766510207;5.6845957817091;5.6845957817091;3.84279894166403;0.445648740601833;0;0;0;2.7538758686622;3.19952460926404;6.63106203438415;3.87718616572195;2.7538758686622;6.18541329378232;5.8234966937192;3.069620825057;6.50115825017712;TEGR;13
90;5.3328108501861;5.3328108501861;5.3328108501861;9.37028062508771;10.2668918563357;10.2668918563357;4.21614719171485;1.58399087749898;1.58399087749898;1.58399087749898;2.45347889740263;4.03746977490161;8.42600914466918;5.97253024726656;2.45347889740263;6.8420182671702;6.60066029451327;4.14718139711065;8.53572076687822;CCF;5
91;7.30497366245228;8.304224131554;8.304224131554;11.3348123115914;12.1086993188476;11.1094488497459;4.2354186249987;1.54825802113214;1.54825802113214;1.54825802113214;2.56766569085619;3.19941002205355;6.27999600527168;3.71233031441549;2.56766569085619;5.64825167407432;8.73325276395436;6.16558707309817;9.2461730563163;CCF;5
92;6.14409442189113;8.11893618770428;8.11893618770428;14.2210248285549;15.1154520195548;13.1406102537416;6.12224849481993;2.34520787991171;3.44065299492205;3.44065299492205;2.76876516807848;1.67332005306815;4.46616806182194;2.79284800875379;1.67332005306815;4.46616806182194;6.4757736884594;4.80245363539125;7.59530164414504;CCF;5
93;4.84116248294239;5.89149881003005;5.89149881003005;9.86206997248157;10.7001659097107;9.64982958262305;3.95577736286713;2.45214724272422;2.45214724272422;2.45214724272422;3.43869878006202;3.98788290219229;7.18498204047374;3.74628326041173;3.43869878006202;6.63579791834347;8.24820687942172;4.8095080993597;8.00660723764116;CCF;5
94;6.65821154731613;8.07330960045591;8.07330960045591;15.5913208159924;17.2354629023098;15.82036484917;6.7829133226544;3.62127237307552;4.51642671730896;4.51642671730896;2.16089606354272;1.26574171930928;4.8031154626392;3.53737374332993;1.26574171930928;4.8031154626392;6.40645440336389;5.14071268405461;8.67808642738454;CCF;5
95;6.30724311907991;7.35681522236772;7.35681522236772;14.4468217256328;16.028909902695;14.9793377994072;7.61215510912104;4.68756840319559;4.33172658636035;4.33172658636035;1.36674807967947;1.94472644752125;6.27129774590523;5.22172564261742;1.04957210328781;5.37614340167179;5.34129890027757;4.29172679698976;8.61829809537374;CCF;5
96;5.20576603392815;6.30121114893848;6.30121114893848;13.151741366695;14.151741366695;13.0562962516847;4.60555127546399;3.60555127546399;4.44221130199806;4.44221130199806;3.24497894229253;2.40831891575846;6.13658929221991;3.72827037646145;2.40831891575846;6.13658929221991;7.61408494968661;5.20576603392815;8.9340364103896;CCF;5
97;2.38616977602182;4.91462916861644;4.91462916861644;7.19340234732467;7.63983341703197;5.11137402443734;1.58581765906141;1.13938658935411;1.13938658935411;1.13938658935411;1.70194106830995;2.14837213801724;4.22085972543483;2.51891865712489;1.70194106830995;3.77442865572754;4.08811084433176;2.38616977602182;4.45865736343941;CCF;5
98;4.78424287621442;8.05704155624348;8.05704155624348;8.78722765473252;8.78722765473252;5.51442897470345;1.02312232571979;0.0223718573211974;0.730186098489034;0.730186098489034;3.65895117462247;2.95113693345463;4.82303543497655;1.87189850152192;2.95113693345463;4.82303543497655;7.73537980966905;4.78424287621442;6.65614137773634;ET;4
99;6.93219362255074;8.23519101318512;8.23519101318512;8.23519101318512;8.23519101318512;6.93219362255074;1.93474172183174;0;0;0;3.56185530306889;4.50980118760028;6.69948273979001;3.13762743672111;3.56185530306889;5.75153685525862;9.86230459442228;6.30044929135338;8.49013084354311;Tundra;17
100;6.89736085969401;8.94446095495071;8.94446095495071;8.94446095495071;8.94446095495071;6.89736085969401;1.88251264663711;0;0;0;3.44604838909729;4.78597719317607;6.92836380627838;3.4823154171811;3.44604838909729;5.5884350021996;9.50818185460454;6.06213346550726;8.20452007860957;Tundra;17
101;5.69685901634775;6.69760948474634;6.69760948474634;6.69760948474634;6.69760948474634;5.69685901634775;1.15581055811698;0;0;0;3.28805585414847;4.28880632254706;7.17130676487139;3.88325091072293;3.28805585414847;6.1705562964728;8.53691855354707;5.2488626993986;8.13136314172294;Tundra;17
102;6.02240082465674;6.02240082465674;6.02240082465674;6.02240082465674;6.02240082465674;6.02240082465674;1.34617357397698;0;0;0;3.32183741323985;4.09856767529998;7.68186505341416;4.36002764017432;3.32183741323985;6.90513479135403;8.89467589516758;5.57283848192773;9.15613586004192;Tundra;19
103;5.01254681773647;5.01254681773647;5.01254681773647;5.01254681773647;5.01254681773647;5.01254681773647;0;0;0;0;1.81763687242529;1.81763687242529;7.3612125416121;5.54357566918681;1.81763687242529;7.3612125416121;6.83018369016176;5.01254681773647;10.5561224869233;Tundra;19
104;6.81050697409953;6.81050697409953;6.81050697409953;7.3582295316047;7.3582295316047;7.3582295316047;1.44214974850508;0.547722557505166;0.547722557505166;0.547722557505166;0;0;6.06630035524124;6.06630035524124;0;6.06630035524124;5.91607978309962;5.91607978309962;11.9823801383409;Tundra;19
105;7.73101328117578;8.87118870627492;8.87118870627492;9.57829548746147;9.57829548746147;8.43812006236233;1.65579007923706;0.707106781186548;0.707106781186548;0.707106781186548;0.707106781186548;0.707106781186548;4.71958731073432;4.01248052954778;0.707106781186548;4.71958731073432;7.48943676431182;6.78232998312527;10.794810512673;Tundra;19
106;6.8328585079434;8.10026491474432;8.10026491474432;11.7328551648058;13.0002615716067;11.7328551648058;4.47140536675887;1.26740640680091;2.3651838432606;2.3651838432606;4.16857365242713;3.07079621596745;6.97556787382403;3.90477165785658;3.07079621596745;6.97556787382403;8.80587728745117;5.73508107148372;9.63985272934029;CCF;5
107;4.89634255167238;5.44333505619141;5.44333505619141;6.21722206344764;6.21722206344764;5.67022955892861;2.15069650751398;2.15069650751398;0.773887007256227;0.773887007256227;0.773887007256227;0.773887007256227;7.91870691401385;7.14481990675762;0.773887007256227;7.91870691401385;4.29342005867086;3.51953305141463;10.6643529581723;Tundra;19
108;6.93539868748864;6.93539868748864;6.93539868748864;8.56741438772507;9.01541070467422;9.01541070467422;3.93903217576374;3.04303954186545;1.18401938328728;1.18401938328728;0;0;7.20085775446231;7.20085775446231;0;7.20085775446231;4.62838221196132;4.62838221196132;11.8292399664236;Tundra;19
109;7.46382120796932;7.48619306529051;7.48619306529051;11.0960252303786;11.8038394715464;11.7814676142252;6.08790109360382;4.67227261126815;2.60908169668947;2.60908169668947;0;0;6.66670420072767;6.66670420072767;0;6.66670420072767;4.6928160522228;4.6928160522228;11.3595202529505;CCF;5
110;10.9563249935166;10.9563249935166;10.9563249935166;18.2644133719305;20.4103642334369;20.4103642334369;12.4628953285207;7.53782625006388;4.91321628039805;4.91321628039805;1.26633471088808;0.655539212765238;0.677911070086435;0.0447437146423948;0.633167355444041;0.655539212765238;6.18576416234439;5.55259680690035;5.57496866422155;CCF;5
111;8.16661423604672;8.16661423604672;8.16661423604672;14.6433882872858;16.786961262484;16.786961262484;10.6469594119892;5.90778305646739;4.3000465409006;4.3000465409006;0.546992504519029;0;5.9215230811;5.9215230811;0;5.9215230811;4.25222513514983;4.25222513514983;10.1737482162498;CCF;5
112;6.30576318946544;6.30576318946544;6.30576318946544;14.988820190645;17.7091142923921;17.7091142923921;10.8192824646433;5.71313499787915;5.39690723186231;5.39690723186231;1.46911555856775;0.836660026534076;6.21253204882032;5.37587202228625;0.836660026534076;6.21253204882032;4.64454657946603;3.80788655293195;9.1837585752182;CCF;5
113;7.15420341966988;7.15420341966988;7.15420341966988;16.0574232998311;18.7791705143975;18.7791705143975;11.7961124231378;5.78204811868788;5.33345168857527;5.33345168857527;0.949421613404709;0;5.53453982730272;5.53453982730272;0;5.53453982730272;3.73020299715713;3.73020299715713;9.26474282445984;CCF;5
114;4.00218016241259;4.00218016241259;4.00218016241259;15.6198041933424;19.6715836666109;19.6715836666109;12.3346619131065;6.03630159120632;6.66946894665036;6.66946894665036;0.633167355444041;0;2.89981187320833;2.89981187320833;0;2.89981187320833;2.38876666922494;2.38876666922494;5.28857854243327;CCF;5
115;4.82994225582406;4.82994225582406;4.82994225582406;16.1190540726887;20.2783809413058;20.2783809413058;12.2683438237138;5.50454357780915;6.2116503589957;6.2116503589957;0.707106781186548;0;2.98328677803526;2.98328677803526;0;2.98328677803526;2.93257565972304;2.93257565972304;5.9158624377583;CCF;5
116;5.13515971754047;5.13515971754047;5.13515971754047;17.065893397764;20.2439431141782;20.2439431141782;12.7810060593245;7.07313421477567;6.56541432171021;6.56541432171021;0.632455532033676;0;2.82842712474619;2.82842712474619;0;2.82842712474619;2.0976176963403;2.0976176963403;4.92604482108649;CCF;5
117;5.33786352484915;5.33786352484915;5.33786352484915;17.5826719194464;20.8401419653563;20.8401419653563;13.1923098130734;7.0403004825958;7.2816936762355;7.2816936762355;1.04957210328781;0;3.25747004590986;3.25747004590986;0;3.25747004590986;2.68471743392112;2.68471743392112;5.94218747983098;CCF;5
118;5.24572134897904;5.24572134897904;5.24572134897904;16.4626406501285;19.9411460763137;19.9411460763137;12.2805766622677;7.22093240599832;7.05759243253239;7.05759243253239;0.836660026534076;0;2.91547594742265;2.91547594742265;0;2.91547594742265;2.66458251889485;2.66458251889485;5.5800584663175;CCF;5
119;5.53592605051536;5.53592605051536;5.53592605051536;16.403292921328;19.9529407911878;19.9529407911878;11.9013072848386;5.89067059000926;6.66526725925074;6.66526725925074;1.09082443525832;0.316227766016838;3.33284839181651;3.01662062579967;0.316227766016838;3.33284839181651;3.70739275757947;3.39116499156263;6.40778561736231;CCF;5
120;4.97191625953557;4.97191625953557;4.97191625953557;17.7895775398245;20.3404611122362;20.3404611122362;11.4623166917191;6.40636726234143;7.40711773074002;7.40711773074002;1.00075046839859;0;2.30343348069789;2.30343348069789;0;2.30343348069789;3.10001775801365;3.10001775801365;5.40345123871155;CCF;5
121;5.25834592774192;5.25834592774192;5.25834592774192;17.7934676887012;20.0058431993232;20.0058431993232;10.9775521385877;6.34501700549337;7.05141703380594;7.05141703380594;0.70640002831257;0;2.32252145307638;2.32252145307638;0;2.32252145307638;3.28461737497688;3.28461737497688;5.60713882805325;CCF;5
122;4.51890084993025;4.51890084993025;4.51890084993025;17.0931437382015;19.0691003166718;19.0691003166718;9.28543405417711;5.82532697794725;6.77474859135195;6.77474859135195;0.949421613404709;0;2.45081751666663;2.45081751666663;0;2.45081751666663;3.03475035217067;3.03475035217067;5.4855678688373;CCF;5
123;5.06917605380554;5.06917605380554;5.06917605380554;17.0767928324817;18.8384975750535;18.8384975750535;9.97177928461204;6.72592404428065;6.8088161958494;6.8088161958494;0.633167355444041;0;2.77636600613104;2.77636600613104;0;2.77636600613104;3.03475035217067;3.03475035217067;5.8111163583017;CCF;5
124;5.07932066159249;5.07932066159249;5.07932066159249;17.5673849972537;19.1807984904414;19.1807984904414;9.78752634088946;5.9275319990701;6.56069935451414;6.56069935451414;0.633167355444041;0;2.43030993908185;2.43030993908185;0;2.43030993908185;3.46590716840483;3.46590716840483;5.89621710748668;CCF;5
125;4.60892212962343;4.60892212962343;4.60892212962343;17.0877609792048;18.9064459986625;18.9064459986625;8.97614186707084;5.9726329788461;7.06963197611091;7.06963197611091;1.1286533808475;0.031654383582688;2.89826124536196;2.86660686177927;0.031654383582688;2.89826124536196;3.45575264443911;3.42409826085643;6.2907051226357;CCF;5
126;3.90056234160692;3.90056234160692;3.90056234160692;17.2516261662874;18.1467805105208;18.1467805105208;8.08774127688074;6.19183646424871;7.53433499311197;7.53433499311197;1.34249852886325;0;2.51133566055993;2.51133566055993;0;2.51133566055993;2.89981187320833;2.89981187320833;5.41114753376826;CCF;5
127;4.22685856458429;4.22685856458429;4.22685856458429;18.113832625377;18.8209394065635;18.8209394065635;9.03462501925334;6.44204936336256;7.5822247884617;7.5822247884617;1.14017542509914;0;2.68328157299975;2.68328157299975;0;2.68328157299975;3.17804971641414;3.17804971641414;5.86133128941389;CCF;5
128;6.32137937875578;6.76859297425574;6.76859297425574;19.351724730146;19.351724730146;18.9045111346461;7.62125280558907;5.08920425999979;6.43084504649966;6.43084504649966;1.97409631853355;0.632455532033676;3.35274963378076;2.72029410174709;0.632455532033676;3.35274963378076;5.9050260626193;5.27257053058563;7.99286463233272;ET;4
129;6.51373828150932;8.24882663660828;8.24882663660828;14.1230872300885;14.1230872300885;12.3879988749895;2.66887028534547;2.66887028534547;3.89606957641436;3.89606957641436;3.48924495815875;2.26204566708986;5.87322579275515;3.61118012566529;2.26204566708986;5.87322579275515;8.77578394859918;6.51373828150932;10.1249184071746;ET;4
130;7.57570433116945;9.36455871316928;9.36455871316928;10.0716654943558;10.0716654943558;8.282811112356;1.02333454720339;0.707106781186548;0.707106781186548;0.707106781186548;2;2;5.46410161513775;3.46410161513775;2;5.46410161513775;9.25947656515261;7.25947656515261;10.7235781802904;Tundra;19
131;7.72010362624751;9.13431718862061;9.13431718862061;9.13431718862061;9.13431718862061;7.72010362624751;0;0;0;0;1.78885438199983;1.78885438199983;5.25295599713759;3.46410161513775;1.78885438199983;5.25295599713759;9.50895800824734;7.72010362624751;11.1842052413853;Tundra;19
132;7.86419243986913;9.24346848185637;9.24346848185637;9.24346848185637;9.24346848185637;7.86419243986913;0.317175976391656;0;0;0;2.53118685600254;2.84836283239419;5.62472883852523;3.09354198252269;2.53118685600254;5.30755286213357;10.07820331948;7.54701646347747;10.3233824696085;Tundra;19
133;7.88433019983308;10.187763680531;10.187763680531;10.187763680531;10.187763680531;7.88433019983308;0;0;0;0;2.38876666922494;2.38876666922494;4.91995352522747;2.53118685600254;2.38876666922494;4.91995352522747;10.273096869058;7.88433019983308;10.4155170558356;Tundra;19
134;7.53897419196648;10.385024086118;10.385024086118;10.385024086118;10.385024086118;7.53897419196648;0.632455532033676;0;0;0;2.42899156029822;3.56916698539736;4.91080777189724;2.48181621159901;2.42899156029822;3.7706323467981;9.9679657522647;7.53897419196648;8.88061497846635;CCF;2
135;6.10406784499234;10.868519544821;10.868519544821;10.868519544821;10.868519544821;6.10406784499234;0.447213595499958;0;0;0;2.89827534923789;3.34548894473785;4.95794049439756;2.05966514515967;2.89827534923789;4.5107268988976;9.00234319423023;6.10406784499234;7.71651939465205;CCF;2
136;5.29419762570307;10.1854576269706;10.1854576269706;10.1854576269706;10.1854576269706;5.29419762570307;0;0;0;0;2.81218925394434;2.81218925394434;4.54525113974069;1.73306188579635;2.81218925394434;4.54525113974069;8.1063868796474;5.29419762570307;7.02725951149942;CCF;2
137;6.33691041244028;10.8113400408957;10.8113400408957;11.3597931382523;11.3597931382523;6.88536350979684;1.32376019780128;0.548453097356556;0.548453097356556;0.548453097356556;3.10001775801365;4.28403714130094;5.58872185417221;2.48870409615856;3.10001775801365;4.40470247088493;9.43692817045394;6.33691041244028;7.64159512531156;ET;4
138;4.60461688138067;7.90440648073393;7.90440648073393;8.95245304458499;8.95245304458499;5.65266344523172;0.63174433119736;0;0;0;4.19307978698236;5.45716131125205;7.159102379562;2.96602259257964;4.19307978698236;5.8950208552923;8.79769666836302;4.60461688138067;6.30655794969061;ET;4
139;5.15582009164304;7.82040261053789;7.82040261053789;7.82040261053789;7.82040261053789;5.15582009164304;0.948683298050514;0;0;0;4.82700735445887;6.16864814095874;8.51385602087046;3.68684866641159;4.82700735445887;7.17221523437058;9.03414414805139;4.20713679359253;6.55234467350424;Tundra;17
140;5.0722003669564;6.12100921512655;6.12100921512655;6.66873177263171;6.66873177263171;5.61992292446156;1.93210514154441;0.547722557505166;0.547722557505166;0.547722557505166;3.9496835316263;5.17442840301789;9.7021209720866;5.7524374404603;3.9496835316263;8.47737610069501;8.47416134107753;4.52447780945123;9.05217037851994;TEGR;13
141;5.44977063737548;6.44977063737548;6.44977063737548;7.79141142387536;7.79141142387536;6.79141142387536;1.34164078649987;1.34164078649987;1.34164078649987;1.34164078649987;1.58113883008419;1.58113883008419;7.98426306751704;6.40312423743285;1.58113883008419;7.98426306751704;7.03090946745967;5.44977063737548;11.8528948748083;Tundra;19
142;6.74230590970336;7.58040184693251;7.58040184693251;9.42642882398349;9.74455207054055;8.9064561333114;3.54375933039591;2.59175628450779;1.84602697705099;1.84602697705099;0.838095937229146;0.838095937229146;7.55309276522542;6.71499682799627;0.838095937229146;7.55309276522542;6.20079274014463;5.36269680291549;12.0776936309118;Tundra;19
143;6.65893470215008;6.65893470215008;6.65893470215008;9.62630766129804;9.62630766129804;9.62630766129804;3.46594995858861;2.25955871798013;2.96737295914796;2.96737295914796;1.70856470956643;1.00075046839859;7.81595016466575;6.81519969626716;1.00075046839859;7.81595016466575;6.47566578726138;5.47491531886279;12.29011501513;Tundra;19
144;6.95347710546927;6.95347710546927;6.95347710546927;8.62778391725736;8.62778391725736;8.62778391725736;3.95634706121403;3.95634706121403;1.67430681178809;1.67430681178809;1.09622155607341;1.09622155607341;7.91876118585937;6.82253962978596;1.09622155607341;7.91876118585937;5.76765841211674;4.67143685604333;11.4939764858293;Tundra;19
145;7.36876520107659;7.36876520107659;7.36876520107659;9.6250653207461;9.6250653207461;9.6250653207461;3.98845552201306;3.98845552201306;1.54919333848297;1.54919333848297;0;0;6.87749954561976;6.87749954561976;0;6.87749954561976;4.9295030175465;4.9295030175465;11.8070025631663;Tundra;19
146;7.28117002572773;7.28117002572773;7.28117002572773;9.93847123089307;9.93847123089307;9.93847123089307;4.38774253355527;3.43905923550475;2.02484567313166;2.02484567313166;1.14017542509914;1.14017542509914;7.93723361228571;6.79705818718657;1.14017542509914;7.93723361228571;6.3746763564201;5.23450093132096;12.0315591185075;Tundra;19
147;6.03272691860393;6.34895468462077;6.34895468462077;7.6527951656613;7.6527951656613;7.33656739964446;3.59491001287052;3.27868224685368;1.30384048104053;1.30384048104053;0.316227766016838;0.316227766016838;8.12647744192349;7.81024967590665;0.316227766016838;8.12647744192349;4.05788515279078;3.74165738677394;11.5519070626806;Tundra;19
148;4.70304828050891;4.70304828050891;4.70304828050891;5.15104459745805;5.15104459745805;5.15104459745805;1.54361982346761;0.768312723022891;0.447996316949146;0.447996316949146;0.949421613404709;1.39741793035385;9.5807832222127;8.63136160880799;0.949421613404709;9.13278690526355;4.55684638739515;3.60742477399044;11.7907900658493;Tundra;19
149;6.86002993890176;6.88240179622296;6.88240179622296;8.0457389466184;8.0457389466184;8.0233670892972;3.73265612876501;2.59169083569077;1.14096529307425;1.14096529307425;0.0223718573211974;0.0223718573211974;7.44905723506543;7.42668537774423;0.0223718573211974;7.44905723506543;4.29071096053219;4.26833910321099;11.6950244809552;Tundra;19
150;7.11371323574746;9.83546045031387;9.83546045031387;10.1526364267055;10.1526364267055;7.43088921213911;1.37802731878652;1.06085134239486;0.317175976391656;0.317175976391656;1.97595657847029;2.29313255486194;7.47264288886071;5.49668631039042;1.97595657847029;7.15546691246905;8.34599444821454;6.37003786974425;11.549548203743;Tundra;19
151;7.2210421210151;7.2210421210151;7.2210421210151;8.52572683388637;8.52572683388637;8.52572683388637;3.71702393185551;3.00920969068767;1.30468471287127;1.30468471287127;0.447996316949146;0.447996316949146;7.81377901806109;7.36578270111195;0.447996316949146;7.81377901806109;5.25669921898;4.80870290203086;12.1744856031428;Tundra;19
152;8.03545962756708;9.03545962756708;9.03545962756708;10.58465296605;10.58465296605;9.58465296605005;4.446559934584;3.44655993458399;1.54919333848297;1.54919333848297;0.894427190999916;0.894427190999916;7.41362959620256;6.51920240520265;0.894427190999916;7.41362959620256;6.03252022246597;5.13809303146605;11.6572954366687;Tundra;19
153;8.12732269716815;8.12732269716815;8.12732269716815;10.1273226971682;10.7597782292018;10.7597782292018;6.04809063344593;4.19089023002066;2;2;0.836660026534076;0.836660026534076;7.4548168696438;6.61815684310972;0.836660026534076;7.4548168696438;5.54834762228997;4.7116875957559;11.3298444388656;Tundra;19
154;7.52648166394835;8.42163600818179;8.42163600818179;10.003724185244;10.4517205021931;9.55656615795969;4.37705582396093;3.48106319006264;1.5820881770622;1.5820881770622;0;0;6.64414363180087;6.64414363180087;0;6.64414363180087;5.17951033399877;5.17951033399877;11.8236539657996;Tundra;19
155;9.01020704959363;9.01020704959363;9.01020704959363;10.8824203447515;12.0664397280387;12.0664397280387;5.92183758075594;2.33622728988427;0;0;0.548453097356556;0.548453097356556;6.60957817443589;6.06112507707934;0.548453097356556;6.60957817443589;5.91774814419464;5.36929504683809;11.4304201239174;CCF;5
156;8.12248103324661;8.12248103324661;8.12248103324661;12.720915871911;14.6979888599416;14.6979888599416;9.12651502488689;4.85788078091051;3.18139002638784;3.18139002638784;0.031654383582688;0.031654383582688;6.01266977396583;5.98101539038314;0.031654383582688;6.01266977396583;4.89460581249908;4.86295142891639;10.8439668192995;CCF;5
157;8.34338724294972;8.37504162653241;8.37504162653241;12.9396694434775;14.916742431508;14.8850880479253;7.66626779765226;4.13911650631174;3.01454951363508;3.01454951363508;0.776018298753322;0;6.20306020444748;6.20306020444748;0;6.20306020444748;4.92437803179244;4.92437803179244;11.1274382362399;CCF;5
158;7.51484925892862;7.51484925892862;7.51484925892862;13.4047724785442;15.1956981609777;15.1956981609777;8.00382051250306;5.07113863893238;4.3388553294186;4.3388553294186;1.59053542416826;0.44877923303112;6.7081209476206;6.25934171458948;0.44877923303112;6.7081209476206;4.94783280017166;4.49905356714054;10.75839528173;CCF;5
159;8.39039957015093;8.39039957015093;8.39039957015093;12.9548251782704;14.7436795602702;14.7436795602702;9.20152263107735;5.26363762823354;3.2995145440521;3.2995145440521;0.316227766016838;0;6.29285308902091;6.29285308902091;0;6.29285308902091;4.59347363114234;4.59347363114234;10.8863267201633;CCF;5
160;8.0826411472436;8.0826411472436;8.0826411472436;15.4778105983164;18.3077414278597;18.3077414278597;10.8572106361885;4.87459540506843;4.69048136644522;4.69048136644522;1.44874678534774;0.447996316949146;5.91886739932716;5.47087108237802;0.447996316949146;5.91886739932716;5.64183534094201;5.19383902399286;10.6647101063709;CCF;5
161;7.73251670329501;8.04874446931185;8.04874446931185;15.2821631552178;19.1680350007629;18.8518072347461;12.2532378030235;5.85738587787619;4.94762098475297;4.94762098475297;1.15288779255091;0.316227766016838;4.94224116850499;4.62601340248815;0.316227766016838;4.94224116850499;4.6289994965864;4.31277173056957;8.93878513305772;CCF;5
162;8.22709131986795;8.67430491536791;8.67430491536791;15.5375127383876;18.8990600011819;18.4518464056819;11.5415863987897;6.26526704165476;4.01496701844541;4.01496701844541;0.774596669241483;0;4.73286382647969;4.73286382647969;0;4.73286382647969;4.06201920231798;4.06201920231798;8.79488302879767;CCF;5
163;7.36373681477512;7.36373681477512;7.36373681477512;16.2282017711256;20.4590409313868;20.4590409313868;14.3617177147846;6.91136482912045;5.45052327143912;5.45052327143912;0.707106781186548;0;3.9496835316263;3.9496835316263;0;3.9496835316263;3.4928498393146;3.4928498393146;7.4425333709409;CCF;5
164;8.23233323422124;8.23233323422124;8.23233323422124;16.3815903470126;20.8537263020121;20.8537263020121;12.9602096545268;5.91013822495375;5.01315877130656;5.01315877130656;1.14017542509914;0;3.84707681233427;3.84707681233427;0;3.84707681233427;4.32434966208793;4.32434966208793;8.1714264744222;CCF;5
165;7.65476230709583;8.2872178391295;8.2872178391295;17.2458921509545;21.4767313112157;20.844275779182;13.0721299089745;6.68115409123788;5.79639665165657;5.79639665165657;1.22474487139159;0;3.37638860322683;3.37638860322683;0;3.37638860322683;3.70135110466435;3.70135110466435;7.07773970789118;CCF;5
166;6.53522517837753;6.53522517837753;6.53522517837753;15.3458257977067;20.8047634232892;20.8047634232892;13.0717192036841;4.92341281451955;4.34593133342354;4.34593133342354;0.894427190999916;0.447213595499958;3.2932634896515;2.84604989415154;0.447213595499958;3.2932634896515;4.81756827218239;4.37035467668243;7.21640457083397;CCF;5
167;7.88051279599588;7.88051279599588;7.88051279599588;15.8648078939498;20.4278464977751;20.4278464977751;12.3096106390296;6.01718312368682;4.98340603166635;4.98340603166635;1.51749886326152;0;3.64880991557521;3.64880991557521;0;3.64880991557521;4.23301528464049;4.23301528464049;7.8818252002157;CCF;5
168;6.0655424756659;6.0655424756659;6.0655424756659;15.4671839415757;21.0259607854506;21.0259607854506;14.2187282534755;6.48652324015853;5.29068050769094;5.29068050769094;1.41167288102717;0.316227766016838;3.2827071608551;2.96647939483827;0.316227766016838;3.2827071608551;2.86573752281323;2.54950975679639;5.51598915163466;CCF;5
169;5.89681828922019;5.89681828922019;5.89681828922019;16.5382111789375;21.5307481492563;21.5307481492563;14.7287089449827;7.0346537281151;5.68698956167936;5.68698956167936;0.77530710044472;0;2.49132629336263;2.49132629336263;0;2.49132629336263;2.58982763905245;2.58982763905245;5.08115393241509;CCF;5
170;6.17287986132606;6.17287986132606;6.17287986132606;16.2583898452307;21.5498924673598;21.5498924673598;14.6390650089379;6.52268190288973;4.90981129486855;4.90981129486855;0.774596669241483;0;2.19089023002066;2.19089023002066;0;2.19089023002066;2.30217288664427;2.30217288664427;4.49306311666493;CCF;5
171;5.74863036354536;6.29635292105052;6.29635292105052;15.6035216083548;21.6780586277498;21.1303360702446;14.6576812415809;6.21822392569523;4.64731100844917;4.64731100844917;1.14017542509914;0;2.38746727726266;2.38746727726266;0;2.38746727726266;1.89736659610103;1.89736659610103;4.28483387336369;CCF;5
172;5.33908676385876;5.33908676385876;5.33908676385876;16.5175638479148;22.0943012453542;22.0943012453542;14.1482506736175;6.19384638775895;5.63321818431889;5.63321818431889;1.4142135623731;0;2.14476105895272;2.14476105895272;0;2.14476105895272;2.46981780704569;2.46981780704569;4.61457886599842;CCF;5
173;5.72493682365998;5.72493682365998;5.72493682365998;15.7794362489934;21.3077383572361;21.3077383572361;14.2106135193924;6.38786919266918;5.02528481118987;5.02528481118987;1.41598375696898;0;2.79582426128682;2.79582426128682;0;2.79582426128682;2.17035038645837;2.17035038645837;4.96617464774519;CCF;5
174;2.89670333828314;2.89670333828314;2.89670333828314;16.025631460604;20.4074119206453;20.4074119206453;10.7234212465412;5.44721359549996;7;7;2;0;2.5298221281347;2.5298221281347;0;2.5298221281347;2.44948974278318;2.44948974278318;4.97931187091788;CCF;5
175;5.65890649572294;5.68127835304414;5.68127835304414;17.6678885683657;19.1853874316273;19.1630155743061;9.60928384892472;5.90851706479929;5.57729300087316;5.57729300087316;0.89515434423344;0;4.32657129838398;4.32657129838398;0;4.32657129838398;3.53737374332993;3.53737374332993;7.8639450417139;CCF;5
176;5.22181876936034;5.22181876936034;5.22181876936034;16.1610849638652;16.1610849638652;16.1610849638652;6.48300992019328;5.11797330600629;4.58009012739396;4.58009012739396;0.707106781186548;0;5.33853912601566;5.33853912601566;0;5.33853912601566;3.97682880956146;3.97682880956146;9.31536793557712;ET;4
177;4.32925663774297;4.32925663774297;4.32925663774297;11.257140416778;11.5733681827948;11.5733681827948;4.6827583277864;3.27108544675923;3.58731321277606;3.58731321277606;0.316227766016838;0;7.36206492772238;7.36206492772238;0;7.36206492772238;3.78153408023781;3.78153408023781;11.1435990079602;CCF;5
178;4.85015711085734;6.03417649414462;6.03417649414462;7.90148243282976;7.90148243282976;6.71746304954248;1.55012996229348;1.55012996229348;1.55012996229348;1.55012996229348;0.633167355444041;0.633167355444041;8.31167368805848;7.67850633261444;0.633167355444041;8.31167368805848;5.48332446630138;4.85015711085734;12.5286634434718;Tundra;19
179;4.26614580154031;5.64455067674933;5.64455067674933;5.64455067674933;5.64455067674933;4.26614580154031;0;0;0;0;0.836660026534076;0.836660026534076;9.21520405279544;8.37854402626136;0.836660026534076;9.21520405279544;5.10280582807438;4.26614580154031;12.6446898278017;Tundra;19
180;5.89319022606937;7.0764061826893;7.0764061826893;9.35506725431955;9.35506725431955;8.17185129769963;1.95781262586141;1.18321595661992;1.73093851412509;1.73093851412509;2.73861278752583;2.96548689926215;9.36079768138994;7.16990745136928;2.19089023002066;8.58620101214846;7.30948378684856;5.11859355682789;11.5139043389557;Tundra;19
181;8.16105787361788;8.16105787361788;8.16105787361788;10.7330086364346;10.7553804937558;10.7553804937558;5.1844055497569;4.43184759394667;2.00112580813901;2.00112580813901;0.548453097356556;0.548453097356556;6.99376472675044;6.44531162939388;0.548453097356556;6.99376472675044;5.57097494399894;5.02252184664238;11.4678334760363;Tundra;19
182;7.34256276820462;7.65879053422145;7.65879053422145;11.9331216419605;14.1240118719812;13.8077841059644;7.76961809616352;4.27488738510232;3.09111515111916;3.09111515111916;0.632455532033676;0.316227766016838;6.82007278262048;6.50384501660364;0.316227766016838;6.82007278262048;4.85495005318092;4.53872228716409;11.0425673037677;CCF;5
183;7.51695718127247;7.51695718127247;7.51695718127247;17.0433801185206;21.5401256861506;21.5401256861506;13.3729506860386;6.24877674464369;5.05662257071313;5.05662257071313;0.89515434423344;0;2.7943350371779;2.7943350371779;0;2.7943350371779;4.01455060996869;4.01455060996869;6.80888564714659;CCF;5
184;6.80758878601624;6.80758878601624;6.80758878601624;16.6006332644589;21.3171458532261;21.3171458532261;13.5989494568235;6.47990778687911;5.06341613367394;5.06341613367394;1.09699899726481;0;3.27451445255629;3.27451445255629;0;3.27451445255629;3.19709913828145;3.19709913828145;6.47161359083774;CCF;5
185;5.78514787192169;5.78514787192169;5.78514787192169;8.67490974542669;8.67490974542669;8.67490974542669;1.704938004738;1.704938004738;1.704938004738;1.704938004738;0.549184122130274;0.549184122130274;7.55626613963228;7.00708201750201;0.549184122130274;7.55626613963228;6.33433199405196;5.78514787192169;12.7922298894237;Tundra;19
186;6.96678121068598;8.10853740182312;8.10853740182312;17.9382798844603;19.2048533722612;18.063097181124;8.35427844138442;4.90625158067322;5.24610811949385;5.24610811949385;1.79213666871233;0.44877923303112;5.75512586701575;5.30634663398463;0.44877923303112;5.75512586701575;5.0687021111753;4.61992287814418;9.92626951212881;CCF;5
187;5.80814231367211;6.12531829006377;6.12531829006377;13.2991203273409;13.2991203273409;12.9819443509493;5.14415452187801;4.51098716643397;4.66246637671721;4.66246637671721;1.54273788833246;0.317175976391656;7.12502782554349;6.80785184915183;0.317175976391656;7.12502782554349;4.41806823296217;4.10089225657051;10.9087441057223;ET;4
188;5.6434578978558;6.50908697160401;6.50908697160401;8.98084609042763;8.98084609042763;8.11521701667942;2.19919723218009;1.88202125578843;2.15458314243197;2.15458314243197;0.77530710044472;0;7.43342154058278;7.43342154058278;0;7.43342154058278;5.14071268405461;5.14071268405461;12.5741342246374;Tundra;19
189;7.88956307941977;8.6655813781731;8.6655813781731;9.56146373652156;9.56146373652156;8.78544543776824;2.4465683526687;0.895882358348461;0.895882358348461;0.895882358348461;0.318123246557054;0.318123246557054;6.33255145711872;6.01442821056167;0.318123246557054;6.33255145711872;7.20618445378687;6.88806120722981;12.9024894177915;Tundra;19
190;7.824080498298;9.74761890446513;9.74761890446513;10.6963022025156;10.6963022025156;8.77276379634851;3.11590954685613;1.61950369130045;0.948683298050514;0.948683298050514;0.836660026534076;0.836660026534076;7.03343338046594;6.19677335393187;0.836660026534076;7.03343338046594;7.44219757407697;6.6055375475429;12.8023109014748;Tundra;19
191;6.88631567766486;11.3334589710517;11.3334589710517;11.9640161849506;11.9640161849506;7.5168728915638;1.26322449148086;0.315278606949472;0.315278606949472;0.315278606949472;0.94794588453139;0.94794588453139;6.26501545338226;5.31706956885087;0.94794588453139;6.26501545338226;6.88631567766486;5.93836979313347;11.2554393619843;ET;4
192;7.05087739676087;10.6692372551435;10.6692372551435;10.7325460223088;10.7642004058915;7.14584054750893;0.878902890489505;0.266410001193854;0.063308767165376;0.063308767165376;1.44763814055167;1.41598375696898;6.40103154009002;4.98504778312104;1.41598375696898;6.40103154009002;7.68292141398841;6.26693765701943;11.2519854401405;Tundra;19
193;7.92098258919931;12.960823856541;12.960823856541;12.960823856541;12.960823856541;7.92098258919931;1;0;0;0;1.34164078649987;1.34164078649987;3.94932174858093;2.60768096208106;1.34164078649987;3.94932174858093;8.26262337569919;6.92098258919931;9.52866355128037;CCF;2
194;6.71213656047414;13.2390041093064;13.2390041093064;13.2390041093064;13.2390041093064;6.71213656047414;0.547722557505166;0;0;0;1.04880884817015;1.04880884817015;2.42721372337917;1.37840487520902;1.04880884817015;2.42721372337917;7.21322285113913;6.16441400296898;7.542818878178;CCF;2
195;6.50365747966232;12.3346093745076;12.3346093745076;12.3346093745076;12.3346093745076;6.50365747966232;2.15624445580549;0;0;0;1.8165902124585;1.8165902124585;4.38563672819152;2.56904651573303;1.8165902124585;4.38563672819152;6.87111001750187;5.05451980504338;7.6235663207764;CCF;2
196;8.47596673185806;12.0398636275287;12.0398636275287;12.0398636275287;12.0398636275287;8.47596673185806;4.35498171611243;0;0;0;3.17638325773198;4.12432914226337;7.37838985159256;4.20200659386058;3.17638325773198;6.43044396706117;9.53220730571237;6.35582404798039;9.60988475730958;CCF;2
197;6.03199232646983;10.1398069655144;10.1398069655144;10.6875295230196;10.6875295230196;6.579714883975;2.5248567431198;0;0;0;2.50998007960223;3.3466401061363;6.19269000028784;3.68270992068562;2.50998007960223;5.35602997375377;7.35875644945214;4.84877636984991;7.69482626400145;ET;4
198;6.54378284612453;11.2299009584876;11.2299009584876;11.2299009584876;11.2299009584876;6.54378284612453;2.1734281694421;0;0;0;2.56904651573303;3.51772981378354;7.42925125690513;4.8602047411721;2.56904651573303;6.48056795885462;8.16414606380705;5.59509954807402;9.50662099119561;CCF;2
199;5.27172469415093;7.24656645996408;7.24656645996408;7.56279422598091;7.56279422598091;5.58795246016776;1.41167288102717;1.09544511501033;0.316227766016838;0.316227766016838;0.632455532033676;0.316227766016838;8.00388020352987;7.68765243751303;0.316227766016838;8.00388020352987;4.17627957914059;3.86005181312376;11.5477042506368;Tundra;19
200;4.66460776562781;6.0421426653672;6.0421426653672;6.0421426653672;6.0421426653672;4.66460776562781;1.04709292806322;1.04709292806322;0;0;1.04804656385105;1.04804656385105;9.01272257107194;7.96467600722088;1.04804656385105;9.01272257107194;4.66556140141565;3.6175148375646;11.5821908447855;Tundra;19
201;7.57648373130246;9.37966953546441;9.37966953546441;10.6474291341266;10.6474291341266;8.8442433299646;3.70018799081249;2.86209205358335;1.26775959866214;1.26775959866214;0.633879799331072;0;6.89899937672124;6.89899937672124;0;6.89899937672124;4.51017553982104;4.51017553982104;11.4091749165423;Tundra;19
202;7.7250102932681;9.06750882213136;9.06750882213136;10.6181230230208;10.6181230230208;9.27562449415755;5.092662466934;4.22703339318579;0.77530710044472;0.77530710044472;0.548453097356556;0.865629073748212;7.79733510473366;7.2488820073771;0.548453097356556;7.480159128342;4.27328400052704;3.72483090317048;10.6565369341559;Tundra;19
203;8.56955730115208;9.40837241784944;9.40837241784944;10.4494145118262;10.8989768545552;10.0601617378578;5.70194421487736;4.15460443568866;1.00225420927028;1.00225420927028;0;0;6.83679202550436;6.83679202550436;0;6.83679202550436;4.31942963827402;4.31942963827402;11.1562216637784;Tundra;19
204;6.76574066167781;7.66329912774005;7.66329912774005;9.41760844468345;9.86638767771457;8.96882921165233;4.5410217932473;3.64346332718506;1.30553008391228;1.30553008391228;0;0;7.42369331263085;7.42369331263085;0;7.42369331263085;3.97902818537391;3.97902818537391;11.4027214980048;Tundra;19
205;5.77593644700914;6.2231500425091;6.2231500425091;6.99774671175058;6.99774671175058;6.55053311625062;3.84868189902936;3.84868189902936;0.774596669241483;0.774596669241483;0;0;7.70064932327138;7.70064932327138;0;7.70064932327138;2.70185121722126;2.70185121722126;10.4025005404926;Tundra;19
206;6.59126548056576;10.5877365392159;10.5877365392159;11.3630436396606;11.9962109951047;7.99973993645452;4.29646919290902;3.34612586107333;0.77530710044472;0.77530710044472;0.317175976391656;0.317175976391656;6.96131960819252;6.64414363180087;0.317175976391656;6.96131960819252;4.33762269632881;4.02044671993715;10.664590351738;CCF;5
207;9.12295983184311;9.75541536387679;9.75541536387679;11.2386550612959;12.1330822522958;11.5006267202622;7.36541209463509;5.37553978862485;1.48323969741913;1.48323969741913;0;0;5.8309518948453;5.8309518948453;0;5.8309518948453;4.13521462562707;4.13521462562707;9.96616652047237;CCF;5
208;9.31205075359365;12.5558207978477;12.5558207978477;14.827180096895;16.9271371440748;13.6833670998208;9.46239236549335;5.59670654186304;1.79092568243353;1.79092568243353;0;0;4.65234227029783;4.65234227029783;0;4.65234227029783;3.77219550129629;3.77219550129629;8.42453777159413;CCF;5
209;9.3399859505929;13.911281478187;13.911281478187;15.6079601472962;18.2926775812174;13.7213820536233;10.5035899266036;5.19067778908841;1.67430681178809;1.67430681178809;0;0;3.88788060516266;3.88788060516266;0;3.88788060516266;3.19542026969849;3.19542026969849;7.08330087486116;CCF;5
210;9.01337684753151;13.4383464231285;13.4383464231285;16.2884558756058;18.9731733095269;14.54820373393;10.7713121352577;5.55540784533401;2.0748023520326;2.0748023520326;0.77530710044472;0.77530710044472;4.98460849141211;4.20930139096739;0.77530710044472;4.98460849141211;3.77689159867228;3.00158449822756;7.21088588919495;CCF;5
211;7.97480027322648;12.535501973623;12.535501973623;18.3620175619752;22.8675696924028;18.3068679920062;14.5211533778823;5.54555457707243;3.42869461568275;3.42869461568275;0.547722557505166;0;2.16794833886788;2.16794833886788;0;2.16794833886788;1.78885438199983;1.78885438199983;3.95680272086771;CCF;5
212;7.7907404314908;12.2427422621283;12.2427422621283;16.9829473772825;22.0550501167782;17.6030482861407;14.9171663539896;5.29835364397585;3.65904144276099;3.65904144276099;0.447996316949146;0;2.16914849653038;2.16914849653038;0;2.16914849653038;1.78988929825283;1.78988929825283;3.95903779478321;CCF;5
213;8.32869570308048;12.712725778251;12.712725778251;18.3116404413049;22.9183444365709;18.5343143614004;14.9568746994766;5.39868506083331;4.10103995229258;4.10103995229258;1.18401938328728;0;1.67430681178809;1.67430681178809;0;1.67430681178809;1.84496718127993;1.84496718127993;3.51927399306802;CCF;5
214;7.33458003724744;12.6972768401629;12.6972768401629;17.041963026169;21.7902355752125;16.427538772297;13.512210064706;4.97339253776881;3.36287097393166;3.36287097393166;0.549184122130274;0;1.51842391972729;1.51842391972729;0;1.51842391972729;1.41598375696898;1.41598375696898;2.93440767669628;CCF;5
215;7.20743493532458;11.6119780444336;11.6119780444336;17.6540152899155;22.5016951473318;18.0971520382228;14.6513645562579;5.35396560658415;4.36871719241373;4.36871719241373;0.547722557505166;0;1.54919333848297;1.54919333848297;0;1.54919333848297;1.22474487139159;1.22474487139159;2.77393820987456;CCF;5
216;8.99039441781633;12.1032404146495;12.1032404146495;17.2562994849445;23.0585261437368;19.9456801469037;16.7377788569013;4.44596907540746;2.99841783279115;2.99841783279115;0;0;0.893700900749238;0.893700900749238;0;0.893700900749238;2.46606010912363;2.46606010912363;3.35976100987287;CCF;5
217;7.15799649374845;9.66662297052812;9.66662297052812;16.7955082128022;22.8091042002293;20.3004777234497;15.7373171212992;3.93056895858271;4.20721080497761;4.20721080497761;0.773887007256227;0;1.09466967620374;1.09466967620374;0;1.09466967620374;1.81554504212922;1.81554504212922;2.91021471833296;CCF;5
218;6.52564881644956;10.4879713676814;10.4879713676814;16.1284590351766;22.4054009657667;18.4430784145349;14.3408515649491;4.18397593210107;3.06594194335118;3.06594194335118;0;0;0.707106781186548;0.707106781186548;0;0.707106781186548;1.84390889145858;1.84390889145858;2.55101567264512;CCF;5
219;5.06434251632934;9.04771614931935;9.04771614931935;15.7465286567812;22.4554020346294;18.4720284016394;14.2991189653587;2.77193663347487;3.60716402766163;3.60716402766163;0.835227394186757;0;0.947209374953605;0.947209374953605;0;0.947209374953605;1.33992880407878;1.33992880407878;2.28713817903239;CCF;5
220;3.90073271322197;7.48030158391017;7.48030158391017;16.2562697944082;22.3912627120895;18.8116938414013;13.910549046902;2.60908169668947;3.55850331009418;3.55850331009418;0.949421613404709;0;0;0;0;0;0;0;0;CCF;5
221;4.18921111222426;7.72474501815699;7.72474501815699;14.9188523743503;21.4073036533536;17.8717697474208;13.2268336858394;1.8165902124585;2.13281797847533;2.13281797847533;0.316227766016838;0;0.894427190999916;0.894427190999916;0;0.894427190999916;0.316227766016838;0.316227766016838;1.21065495701675;CCF;5
222;3.94190584000916;8.38037404424359;8.38037404424359;15.6241490049432;21.8450814109415;17.4066132067071;12.1919890739998;2.06751568920856;2.73833608245849;2.73833608245849;0.894427190999916;0;0.894427190999916;0.894427190999916;0;0.894427190999916;0.447213595499958;0.447213595499958;1.34164078649987;CCF;5
223;3.79052203555019;7.96399994971243;7.96399994971243;15.6735688197446;22.0407535194372;17.867275605275;13.7252986941668;2.66600967740179;2.66600967740179;2.66600967740179;0;0;0.0223718573211974;0.0223718573211974;0;0.0223718573211974;0.548453097356556;0.548453097356556;0.570824954677754;CCF;5
224;3.46410161513775;7.28509625004631;7.28509625004631;16.2901167356577;22.2061965187573;18.3852018838487;13.4785803828029;3.04959013639538;3.59731269390055;3.59731269390055;0.547722557505166;0;0;0;0;0;0;0;0;CCF;5
225;2.50998007960223;5.71934138677847;5.71934138677847;14.2004708490387;20.9754247234205;17.7660634162442;12.9494255847273;2.56904651573303;2.56904651573303;2.56904651573303;0;0;0.836660026534076;0.836660026534076;0;0.836660026534076;0;0;0.836660026534076;CCF;5
226;4.43780814481317;8.42734651409852;8.42734651409852;15.7626292405107;21.6136748479214;17.624136478636;11.9866306747939;1.92463092565822;1.94700278297941;1.94700278297941;0.0223718573211974;0;0.949421613404709;0.949421613404709;0;0.949421613404709;0.77530710044472;0.77530710044472;1.72472871384943;CCF;5
227;3.41839828267368;5.91107293051684;5.91107293051684;14.3550353429782;21.4473976574683;18.9547230096252;14.1803546240611;2.66743894025712;2.6990933238398;2.6990933238398;0.031654383582688;0;0.895882358348461;0.895882358348461;0;0.895882358348461;0.44877923303112;0.44877923303112;1.34466159137958;CCF;5
228;2.90135066822334;3.99834966548815;3.99834966548815;13.0775642912212;20.0559879527654;18.9589889555006;13.2892095469259;3.40943521715841;4.18545351591173;4.18545351591173;0.776018298753322;0;0.633879799331072;0.633879799331072;0;0.633879799331072;0;0;0.633879799331072;CCF;5
229;3.53297922865237;4.83766394152364;4.83766394152364;15.0313957376695;21.8318918004579;20.5272070875866;14.2624794620981;3.37815214281417;4.32757375621888;4.32757375621888;0.949421613404709;0;0.633167355444041;0.633167355444041;0;0.633167355444041;0.633167355444041;0.633167355444041;1.26633471088808;CCF;5
230;3.43071006649633;5.21956444849616;5.21956444849616;14.3379010306223;21.3948125363733;19.6059581543734;14.6432275244676;3.37638860322683;3.92411116073199;3.92411116073199;0.547722557505166;0;0.707106781186548;0.707106781186548;0;0.707106781186548;0.316227766016838;0.316227766016838;1.02333454720339;CCF;5
231;3.69532811920583;4.40314236037367;4.40314236037367;14.1903736774078;20.6589393839613;19.9511251427934;13.8094298377213;3.06755764412016;3.38473362051181;3.38473362051181;0.317175976391656;0;0.317175976391656;0.317175976391656;0;0.317175976391656;0.317175976391656;0.317175976391656;0.634351952783311;CCF;5
232;3.17971863535125;3.17971863535125;3.17971863535125;12.0218804480536;19.1528937982024;19.1528937982024;14.3130669521262;3.00158449822756;3.00158449822756;3.00158449822756;0;0;0;0;0;0;0;0;0;CCF;5
233;2.81218925394434;2.81218925394434;2.81218925394434;14.5551768455677;20.1705158380062;20.1705158380062;14.2459973118873;4.26833910321099;4.29071096053219;4.29071096053219;0.0223718573211974;0;0;0;0;0;0;0;0;CCF;5
234;2.3690133811357;2.3690133811357;2.3690133811357;16.2488276918759;20.2404270830974;20.2404270830974;12.0788163310466;4.37484612300821;5.3250069514999;5.3250069514999;0.950160828491682;0;0;0;0;0;0;0;0;CCF;5
235;2.68328157299975;2.68328157299975;2.68328157299975;16.6018218284219;18.525360234589;18.525360234589;10.7296774107395;5.62138772902208;5.62138772902208;5.62138772902208;0.447213595499958;0.447213595499958;0.447213595499958;0;0.447213595499958;0.447213595499958;0.894427190999916;0.447213595499958;0.447213595499958;CCF;5
236;3.00088906628761;3.00088906628761;3.00088906628761;17.534946625452;19.3248359237048;19.3248359237048;10.2827297581274;4.74584270704371;5.64099705127715;5.64099705127715;0.89515434423344;0;0.633167355444041;0.633167355444041;0;0.633167355444041;0.633167355444041;0.633167355444041;1.26633471088808;CCF;5
237;2.43156117235875;2.43156117235875;2.43156117235875;18.01220704743;18.01220704743;18.01220704743;9.2881918423217;5.81995354792459;6.91929093926539;6.91929093926539;1.0993373913408;0;0.451129249772169;0.451129249772169;0;0.451129249772169;0.451129249772169;0.451129249772169;0.902258499544338;ET;4
238;2.38876666922494;3.16407376966966;3.16407376966966;18.2937722436221;18.3161441009433;17.5408370004985;9.01086006190936;5.41570215207594;6.46527425536375;6.46527425536375;1.04957210328781;0;0.77530710044472;0.77530710044472;0;0.77530710044472;0;0;0.77530710044472;CCF;5
239;1.94715618274447;2.26148467333989;2.26148467333989;17.4382044937516;17.4382044937516;17.1238760031562;8.40935038069924;5.0148482130569;5.907823688644;5.907823688644;0.892975475587096;0;1.09389524178506;1.09389524178506;0;1.09389524178506;0;0;1.09389524178506;ET;4
240;3.652396759169;3.652396759169;3.652396759169;19.1954301949523;19.1954301949523;19.1954301949523;10.0240740734541;5.46171495960747;6.01016805696402;6.01016805696402;0.548453097356556;0;0;0;0;0;1.41509805313978;1.41509805313978;1.41509805313978;ET;4
241;2.86573752281323;2.86573752281323;2.86573752281323;19.1159995997163;19.1159995997163;19.1159995997163;10.6451858539062;5.58569601750758;6.7689119741275;6.7689119741275;1.18321595661992;0;0.547722557505166;0.547722557505166;0;0.547722557505166;0.316227766016838;0.316227766016838;0.863950323522004;ET;4
242;2.54676812843258;2.54676812843258;2.54676812843258;17.664690831863;17.664690831863;17.664690831863;9.92817786498299;5.28612464854926;5.60045313914468;5.60045313914468;0.314328490595428;0;0.892975475587096;0.892975475587096;0;0.892975475587096;0;0;0.892975475587096;ET;4
243;2.36771363759176;2.36771363759176;2.36771363759176;16.8703795835242;16.8703795835242;16.8703795835242;8.57710086519467;5.04241270623498;5.35958868262664;5.35958868262664;0.317175976391656;0;1.2255619119408;1.2255619119408;0;1.2255619119408;0.317175976391656;0.317175976391656;1.54273788833246;ET;4
244;2.27877317870823;2.27877317870823;2.27877317870823;15.9975539015102;15.9975539015102;15.9975539015102;6.24855787850577;3.84508976488196;3.84508976488196;3.84508976488196;0;0;0.315278606949472;0.315278606949472;0;0.315278606949472;1.13938658935411;1.13938658935411;1.45466519630359;ET;4
245;1.62006824705737;1.62006824705737;1.62006824705737;17.032653791093;17.032653791093;17.032653791093;7.27102326059854;4.82700735445887;6.24122091683196;6.24122091683196;1.4142135623731;0;1.14017542509914;1.14017542509914;0;1.14017542509914;0.316227766016838;0.316227766016838;1.45640319111598;ET;4
246;0.949421613404709;0.949421613404709;0.949421613404709;16.062794570431;16.062794570431;16.062794570431;6.66781591464682;4.88101672810082;5.97723828417422;5.97723828417422;1.09622155607341;0;0.447996316949146;0.447996316949146;0;0.447996316949146;0;0;0.447996316949146;ET;4
247;0.317175976391656;0.317175976391656;0.317175976391656;16.5521548590462;16.5521548590462;16.5521548590462;7.20369555349305;5.68619669023153;7.20369555349305;7.20369555349305;1.51749886326152;0;0.837377573141292;0.837377573141292;0;0.837377573141292;0.317175976391656;0.317175976391656;1.15455354953295;ET;4
248;1.00075046839859;1.00075046839859;1.00075046839859;17.0399695446071;17.0399695446071;17.0399695446071;6.63656326550167;5.3318785526304;6.88200851492388;6.88200851492388;1.55012996229348;0;0.77530710044472;0.77530710044472;0;0.77530710044472;1.00075046839859;1.00075046839859;1.77605756884331;ET;4
249;0.895882358348461;0.927536741931149;0.927536741931149;17.1604452098263;17.1604452098263;17.1287908262437;6.71478546610092;4.66309864789498;6.14816120549988;6.14816120549988;1.4850625576049;0;1.2263800389765;1.2263800389765;0;1.2263800389765;0.895882358348461;0.895882358348461;2.12226239732496;ET;4
250;1.67332005306815;1.67332005306815;1.67332005306815;16.9316735387803;16.9316735387803;16.9316735387803;7.02124360498056;4.9598387070549;6.00864755522505;6.00864755522505;1.04880884817015;0;1.04880884817015;1.04880884817015;0;1.04880884817015;0.836660026534076;0.836660026534076;1.88546887470423;ET;4
251;2.97484176581315;4.56223078641225;4.56223078641225;18.9254808827231;21.3337997984816;19.7464107778825;11.1089259774835;4.90917508345343;5.35638867895339;5.35638867895339;0.447213595499958;0;1.14017542509914;1.14017542509914;0;1.14017542509914;1;1;2.14017542509914;CCF;5
252;2.23976617218397;2.23976617218397;2.23976617218397;18.7209620149613;18.7209620149613;18.7209620149613;10.7724754762373;7.84856674813943;10.5871795356653;10.5871795356653;2.73861278752583;0;1.92353840616713;1.92353840616713;0;1.92353840616713;2.23976617218397;2.23976617218397;4.16330457835111;ET;4
253;4.60555127546399;6.05468895008293;6.05468895008293;19.5960911139824;19.5960911139824;18.1469534393635;6.4533519572792;4.40454310910905;7.64491345831298;7.64491345831298;3.24037034920393;0;4.60434577328853;4.60434577328853;0;4.60434577328853;3.60555127546399;3.60555127546399;8.20989704875252;ET;4
254;5.79663621199547;5.79663621199547;5.79663621199547;10.8772436977657;10.8772436977657;10.8772436977657;1.79030868846688;0.89515434423344;5.08060748577021;5.08060748577021;6.00309001396206;1.81763687242529;8.52177331196767;6.70413643954238;1.81763687242529;8.52177331196767;7.61427308442077;5.79663621199547;12.5007726515379;Tundra;19
255;7.89985544949193;11.3783608756771;11.3783608756771;11.8255744711771;11.8255744711771;8.34706904499189;1.09544511501033;0;0.447213595499958;0.447213595499958;2.59197465445268;2.14476105895272;7.12472089814821;4.97995983919549;2.14476105895272;7.12472089814821;10.0446165084447;7.89985544949193;12.8798152886874;Tundra;19
256;7.03917253659832;10.6010278396672;10.6010278396672;10.6010278396672;10.6010278396672;7.03917253659832;0;0;0;0;2.09645054795003;2.09645054795003;6.67668214689784;4.58023159894781;2.09645054795003;6.67668214689784;9.13562308454835;7.03917253659832;11.6194041355461;Tundra;19
257;7.66254557226632;11.5888562960884;11.5888562960884;11.5888562960884;11.5888562960884;7.66254557226632;0.317175976391656;0;0;0;2.95113693345463;2.95113693345463;5.70941685035937;2.75827991690474;2.95113693345463;5.70941685035937;10.613682505721;7.66254557226632;10.4208254891711;CCF;2
258;6.28925190427521;12.1343639391296;12.1343639391296;12.1343639391296;12.1343639391296;6.28925190427521;1.54825802113214;0;0;0;2.52845939259463;2.52845939259463;4.39821980505394;1.86976041245931;2.52845939259463;4.39821980505394;8.81771129686983;6.28925190427521;8.15901231673451;CCF;2
259;4.71382707704233;11.3353332727655;11.3353332727655;11.3353332727655;11.3353332727655;4.71382707704233;2.3250604078174;0;0;0;3.13214148786417;4.51141752985142;7.04260438585395;3.91046289798978;3.13214148786417;5.66332834386671;7.84596856490651;4.71382707704233;7.24501393304487;CCF;2
260;6.46625828793174;8.16919692452438;8.16919692452438;8.16919692452438;8.16919692452438;6.46625828793174;3.01662062579967;0;0;0;3.79473319220206;4.97794914882198;9.23235862605851;5.43762543385645;3.79473319220206;8.04914266943858;10.2609914801338;6.46625828793174;10.7206677651683;Tundra;19
261;7.44815336177079;7.44815336177079;7.44815336177079;7.44815336177079;7.44815336177079;7.44815336177079;3.19374388453426;0;0;0;2.79284800875379;3.79284800875379;6.84243814514917;4.04959013639538;2.79284800875379;5.84243814514917;10.2410013705246;7.44815336177079;10.4977434981662;Tundra;19
262;3.0728627731834;3.62131587053995;3.62131587053995;3.62131587053995;3.62131587053995;3.0728627731834;2.52440967582684;0;0;0;2.30343348069789;5.33818383286856;10.7074788797066;8.40404539900875;2.30343348069789;7.67272852753598;4.82784315652473;2.52440967582684;7.89370472266493;TEGR;13
263;3.24169829777956;5.7728851537821;5.7728851537821;5.7728851537821;5.7728851537821;3.24169829777956;1.97595657847029;0;0;0;1.78988929825283;2.73931091165754;7.9188212456563;6.12893194740347;1.78988929825283;6.96939963225159;5.03158759603239;3.24169829777956;8.42120863177833;Tundra;19
264;1.59653140567532;2.64534025384547;2.64534025384547;2.64534025384547;2.64534025384547;1.59653140567532;1.04880884817015;0;0;0;3.13049516849971;4.7736628410152;11.5780731754968;8.4475780069971;3.13049516849971;9.9349055029813;4.72702657417502;1.59653140567532;8.40094174015692;TEGR;13
265;4.34647620154171;5.72488107675073;5.72488107675073;6.04110884276757;6.35733660878441;4.97893173357539;4.08450454257547;0.316227766016838;0.316227766016838;0.316227766016838;2.07364413533277;3.21381956043191;8.83520728945399;6.76156315412122;2.07364413533277;7.69503186435485;5.04171546166546;2.96807132633269;8.58945905535477;TEGR;13
266;4.07383021683765;6.32967205526516;6.32967205526516;7.5929251573789;7.5929251573789;5.33708331895139;3.78975930634124;1.26325310211374;1.26325310211374;1.26325310211374;2.25584183842751;2.70149057902934;8.97208539132586;6.71624355289835;2.25584183842751;8.52643665072403;5.06641895315141;2.8105771147239;9.08117192702042;Tundra;19
267;3.22068671354603;4.48726020134688;4.48726020134688;4.51891458492957;4.51891458492957;3.25234109712872;2.20200477004106;0.031654383582688;0.031654383582688;0.031654383582688;1.76272924750229;1.79438363108498;5.03815367533904;3.27542442783675;1.76272924750229;5.00649929175636;4.98341596104833;3.22068671354603;6.4644567578001;Tundra;19
268;2.06140489792566;3.70457257044116;3.70457257044116;4.54123259697524;4.54123259697524;2.89806492445974;1.22474487139159;0;0;0;2.14476105895272;2.14476105895272;5.06023700637537;2.91547594742265;2.14476105895272;5.06023700637537;4.20616595687839;2.06140489792566;4.97688084534832;TEGR;13