"","x"
"1",-0.0313872363626228
"2",-0.0314179007935041
"3",-0.0314485551111772
"4",-0.031479285487066
"5",-0.0315099730276596
"6",-0.0315407907645305
"7",-0.0315715420702684
"8",-0.0316023119210573
"9",-0.031633105450592
"10",-0.0316639083474713
"11",-0.0316947299328826
"12",-0.0317255673497994
"13",-0.031756393277078
"14",-0.0317872667503943
"15",-0.0318181559983351
"16",-0.0318490330565633
"17",-0.0318799880884124
"18",-0.0319109003785494
"19",-0.0319418655686878
"20",-0.0319728727526539
"21",-0.032003836988548
"22",-0.0320348472430464
"23",-0.032065990807768
"24",-0.03209700720885
"25",-0.0321280698972013
"26",-0.032159121101816
"27",-0.0321902506096803
"28",-0.0322213724059682
"29",-0.0322524759072782
"30",-0.0322836578543912
"31",-0.0323147963485733
"32",-0.0323459818465677
"33",-0.0323771871003651
"34",-0.0324083781357744
"35",-0.0324396163452503
"36",-0.0324708744580669
"37",-0.0325021181679395
"38",-0.0325334449285318
"39",-0.0325647560109119
"40",-0.0325961967024352
"41",-0.0326275108976856
"42",-0.0326588751742954
"43",-0.0326902546851198
"44",-0.0327216218675506
"45",-0.0327530371488902
"46",-0.0327844721226303
"47",-0.0328159283393509
"48",-0.0328473965720908
"49",-0.0328788848634889
"50",-0.0329103892314259
"51",-0.0329418805881347
"52",-0.0329734223570834
"53",-0.0330049803491079
"54",-0.0330365251439578
"55",-0.0330681510472747
"56",-0.0330997322798027
"57",-0.0331314813460662
"58",-0.0331631611720161
"59",-0.033194796216582
"60",-0.0332264790754429
"61",-0.0332581830871266
"62",-0.0332898711344181
"63",-0.0333216079713821
"64",-0.033353332933871
"65",-0.0333851081010137
"66",-0.0334169340822833
"67",-0.033448713156936
"68",-0.0334805735922993
"69",-0.0335123876928933
"70",-0.0335442210429205
"71",-0.0335761359581897
"72",-0.0336080043217037
"73",-0.033639923386839
"74",-0.0336719782182935
"75",-0.0337039024459042
"76",-0.0337359096504018
"77",-0.0337679025563795
"78",-0.0337999129267622
"79",-0.0338319085265838
"80",-0.0338639562014042
"81",-0.0338960214919218
"82",-0.0339280718203592
"83",-0.0339601721217656
"84",-0.0339922947567467
"85",-0.034024434507775
"86",-0.0340565898327685
"87",-0.0340887676475841
"88",-0.0341209597922473
"89",-0.0341531402379826
"90",-0.0341849686666508
"91",-0.0342165120311427
"92",-0.0342478930286817
"93",-0.0342792977174747
"94",-0.0343106894585707
"95",-0.0343420746709106
"96",-0.034373479571976
"97",-0.034404807109288
"98",-0.0344558877985888
"99",-0.0345092986737684
"100",-0.034562649601494
"101",-0.0346158706465791
"102",-0.0346689996093668
"103",-0.0347220387755256
"104",-0.034774980323735
"105",-0.0348278301753314
"106",-0.0348806213175024
"107",-0.0349332862673936
"108",-0.0349859459268258
"109",-0.0350384612550951
"110",-0.0350908506893377
"111",-0.0351431484150865
"112",-0.0351953932559779
"113",-0.0352474765341498
"114",-0.0352995346669054
"115",-0.0353514720313598
"116",-0.0354033203228784
"117",-0.0354550752686185
"118",-0.0355067080976831
"119",-0.0355583517841144
"120",-0.0356098094658662
"121",-0.0356611748656815
"122",-0.0357125517216799
"123",-0.0357637399423465
"124",-0.0358149047769335
"125",-0.0358660721447252
"126",-0.0359169963309035
"127",-0.035960660299567
"128",-0.0359951135899713
"129",-0.0360294717273989
"130",-0.0360636997649771
"131",-0.0360978669521484
"132",-0.0361319395874707
"133",-0.0361658565724439
"134",-0.0361998086721401
"135",-0.0362335356383864
"136",-0.0362672340221866
"137",-0.0363008134909068
"138",-0.0363343323603609
"139",-0.0363677554319243
"140",-0.0364010568143176
"141",-0.0364343045337232
"142",-0.0364675725663185
"143",-0.0365006006425748
"144",-0.0365335768395156
"145",-0.0365664288180394
"146",-0.0365991936582066
"147",-0.0366319363959599
"148",-0.0366645203135255
"149",-0.0366944741570129
"150",-0.0367180652209287
"151",-0.0367415329095705
"152",-0.0367649368869769
"153",-0.0367883320378335
"154",-0.0368115614576484
"155",-0.0368348086497527
"156",-0.0368578886895016
"157",-0.0368809968417946
"158",-0.0369039277843806
"159",-0.0369269377942271
"160",-0.0369498283916806
"161",-0.0369725844612214
"162",-0.0369952749143202
"163",-0.0370179542751813
"164",-0.0370404679963399
"165",-0.0370629345063525
"166",-0.0370853768285598
"167",-0.0371077207002078
"168",-0.0371300200853649
"169",-0.0371522248924024
"170",-0.0371744205799
"171",-0.0371964605675998
"172",-0.0372185168921439
"173",-0.0372404182002781
"174",-0.0372622851992213
"175",-0.0372841189863517
"176",-0.0373059976661909
"177",-0.0373276626826236
"178",-0.0373492597929739
"179",-0.0373708054923636
"180",-0.0373923393337289
"181",-0.0374137168845086
"182",-0.0374351239726436
"183",-0.0374564054507843
"184",-0.0374776558587158
"185",-0.0374988059426768
"186",-0.0375103182828139
"187",-0.0374877492065936
"188",-0.0371345275023761
"189",-0.0374427647793022
"190",-0.0374203428892695
"191",-0.037397966855085
"192",-0.0373755272408003
"193",-0.0373533356082843
"194",-0.0373310177218999
"195",-0.0373088580008273
"196",-0.0372866138593956
"197",-0.0372644401581048
"198",-0.037242338717883
"199",-0.0372202051873024
"200",-0.0371981755713907
"201",-0.037176190292852
"202",-0.0371541839853779
"203",-0.0371366670219777
"204",-0.0371235221524027
"205",-0.0371103209634726
"206",-0.0370970035379296
"207",-0.0371800670837446
"208",-0.037282938785884
"209",-0.0373863851337167
"210",-0.0374906329321915
"211",-0.0375954402445064
"212",-0.0377510254798834
"213",-0.0379361812059658
"214",-0.0381233519872997
"215",-0.038312825873373
"216",-0.0385045074543814
"217",-0.0386983395965828
"218",-0.0388945368953253
"219",-0.0390930610372451
"220",-0.0392940145387165
"221",-0.0394973489021017
"222",-0.0397031073644696
"223",-0.0399114164874667
"224",-0.040122351116702
"225",-0.0403356988591269
"226",-0.0405519006178355
"227",-0.0407707235063217
"228",-0.0409922189710116
"229",-0.0412166655361096
"230",-0.0414438234628926
"231",-0.0416740238202734
"232",-0.0419071441425301
"233",-0.0421432824285216
"234",-0.0423825176513122
"235",-0.0421145658578563
"236",-0.0428704708448652
"237",-0.0431193943536276
"238",-0.0432916181322251
"239",-0.0433936625594873
"240",-0.0434968169106997
"241",-0.0436010646533806
"242",-0.0437065586826046
"243",-0.0438131478279806
"244",-0.0439210056337655
"245",-0.0440299234171789
"246",-0.0441402725117812
"247",-0.0442516734204577
"248",-0.0443633118460484
"249",-0.0443699243644315
"250",-0.044368558016838
"251",-0.0439317757091861
"252",-0.0443236689865659
"253",-0.0441873407878111
"254",-0.0440489705091613
"255",-0.0439083934176673
"256",-0.0437656606208693
"257",-0.0435181696309896
"258",-0.0432100143709773
"259",-0.0428996255161507
"260",-0.0425870324210065
"261",-0.042125903312874
"262",-0.0416308398600601
"263",-0.0411335113295884
"264",-0.0406258819335632
"265",-0.0402069587458184
"266",-0.039782344385411
"267",-0.0393502129928978
"268",-0.0389136470474638
"269",-0.0384726382366041
"270",-0.0380272399640399
"271",-0.0375559693950417
"272",-0.037080626642844
"273",-0.0366009646263089
"274",-0.0361169671103044
"275",-0.0355554775080014
"276",-0.0349598609749589
"277",-0.0343649385130611
"278",-0.0337710221356905
"279",-0.0331779006561248
"280",-0.0326336327689354
"281",-0.0322054181576049
"282",-0.0317819333628206
"283",-0.0313629109233439
"284",-0.0309907211713134
"285",-0.0306249263219749
"286",-0.0302618567444561
"287",-0.0299017366032455
"288",-0.0295444588780964
"289",-0.0291898211297496
"290",-0.0288380332805364
"291",-0.0284890179490394
"292",-0.0281424985945781
"293",-0.027798757603446
"294",-0.0274576645045408
"295",-0.0271190348531992
"296",-0.0267830932533633
"297",-0.0264469745463107
"298",-0.0260955776095154
"299",-0.0257446363823661
"300",-0.0253940677389759
"301",-0.0250437868189525
"302",-0.0246940202313366
"303",-0.0245004131193338
"304",-0.0244560995252915
"305",-0.0244119400960433
"306",-0.0243676032207054
"307",-0.0243233434525841
"308",-0.0242790473372769
"309",-0.0242346155020072
"310",-0.0241806227986996
"311",-0.0240933230342421
"312",-0.0240061861227356
"313",-0.0239195705623748
"314",-0.0238332719295728
"315",-0.023714019151966
"316",-0.0235804186818216
"317",-0.0234222157944656
"318",-0.0232652267219592
"319",-0.0231095806917549
"320",-0.0229552655961639
"321",-0.0228063357415421
"322",-0.0226833772692825
"323",-0.0225610526331269
"324",-0.0223639544109489
"325",-0.0222139079492391
"326",-0.0220649844263421
"327",-0.0219171467061313
"328",-0.0217705967849336
"329",-0.0216251128641206
"330",-0.0214807146880166
"331",-0.0212803510985686
"332",-0.0211312948338296
"333",-0.020983371770484
"334",-0.0208375513876641
"335",-0.0206830510160021
"336",-0.0205301299961696
"337",-0.0203791035109558
"338",-0.0202351125356813
"339",-0.0200972331355014
"340",-0.0199608428245667
"341",-0.0198257610839303
"342",-0.0196918918816674
"343",-0.0195593411862409
"344",-0.0194280367620684
"345",-0.0192980613297444
"346",-0.0191692472667464
"347",-0.0190416263990273
"348",-0.0189152823727558
"349",-0.0178397972949062
"350",-0.0164078389726476
"351",-0.0150198687024143
"352",-0.0136736156525058
"353",-0.0123675032086027
"354",-0.0110934631933695
"355",-0.00984138305023811
"356",-0.00861846322567775
"357",-0.00742145523078987
"358",-0.006823129423052
"359",-0.00673804176333903
"360",-0.00665370707632028
"361",-0.00657010793803387
"362",-0.00649318032534343
"363",-0.00642140324268535
"364",-0.00634918879558047
"365",-0.00627664182869486
"366",-0.00621297780864022
"367",-0.0061490766366338
"368",-0.00608462569743902
"369",-0.00601974440357035
"370",-0.00595427995632203
"371",-0.00589006174332435
"372",-0.0058297432812683
"373",-0.00577323477342503
"374",-0.00573165953098227
"375",-0.00568973262391358
"376",-0.00564736213527915
"377",-0.00560460566841631
"378",-0.00556135654838331
"379",-0.00551782907996629
"380",-0.00546902334526977
"381",-0.00541982738592472
"382",-0.00537050519594164
"383",-0.00532077835744002
"384",-0.00527077399750533
"385",-0.0052204469589645
"386",-0.0051699308324443
"387",-0.00511845098266679
"388",-0.00504171129184973
"389",-0.00496451742277579
"390",-0.00488679130432573
"391",-0.00480831289832473
"392",-0.00472942834371068
"393",-0.00464983468684993
"394",-0.00456976417990049
"395",-0.00448891368103777
"396",-0.00440667721423868
"397",-0.0043237067737989
"398",-0.00423988178378344
"399",-0.00415632039093269
"400",-0.00407269158460895
"401",-0.00399630092624467
"402",-0.00390662789383071
"403",-0.00382366649606867
"404",-0.00374111535654349
"405",-0.00365806374204291
"406",-0.00357476395223588
"407",-0.00349103210857117
"408",-0.0034050690165875
"409",-0.00331686606670773
"410",-0.00322771433478726
"411",-0.0031378375860234
"412",-0.00304690693191421
"413",-0.002985612292484
"414",-0.00286266556815045
"415",-0.00276919774581739
"416",-0.0026748560742563
"417",-0.00257950310246772
"418",-0.0024833344200081
"419",-0.00238601612568611
"420",-0.00221475524898814
"421",-0.00203229875967905
"422",-0.00186449966140483
"423",-0.00169581385129447
"424",-0.00152631286275991
"425",-0.00135592437677443
"426",-0.00118461201578779
"427",-0.00101247743528455
"428",-0.000839575564358256
"429",-0.000665683842273433
"430",-0.000491097605014533
"431",-0.000317102865617083
"432",-0.000142472833869032
"433",3.29705739515372e-05
"434",0.00020912989881048
"435",0.000382105886262586
"436",0.000555504842653861
"437",0.000729297493857674
"438",0.000903388385866928
"439",0.00107777265720067
"440",0.00125261117122732
"441",0.0014278667247933
"442",0.00160330279373594
"443",0.00177883162665043
"444",0.00195438419801071
"445",0.00212994907570404
"446",0.00230561349004999
"447",0.00248129241573754
"448",0.00265697634512845
"449",0.00283284839376226
"450",0.00300874115105953
"451",0.0031846476395519
"452",0.00336064307240464
"453",0.00353666372380998
"454",0.00371287390858876
"455",0.00388896807794398
"456",0.00406516018931973
"457",0.00424144140998218
"458",0.00441774796247113
"459",0.00459414814776799
"460",0.00477065342646398
"461",0.00494717763671459
"462",0.00512361210121393
"463",0.00530025124939863
"464",0.00547690418300349
"465",0.00565365883348554
"466",0.00583049205639925
"467",0.00600736189730611
"468",0.00618424213204044
"469",0.00636112767872682
"470",0.00653812279384402
"471",0.00671520748230925
"472",0.0068923995430503
"473",0.00706961602807615
"474",0.00724540524704022
"475",0.00742120994718077
"476",0.00759696126129291
"477",0.00910531381373526
"478",0.00925199825547929
"479",0.00939851098885967
"480",0.00954473705709087
"481",0.00969075521741029
"482",0.00983657872589378
"483",0.00998408045662442
"484",0.0101320007714321
"485",0.0102798331762425
"486",0.0104274308592284
"487",0.0105749063239562
"488",0.0107221275597693
"489",0.0108691772785097
"490",0.0110160970389725
"491",0.0111628067648605
"492",0.011309372289935
"493",0.011455749173994
"494",0.0116018882196366
"495",0.0117500289601736
"496",0.0119028078408356
"497",0.0120557694081678
"498",0.0122086789452315
"499",0.0123616200183182
"500",0.0125147625457274
"501",0.0126677534190515
"502",0.0128207956125942
"503",0.0129738214954033
"504",0.0131268983212969
"505",0.013280055211179
"506",0.0134333053418871
"507",0.0135864590672895
"508",0.0137397235392386
"509",0.0138929106113692
"510",0.0137107009596816
"511",0.0141994162148024
"512",0.0143528062625894
"513",0.0145062066836453
"514",0.0146595553709151
"515",0.0148129265737576
"516",0.0149627137232154
"517",0.0151004322888982
"518",0.0152382236355207
"519",0.0153756428031846
"520",0.0155129239652672
"521",0.015650049958823
"522",0.0157869559118453
"523",0.015923805548028
"524",0.015996714364629
"525",0.0160621750568472
"526",0.0161277986637508
"527",0.0161934065458111
"528",0.0162591167315605
"529",0.0163249094257491
"530",0.0163907676492312
"531",0.0164566293695257
"532",0.0165226632100609
"533",0.0165887153957896
"534",0.0166549085794261
"535",0.0167211098590055
"536",0.0167874774773857
"537",0.0168241032576016
"538",0.0168226013729012
"539",0.0168211516983588
"540",0.0168196964741497
"541",0.0168183037733626
"542",0.0168169152218117
"543",0.0168154995909478
"544",0.0168139871860822
"545",0.0168125762024144
"546",0.0168111349247302
"547",0.0168097285104925
"548",0.0168083535520403
"549",0.0168069270041702
"550",0.016805583755709
"551",0.0168040217342727
"552",0.0168026557571417
"553",0.0168012628993629
"554",0.0167998767917803
"555",0.0167984883865342
"556",0.016797131193149
"557",0.0167956859487056
"558",0.016794230722412
"559",0.016792853876503
"560",0.0167915054930538
"561",0.016790130386
"562",0.0167887253134343
"563",0.0167873546033384
"564",0.0167859905546329
"565",0.0167845223395568
"566",0.0167831869709838
"567",0.0167818249955381
"568",0.0167928576941633
"569",0.0168160490410393
"570",0.016839270487587
"571",0.0168624403481296
"572",0.0168857177092237
"573",0.0169087812367863
"574",0.0169318871822073
"575",0.0169549659471047
"576",0.0169780508541116
"577",0.0170011112813595
"578",0.0170211977510878
"579",0.0170411690586332
"580",0.017061179914353
"581",0.017081229514443
"582",0.0171012137025703
"583",0.0171212447817286
"584",0.0171411175039944
"585",0.0171609966245036
"586",0.017180906403583
"587",0.017200734993081
"588",0.017220542802026
"589",0.0172403210372523
"590",0.0172602739441405
"591",0.0172802624406941
"592",0.0173002260356151
"593",0.0173202945238385
"594",0.0173402084225675
"595",0.0173161690865911
"596",0.017253451546488
"597",0.0171910123285707
"598",0.0171286985514589
"599",0.0170666849312471
"600",0.0170151015883486
"601",0.0169682082390407
"602",0.0169212749657275
"603",0.0168744821405481
"604",0.0168276938698461
"605",0.0167782267552742
"606",0.0167284321884822
"607",0.0166788721473251
"608",0.0166292721224786
"609",0.0165753818181471
"610",0.0165138086421339
"611",0.0160935007423211
"612",0.0163912799871422
"613",0.0162871339046594
"614",0.0161496139925363
"615",0.0160118905953414
"616",0.0158737995568873
"617",0.0155043292666805
"618",0.0155966890672894
"619",0.0154576950966436
"620",0.0153182506392949
"621",0.0151786631444707
"622",0.0150385484422603
"623",0.0148982659012612
"624",0.0147575520110784
"625",0.0146191334829881
"626",0.0144803452056678
"627",0.0143411934919994
"628",0.0142015849144487
"629",0.0140617079195509
"630",0.013921403550216
"631",0.0137807850060568
"632",0.0136109815885596
"633",0.013325704072056
"634",0.0130406459145871
"635",0.0127559240299732
"636",0.0125762153979539
"637",0.012404073143439
"638",0.0122327350384297
"639",0.012062146169092
"640",0.0118895389965693
"641",0.0117177678571264
"642",0.0115467757497748
"643",0.0113789263091638
"644",0.0112155472247488
"645",0.0110527880411919
"646",0.0108907237743793
"647",0.0107293555257647
"648",0.0105686202272948
"649",0.0104085213459307
"650",0.0102491424746975
"651",0.0100903700946393
"652",0.00993220423218823
"653",0.0097747384344003
"654",0.00961772431753976
"655",0.00945726485189077
"656",0.00929768516488686
"657",0.00913890424455579
"658",0.00891810182039608
"659",0.00855846882143102
"660",0.00823416343050259
"661",0.0079098339765731
"662",0.0075849057266781
"663",0.0072591692874319
"664",0.00693279038301364
"665",0.00660565529226323
"666",0.00627785771666157
"667",0.00594925939080602
"668",0.00562001674712191
"669",0.00529002522850728
"670",0.00495924856139928
"671",0.0046279119989171
"672",0.0042956510984646
"673",0.00396286988390618
"674",0.00362917510463684
"675",0.00329470952341339
"676",0.00295970331241163
"677",0.00262379194320469
"678",0.00228723452767672
"679",0.00194987216515652
"680",0.00161181432346073
"681",0.00127292047652054
"682",0.000933297174832512
"683",0.000592982543577209
"684",0.000249702329472692
"685",-0.000169315899893679
"686",-0.000588323952110841
"687",-0.00100718850538262
"688",-0.00121792639226775
"689",-0.00140313541533582
"690",-0.00158720970799936
"691",-0.00177022051564046
"692",-0.00195202556765617
"693",-0.00213265388715363
"694",-0.00230665632084189
"695",-0.00243411247922725
"696",-0.00244202253516623
"697",-0.00239516257350219
"698",-0.00234824294414864
"699",-0.00230124001326634
"700",-0.00225408924469046
"701",-0.00220678901579511
"702",-0.00215874553000519
"703",-0.00210894472782718
"704",-0.00205919372290475
"705",-0.00200920526235568
"706",-0.00195921364670581
"707",-0.00190917530872495
"708",-0.00185894817358905
"709",-0.00180880676595766
"710",-0.00175849823625771
"711",-0.00170807417783627
"712",-0.00165761165473748
"713",-0.00160715461942933
"714",-0.00155645397056115
"715",-0.00150561110103495
"716",-0.00145464010586325
"717",-0.00140305181682608
"718",-0.00134865088407046
"719",-0.00129401308710241
"720",-0.00123921301133808
"721",-0.00118421453543283
"722",-0.00112902903398954
"723",-0.0010736266091394
"724",-0.00101805616893335
"725",-0.000962169170564678
"726",-0.000906239697641214
"727",-0.000850016143444846
"728",-0.000793549316299098
"729",-0.000736905750556508
"730",-0.000680144091607938
"731",-0.000623001528126607
"732",-0.000565764398948408
"733",-0.000508191980419268
"734",-0.0004504920997953
"735",-0.000392657651143988
"736",-0.000334474889598347
"737",-0.000276122389408556
"738",-0.00021754080043306
"739",-0.000158750816814542
"740",-9.97709956599185e-05
"741",-4.05247419429242e-05
"742",1.72078818096903e-05
"743",7.49456889384723e-05
"744",0.000132909334165631
"745",0.000191170774666015
"746",0.000266691442288742
"747",0.00042618475255608
"748",0.00058581265740201
"749",0.000745278923833365
"750",0.000905006696295979
"751",0.00106470671622823
"752",0.00122446019299841
"753",0.00138430384821649
"754",0.00154406089706509
"755",0.00170396408873207
"756",0.00186399681039087
"757",0.00202395254210893
"758",0.00218400812693864
"759",0.00234410376842722
"760",0.00250427071171127
"761",0.00266442855926072
"762",0.00282477382538366
"763",0.00298498913800612
"764",0.00314544736516257
"765",0.00330580616534234
"766",0.00346627005535891
"767",0.00362632068514875
"768",0.00377656012601068
"769",0.00392686922606598
"770",0.00407720616738261
"771",0.00422743015292715
"772",0.00437760811200975
"773",0.00452775987199101
"774",0.00467786379666367
"775",0.00482528028196242
"776",0.00497182194695116
"777",0.00511815128270856
"778",0.00526429446987026
"779",0.00547980048558155
"780",0.00570330662679968
"781",0.00592707424233839
"782",0.00615112596437314
"783",0.00637543948581826
"784",0.00660003831169324
"785",0.00682499051098506
"786",0.00705014154290701
"787",0.00727547548432307
"788",0.00750125434097561
"789",0.0077271801315701
"790",0.00795341960690233
"791",0.00817994996231352
"792",0.00840675578358105
"793",0.00863383431953231
"794",0.00875827140792665
"795",0.00885302407080549
"796",0.00869419754968568
"797",0.00904194633530491
"798",0.00913604034268581
"799",0.00922998565671062
"800",0.0091441063491717
"801",0.00941703242367147
"802",0.00951035262579173
"803",0.00960346045706976
"804",0.00969624748326505
"805",0.00978890898845033
"806",0.00988118471007377
"807",0.00997343713003613
"808",0.0100654621586484
"809",0.0101571985454704
"810",0.010248714238656
"811",0.0103400915801888
"812",0.0104311840482124
"813",0.0105221791265385
"814",0.0106129505521455
"815",0.0107033444427986
"816",0.0107694571139377
"817",0.0106903330572705
"818",0.0106946706719961
"819",0.0106989649350044
"820",0.0105800350780269
"821",0.0104526209163186
"822",0.010319465156408
"823",0.0101867095389768
"824",0.010054320728491
"825",0.00992231300119654
"826",0.00979086667367233
"827",0.00965960627198195
"828",0.00952874910466864
"829",0.00939826361366183
"830",0.009268136242349
"831",0.00913838023857333
"832",0.00901715311905887
"833",0.00889627940787449
"834",0.00877563125031051
"835",0.00865519648913713
"836",0.00853494708889778
"837",0.00843653009321168
"838",0.00833797862029115
"839",0.00823936566361031
"840",0.00814051850260902
"841",0.0080415273021148
"842",0.00794242068663264
"843",0.00784309215454128
"844",0.00774365963431536
"845",0.00764426762406065
"846",0.00754456709279391
"847",0.00744469001575341
"848",0.00734469388801636
"849",0.00724453883181968
"850",0.0071442455651307
"851",0.00704380827040318
"852",0.00694329103507116
"853",0.00684254647168965
"854",0.00674160654624417
"855",0.0066405855019491
"856",0.0065393953103413
"857",0.00643805592540541
"858",0.00633665883113782
"859",0.00623503432286098
"860",0.00613324532814295
"861",0.00603129806253887
"862",0.0059292078111466
"863",0.00582706665651946
"864",0.0057246839282184
"865",0.00562217462550242
"866",0.0055194775807799
"867",0.00541664686492978
"868",0.00531364428941537
"869",0.00521048849260775
"870",0.00510717913236638
"871",0.00500382138197216
"872",0.00490019996173924
"873",0.00479642792394326
"874",0.00469251017203078
"875",0.00458844012569315
"876",0.00447678450818707
"877",0.00429837307858021
"878",0.00417509144294083
"879",0.00405172448114953
"880",0.00392833777394537
"881",0.00380581719294484
"882",0.00368316224946372
"883",0.00356050864906157
"884",0.00343786455716818
"885",0.00331509856783509
"886",0.0031923072653817
"887",0.0030694741289029
"888",0.00294659647769851
"889",0.00282367019400364
"890",0.00270075877084668
"891",0.00257786691861751
"892",0.00245033735410309
"893",0.00232291978487213
"894",0.0021956012899171
"895",0.00206838781293989
"896",0.00194129627362111
"897",0.00181442196056437
"898",0.00168752413592213
"899",0.00156081821060004
"900",0.00143413007500727
"901",0.00130754635667734
"902",0.00107999943571607
"903",0.00103140200130868
"904",0.000873994197034112
"905",0.000803203430203047
"906",0.000769622482216568
"907",0.0007359076145692
"908",0.000702287765218899
"909",0.000668575254484039
"910",0.000634929644295756
"911",0.000601219726473317
"912",0.000567467068311481
"913",0.000533683551788701
"914",0.000499923534682197
"915",0.00046611062372553
"916",0.000432276901020566
"917",0.000398596445559303
"918",0.00036713797284757
"919",0.000335647779631202
"920",0.000304174394767971
"921",0.000272517431586938
"922",0.000240836529103439
"923",0.000209271106412128
"924",0.000177462254260912
"925",0.000145545525279808
"926",0.000113688251756307
"927",8.16858184717379e-05
"928",4.94874385122418e-05
"929",1.65415507934376e-05
"930",-1.64568966006211e-05
"931",-4.964559110165e-05
"932",-8.2891883527e-05
"933",-0.000116274640427813
"934",-0.000147206945725454
"935",-0.000178172018084782
"936",-0.000209292561414587
"937",-0.00024050144835978
"938",-0.000273104698484045
"939",-0.000307385538346819
"940",-0.000341630491563688
"941",-0.0003760560740469
"942",-0.000410478648494026
"943",-0.000445586818136746
"944",-0.0004812339211469
"945",-0.000516953721975288
"946",-0.000552725397138714
"947",-0.000588612096167689
"948",-0.00062458569090605
"949",-0.000660480785208309
"950",-0.000696662841410547
"951",-0.000732897144449135
"952",-0.000769123813346047
"953",-0.00080556156893052
"954",-0.000855354513940182
"955",-0.000911657451727362
"956",-0.000968195351440397
"957",-0.00102480554707249
"958",-0.00108138853413503
"959",-0.00113811911325596
"960",-0.00119490867305114
"961",-0.00125167461591672
"962",-0.00130850238767364
"963",-0.00136547508975944
"964",-0.00142243875793351
"965",-0.00147954109658122
"966",-0.00153662383189554
"967",-0.00159385360863633
"968",-0.00165100895118431
"969",-0.00170828699205885
"970",-0.00176569961515895
"971",-0.0018231800716575
"972",-0.00188064344509407
"973",-0.00193825091743466
"974",-0.00199591842029009
"975",-0.00205348040146678
"976",-0.00211159306429273
"977",-0.00216973008771783
"978",-0.00222779568809275
"979",-0.00228595257143292
"980",-0.00234414146347686
"981",-0.00240214883016375
"982",-0.00246036019108653
"983",-0.00251857565595558
"984",-0.00257673019437632
"985",-0.00263455787290765
"986",-0.00268853146785685
"987",-0.00274245806882469
"988",-0.00279642484546554
"989",-0.00285048643497292
"990",-0.00290449519790175
"991",-0.00295865363188453
"992",-0.00301280180158842
"993",-0.0030669002526174
"994",-0.00312100418568773
"995",-0.00317520606615348
"996",-0.00322947366850577
"997",-0.0032808413907436
"998",-0.00333229524944319
"999",-0.00338390331431165
"1000",-0.00348024956279618
"1001",-0.00360767008730925
"1002",-0.00371876538021787
"1003",-0.00382949575349161
"1004",-0.0039400392795569
"1005",-0.00405036300676892
"1006",-0.0041604053000352
"1007",-0.00427008387286942
"1008",-0.0043796190510759
"1009",-0.00448892618121681
"1010",-0.00459794581740856
"1011",-0.00470672412383396
"1012",-0.00528368430944735
"1013",-0.00530177104826637
"1014",-0.00531996287171356
"1015",-0.00533807675023363
"1016",-0.0053560171907937
"1017",-0.00537410341297066
"1018",-0.00539211237365929
"1019",-0.00541012322971775
"1020",-0.00542797440213412
"1021",-0.00544591270900931
"1022",-0.00546379196305948
"1023",-0.00548156425314653
"1024",-0.00549936599163134
"1025",-0.00551717552042818
"1026",-0.00553484453364151
"1027",-0.00555254387401468
"1028",-0.00557025270519378
"1029",-0.0055877379594799
"1030",-0.00560539034433475
"1031",-0.00562298637527211
"1032",-0.00564047730103123
"1033",-0.0056580323047105
"1034",-0.0056755314174888
"1035",-0.00569302171089116
"1036",-0.00571035244783501
"1037",-0.00572778770493492
"1038",-0.00574514976916782
"1039",-0.00576242571805864
"1040",-0.00577972755772563
"1041",-0.00579739673370739
"1042",-0.00581489594701166
"1043",-0.00583250568124136
"1044",-0.00585013205813786
"1045",-0.0058676228999599
"1046",-0.0058851376455259
"1047",-0.00590259621719548
"1048",-0.00591997748249363
"1049",-0.00593742216365764
"1050",-0.00595481393561657
"1051",-0.00597222150146345
"1052",-0.0059894674650407
"1053",-0.00600682844728627
"1054",-0.00602412317886974
"1055",-0.00604126028803504
"1056",-0.00605854971765324
"1057",-0.0060757763114239
"1058",-0.00609291570145021
"1059",-0.00611010561297132
"1060",-0.00612729402753406
"1061",-0.00614433766587435
"1062",-0.00616148890215232
"1063",-0.00617857719327921
"1064",-0.00619557841342232
"1065",-0.00621266195853975
"1066",-0.00622968417791757
"1067",-0.00624672233617231
"1068",-0.00626658388870878
"1069",-0.0062833556435213
"1070",-0.00630008215455904
"1071",-0.00631671205206568
"1072",-0.00633340545103219
"1073",-0.00635005049359328
"1074",-0.00636449819593097
"1075",-0.00637827242939566
"1076",-0.00639204596764704
"1077",-0.00640566626968001
"1078",-0.00641936985502417
"1079",-0.00643302115458129
"1080",-0.0064465783763586
"1081",-0.00646012884816792
"1082",-0.00647368653911787
"1083",-0.00648724455955905
"1084",-0.00650065126111432
"1085",-0.00651414868142496
"1086",-0.00652757943253018
"1087",-0.00654092474575449
"1088",-0.0065543319441109
"1089",-0.00656767300943255
"1090",-0.00658093074379234
"1091",-0.00659422026399474
"1092",-0.00660751288830883
"1093",-0.00662064259475404
"1094",-0.00663380668391082
"1095",-0.00664697738083271
"1096",-0.00666117518666046
"1097",-0.00667741648899941
"1098",-0.00669365824428492
"1099",-0.00670982770749343
"1100",-0.00672586671098319
"1101",-0.00674474765656381
"1102",-0.00676578464814991
"1103",-0.00678670355962641
"1104",-0.00680769468287553
"1105",-0.00682867758010865
"1106",-0.00684951342786244
"1107",-0.00687035886098482
"1108",-0.00689126278143293
"1109",-0.00691201959407021
"1110",-0.00693285133706437
"1111",-0.00695364821058265
"1112",-0.00697536893864335
"1113",-0.00699714510644999
"1114",-0.00701889007724127
"1115",-0.00704065032583969
"1116",-0.00706228152358596
"1117",-0.00708467535916333
"1118",-0.00710710028399287
"1119",-0.00712942072580083
"1120",-0.00715175912044979
"1121",-0.0071741634525095
"1122",-0.00719651843149115
"1123",-0.00723442112726785
"1124",-0.00727552750613752
"1125",-0.00731926352079394
"1126",-0.00736308478486952
"1127",-0.00740706342867587
"1128",-0.00745098908484104
"1129",-0.00751086994775908
"1130",-0.00757091091906784
"1131",-0.00763125772844146
"1132",-0.0076917135609427
"1133",-0.00775228163532472
"1134",-0.00781302340148081
"1135",-0.0078739190848942
"1136",-0.00793504968100527
"1137",-0.00799625885154566
"1138",-0.00805760263182067
"1139",-0.00811916471192616
"1140",-0.00818082635675552
"1141",-0.00824266536676561
"1142",-0.00830467773158994
"1143",-0.00836684298698836
"1144",-0.00842923550384027
"1145",-0.00849163527935197
"1146",-0.00855437971842887
"1147",-0.00861709502912232
"1148",-0.00868015084371267
"1149",-0.00874331434415751
"1150",-0.0088065879982445
"1151",-0.00887014170263272
"1152",-0.00893371758322805
"1153",-0.00899758243096961
"1154",-0.00906146835290555
"1155",-0.00912567673927623
"1156",-0.00919001546547478
"1157",-0.00925447072400747
"1158",-0.00931912214680515
"1159",-0.00938394869382867
"1160",-0.00944894286293712
"1161",-0.0095313837228128
"1162",-0.00962257676681307
"1163",-0.0097138955670178
"1164",-0.00980527814706325
"1165",-0.00989684996190818
"1166",-0.00998856525388205
"1167",-0.0101023555273135
"1168",-0.0102180270985404
"1169",-0.0103335042444544
"1170",-0.0104490723676529
"1171",-0.0105644398325869
"1172",-0.010681639082662
"1173",-0.0107988038278764
"1174",-0.0109161000208528
"1175",-0.0110334529357145
"1176",-0.0111507098465263
"1177",-0.0112669995804771
"1178",-0.0113831887977425
"1179",-0.0114994788144372
"1180",-0.0116157194773585
"1181",-0.0117320768619079
"1182",-0.0118483826890989
"1183",-0.0119639297677069
"1184",-0.0120643782862948
"1185",-0.0121039040364053
"1186",-0.012143638269177
"1187",-0.0121834344040652
"1188",-0.0122232720756753
"1189",-0.0122662216354317
"1190",-0.0123115578581992
"1191",-0.0123572004418537
"1192",-0.0124029017653795
"1193",-0.0124488883292538
"1194",-0.0124951140698392
"1195",-0.0125413359621537
"1196",-0.0125878792097006
"1197",-0.0126344928921272
"1198",-0.0126814004069974
"1199",-0.0127283671511362
"1200",-0.012775657092231
"1201",-0.0128140521832473
"1202",-0.012814983533074
"1203",-0.0128054490393562
"1204",-0.0127957469825065
"1205",-0.0127861040049044
"1206",-0.0127763570615358
"1207",-0.0127664098821594
"1208",-0.0127565202399902
"1209",-0.0127366421335043
"1210",-0.012707937081024
"1211",-0.0126790667088083
"1212",-0.0126502277840121
"1213",-0.012621320570678
"1214",-0.01259224698147
"1215",-0.012563203766758
"1216",-0.0125340302692051
"1217",-0.0125048257353752
"1218",-0.0124754683016193
"1219",-0.0124461598212805
"1220",-0.0124167725248272
"1221",-0.012387206911301
"1222",-0.0123576809479785
"1223",-0.0123067228604621
"1224",-0.0121987114804381
"1225",-0.012090632588081
"1226",-0.0119826014892085
"1227",-0.0118744753353101
"1228",-0.011766221813053
"1229",-0.0116578749199718
"1230",-0.0115440375640554
"1231",-0.0114302903846039
"1232",-0.0113166173167181
"1233",-0.0112031434724529
"1234",-0.0110896405573695
"1235",-0.0109762112205162
"1236",-0.0108628708830688
"1237",-0.0107496049552723
"1238",-0.0106364895358282
"1239",-0.010523392602129
"1240",-0.0104104758390507
"1241",-0.0102975336628775
"1242",-0.0101846448419526
"1243",-0.0100718584505107
"1244",-0.00995916503754799
"1245",-0.00984655201555986
"1246",-0.00973401322426345
"1247",-0.00962166067983123
"1248",-0.00950928263934214
"1249",-0.00939706180228513
"1250",-0.00928484981744098
"1251",-0.00917271235638319
"1252",-0.00906066018265612
"1253",-0.0089486859988023
"1254",-0.0088368672205285
"1255",-0.0087250537418404
"1256",-0.00861331507866516
"1257",-0.00850164761536479
"1258",-0.00839006453065683
"1259",-0.00827856892168182
"1260",-0.00816657665736821
"1261",-0.00805474458319615
"1262",-0.00794294392643667
"1263",-0.00783128332268317
"1264",-0.00771975338626158
"1265",-0.00760835650963765
"1266",-0.00749705789265087
"1267",-0.00738592644285175
"1268",-0.00727502548792879
"1269",-0.00716415843852719
"1270",-0.0070534232647392
"1271",-0.00694287988377461
"1272",-0.00683240813591211
"1273",-0.00672207239620498
"1274",-0.00661186053158501
"1275",-0.00649138257285299
"1276",-0.00636794023692154
"1277",-0.00624458996838161
"1278",-0.00612129685780869
"1279",-0.00599812510761467
"1280",-0.00587511924694334
"1281",-0.00575212766572794
"1282",-0.00562932442767606
"1283",-0.00550651645888122
"1284",-0.00538379393572118
"1285",-0.00526115242537122
"1286",-0.00513908635533878
"1287",-0.00501615505036972
"1288",-0.0048937901921717
"1289",-0.00477168726423855
"1290",-0.00464950031704226
"1291",-0.00452736795154228
"1292",-0.00440535845087387
"1293",-0.00428343929180677
"1294",-0.00416160766274152
"1295",-0.00403986358848219
"1296",-0.0039281819426504
"1297",-0.00385574156855504
"1298",-0.00378346178320836
"1299",-0.00371135731696278
"1300",-0.00363941768292891
"1301",-0.00356764374765252
"1302",-0.00349603672806809
"1303",-0.00342465379218368
"1304",-0.00335337533277585
"1305",-0.00328225842610118
"1306",-0.0032219496034938
"1307",-0.00319519791783723
"1308",-0.00316854958636773
"1309",-0.00314207928014104
"1310",-0.00311583838338595
"1311",-0.00308964245769667
"1312",-0.00307537296551794
"1313",-0.0030376277983975
"1314",-0.00301380941519039
"1315",-0.00299006289819567
"1316",-0.00296636916793292
"1317",-0.00294288069397173
"1318",-0.00291945666221347
"1319",-0.00293574809306415
"1320",-0.00296232583623117
"1321",-0.00298882453189186
"1322",-0.00304896251616542
"1323",-0.00311312675945572
"1324",-0.00317634138819325
"1325",-0.00323968499961308
"1326",-0.00330302769334861
"1327",-0.00336664059353009
"1328",-0.00343017971739758
"1329",-0.003493903330415
"1330",-0.00355764206493964
"1331",-0.00362156622187597
"1332",-0.00368545677759843
"1333",-0.00374957480364985
"1334",-0.00381369958079955
"1335",-0.00387800993819843
"1336",-0.00394240547800714
"1337",-0.00400692127273064
"1338",-0.00407143280945001
"1339",-0.00413610938987833
"1340",-0.00420082685374707
"1341",-0.0042657293828129
"1342",-0.00433064568081165
"1343",-0.00439575640990531
"1344",-0.00446093889792233
"1345",-0.0045262745993884
"1346",-0.00459176258016352
"1347",-0.00465735262375616
"1348",-0.00472291509768973
"1349",-0.00478860085674748
"1350",-0.00485423092147934
"1351",-0.0049199897493427
"1352",-0.00498577420325835
"1353",-0.00505157970082276
"1354",-0.00511743983291108
"1355",-0.00518319943139062
"1356",-0.00524912699208582
"1357",-0.00531499299426609
"1358",-0.005380979980899
"1359",-0.00544691415109479
"1360",-0.00551297775724362
"1361",-0.00557897350755778
"1362",-0.00564517833643819
"1363",-0.00571121487083241
"1364",-0.00577740639059593
"1365",-0.00584354363788163
"1366",-0.00590981534752551
"1367",-0.00597601132699797
"1368",-0.00604234700495682
"1369",-0.00610862184811043
"1370",-0.00617501695204618
"1371",-0.00624139932898678
"1372",-0.00630786698459648
"1373",-0.00637427540791633
"1374",-0.0064408190889901
"1375",-0.00650728766315887
"1376",-0.00657389701565728
"1377",-0.00664044415714252
"1378",-0.00670760411003676
"1379",-0.00677502338482639
"1380",-0.00684253382156334
"1381",-0.0069101476254247
"1382",-0.00697776154569008
"1383",-0.00705791706365685
"1384",-0.00714321055482308
"1385",-0.00722893924234124
"1386",-0.00731502021656425
"1387",-0.00740160304603474
"1388",-0.00747469567279208
"1389",-0.00754307788957388
"1390",-0.0076114223165714
"1391",-0.0076800012874109
"1392",-0.00774860632118287
"1393",-0.00781744072568667
"1394",-0.00788630768095811
"1395",-0.00795538742934531
"1396",-0.00802450586269181
"1397",-0.00803258420181265
"1398",-0.00816333561721155
"1399",-0.00823296679350442
"1400",-0.00830263995252482
"1401",-0.0083725390131953
"1402",-0.00844246938534981
"1403",-0.00850021047143333
"1404",-0.00851579842468281
"1405",-0.00853156864098691
"1406",-0.00854029934529408
"1407",-0.00854885906464142
"1408",-0.00854133648369738
"1409",-0.00846518780507535
"1410",-0.00838925813762892
"1411",-0.00831132826182564
"1412",-0.00817537228329565
"1413",-0.00803923227597601
"1414",-0.00790311387960884
"1415",-0.00776691054702798
"1416",-0.0076306476040751
"1417",-0.0074941696097671
"1418",-0.00735770010942264
"1419",-0.00722115153655971
"1420",-0.00708442138298575
"1421",-0.00694770791448543
"1422",-0.00681090495960866
"1423",-0.00667409082986298
"1424",-0.006537019970183
"1425",-0.00639995455061744
"1426",-0.00626280951445251
"1427",-0.00612558229932576
"1428",-0.00598820292422975
"1429",-0.00585080497103129
"1430",-0.00571331724619542
"1431",-0.00557574711439497
"1432",-0.00543798137930952
"1433",-0.00530023906337029
"1434",-0.00516240735024909
"1435",-0.00502439233855951
"1436",-0.00488639089529122
"1437",-0.00474837900017023
"1438",-0.00460743139165455
"1439",-0.00446640365962389
"1440",-0.00432556793119171
"1441",-0.0041848741768981
"1442",-0.00404431783757391
"1443",-0.00390410087478524
"1444",-0.00376424429038223
"1445",-0.00362460660207517
"1446",-0.00348519976511177
"1447",-0.00334591910163198
"1448",-0.00320695188646501
"1449",-0.00306821398138685
"1450",-0.0029296014050773
"1451",-0.00279141793429438
"1452",-0.00265334441160274
"1453",-0.00251548255492469
"1454",-0.00237775664616154
"1455",-0.0022403430963858
"1456",-0.00210314263323193
"1457",-0.00196616520839111
"1458",-0.0019097457286
"1459",-0.0017746518289291
"1460",-0.0016397234278768
"1461",-0.00150486471597498
"1462",-0.00137028998260149
"1463",-0.00123584684820377
"1464",-0.00110156120818121
"1465",-0.000967346789366365
"1466",-0.000833468342676656
"1467",-0.000699665125934774
"1468",-0.000566017645935723
"1469",-0.000432449395473193
"1470",-0.000299125730277535
"1471",-0.000165963718584035
"1472",-3.2950323697475e-05
"1473",9.99873605370017e-05
"1474",0.000232633901690917
"1475",0.000365577712862745
"1476",0.000498893570275522
"1477",0.000632007262561663
"1478",0.000743199980846771
"1479",0.000832142521576481
"1480",0.000921072857875013
"1481",0.00100989938337556
"1482",0.00109837915250262
"1483",0.00118648465610492
"1484",0.00127425850513552
"1485",0.00136162987016897
"1486",0.00144863114007942
"1487",0.00143099209128711
"1488",0.00162158157180246
"1489",0.00170748511911123
"1490",0.00179298898882487
"1491",0.00187826622886072
"1492",0.00196309959048428
"1493",0.00204753990599698
"1494",0.00213167528225997
"1495",0.00221546279357725
"1496",0.00230544781527374
"1497",0.00239531905886555
"1498",0.00248507119587906
"1499",0.0025747424088895
"1500",0.00266423740132742
"1501",0.00274967541094661
"1502",0.00282040915932834
"1503",0.00289096858034571
"1504",0.00296145127835367
"1505",0.00303170212690846
"1506",0.00310868441832926
"1507",0.00318555082587973
"1508",0.00326233649326761
"1509",0.0033391462561453
"1510",0.00341601239407893
"1511",0.00349270652504299
"1512",0.00356941807202698
"1513",0.00364610321544762
"1514",0.00372280662685226
"1515",0.00379951088381595
"1516",0.00387903519391985
"1517",0.00396080007551396
"1518",0.00404277644014778
"1519",0.0041280480537771
"1520",0.00422838877269515
"1521",0.00432393109476677
"1522",0.00438943997199852
"1523",0.00445540286313089
"1524",0.00452175113701943
"1525",0.00458870610945467
"1526",0.00465589462288803
"1527",0.00472344137350961
"1528",0.00479145580770201
"1529",0.00493015190738136
"1530",0.00516651930485105
"1531",0.00544308122982518
"1532",0.00571844663535515
"1533",0.00599558103281405
"1534",0.00627625373135374
"1535",0.00653583123278522
"1536",0.0067835222754027
"1537",0.00702428333015546
"1538",0.00726488724862976
"1539",0.00738904562428605
"1540",0.00751257637305523
"1541",0.00741501082334592
"1542",0.00755163203397671
"1543",0.00754239975846415
"1544",0.00753314554327436
"1545",0.00752389234686632
"1546",0.0075051191730695
"1547",0.00748631285209019
"1548",0.00746761037559394
"1549",0.007448835680028
"1550",0.00741159059751216
"1551",0.00735634253340273
"1552",0.00730165584076949
"1553",0.00724727524162838
"1554",0.00723583659333883
"1555",0.00723583841900318
"1556",0.0072359371362946
"1557",0.00724495863705962
"1558",0.00717252463096258
"1559",0.00744846272154481
"1560",0.00755142643960519
"1561",0.00796669880787283
"1562",0.00852983583951139
"1563",0.00908776047084221
"1564",0.00964039844406112
"1565",0.0101879278045675
"1566",0.0104834237070257
"1567",0.0105557323108903
"1568",0.0106284591458751
"1569",0.0107016219708025
"1570",0.0107751963583431
"1571",0.0108492167780276
"1572",0.0109236536284042
"1573",0.0109770714650091
"1574",0.0110275515778727
"1575",0.011078140824899
"1576",0.0111289425912409
"1577",0.0111798890561932
"1578",0.0112309766704639
"1579",0.0112795829839742
"1580",0.011318363878057
"1581",0.0113571749272761
"1582",0.011396033722141
"1583",0.0118161308696574
"1584",0.0128880628874222
"1585",0.0139258208782411
"1586",0.0149309073924002
"1587",0.0159048804796783
"1588",0.0166441546649842
"1589",0.0166049455908643
"1590",0.0165656706030151
"1591",0.0165261544128205
"1592",0.0164450015509222
"1593",0.0163518221280657
"1594",0.0162584416551608
"1595",0.0161648920363587
"1596",0.016071889725816
"1597",0.0159787412094536
"1598",0.0158854686903079
"1599",0.0157919827261131
"1600",0.0156983057019314
"1601",0.0156045256780932
"1602",0.0154993176014535
"1603",0.0153827715416972
"1604",0.0152060956357578
"1605",0.0150296607602495
"1606",0.0148536455676025
"1607",0.0146778503079182
"1608",0.0145025003010623
"1609",0.0143274518644976
"1610",0.0141526659917439
"1611",0.0139782947529821
"1612",0.0138041403518253
"1613",0.0136303519128944
"1614",0.0134569160517584
"1615",0.0132838469837852
"1616",0.013111027889756
"1617",0.0129385381188477
"1618",0.0127663612038418
"1619",0.0125944659148643
"1620",0.0124229966704005
"1621",0.0122518276978584
"1622",0.0120809762418425
"1623",0.0119103883114788
"1624",0.0117397943456252
"1625",0.0115654890576291
"1626",0.0113914933321233
"1627",0.011217998319085
"1628",0.0110449323359089
"1629",0.0108721903650303
"1630",0.010700137620053
"1631",0.0105283997580329
"1632",0.0103534579465251
"1633",0.0101730852154365
"1634",0.00999342186339779
"1635",0.00981425425036089
"1636",0.00963576077653434
"1637",0.00945780812834514
"1638",0.0092804778222662
"1639",0.00910376047309352
"1640",0.00892778869474826
"1641",0.00875224884520254
"1642",0.00857740735381166
"1643",0.00840936525886002
"1644",0.00831639572545567
"1645",0.00822353526550141
"1646",0.00813084292099132
"1647",0.00803811389209951
"1648",0.00795458057198062
"1649",0.00771385980758647
"1650",0.00778733605566965
"1651",0.00770377985743248
"1652",0.00762646989267271
"1653",0.0075528196214389
"1654",0.00747891526171459
"1655",0.00740502437249895
"1656",0.00715172556823751
"1657",0.00731437915932275
"1658",0.00733798759910715
"1659",0.00736160208066617
"1660",0.00738521866753072
"1661",0.00740882024056966
"1662",0.00744602710521652
"1663",0.00749000517548798
"1664",0.0075342438584257
"1665",0.0075784914201597
"1666",0.00762299700304201
"1667",0.00766752015193502
"1668",0.00771230676534027
"1669",0.00775719850979987
"1670",0.00780220536074421
"1671",0.007847314283776
"1672",0.00789259520626052
"1673",0.007938036385137
"1674",0.00798370392930422
"1675",0.00802935078343352
"1676",0.00807523669993941
"1677",0.00812125446969928
"1678",0.00816744782426688
"1679",0.00821382896814517
"1680",0.00826017697930258
"1681",0.008306886619674
"1682",0.00835356603766563
"1683",0.00840057088076165
"1684",0.00844764363553961
"1685",0.00849488582314267
"1686",0.00854223631621763
"1687",0.00858978217066847
"1688",0.00863740990313293
"1689",0.00868699972367437
"1690",0.00874149700047801
"1691",0.00879637902383771
"1692",0.00885135397722246
"1693",0.00890664663261813
"1694",0.00896225677180966
"1695",0.00901793177378966
"1696",0.00907395373211077
"1697",0.0091301121825757
"1698",0.00918667208037941
"1699",0.00924339405205905
"1700",0.00929223628344628
"1701",0.00931314727413453
"1702",0.00909556811006417
"1703",0.00933007611486745
"1704",0.0093386125485988
"1705",0.00934129570021364
"1706",0.00933555398374865
"1707",0.00932967723906447
"1708",0.00932375300459512
"1709",0.00931798134188251
"1710",0.00931214377195894
"1711",0.00930626572371746
"1712",0.00930044003223205
"1713",0.0092946079617197
"1714",0.00928866434017388
"1715",0.00920242399254075
"1716",0.00927702500363864
"1717",0.00927117964355455
"1718",0.00926530562134138
"1719",0.00925953250217023
"1720",0.00925367033362921
"1721",0.00924775554152539
"1722",0.00924187630329578
"1723",0.00923601914933249
"1724",0.0092225214419078
"1725",0.00920905962525612
"1726",0.00919569594953462
"1727",0.00918218713861748
"1728",0.00916885999328394
"1729",0.00915539528196043
"1730",0.0091419900379314
"1731",0.00912863354733553
"1732",0.00911534472499593
"1733",0.00910191272166291
"1734",0.00908865135916155
"1735",0.0090753496881795
"1736",0.00906211561638374
"1737",0.00904873860154382
"1738",0.00903221487218101
"1739",0.00897318162398409
"1740",0.00891403093777258
"1741",0.00885494497529626
"1742",0.00879584326259192
"1743",0.00873654535536441
"1744",0.00867740989812254
"1745",0.00864741845123938
"1746",0.0086556476923426
"1747",0.00866402032635405
"1748",0.00867103108305022
"1749",0.0086722397635275
"1750",0.00867343875023568
"1751",0.00867472656774111
"1752",0.008676023356119
"1753",0.00867722884339672
"1754",0.00867853498487332
"1755",0.00867978704921227
"1756",0.00868101639199957
"1757",0.008682222026794
"1758",0.00868353387025732
"1759",0.00868476737900373
"1760",0.00868608621893542
"1761",0.00868741422326325
"1762",0.00868859986926766
"1763",0.00868984227457356
"1764",0.00869119183477611
"1765",0.00869244330869174
"1766",0.00869378342318023
"1767",0.0086951186835673
"1768",0.00869646612641377
"1769",0.00869769793284557
"1770",0.00869897331429009
"1771",0.00870033160995124
"1772",0.00867556787891163
"1773",0.00864872307667277
"1774",0.00862192015194646
"1775",0.00859501515264969
"1776",0.00856819030752031
"1777",0.00854134238382801
"1778",0.00851453595246337
"1779",0.00848783723781299
"1780",0.00846113624001373
"1781",0.00843438336340569
"1782",0.00840769105125777
"1783",0.00838101069955176
"1784",0.00835430878293451
"1785",0.00813018279390318
"1786",0.00830118317823307
"1787",0.0082801979979852
"1788",0.00827779383146446
"1789",0.00831000871816679
"1790",0.00834220181695267
"1791",0.00837445993051179
"1792",0.00841888622429331
"1793",0.00846358059982869
"1794",0.00850826608179369
"1795",0.00855295898114235
"1796",0.00859762320999637
"1797",0.00864233094665786
"1798",0.00868707942890488
"1799",0.0087318021252397
"1800",0.00877653224823547
"1801",0.00882130768039203
"1802",0.00885934205741548
"1803",0.00889731227615781
"1804",0.00893528544576499
"1805",0.00897324506452331
"1806",0.00901117166732542
"1807",0.00904907041158937
"1808",0.00908692170066852
"1809",0.00912473359349799
"1810",0.0091625644122374
"1811",0.00920033919630514
"1812",0.00923772076187258
"1813",0.00927372512026422
"1814",0.00930968445195137
"1815",0.00934559884134606
"1816",0.00938150059251591
"1817",0.00941727470603365
"1818",0.00945307230113304
"1819",0.00948880784833807
"1820",0.00952458973398806
"1821",0.00956026885558461
"1822",0.0095958711335202
"1823",0.00962589400454301
"1824",0.00964903566208233
"1825",0.00967219303844834
"1826",0.00969525033624137
"1827",0.00971824051548188
"1828",0.0093934288491445
"1829",0.00942360422285347
"1830",0.00947200465060727
"1831",0.00958101113503166
"1832",0.00969017368844969
"1833",0.00979926714595659
"1834",0.00990848530532094
"1835",0.0100176143671357
"1836",0.0101267648196076
"1837",0.0100684463109084
"1838",0.0103451613353544
"1839",0.0104543866072696
"1840",0.0105637378156791
"1841",0.0106729834452936
"1842",0.0108196056256211
"1843",0.01099384624634
"1844",0.011169397048533
"1845",0.0113464856974999
"1846",0.0115251381693707
"1847",0.0117052063032742
"1848",0.0118868007270263
"1849",0.01207003492616
"1850",0.0122547825745132
"1851",0.0124410420159372
"1852",0.0126290154234114
"1853",0.0130757263312158
"1854",0.0135545986883196
"1855",0.0140318736001015
"1856",0.0145073751128063
"1857",0.0149812043265395
"1858",0.0154533483619263
"1859",0.0159238075014592
"1860",0.0163926952467025
"1861",0.0168600486175117
"1862",0.0173256213347613
"1863",0.0177895708324672
"1864",0.0182519996401276
"1865",0.0187127081196969
"1866",0.0191718478031141
"1867",0.0196295288602161
"1868",0.0200855316104998
"1869",0.0205399334100187
"1870",0.0209928718074402
"1871",0.0214441862286949
"1872",0.0218938917006375
"1873",0.0223267437462857
"1874",0.0227576419612531
"1875",0.0231866130035542
"1876",0.0236136541055035
"1877",0.0240388167036218
"1878",0.0244620584854837
"1879",0.0248834641640924
"1880",0.0253029740849198
"1881",0.0257206286618235
"1882",0.0261352542465837
"1883",0.0265414547750101
"1884",0.0269457258375014
"1885",0.0273480573293981
"1886",0.0277482076535697
"1887",0.0282086246225234
"1888",0.0287523157779451
"1889",0.0293020621218731
"1890",0.029850178042477
"1891",0.0303968280928943
"1892",0.0309419385545738
"1893",0.0314857975384233
"1894",0.0320282581236596
"1895",0.0325692187815876
"1896",0.0330229536156507
"1897",0.0334569886910054
"1898",0.0338884985029291
"1899",0.0343174991246325
"1900",0.0347231963037407
"1901",0.0349377742605152
"1902",0.0351501481299371
"1903",0.0353604484099058
"1904",0.0355687570251021
"1905",0.0357472418347368
"1906",0.0353675067096737
"1907",0.0357246495365779
"1908",0.0353014160078055
"1909",0.0348719974746671
"1910",0.0344362042677053
"1911",0.0339937443190073
"1912",0.033544636630005
"1913",0.0331227059034648
"1914",0.0326935531307899
"1915",0.0322568921711198
"1916",0.0318125903803903
"1917",0.0310595004606875
"1918",0.0311557273203582
"1919",0.0308486250027863
"1920",0.0305321334161364
"1921",0.0302059556551935
"1922",0.0298697559845891
"1923",0.0290594612786107
"1924",0.0281570619089593
"1925",0.0272420752276285
"1926",0.0263142698219323
"1927",0.0252536331110686
"1928",0.0241581094502765
"1929",0.0230579361548914
"1930",0.0219529966794595
"1931",0.020843394022679
"1932",0.0197793454746572
"1933",0.01921632001352
"1934",0.0186623294475163
"1935",0.0181171829811826
"1936",0.0174883754176747
"1937",0.0168030237253096
"1938",0.0161287987748466
"1939",0.0154410758595398
"1940",0.0147687066603502
"1941",0.0141116487714661
"1942",0.01346946249981
"1943",0.0128415688831672
"1944",0.0120351800617606
"1945",0.0116003941901153
"1946",0.0112165349955352
"1947",0.0111254240964921
"1948",0.0110345136597015
"1949",0.0109434545340867
"1950",0.0108525768570917
"1951",0.0107615875692805
"1952",0.0106707115495222
"1953",0.010579892592098
"1954",0.0104889983131397
"1955",0.0103986657067349
"1956",0.0104999279921075
"1957",0.0106543397996135
"1958",0.0108112704343882
"1959",0.010970847664914
"1960",0.0111155489350361
"1961",0.0112486493506583
"1962",0.011856962052104
"1963",0.0125714896089156
"1964",0.0132799779287058
"1965",0.013982192650898
"1966",0.0146785408067209
"1967",0.0153688246163859
"1968",0.016053278111259
"1969",0.0167319220885019
"1970",0.0174048099700166
"1971",0.0180609183028079
"1972",0.0184918562106793
"1973",0.0189213165455349
"1974",0.0193491753232973
"1975",0.0197755790410011
"1976",0.0202004589888194
"1977",0.0206238674764499
"1978",0.0210457473517886
"1979",0.0214660767226214
"1980",0.0218850338191804
"1981",0.0223024317532929
"1982",0.0227184533357608
"1983",0.0231329839803753
"1984",0.023546030388542
"1985",0.0239576560901903
"1986",0.0243677649750767
"1987",0.0247764983910214
"1988",0.025183808866381
"1989",0.0255862448857489
"1990",0.025976218258468
"1991",0.026364451689758
"1992",0.0267509479080993
"1993",0.0271357370022946
"1994",0.0275189255902641
"1995",0.0279003812226657
"1996",0.0282802143400014
"1997",0.0317825235830217
"1998",0.0319849683112672
"1999",0.0321851592471575
"2000",0.0323829794657875
"2001",0.0325785873189429
"2002",0.0327720242079337
"2003",0.0329632508087108
"2004",0.0331523308267745
"2005",0.033339314753661
"2006",0.0335242646353122
"2007",0.0337070608563804
"2008",0.0336971681028597
"2009",0.0335013554068736
"2010",0.0327692702702679
"2011",0.0331050161944173
"2012",0.032904383754373
"2013",0.032637585206764
"2014",0.0323517605003847
"2015",0.032063961425152
"2016",0.0314799283332312
"2017",0.0314827866620111
"2018",0.0312142680507063
"2019",0.0310416616322356
"2020",0.0308662693960636
"2021",0.0306882348581014
"2022",0.0305075981835846
"2023",0.030311323614006
"2024",0.0300665423952162
"2025",0.0298187486846493
"2026",0.0295676697389742
"2027",0.029313575068482
"2028",0.0290562277457277
"2029",0.0287955890444449
"2030",0.0285315290303852
"2031",0.0282639750601016
"2032",0.0279930207995963
"2033",0.0277184875744094
"2034",0.0274403376257464
"2035",0.0271584166490141
"2036",0.0268727650964448
"2037",0.026583071582502
"2038",0.0262896505484117
"2039",0.0259921032978709
"2040",0.0256615069618876
"2041",0.0251644117448033
"2042",0.0246637298082832
"2043",0.0241593209529696
"2044",0.0236512354605848
"2045",0.0231394857178053
"2046",0.0226238985856922
"2047",0.0221045659615311
"2048",0.0215997085461251
"2049",0.0211000813475178
"2050",0.020597246893111
"2051",0.020091136216198
"2052",0.01958179239751
"2053",0.0190692173322034
"2054",0.0185531458788842
"2055",0.0180337243140096
"2056",0.0175109781171918
"2057",0.0169848293938237
"2058",0.0164552507360838
"2059",0.0159219894332965
"2060",0.0153852252443521
"2061",0.0147810012641819
"2062",0.0142282498015193
"2063",0.0136722732352069
"2064",0.0131130930664653
"2065",0.0125506847207092
"2066",0.0119851468203536
"2067",0.0114164794261161
"2068",0.010795621640259
"2069",0.0100886520227712
"2070",0.00939066347039658
"2071",0.00870117150196006
"2072",0.0080203752540958
"2073",0.00713291279194402
"2074",0.00679225796165739
"2075",0.00620526121829952
"2076",0.00561732838163975
"2077",0.00502878034829489
"2078",0.00443922127899246
"2079",0.00384895154010123
"2080",0.00335177237931753
"2081",0.00304919792310326
"2082",0.00274852088423784
"2083",0.00244996786753534
"2084",0.00215342737433661
"2085",0.00185887652058409
"2086",0.00156635337350683
"2087",0.00127562456384671
"2088",0.000986938315331159
"2089",0.000701377850483725
"2090",0.000443390165920815
"2091",0.000219196563300779
"2092",-4.03552024628729e-06
"2093",-7.8277423002301e-05
"2094",-0.000191586392612806
"2095",-0.000183737406470883
"2096",-0.000236889179746878
"2097",-0.000290304172750989
"2098",-0.000343950535064326
"2099",-0.000397810489391892
"2100",-0.000531283861771742
"2101",-0.000506503213714856
"2102",-0.000561299353877704
"2103",-0.00061636460898076
"2104",-0.000671717726312952
"2105",-0.000727304157182772
"2106",-0.000799919488665082
"2107",-0.000947844815561978
"2108",-0.000945834701791347
"2109",-0.001018475662921
"2110",-0.00109088638853922
"2111",-0.00116306627361038
"2112",-0.00123498479579071
"2113",-0.00130670951048664
"2114",-0.00137822125058936
"2115",-0.0014495030806559
"2116",-0.00152052348366193
"2117",-0.00159136254031771
"2118",-0.00166198833252071
"2119",-0.00173234267155512
"2120",-0.00180250603777736
"2121",-0.00186418682266544
"2122",-0.00192617915794822
"2123",-0.00201340602905136
"2124",-0.00210080691990565
"2125",-0.0021104087420164
"2126",-0.00204650765127291
"2127",-0.00198324467242681
"2128",-0.00192014099569695
"2129",-0.00185752920075805
"2130",-0.00179521743424496
"2131",-0.00173342475773497
"2132",-0.001671865157325
"2133",-0.00161909918159088
"2134",-0.00157413550656094
"2135",-0.0015297647257514
"2136",-0.00148619933227933
"2137",-0.00144322796004808
"2138",-0.00140115963265255
"2139",-0.00135952743738602
"2140",-0.0013185422780833
"2141",-0.0012782871038493
"2142",-0.00123859334985337
"2143",-0.0011995548801966
"2144",-0.00116109471154007
"2145",-0.0011440791952275
"2146",-0.00108585225229948
"2147",-0.00104900946507904
"2148",-0.000991028118653302
"2149",-0.000917343273795403
"2150",-0.000843487509802864
"2151",-0.00076915103933658
"2152",-0.00069459883719086
"2153",-0.000619694100514444
"2154",-0.000544433156169245
"2155",-0.000469023649999859
"2156",-0.000393135349622074
"2157",-0.000385758994341188
"2158",-0.000240526526420174
"2159",-0.000163773171768248
"2160",-8.66395248342524e-05
"2161",-9.21444560008858e-06
"2162",6.85152241940626e-05
"2163",0.000146677096329626
"2164",0.000225036814462283
"2165",0.000303850322860033
"2166",0.000382919595008263
"2167",0.000462335301835939
"2168",0.000542123109156182
"2169",0.000622213426044269
"2170",0.000702744663997015
"2171",0.000783477321749261
"2172",0.000864623287870612
"2173",0.000946106407280636
"2174",0.00102802357496058
"2175",0.00116358943999453
"2176",0.00131130577146604
"2177",0.0014585217133761
"2178",0.00160509610914445
"2179",0.00175134829836617
"2180",0.00189710687764999
"2181",0.00204239468305282
"2182",0.00218710633357171
"2183",0.00233143958336777
"2184",0.00247521586892867
"2185",0.00261860190252101
"2186",0.00275987084883946
"2187",0.00292168097468158
"2188",0.00315842588571986
"2189",0.00345520036160404
"2190",0.00375227247789515
"2191",0.00404980185991404
"2192",0.00434770092473153
"2193",0.00463790527404616
"2194",0.00492324750162125
"2195",0.00520674276399192
"2196",0.00548842744741546
"2197",0.00576837197285591
"2198",0.00605573535058094
"2199",0.00634376063927527
"2200",0.00663152639735558
"2201",0.00691902762018475
"2202",0.00719443212453072
"2203",0.00744956794406788
"2204",0.00767952866262803
"2205",0.00782834429278381
"2206",0.00797672996547546
"2207",0.00812478806449136
"2208",0.00827227110841292
"2209",0.008419442901043
"2210",0.00859818116350531
"2211",0.00877753721875843
"2212",0.00895718675246058
"2213",0.00913718828807097
"2214",0.00931762186566157
"2215",0.00949836799440799
"2216",0.00967947331058582
"2217",0.00986388961641052
"2218",0.0100069760363034
"2219",0.0101803908392004
"2220",0.0103539744899911
"2221",0.0105276760181993
"2222",0.0107016581222731
"2223",0.0108758202922526
"2224",0.0110501928369659
"2225",0.0112248022974152
"2226",0.0113995662165066
"2227",0.0115745320278118
"2228",0.0117497403931349
"2229",0.0119250822980921
"2230",0.0121005912597421
"2231",0.0122763657457126
"2232",0.012258739028991
"2233",0.0126284944388324
"2234",0.0127989150012808
"2235",0.0129221463410189
"2236",0.012943334935594
"2237",0.0129643939204299
"2238",0.012985438709786
"2239",0.0130064679911834
"2240",0.0130273490784917
"2241",0.0130481444849194
"2242",0.0131114056137663
"2243",0.0133119841379744
"2244",0.0135147842933278
"2245",0.0137199358458105
"2246",0.0139275486343596
"2247",0.0141374387153919
"2248",0.0143497401855296
"2249",0.0145646380535691
"2250",0.0147742125788077
"2251",0.0148929955898545
"2252",0.0148259875915771
"2253",0.0147589784426321
"2254",0.0146531743656171
"2255",0.0145473716163227
"2256",0.0144418010624418
"2257",0.0143360213683691
"2258",0.0142304985275619
"2259",0.0141250355042199
"2260",0.0140195917516892
"2261",0.0139325823772752
"2262",0.0138895635155684
"2263",0.0136084720046653
"2264",0.0138026190553869
"2265",0.0137586133321466
"2266",0.0137094025874522
"2267",0.0136514842684155
"2268",0.0135929253685539
"2269",0.0134682485495441
"2270",0.0133374107241996
"2271",0.0131535520109887
"2272",0.0126208958313991
"2273",0.0124826491100633
"2274",0.0122784349500124
"2275",0.0117356781866197
"2276",0.0111890198277815
"2277",0.0107028185088711
"2278",0.0102919063778469
"2279",0.0098773208343247
"2280",0.00945934420999571
"2281",0.00903768007276256
"2282",0.00861236118253955
"2283",0.00818330063238957
"2284",0.00775052762690807
"2285",0.00731392835812124
"2286",0.00422639064713995
"2287",0.00354110705434892
"2288",0.0028375767653366
"2289",0.00214004981989234
"2290",0.00144859843757233
"2291",0.000762984199983149
"2292",8.33266889113363e-05
"2293",-0.00056869066700749
"2294",-0.00122659058194263
"2295",-0.00187724799891235
"2296",-0.00252069191699665
"2297",-0.00315717145441504
"2298",-0.00378661693780646
"2299",-0.00440934222339839
"2300",-0.00502525808495506
"2301",-0.00563462862886253
"2302",-0.00623736456871998
"2303",-0.00683430626635516
"2304",-0.00742972182175288
"2305",-0.00803384908530155
"2306",-0.0086357318288384
"2307",-0.00923545458214585
"2308",-0.00983312262202496
"2309",-0.0104285612605177
"2310",-0.0110219600165915
"2311",-0.0116131454557421
"2312",-0.0122023054207123
"2313",-0.0128061242414034
"2314",-0.0134523985898931
"2315",-0.0140922082362735
"2316",-0.0147256986163502
"2317",-0.0153528344549195
"2318",-0.0159738959248483
"2319",-0.0165887767144743
"2320",-0.0172605369828641
"2321",-0.0179541731883581
"2322",-0.019458445783192
"2323",-0.0225991347804568
"2324",-0.0259163551951709
"2325",-0.0281713687129871
"2326",-0.0283947260835609
"2327",-0.0286248434159202
"2328",-0.0288861125059941
"2329",-0.0291461288929305
"2330",-0.029401257836949
"2331",-0.0296554591509454
"2332",-0.0299092927615192
"2333",-0.0301627202268505
"2334",-0.0304156974649814
"2335",-0.0306682443382072
"2336",-0.0309203314645861
"2337",-0.031172031477049
"2338",-0.0314233025646452
"2339",-0.0316741581436808
"2340",-0.0319248671849617
"2341",-0.0321749762300675
"2342",-0.0324311679910702
"2343",-0.0326864252417515
"2344",-0.032940894303811
"2345",-0.0331945027377256
"2346",-0.0334014829156742
"2347",-0.0337902739761998
"2348",-0.0338131395961624
"2349",-0.0346000485142442
"2350",-0.0347162409190159
"2351",-0.0348260345705912
"2352",-0.0349132204269142
"2353",-0.0344819627506909
"2354",-0.0346491571449742
"2355",-0.0345164245491159
"2356",-0.0341458435485193
"2357",-0.0326271956121676
"2358",-0.0311419605287409
"2359",-0.0296802766292542
"2360",-0.0281845428101434
"2361",-0.0266715495612538
"2362",-0.0251409120245766
"2363",-0.0235924311470375
"2364",-0.0220257367409696
"2365",-0.0203355075768844
"2366",-0.0187189736186814
"2367",-0.0170876160609828
"2368",-0.0154412905808972
"2369",-0.0137798016039492
"2370",-0.0121028317292582
"2371",-0.0105036216916615
"2372",-0.0093082341976771
"2373",-0.00821241013657629
"2374",-0.00714534827807097
"2375",-0.00610592462844785
"2376",-0.00509308222252653
"2377",-0.00410578605541625
"2378",-0.00314209498976236
"2379",-0.00220765097184596
"2380",-0.00130268849748877
"2381",-0.000428438540959319
"2382",0.00124506358221244
"2383",0.00499970413230216
"2384",0.00896097475472549
"2385",0.0131462484197582
"2386",0.0174926221511815
"2387",0.0186838935205898
"2388",0.0192002207902062
"2389",0.01972616827354
"2390",0.0202590397592899
"2391",0.0207986881806496
"2392",0.0213454171850479
"2393",0.0218869105271829
"2394",0.0217884729977711
"2395",0.0216911333899458
"2396",0.0215949831632814
"2397",0.0215185675508521
"2398",0.0214759785758448
"2399",0.0214336798072737
"2400",0.0213917754710576
"2401",0.0213500478762603
"2402",0.0212602238433034
"2403",0.0212272962043971
"2404",0.0212115078120738
"2405",0.0209977524472158
"2406",0.0204503913616277
"2407",0.0204767888587573
"2408",0.0203328739106077
"2409",0.020182179205243
"2410",0.02002436255088
"2411",0.0187607495313024
"2412",0.0171442926736939
"2413",0.0155399783943829
"2414",0.0146497759498941
"2415",0.0139449147342256
"2416",0.0131622993978451
"2417",0.0123833998839739
"2418",0.0116083970282614
"2419",0.0108378402279877
"2420",0.010553763464434
"2421",0.010417458196018
"2422",0.0101049478051949
"2423",0.00963561993161216
"2424",0.00811657984453057
"2425",0.00801966652948127
"2426",0.00809844849654759
"2427",0.0080894329103308
"2428",0.00807180317936596
"2429",0.00803668381997454
"2430",0.0079664582716623
"2431",0.00789690689816093
"2432",0.0080343758523597
"2433",0.00820818441070183
"2434",0.00886095093450964
"2435",0.00926040143407182
"2436",0.00954390715855713
"2437",0.0088146918616992
"2438",0.0095308443012097
"2439",0.0094090339132848
"2440",0.00992374529239632
"2441",0.0110219940161751
"2442",0.0120423670920126
"2443",0.012640085990979
"2444",0.0135266881234821
"2445",0.0151805509837447
"2446",0.0169660480776341
"2447",0.0187788116716421
"2448",0.0205865620344338
"2449",0.0226315445443884
"2450",0.0248661780584264
"2451",0.0293787850805004
"2452",0.0332156179780522
"2453",0.0360168659519356
"2454",0.0362755604734011
"2455",0.0365210320977867
"2456",0.0367011229046651
"2457",0.0372970160389497
"2458",0.037431566713464
"2459",0.0383156725381109
"2460",0.0386355277115144
"2461",0.0388994654816121
"2462",0.0392797886802381
"2463",0.039327634376261
"2464",0.0385962443397319
"2465",0.0384619293931978
"2466",0.0375327314911648
"2467",0.0360817705135875
"2468",0.0349773741739759
"2469",0.034750425224621
"2470",0.0339323670271953
"2471",0.0332376501614302
"2472",0.032593436155949
"2473",0.0318518733500538
"2474",0.0299366500617519
"2475",0.0276292472235099
"2476",0.0262738340984073
"2477",0.0217636744073101
"2478",0.0112751485409553
"2479",0.00539533060205563
"2480",-0.0027984633542328
"2481",-0.0094346942934022
"2482",-0.0162294856072709
"2483",-0.023435883339947
"2484",-0.0311107771601299
"2485",-0.0386582687273765
"2486",-0.0386248655625776
"2487",-0.037769042513159
"2488",-0.0373374832873082
"2489",-0.0368969679171558
"2490",-0.0364542323885164
"2491",-0.0360090468512633
"2492",-0.0355616405849377
"2493",-0.0351116755796441
"2494",-0.0346593528971149
"2495",-0.0342047490496984
"2496",-0.0334814557785594
"2497",-0.0323866927900239
"2498",-0.0312869386195642
"2499",-0.0302046750757992
"2500",-0.0292955427302031
"2501",-0.027976190230681
"2502",-0.0272698705864937
"2503",-0.0266739462483104
"2504",-0.0261035490248206
"2505",-0.025517691367378
"2506",-0.0216465546627649
"2507",-0.0166191825970934
"2508",-0.0119997933131356
"2509",-0.00707386005054474
"2510",-0.00196707853189822
"2511",0.00287545854225359
"2512",0.00633024863776974
"2513",0.0140977064281819
"2514",0.0155980788107377
"2515",0.0161949480497045
"2516",0.0171692036880605
"2517",0.0179766667599309
"2518",0.0186199195625369
"2519",0.0195741981185201
"2520",0.0214649748917234
"2521",0.0273283736257658
"2522",0.0276759655944124
"2523",0.0277210334093935
"2524",0.0263127130277817
"2525",0.0263950546661129
"2526",0.0260439282171255
"2527",0.026405564528485
"2528",0.0263447183648046
"2529",0.0262839919929603
"2530",0.0260344892311259
"2531",0.0257179464439917
"2532",0.0254333034020903
"2533",0.0249100369184021
"2534",0.0251460000803393
"2535",0.0248983415478783
"2536",0.0245516312853269
"2537",0.0242037272681704
"2538",0.0235459608633493
"2539",0.0235041667655315
"2540",0.023152451800313
"2541",0.0227994894114902
"2542",0.0224451373996511
"2543",0.0221064461330002
"2544",0.0217012009369744
"2545",0.0212692431729187
"2546",0.0208195096024354
"2547",0.0200286364300294
"2548",0.0199219122170069
"2549",0.0194739934648606
"2550",0.0190266991898133
"2551",0.0177544189675486
"2552",0.0158785514427804
"2553",0.0157142640178568
"2554",0.0156176459923637
"2555",0.0154721465385966
"2556",0.015698237510766
"2557",0.0157077101394967
"2558",0.0157172736952548
"2559",0.015726781617819
"2560",0.015736251076362
"2561",0.0157457920294976
"2562",0.0157552053725854
"2563",0.0158606085251455
"2564",0.0165942998996714
"2565",0.0175690350839171
"2566",0.0185270335298868
"2567",0.0192319133422555
"2568",0.0197202575723597
"2569",0.019589592401525
"2570",0.020623964731966
"2571",0.0210731472347
"2572",0.0214956718316421
"2573",0.0215691278591341
"2574",0.0221766319462523
"2575",0.022545300031936
"2576",0.0229153109886117
"2577",0.0230489122740004
"2578",0.0228358267237974
"2579",0.0222972511376766
"2580",0.0217330027981799
"2581",0.0210558134347655
"2582",0.0207302252857769
"2583",0.0202611815899955
"2584",0.0198011083259223
"2585",0.0194859733270865
"2586",0.0194782892102909
"2587",0.0192495087820766
"2588",0.0191365047923082
"2589",0.0188816896306841
"2590",0.018139611935392
"2591",0.0172973544646569
"2592",0.016436543477568
"2593",0.0146406665394852
"2594",0.0123083063106997
"2595",0.0109261174624573
"2596",0.00975581025786046
"2597",0.00856810932021576
"2598",0.00738265112035667
"2599",0.00619003226349873
"2600",0.00495072794871998
"2601",0.00370293448509847
"2602",0.00244644075281551
"2603",0.00118510341168535
"2604",-7.71865350178377e-05
"2605",-0.00124190782584862
"2606",-0.00222440029811931
"2607",-0.00320846233903302
"2608",-0.00417746206248603
"2609",-0.00514896530969914
"2610",-0.0061156823625107
"2611",-0.0070622373664476
"2612",-0.00797866836434117
"2613",-0.00890619018395166
"2614",-0.00983830333481982
"2615",-0.0133026243254607
"2616",-0.0176830896119567
"2617",-0.0181614549009118
"2618",-0.0185777664109699
"2619",-0.0189777996264603
"2620",-0.0193761593197951
"2621",-0.0197637375914544
"2622",-0.0201452113486358
"2623",-0.0205284937443576
"2624",-0.0210189843785985
"2625",-0.0215101096334196
"2626",-0.022001789447578
"2627",-0.0224938837287304
"2628",-0.0229865640185361
"2629",-0.0234796017842551
"2630",-0.0239733789315773
"2631",-0.0243455406187251
"2632",-0.0249622978279789
"2633",-0.0254576947439783
"2634",-0.0259385818242261
"2635",-0.0263708801992322
"2636",-0.0267471789055686
"2637",-0.0270369574149036
"2638",-0.0273234174227069
"2639",-0.0276226162306954
"2640",-0.0279215305560181
"2641",-0.0282199901755054
"2642",-0.0285181428685962
"2643",-0.0287197092630527
"2644",-0.0290567009912517
"2645",-0.0293004228211948
"2646",-0.029546957936416
"2647",-0.0297948460792185
"2648",-0.0297609779880823
"2649",-0.029472393330301
"2650",-0.0291764219899998
"2651",-0.0288731631318182
"2652",-0.0285619596471332
"2653",-0.028237763360255
"2654",-0.027657384841424
"2655",-0.026987304133049
"2656",-0.02695195576059
"2657",-0.0265574829585128
"2658",-0.0261539935130053
"2659",-0.0257587096440527
"2660",-0.0254266689459599
"2661",-0.0250950109074348
"2662",-0.0247640480627026
"2663",-0.0244334055547539
"2664",-0.024103363522492
"2665",-0.023356223628019
"2666",-0.0224574778964975
"2667",-0.0218007417771445
"2668",-0.0211691610720252
"2669",-0.0205148146031997
"2670",-0.019861189577862
"2671",-0.0187102308085321
"2672",-0.0175055940253787
"2673",-0.0162666280589743
"2674",-0.0159388224024241
"2675",-0.0154915262812972
"2676",-0.0150720739820206
"2677",-0.0146741020274262
"2678",-0.0146762158434616
"2679",-0.0140597391034367
"2680",-0.0141978949698612
"2681",-0.0143369225412544
"2682",-0.014476513043554
"2683",-0.0146307194955325
"2684",-0.0147969085495846
"2685",-0.0149305515786262
"2686",-0.0150645954058729
"2687",-0.0151572481353012
"2688",-0.0163460249141932
"2689",-0.0175725002133673
"2690",-0.0176791110581205
"2691",-0.017937610292239
"2692",-0.0182412849818569
"2693",-0.018545712551479
"2694",-0.0188854191244231
"2695",-0.0192274179166003
"2696",-0.0195716022378748
"2697",-0.0199180682114962
"2698",-0.0198901892608549
"2699",-0.0202733394748602
"2700",-0.0208301745019744
"2701",-0.0211661686533227
"2702",-0.0214846752644058
"2703",-0.0218313517890936
"2704",-0.0221774533725782
"2705",-0.022522968063772
"2706",-0.0228679877931362
"2707",-0.0217465060259289
"2708",-0.0201607965307775
"2709",-0.018249646986273
"2710",-0.0162448000668922
"2711",-0.014221767321033
"2712",-0.0121290135328453
"2713",-0.0100918522199641
"2714",-0.00808014638078535
"2715",-0.00607188293110638
"2716",-0.00408047876363203
"2717",-0.00210129130441641
"2718",-0.000133983755128437
"2719",0.00182162156211049
"2720",0.00378398704784433
"2721",0.00576348302582049
"2722",0.00775337652919474
"2723",0.0096214953653677
"2724",0.0114335175183763
"2725",0.0132188411355086
"2726",0.0149727420530128
"2727",0.0167013792287996
"2728",0.0184055380126262
"2729",0.0200859566030192
"2730",0.0209323996759421
"2731",0.0205036149174106
"2732",0.0199714703890777
"2733",0.0193889919242355
"2734",0.0188325426385792
"2735",0.0181018918498408
"2736",0.0173952370280004
"2737",0.0166841117652228
"2738",0.015968421448321
"2739",0.0152481666193866
"2740",0.0145232088630993
"2741",0.0137935291567329
"2742",0.0128606241962363
"2743",0.0113636925602926
"2744",0.0103770506953977
"2745",0.0091593577949166
"2746",0.00755544134551306
"2747",0.00544586147503534
"2748",0.00317903777227247
"2749",0.000818903323170827
"2750",-0.00157687740401095
"2751",-0.00231393060862266
"2752",-0.00297567888685437
"2753",-0.00362938720656359
"2754",-0.00424116371592491
"2755",-0.00484632625855091
"2756",-0.00542642043768622
"2757",-0.00537492131155166
"2758",-0.00530192080620907
"2759",-0.0052374700560917
"2760",-0.00476099041618764
"2761",-0.00426867842881673
"2762",-0.00339671272648066
"2763",-0.00171803479861991
"2764",-4.1098431761506e-05
"2765",0.00162429413967356
"2766",0.00327324158264269
"2767",0.0049102774474841
"2768",0.00654677293256751
"2769",0.00821316508344233
"2770",0.0106207229852166
"2771",0.0129062674182081
"2772",0.0151916172678062
"2773",0.0174334196672587
"2774",0.019603493253783
"2775",0.0218797685352763
"2776",0.0243097985515519
"2777",0.0256213594299778
"2778",0.0268906682293431
"2779",0.0276388413908795
"2780",0.0283661989839062
"2781",0.0291450260197264
"2782",0.0299130361025705
"2783",0.0291262514969576
"2784",0.0286545995236631
"2785",0.0277525767220063
"2786",0.0271773320644445
"2787",0.0266881369637744
"2788",0.0261782020120442
"2789",0.0247617131904368
"2790",0.0238690603699075
"2791",0.0225193306326903
"2792",0.0211324222055023
"2793",0.0194331494058344
"2794",0.0181728861080331
"2795",0.0161474249006605
"2796",0.0140906041161014
"2797",0.0119894885601462
"2798",0.00999677733533871
"2799",0.00770235660454745
"2800",0.00514066705372048
"2801",0.0025364421574482
"2802",-0.000111190792271376
"2803",-0.00282353838856605
"2804",-0.00557886929652869
"2805",-0.00708696206222382
"2806",-0.00810223691357317
"2807",-0.00878056630722326
"2808",-0.00881702734673052
"2809",-0.00836830698395525
"2810",-0.00711580652414725
"2811",-0.00585987887618022
"2812",-0.00447363105735341
"2813",-0.00301731429381099
"2814",-0.000685951715179446
"2815",0.00360214448117746
"2816",0.00779201705975148
"2817",0.0115615593300337
"2818",0.0148422330140431
"2819",0.017736548470733
"2820",0.0206411378439345
"2821",0.0227334041755823
"2822",0.0248973229652233
"2823",0.0282783131690854
"2824",0.0300135796561775
"2825",0.030997645954373
"2826",0.0322497929350923
"2827",0.0319712364805909
"2828",0.0314170087155609
"2829",0.0306116060915026
"2830",0.0313454478743896
"2831",0.0314147012508174
"2832",0.0314871602937969
"2833",0.0309709639402034
"2834",0.0316421711815687
"2835",0.0293938712177324
"2836",0.0300356864255992
"2837",0.0301523418321081
"2838",0.0302611118259313
"2839",0.0302628988936088
"2840",0.0299143841375538
"2841",0.0291404149202015
"2842",0.0283680825022737
"2843",0.0268722525470381
"2844",0.0264168754232508
"2845",0.0256254892660663
"2846",0.0252071848033535
"2847",0.0246235593391142
"2848",0.0238763633567345
"2849",0.0231332916056137
"2850",0.0223945261050989
"2851",0.0216598836405939
"2852",0.0209295049472741
"2853",0.0201542923678974
"2854",0.0193864984974876
"2855",0.0185326928310613
"2856",0.017672182948441
"2857",0.0170373215077247
"2858",0.0164096955677607
"2859",0.0157888951770023
"2860",0.0131221944643967
"2861",0.0100464987780241
"2862",0.00652766287564268
"2863",0.00244799109058679
"2864",-0.00194774274197293
"2865",-0.00543340755284108
"2866",-0.00498500889764394
"2867",-0.00449657777137636
"2868",-0.00405632043683185
"2869",-0.00360840134331449
"2870",-0.00315515733581323
"2871",-0.00269806499867757
"2872",-0.00223729090144397
"2873",-0.00148936417088966
"2874",-0.000575860325842652
"2875",0.000307229606355766
"2876",0.00125489127339536
"2877",0.00188739274008388
"2878",0.0156708388432123
"2879",0.0250706553886251
"2880",0.0259437341630314
"2881",0.0270527469917667
"2882",0.0277030468051318
"2883",0.0295356718314724
"2884",0.0308891732807604
"2885",0.0317025306344332
"2886",0.0327712431096268
"2887",0.0337238223971201
"2888",0.0340634984410974
"2889",0.0345713062333191
"2890",0.0354542925237914
"2891",0.0363209824664924
"2892",0.0365540400290186
"2893",0.037995886583419
"2894",0.0387593919237904
"2895",0.0397251958254438
"2896",0.0406813950513039
"2897",0.0413524611680986
"2898",0.0410203923819885
"2899",0.0427498280243197
"2900",0.0435466385936263
"2901",0.0443351379275019
"2902",0.0451156472478771
"2903",0.045888288764583
"2904",0.0466428520135694
"2905",0.0441523446447738
"2906",0.0386310550754029
"2907",0.0327073246888261
"2908",0.026300699326437
"2909",0.0222315854985704
"2910",0.0192527291768418
"2911",0.0133631301817382
"2912",0.000994093615790772
"2913",-0.00268469916724098
"2914",-0.00448809476348921
"2915",-0.0114144984810218
"2916",-0.0236622938407237
"2917",-0.0256204044916222
"2918",-0.0261445863783154
"2919",-0.0273481658602024
"2920",-0.0282373633667861
"2921",-0.0286637485606826
"2922",-0.0290210711544733
"2923",-0.0294034076746191
"2924",-0.0305179507505616
"2925",-0.0318569277501945
"2926",-0.0320387828423237
"2927",-0.029243607557436
"2928",-0.0276745040172004
"2929",-0.0269344710914513
"2930",-0.0262510770385888
"2931",-0.025914911610924
"2932",-0.0265096078024234
"2933",-0.0265428801424786
"2934",-0.0265634516259801
"2935",-0.0168668558883269
"2936",-0.001228181209744
"2937",0.0112668423630527
"2938",0.0128736598473482
"2939",0.0151892354784755
"2940",0.0180602884125988
"2941",0.0198395331575914
"2942",0.0260114658363844
"2943",0.0324615053756747
"2944",0.037470551013976
"2945",0.0385600736992862
"2946",0.0371477391880132
"2947",0.0346178679477459
"2948",0.0301253402370857
"2949",0.0267732595261837
"2950",0.0235843247699898
"2951",0.0228939572098906
"2952",0.0224010088584694
"2953",0.022205772282646
"2954",0.0218832154247576
"2955",0.019042983406052
"2956",0.0164047088552059
"2957",0.0140979561820401
"2958",0.014187191793273
"2959",0.0129569630486314
"2960",0.0119956937270591
"2961",0.0107526737855583
"2962",0.00827580571436421
"2963",0.0055977961363908
"2964",0.00275664346919511
"2965",3.13798366810291e-05
"2966",-0.00270265076103799
"2967",-0.00549629723646534
"2968",-0.00644846583048232
"2969",-0.00641541601556859
"2970",-0.00472866483638313
"2971",-0.00275927971053474
"2972",-0.00146637310316723
"2973",-0.000159070824382828
"2974",0.00118159001038141
"2975",0.00240282241586101
"2976",0.00390152736381124
"2977",0.00418079936870557
"2978",0.00474905889104094
"2979",0.00492315004330576
"2980",0.0050416192519668
"2981",0.00463877727219961
"2982",0.00423819909085432
"2983",0.00401198384796184
"2984",0.00355621757655587
"2985",0.00311604390464478
"2986",0.00317995418980679
"2987",0.00326504751760995
"2988",0.00334331056669776
"2989",0.00374510779702552
"2990",0.00413614144274111
"2991",0.00461688747717377
"2992",0.0050974709219358
"2993",0.00560147231690705
"2994",0.00611669049681288
"2995",0.00604636313375441
"2996",0.00648143781905052
"2997",0.00693213046834964
"2998",0.00594712715576538
"2999",0.00661540119286371
"3000",0.00682841835168039
"3001",0.00696301515642887
