;X;Age;mean;X0.5_inf;mean.1;X0.5_inf.1;mean.2;X0.5_inf.2;mean.3;X0.5_inf.3;mean.4;X0.5_inf.4
1;X2372.170192;2372,170192;8,492;2,590859366;637;242,0616807;22,18;4,781175264;-2,76;5,358430647;7804,6;3670,751178
2;X2741.144356;2741,144356;8,204;2,582901762;639;235,4308833;21,1;4,808458474;-2,78;5,352417016;8314,2;3635,995057
3;X3114.024206;3114,024206;8,206;2,591318753;627,6;243,1286668;20,82;4,730339609;-1,82;5,265803262;8191,2;3659,067814
4;X3480.988683;3480,988683;8,082;2,607022554;694,4;243,9593234;20,76;4,747217623;-2,08;5,274530286;9165,4;3682,746081
5;X3855.927896;3855,927896;8,324;2,694771213;775,4;252,1712925;21,34;4,75698236;-2,22;5,383267046;8951,2;3676,349081
6;X4226.106501;4226,106501;8,468;2,603646212;755,2;266,1996666;20,8;4,756018165;-1,68;5,262917677;9491;3738,818667
7;X4603.065937;4603,065937;8,894;2,724677461;914;289,9128396;22,16;4,833623518;-1,52;5,35377136;10193,4;4040,375286
8;X4978.539504;4978,539504;9,044;2,649784807;729,6;270,5439175;21,74;4,790618454;-0,74;5,312696358;8854,2;3766,193501
9;X5349.782862;5349,782862;9,242;2,649371976;857,6;276,7372183;22,32;4,836812402;-0,94;5,425915838;9594,4;3801,446409
10;X5707.507168;5707,507168;8,58;2,688033;771,8;264,2620973;21,54;4,801789309;-2,22;5,448601398;9058,2;3739,635113
11;X6074.03131;6074,03131;9,236;2,772414929;585,8;251,5349106;22,04;4,846822393;-1,34;5,480713665;7026,4;3794,369082
12;X6437.177498;6437,177498;10,614;2,83017942;470;259,9116099;23,34;4,903358743;0,9;5,438134322;5528,6;3864,411684
13;X6811.271863;6811,271863;12,064;2,865894554;477;269,824775;26,38;4,981720012;1,02;5,411713466;4298,4;3881,762885
14;X7187.715314;7187,715314;12,494;2,869299383;450,6;262,2272857;27,2;4,966624658;1,44;5,452287115;3429;3854,20467
15;X7565.609299;7565,609299;11,278;3,343203877;870,4;279,4726954;25,86;8,780179512;-0,86;8,808680462;7862,2;3338,17099
16;X7937.012841;7937,012841;12,494;2,880322009;450,6;268,9064687;27,2;4,979704788;1,44;5,418470826;3429;3871,104103
17;X8320.758891;8320,758891;12,064;2,848039045;477;261,4807989;26,38;4,945930166;1,02;5,41976881;4298,4;3809,120993
18;X8687.578946;8687,578946;11,564;2,896539899;476,8;293,3018094;25,3;4,918383292;0,94;5,498355487;4364,8;4232,200542
19;X9053.734641;9053,734641;11,132;2,951209689;528;280,0974211;24,92;4,895408244;-0,34;5,596262756;4769;3930,48533
20;X9417.065919;9417,065919;10,166;2,975225005;667,8;298,6114859;24,9;4,998990227;-1,42;5,525412883;5715;4040,129551
21;X9795.050971;9795,050971;7,122;2,848923648;1202,6;369,9297699;19,7;5,117984749;-3,98;5,537366389;14002,4;5532,940833
22;X10166.38397;10166,38397;4,656;3,19897752;1118;250,2531704;19,06;5,237069111;-7,24;5,464587628;13174,8;5444,09003
23;X10541.28551;10541,28551;4,756;2,860218252;543;236,1756819;23,8;4,766407224;-12,82;6,135183903;6363,2;3636,550818
24;X10902.78386;10902,78386;3,246;2,824600131;493,4;236,6090671;23,94;4,766895791;-15,82;6,242709116;5753,6;3641,267282
25;X11269.08766;11269,08766;2,03;2,591965963;464;235,1686124;24,52;4,728927214;-19,06;5,314480929;5129,6;3616,168757
26;X11619.98542;11619,98542;1,456;2,722059792;465,6;238,9571971;21,98;5,135500808;-18,4;5,817318763;6836;3968,042511
27;X11798.16356;11798,16356;3,5;2,708211037;956,6;293,307065;17,98;5,359145187;-9,64;6,159928723;15854,8;5327,251551
1;X14682.860270561;14682,86027;9,324;2,466295241;977,2;276,8595192;22,46;4,361413504;-1,52;5,042001073;10373;3842,012253
2;X14788.8832527717;14788,88325;7,27;2,547261623;1095,8;286,4631339;20,9;4,374517447;-3,08;4,92844268;11822,2;3899,53944
3;X14861.6012332101;14861,60123;10,73716676;2,607998121;611,6;244,7878253;19,79999999;5,810886336;3,600000152;6,39306083;5626,4;3593,712038
4;X14970.6782038676;14970,6782;7,883166756;2,518694386;1049;224,6152103;17,49999999;5,286680931;0,920000152;6,488949124;9469,8;3359,596165
5;X15041.1679640041;15041,16796;2,532;2,780568761;680;280,5952511;18,84;5,391486939;-19,16;6,860684672;12564,2;6215,640243
6;X15146.9026042089;15146,9026;3,022;3,204753985;591,2;268,5331808;17,64;4,873583666;-18,48;6,227020462;11382;4986,566236
7;X15218.2834994253;15218,2835;0,308;2,443302287;460;219,2895152;20,78;4,669533008;-20,14;5,024738733;7208,2;3974,502518
8;X15325.35484225;15325,35484;1,69;2,448065284;416,8;247,7595979;22,78;4,626498132;-19,9;6,105478642;5980,2;4017,510885
9;X15566.4228433758;15566,42284;-0,642;2,700539178;416,8;246,93378;22,78;4,524271788;-19,9;5,997966299;5980,2;3907,888405
10;X15671.3316059226;15671,33161;0,184;2,494586683;697,2;264,5427006;16,12;4,774603467;-14,64;5,452987037;14945;5366,669685
11;X15745.8899424131;15745,88994;1,008;2,475033165;413,8;256,6609232;19,08;4,816505423;-18,14;6,252580859;7437,4;4142,014555
12;X15857.7274471488;15857,72745;0,542;2,839123663;767,8;250,8943215;14,76;4,668781148;-12,3;5,237587798;16962;5735,475949
13;X15928.1363069577;15928,13631;-0,218;2,510032729;421,8;269,816143;19,28;4,870195442;-20,06;6,520893812;7807,2;4598,471566
14;X16033.7495966713;16033,7496;0,826;3,490185;670,8;232,287777;18,18;4,691867295;-14,42;6,260120801;11886;4018,87238
15;X16103.4858140057;16103,48581;0,73;2,506792645;421,6;221,1756164;22,36;4,580458968;-20,86;5,144743769;5731,6;4012,730358
16;X16208.0901400075;16208,09014;1,442;2,529195192;666,2;237,3517112;18,56;4,790042149;-14,1;5,893176453;10617,6;4079,331672
17;X16278.2511786434;16278,25118;1,576;3,02280871;622,2;282,7708678;18,12;4,681946172;-17,8;7,575467895;9950,8;4617,057671
18;X16383.4927365973;16383,49274;1,238;3,055714706;797,8;275,2153625;15,62;4,581131963;-13,96;7,372270022;12812;4381,299484
19;X16456.6838746638;16456,68387;-0,588;3,721206802;914,4;286,1877196;14;4,339528067;-13,1;6,924953628;17312,6;4386,072857
20;X16566.4705817636;16566,47058;-4,03;3,376224884;691,4;271,9652323;18,2;4,621200957;-18,66;7,473227959;10868,2;4385,765378
21;X16639.7311526716;16639,73115;0,184;3,195493575;756,8;279,7032042;18,4;4,594254279;-17,4;6,647246308;13144,8;4690,514016
22;X16749.6220090336;16749,62201;-0,508;3,431141545;711,2;274,4594755;17,2;4,830933557;-11,86;7,578514985;10947,4;4366,575043
23;X16819.8393970806;16819,8394;-0,452;3,623288614;687,4;269,0260374;17,76;4,713860333;-16,2;7,253908135;10831;4518,357946
24;X16925.1654791511;16925,16548;-4,342;3,609681911;596,2;261,9856947;21,42;4,968618527;-15,96;7,129041227;7103;4481,137829
25;X16993.4517336071;16993,45173;-3,884;3,825471344;596,6;264,601543;21,84;4,911881612;-20,28;6,617391434;6855,2;4474,966424
26;X17095.8811152911;17095,88112;0,506;3,345114777;565,2;265,9477786;22,82;4,842150875;-20,72;6,430595408;6559;4307,086231
27;X17164.5203489589;17164,52035;-3,708;2,797898065;477,6;275,2668814;20,28;4,593038035;-29,12;6,187921945;6464,6;4291,564422
28;X17338.2045862878;17338,20459;-1,59;3,321748109;464,8;276,8395358;21,42;4,850190645;-26,54;6,354069085;6061,8;4349,951204
29;X17444.2926665285;17444,29267;6,31;3,731891739;400;283,9798379;19,22;4,60913842;-29,08;6,667980209;5569,8;4326,805917
30;X17516.4909700775;17516,49097;8,02;3,477722106;277,8;257,1549541;20,76;4,665547064;-31,18;6,397753628;3415,2;3883,905296
31;X17839.5801007545;17839,5801;9,278;2,968750515;703,8;300,0042239;24,36;5,11117212;-9,44;6,873443135;7619,4;4430,12486
32;X17919.937964741;17919,93796;6,654;3,460168639;261,8;265,0608096;24,04;5,395360322;-21,42;8,336559749;2669,2;4021,459434
33;X18040.306290983;18040,30629;4,038;3,766586789;503;268,5601202;22,52;5,865500774;-10,86;7,010394207;5930;4151,532791
34;X18120.3272154938;18120,32722;-0,862;4,448455627;361,2;274,0988179;19,82;4,611370912;-21,72;7,378838867;4129,2;4030,223131
35;X18449.4614194808;18449,46142;2,65;4,192675055;304,4;254,9176179;18,5;4,390563041;-27,88;6,250433759;3889,6;3863,110164
36;X18532.5826865112;18532,58269;10,974;3,170347388;896;314,9752248;17,92;5,211304833;-13,14;8,259128102;12535,6;4443,709537
37;X18738.0322405623;18738,03224;6,11;4,413363498;403;278,9257154;17,84;5,149779939;-27,88;7,430067276;5686,4;4393,94325
38;X19151.379013518;19151,37901;-1,344;3,695918989;348,4;258,6356872;18,14;4,437017179;-27,46;6,114307612;4549,4;3923,828945
39;X19473.922618632;19473,92262;9,29;4,095640241;251,6;262,124774;19,48;5,159162707;-30,48;7,577451805;3166,8;4006,490774
40;X19554.7168775395;19554,71688;9,8;3,79279686;444,6;271,1573838;21,34;6,141817372;-13,52;8,09013538;5601;4176,971673
41;X19676.7908489925;19676,79085;4,002;4,553551461;400;282,8325513;19,22;4,712399005;-29,08;6,709937523;5569,8;4402,058255
42;X19759.3502740835;19759,35027;6,748;3,605415529;411,6;262,1765049;22,74;5,107893173;-14,38;8,392075616;4562;3981,018626
43;X19981.623398752;19981,6234;6,16;4,880649537;315,6;257,5195725;25,56;6,16760815;-12,88;9,375233051;3230,6;3935,594901
44;X20123.9845523868;20123,98455;-2,838;4,510203742;391,2;272,085473;26,44;5,973638339;-8,26;7,580139235;4112,6;4128,070415
45;X20222.4219268863;20222,42193;0,358;4,279688181;488,4;267,2813014;17,32;4,690355935;-19,56;7,203486023;6393,2;4060,853139
46;X20457.779251888;20457,77925;0,79;4,868533823;666,6;257,4682965;18,4;4,900269962;-13,6;6,763407586;8048,2;3954,463662
47;X20694.9297823418;20694,92978;9,268;2,666422905;685;305,372761;25,68;5,274161401;-4,74;6,514779892;7573,6;4420,19757
48;X20839.9002662468;20839,90027;6,932;3,077402304;635,2;260,9765734;18,54;5,945796208;-6,92;6,647532791;9371;4153,415492
49;X21078.9430727045;21078,94307;8,988;2,685172033;767,6;277,933676;22,26;4,518670328;-7,16;6,407760521;8959,6;4135,622624
50;X21175.241152792;21175,24115;1,13;5,199955296;524;277,3059727;24,78;5,243111573;-6,52;7,295829438;6126,4;4177,435711
51;X21564.7928961935;21564,7929;9,052;2,94827033;481,8;267,6560072;24,98;6,341470557;-4,68;7,25835305;5437,8;4128,762348
52;X21809.4728060922;21809,47281;11,092;3,279217454;382,6;265,8315096;26,88;5,583506644;-10,4;7,860233019;3653,8;3999,127919
53;X22240.5784554482;22240,57846;5,276;3,56966291;728,8;257,367524;16,8;5,283773528;-13,8;6,448133049;9712;4148,302237
54;X22434.8941592623;22434,89416;7,182;2,460513767;602,8;249,1309622;19,68;4,948108344;-12,02;6,516179065;7256,6;3878,700037
55;X22777.1588813782;22777,15888;-1,568;4,497995076;397,4;273,4243343;19,26;4,475605183;-22,98;7,002371307;5003,4;4134,271076
56;X23017.6950489522;23017,69505;3,474;4,218787911;475,4;275,8846443;19,66;4,710837351;-27,58;7,403038823;6490;4217,857518
57;X23268.4540111333;23268,45401;-1,31;4,013027549;397,4;271,8017089;19,26;4,510774968;-22,98;7,432554205;5003,4;4101,143063
58;X23514.4820826246;23514,48208;8,988;2,672056645;942;302,2399417;22,06;4,483376214;-6,68;6,300232156;11066,2;4316,227851
59;X23798.2593758121;23798,25938;7,51;2,508410295;977,6;316,9542467;21,58;4,38669749;-4,02;5,939484376;11891,2;4463,392275
60;X24036.4963084434;24036,49631;7,606;2,370034828;727;285,3243661;20,64;4,425601033;-13,02;7,312410349;8958,4;4258,67651
61;X24131.6886077434;24131,68861;7,474;2,429562598;1005;314,3957288;22,06;4,399922011;-3,84;5,984303027;12122,4;4429,03522
62;X24317.5532574424;24317,55326;7,51;2,495326691;1005,4;325,0308375;20,8;4,526368273;-8,26;6,401865393;11845,8;4530,718329
63;X24798.5729832989;24798,57298;7,754;2,511581498;768,2;290,6605853;19,46;4,550734155;-14,66;7,051319995;9420,4;4232,56649
64;X25014.4302812811;25014,43028;7,51;2,555122396;977,6;314,7083379;22,58;4,490703415;-5,7;6,312359342;11329,2;4440,669265
65;X25235.6098623359;25235,60986;7,474;2,433142463;807;291,484053;21,72;4,447821925;-7,48;7,156112803;9743;4206,242584
66;X25584.0291306496;25584,02913;7,754;2,528698012;623,6;319,2802293;20,3;4,487238173;-19,5;7,890644501;7271,2;4455,98695
67;X25866.5925598476;25866,59256;7,754;2,528147563;942;318,5450026;22,06;4,51203321;-6,68;6,264066838;11066,2;4447,224072
68;X26288.7572836309;26288,75728;7,754;2,609630741;790,4;299,1327717;19,38;4,527548309;-14,6;7,260707883;9738;4226,097229
69;X26643.9719125346;26643,97191;7,87;3,22075865;587,4;266,1262158;20,5;4,600924299;-20,26;6,8938089;7827,6;4161,289811
70;X26992.2885444217;26992,28854;7,886;2,465932685;541,6;279,72625;17,4;4,950737888;-22,76;7,312183696;8033,2;4145,393421
71;X27339.5770304768;27339,57703;0,958;4,569845953;618,6;272,9131801;17,2;4,468794988;-21,2;6,911754086;7802,4;4031,704127
72;X27688.112756273;27688,11276;-5,082;4,624296781;511,4;272,926182;19,64;4,669314253;-24,88;6,594232959;6933,6;4249,686045
73;X27981.7465426154;27981,74654;0,846;4,624220897;892,2;293,7636368;18,22;4,732919183;-10,78;7,605661044;11556,8;4341,514763
74;X28055.154989201;28055,15499;5,884;4,013647444;545,8;275,4937804;19;4,476266026;-21,58;6,905836033;7406,4;4267,65008
75;X28478.8748592716;28478,87486;0,846;4,726940038;848,6;305,0768755;16,7;4,758165875;-16,72;7,649846399;11947,4;4750,114971
76;X28775.3218064366;28775,32181;-5,626;2,869796574;511,4;271,556347;19,64;4,516226664;-24,88;6,089109212;6933,6;4206,321404
77;X29184.6237719093;29184,62377;5,9;3,197628809;545,8;271,3505874;19;4,544399505;-21,58;7,141936643;7406,4;4298,741918
78;X29386.1460229874;29386,14602;-0,982;4,861627068;609,2;279,8815887;17,74;4,49247631;-23,16;6,521185415;8186;4202,28782
79;X29726.3659263871;29726,36593;1,07;4,817004477;502,4;258,1137085;21,02;4,597323011;-20;6,895339821;6205;3982,941647
80;X30162.4147598514;30162,41476;0,846;4,691020601;595;267,5426594;20,3;4,679842951;-24,92;6,833205355;8111,2;4456,579376
81;X30515.2133294801;30515,21333;1,954;4,34686958;397,4;274,8303531;19,26;4,525470505;-22,98;7,070233623;5003,4;4167,625606
82;X31008.7500466085;31008,75005;4,368;4,043064155;400;260,9803239;17,74;5,034998422;-27,16;6,336240764;6802,4;4286,979433
83;X31218.5679286025;31218,56793;0,846;4,90718701;530;277,1796418;17,88;4,908107819;-26,08;6,924133472;8859,6;4310,795522
84;X31423.8131606355;31423,81316;-4,504;4,174641007;511,4;277,5260095;19,64;4,504356455;-24,88;6,088372398;6933,6;4285,66464
85;X31823.1241355675;31823,12414;0,846;4,707371944;658,2;306,5093245;18,56;4,525141839;-16,84;7,999379622;8905,4;4693,198772
86;X31923.8502347465;31923,85023;-0,982;4,682472761;382;255,4087948;20,04;4,51438762;-25,8;6,071445716;4853;3906,80526
87;X32213.5772163682;32213,57722;0,858;4,480534029;453,4;276,5440701;19,9;4,572328145;-24,48;6,471825336;5751;4703,635246
88;X32413.8293843033;32413,82938;0,992;3,150822119;404,6;289,4021861;18,46;4,417628514;-25,52;6,32518494;5308,8;4000,40498
89;X32650.7657016918;32650,7657;0,846;4,563641733;415,2;261,0228124;18,8;4,423256898;-25,74;6,157144797;5348;3986,817769
90;X32844.0242112975;32844,02421;-3,396;4,206308961;496,8;272,8942538;17,88;4,405789548;-26,06;6,116304182;6952,4;4187,741438
91;X32961.024048822;32961,02405;4,192;3,577442705;595;268,0549836;20,3;4,627450819;-24,92;6,260660003;8111,2;4274,519081
92;X33155.2636516085;33155,26365;2,54;4,411747179;382;269,4988333;20,04;4,660311227;-25,8;6,206624456;4853;4354,169672
93;X33389.9154340026;33389,91543;0,958;4,796857682;587,4;267,9193751;20,5;4,533783526;-20,26;6,917068922;7827,6;4166,783189
94;X33613.128627031;33613,12863;3,534;4,046816212;578,4;299,0475292;16,46;4,602101226;-23,62;6,685798964;9424,8;4997,287627
95;X33721.6630650323;33721,66307;0,958;4,72134807;507;279,7120363;18,6;4,626560287;-23,1;6,491274959;6433,4;4240,493688
96;X33923.7166465457;33923,71665;4,48;4,429977741;506;260,0489365;21,5;4,91580038;-16,86;7,25916259;6212,4;4159,311716
97;X34048.8803247025;34048,88032;-2,564;5,218742818;609,2;308,2913442;17,44;4,589964872;-21,32;7,738730684;8451,4;4559,40075
98;X34215.5619293812;34215,56193;0,982;3,80811523;411,8;257,1812937;18,4;4,447690783;-25,8;6,167917116;5329,8;3895,108762
99;X34338.9800566643;34338,98006;-3,1;4,34616507;568,8;269,5016003;18,28;4,442169579;-24,58;6,076645672;7827;4156,12818
100;X34583.3631358228;34583,36314;-1,16;4,769620946;587,4;265,6726358;20,5;4,604918443;-20,26;6,986581978;7827,6;4229,867255
101;X34827.1197870677;34827,11979;5,754;4,642093458;615,2;283,1334849;21,44;5,488612809;-9,22;7,095705959;7298,4;4378,691531
102;X35073.4561606426;35073,45616;-0,672;4,246473952;595;262,0668652;20,3;4,516891053;-24,92;6,059156902;8111,2;4145,734603
103;X35377.0741475744;35377,07415;1,496;3,515285569;526,4;258,8838351;17,94;4,549549981;-26,24;6,070651214;7411,2;4121,843719
104;X35534.6557463429;35534,65575;-5,972;3,066735437;496,8;270,9262949;17,88;4,487665863;-26,06;6,114013853;6952,4;4141,461305
105;X35718.4868187239;35718,48682;-3,798;3,93606755;524,6;267,0272128;18,88;4,645764261;-24,92;6,142535404;7257;4162,335121
106;X36114.7193261654;36114,71933;4,488;3,817312865;538,4;296,0389413;19,38;4,650328394;-24,74;7,62395236;7373,6;4979,588531
107;X36313.3998673516;36313,39987;0,958;4,822148388;583,4;267,9710712;17,88;4,726308362;-17,84;7,13766096;7546;4071,447235
108;X36777.0775719642;36777,07757;3,844;4,402230572;514,8;292,0723689;17,88;4,791281412;-19,26;7,088117308;6689,6;4229,842598
109;X37164.3538266726;37164,35383;1,156;4,691423604;469;294,0936346;19,86;4,401369638;-25,82;6,930954049;6044;4382,950948
110;X37558.5685866639;37558,56859;1,578;3,26403839;458;268,6254298;19,04;4,631445679;-22,54;7,424367924;5377,8;3847,318422
111;X37754.2218978769;37754,2219;3,196;4,145298811;647;266,0380569;19,12;4,82554434;-15,72;7,258493287;9361;4313,941674
112;X38076.6913680846;38076,69137;1,072;3,888909898;496,8;274,9468071;17,88;4,522517612;-26,06;6,078617285;6952,4;4295,138361
113;X38469.657693511;38469,65769;2,462;3,159744457;542;274,6864222;19,34;4,816420248;-23,7;6,766364455;8302,2;4264,08788
114;X38853.232722924;38853,23272;-4,412;3,334480083;496,8;268,169614;17,88;4,46278514;-26,06;6,229796838;6952,4;4092,578961
115;X39113.899126709;39113,89913;8,028;3,543107183;608;254,419916;18,52;4,759678935;-14,5;7,317803977;7744,8;3905,625894
116;X39378.2965900067;39378,29659;-2,2;4,409556382;483;277,4847263;17,38;4,468199294;-26,24;6,169606318;6835,8;4262,622948
117;X39577.6525257864;39577,65253;4,48;4,379040847;663,6;309,4501679;17,56;4,932714728;-18;8,449591384;10508;4585,387587
118;X39974.0153681964;39974,01537;0,91;4,38575395;606,2;305,3047217;14,94;5,041289789;-23,82;8,244696487;11540;4395,290651
119;X40235.0223059321;40235,02231;2,192;4,372956375;362,8;262,4244812;13,3;4,85963094;-31,24;6,504190258;9250,4;4121,273963
120;X40562.7270883525;40562,72709;-5,974;4,847425557;479,4;269,2347457;16,24;4,73034101;-25,76;6,658682829;7709;4123,622584
121;X40757.743362895;40757,74336;-4,504;4,970869289;465,4;262,0291298;15,96;4,565556779;-21,86;8,343069177;6928,6;4051,15178
122;X40947.819516026;40947,81952;1,528;3,956912437;750;314,9020026;19,56;4,631739107;-17,06;7,612576857;9782,8;4678,499702
123;X41405.9654445015;41405,96544;1,488;4,708446708;606,2;313,6768423;14,94;5,11770992;-23,82;8,352626332;11540;4539,356279
124;X42037.6241790857;42037,62418;-0,334;4,503101033;530;269,6743285;17,88;5,169624515;-26,08;7,061392577;8859,6;4418,351751
125;X42343.8801195637;42343,88012;-2,678;3,652975797;496,8;274,1597227;17,88;4,535342984;-26,06;6,221365667;6952,4;4291,153779
126;X42497.0080898027;42497,00809;-2,138;2,962048517;538,4;265,3901845;19,38;5,064788138;-24,74;6,510424641;7373,6;4307,236054
127;X42752.2213735343;42752,22137;-3,798;4,238636832;538,4;271,9572612;19,38;4,708074566;-24,74;6,276965063;7373,6;4389,57037
128;X43058.4773140122;43058,47731;7,902;2,574660208;602,6;293,2343102;18,56;4,788304201;-20,28;7,142808454;8839,4;4824,783006
129;X43313.6905977439;43313,6906;3,494;3,067797322;882;293,535448;18,04;4,765222581;-14,82;6,856165061;15105;5134,524011
130;X43517.8612247292;43517,86122;3,974;2,810611438;766,4;274,2015904;19,06;4,916884594;-17,4;7,275074803;11567,4;4503,524349
131;X43773.0745084608;43773,07451;5,322;2,775294451;676;275,1096035;19,64;4,691645274;-12,44;7,345924544;9713,4;4331,678375
132;X44028.2877921924;44028,28779;0,846;4,535110042;802;306,5138753;19,2;4,596947515;-15,58;7,799038368;11079,2;4782,687448
133;X44283.501075924;44283,50108;-4,392;5,170237827;593;317,1410492;18,22;4,828596284;-22,44;7,342358022;9406;5339,873213
134;X44640.7996731483;44640,79967;1,906;3,824572604;530;270,650559;17,88;4,922957247;-26,08;6,710849133;8859,6;4325,684235
135;X44793.9276433873;44793,92764;4,48;4,174568737;546,8;280,9680883;16,96;4,764904014;-20,96;7,47993395;8508,8;4223,240342
136;X45049.1409271189;45049,14093;3,088;3,960459148;363;289,2310392;19,9;4,668909576;-26,28;6,969910782;4530,6;4517,04867
137;X45304.3542108505;45304,35421;5,37;3,403651582;609,2;282,4350603;17,74;4,593378185;-23,16;6,622937913;8186;4273,675605
138;X45559.5674945822;45559,56749;8,244333397;3,516054625;411,8;270,2493236;18,4;4,497688144;-25,8;6,618823072;5329,8;4015,410028
139;X45814.7807783138;45814,78078;-7,108;3,098726974;511,4;275,2538806;19,64;4,522558462;-24,88;6,272635879;6933,6;4261,040352
140;X46069.9940620454;46069,99406;8,014;2,681149096;578,2;301,3290521;19,58;4,737100055;-18,34;7,559736679;8875,6;5039,235798
141;X46325.207345777;46325,20735;6,844;2,789882263;668,4;282,095587;21,38;4,629635237;-17,08;7,098537742;8985,2;4599,665457
142;X46580.4206295087;46580,42063;8,014;2,431547879;847,8;286,0858833;19,72;4,59005292;-13,42;7,229665818;13023;4816,852567
143;X46835.6339132403;46835,63391;8,002;2,678556228;544;263,8220857;21,26;4,51784248;-16,94;7,387328579;6793,6;4107,386033
144;X47090.8471969719;47090,8472;5,884;3,673819783;767,6;303,4954087;19,84;4,52837982;-18,88;7,750657946;10606,4;4766,248164
145;X47346.0604807035;47346,06048;8,014;2,520633973;847,8;292,518842;19,72;4,759482981;-13,42;6,984867844;13023;4917,306136
146;X47601.2737644352;47601,27376;3,976;3,740771171;610,6;234,0145116;20,78;4,365019393;-11,88;7,798495698;8182,2;3709,534438
147;X47856.4870481668;47856,48705;-0,058;2,656604698;864,2;265,0767017;15,6;4,380181403;-13,44;5,377189898;15930,6;4784,481176
148;X48111.7003318984;48111,70033;5,016;3,065920417;895,4;286,5380944;16,58;5,061743052;-12,08;6,67192274;16294,6;5046,071641
149;X48366.91361563;48366,91362;1,306;3,244491747;747,4;279,8256407;19,62;4,638063665;-15,26;6,3696761;11080,2;4456,502745
150;X48622.1268993617;48622,1269;1,22;3,341634466;831,4;276,7252824;16,98;4,905508309;-10,98;6,698262907;14222,8;4690,242576
151;X48877.3401830933;48877,34018;6,312;2,69851007;1195;262,6385999;16,98;4,355316531;-2,02;5,12657065;19256,6;4242,316609
152;X49132.5534668249;49132,55347;7,89;2,441846274;941;220,0860337;18,4;4,302951354;-0,1;4,992771405;14555;3473,705356
153;X49387.7667505565;49387,76675;2,25;4,312109477;663,2;295,8460224;19,04;4,776740853;-20,12;7,812885448;9353,6;4934,974039
154;X49642.9800342882;49642,98003;-4,874;4,73275138;813,8;311,7391955;13,62;4,778192849;-16,84;7,16505994;11017,8;4688,617608
155;X49898.1933180198;49898,19332;0,124;4,488924419;733,2;306,9470737;18,32;4,988642102;-16,62;7,51119343;9871,4;4679,706035
156;X49949.2359747661;49949,23597;0,422;4,220583733;453,4;262,6115898;19,9;4,556913124;-24,48;6,679523974;5751;4144,812495
157;X50000.2786315124;50000,27863;-2,556;3,972870413;656,4;290,6014703;16,14;4,673195814;-18,98;7,112242109;11007,2;5176,950243
158;X50510.7051989757;50510,7052;0,416;3,357141209;496,8;273,1238958;17,88;4,575347709;-26,06;6,173220943;6952,4;4273,162475
159;X50714.875825961;50714,87583;-6,41;3,078548249;350;263,790115;14,74;4,904726218;-29,82;6,355784048;7867,2;4199,622274
160;X51021.1317664389;51021,13177;3,028;4,282680814;391,6;290,5443172;16,24;5,05177659;-28,5;7,766400091;8288,4;4372,544146
161;X51225.3023934242;51225,30239;0,958;4,661226132;637;275,8132503;17,92;4,603966296;-16,98;7,572489913;9312,2;4400,698201
162;X51378.4303636632;51378,43036;3,3;3,691388808;602,6;270,4265029;18,56;4,629095067;-20,28;7,604243971;8839,4;4410,615928
163;X51735.7289608875;51735,72896;3,204;3,222829813;573,2;268,2554513;21,16;4,648433012;-22,7;7,154113167;7518,8;4255,454971
164;X51990.9422446191;51990,94224;6,606;2,788929774;597,4;285,5087192;18,08;4,814840815;-16,74;7,725779883;8762,2;4683,239342
165;X52246.1555283507;52246,15553;3,196;4,07550542;553;280,6813782;18,98;4,917780623;-18;7,28272797;7092,6;4728,474043
166;X52807.6247525603;52807,62475;-3,03;4,150412974;571,2;265,9253352;22,02;4,65047735;-21,44;6,605963415;6853,2;4248,334826
167;X53062.8380362919;53062,83804;3,412;4,665137202;513,8;261,4334845;22,22;4,751228615;-19,98;6,473406208;5284,8;4181,635377
168;X53267.0086632772;53267,00866;-0,286;3,086922495;468,6;272,485006;17,96;4,503131341;-26,18;6,237923986;6519;4184,401115
169;X53420.1366335162;53420,13663;0,264;4,509131034;468,6;271,4090368;17,96;4,520057106;-26,18;6,232080851;6519;4212,202552
170;X53675.3499172478;53675,34992;0,542;3,848074248;329;263,2638625;18,76;4,412387465;-27,72;6,227949354;4172,2;3931,617671
171;X53930.5632009795;53930,5632;2,356;3,437495304;481,4;278,3712746;16,52;4,689832967;-27,6;6,389336926;7902,2;4363,176826
172;X54440.9897684427;54440,98977;-3,92;2,820049017;429,2;270,9185068;19,12;4,598451312;-28,58;6,149402818;5934,8;4176,603473
173;X54696.2030521743;54696,20305;-3,92;3,544499938;468,6;275,5599597;17,96;4,555396321;-26,18;6,277518898;6519;4260,732107
174;X54951.416335906;54951,41634;-3,3;2,634568319;322,4;253,8993362;20,26;4,626036052;-30,28;6,04561003;4007,6;3868,163082
175;X55257.6722763839;55257,67228;3,946;4,99613975;228;259,3083518;18,28;4,46011482;-29,32;6,125129188;2938;3902,777875
176;X55359.7575898766;55359,75759;-1,96;3,587761149;444;284,4378691;16,76;4,58612702;-24,12;6,748333489;5871,6;4233,695458
177;X55461.8429033692;55461,8429;-3,202;4,424310948;334,6;260,110243;17,64;4,505232841;-27,64;6,294682178;4432,8;3972,010545
178;X55512.8855601155;55512,88556;11,124;4,553954166;317,2;253,967511;19,6;4,594195719;-28,78;6,164361676;3999,4;3870,603492
179;X55563.9282168619;55563,92822;-4,68;3,732241761;442,4;285,7555497;16,94;4,584089735;-24,66;6,967505739;5734;4114,891802
180;X55768.0988438472;55768,09884;-5,84;2,612164913;329;253,041173;18,76;4,399065474;-27,72;6,087427729;4172,2;3853,992492
181;X55870.1841573398;55870,18416;-1,538;3,462080268;686;277,9439955;13,54;4,986989905;-16,66;6,685947179;8945,6;4051,805826
182;X55921.2268140861;55921,22681;-7,048;2,612167039;320,6;252,6908376;18,58;4,567477449;-27,86;6,08054708;4181,4;3869,378617
183;X55972.2694708325;55972,26947;-5,644;2,679725375;343,2;260,3491637;18,4;4,475205479;-27,22;6,22680001;4473,4;3926,518287
184;X56023.3121275788;56023,31213;-7,262;3,169460126;363,2;253,222422;13,98;4,859687959;-29,86;6,405926264;8190,6;4128,690071
185;X56176.4400978178;56176,4401;3,548;2,708015065;896,6;238,5487394;19,02;4,539745604;-8,84;5,067434668;11161,8;3439,752195
186;X56278.5254113104;56278,52541;-5,09;3,999735978;468,8;270,4314612;17,5;4,478048875;-24,36;6,360029584;6030,4;3987,755839
187;X56380.6107248031;56380,61072;3,774;2,603041121;1109,2;280,1568268;18,94;4,554683986;-8,14;5,067516453;12740,4;3782,522899
188;X56482.6960382957;56482,69604;2,98;2,529761288;585,2;261,9687365;22,64;4,306323491;-14,88;5,707037783;7765,8;3730,31637
189;X56533.738695042;56533,7387;5,488;3,347269055;438,8;267,8705499;17,02;4,796338769;-23,88;6,679217472;5795,6;4078,632941
190;X56686.866665281;56686,86667;1,28;2,594808841;815;262,0007259;19,66;4,64556173;-14,02;6,048433301;9376,6;3655,3045
191;X56788.9519787737;56788,95198;3,2;4,006543982;348,4;258,092705;18,14;4,495692473;-27,46;6,2237283;4549,4;3967,092463
192;X56891.0372922663;56891,03729;3,364333397;3,167827933;735;288,0016984;17,64000001;5,805111587;-9,079999924;9,639760442;7709;3831,965604
193;X56993.122605759;56993,12261;-0,992;3,293990828;411,8;267,468156;18,4;4,403264481;-25,8;6,257366414;5329,8;3945,986626
194;X57044.1652625053;57044,16526;-1,424;3,709810277;496,8;270,0084203;17,88;4,543728287;-26,06;6,556621352;6952,4;4168,463861
195;X57197.2932327443;57197,29323;3,940333397;2,965488819;918,6;260,9249522;15,02000001;6,196513171;-4,279999924;8,383564463;10923,4;3658,585329
196;X57299.3785462369;57299,37855;8,470333397;2,447379783;890,4;236,1597831;16,46000001;6,81440804;3,560000076;7,374817078;10843;3513,305398
197;X57503.5491732222;57503,54917;-4,788;3,07558416;455,6;270,6141552;18,26;4,406544311;-24,32;6,337879826;5707;4064,813874
198;X57554.5918299685;57554,59183;-3,012;3,247849841;339;253,19417;16,86;4,654940504;-28,74;6,227777594;6004;3990,670725
199;X57707.7198002075;57707,7198;1,478;3,446859526;427,4;263,3268703;16,92;4,870252626;-22,62;6,648974724;5589,8;3969,978998
200;X57809.8051137002;57809,80511;-0,83;3,497312226;637,2;292,6142669;17,62;4,644775192;-22,1;6,591638876;9976;5334,7631
201;X58013.9757406855;58013,97574;-6,678;2,823742927;411,8;255,396285;18,4;4,410337076;-25,8;6,082853992;5329,8;3881,599712
202;X58065.0183974318;58065,0184;2,636333397;4,819377603;655,8;263,9774629;13,78000001;6,215901921;-5,919999924;10,95634646;8914,4;3346,621662
203;X58116.0610541781;58116,06105;6,120333397;2,74986402;1130,2;263,6785065;13,10000001;5,994345948;2,060000076;7,467563719;16243;4884,771601
204;X58218.1463676708;58218,14637;3,072;2,597276391;851,8;245,0979155;17,9;4,481441973;-10,06;5,214840644;12045,2;3714,160684
205;X58422.3169946561;58422,31699;-0,539666603;4,267331787;537,6;292,1171825;17,32;4,622094009;-23,38;6,960546561;7198,2;4173,486214
206;X58473.3596514024;58473,35965;6,862333397;2,849648938;1214,2;268,8813899;14,22000001;6,140545922;2,900000076;7,558108326;14403,8;4337,409113
207;X58524.4023081487;58524,40231;-1,824;2,710528123;637,2;290,5105435;17,62;4,487758694;-22,1;6,469699955;9976;4921,443343
208;X58626.4876216414;58626,48762;7,344;2,609407875;974,8;244,6720349;18,68;5,056967327;-1,14;6,156606857;13513,8;3480,215912
209;X58728.572935134;58728,57294;5,118333397;3,251930478;1086;269,8504056;13,36000001;5,898781914;-0,039999924;8,428170964;14502,2;4423,07123
210;X58779.6155918803;58779,61559;8,220333397;2,409363421;743;341,0864029;17,04;4,662874315;-14,58;7,740788748;12030,4;5757,523024
211;X58830.6582486267;58830,65825;4,774333397;4,30807389;893,8;284,3451742;16,54000001;6,326292819;-4,339999924;10,45642034;9887,6;3932,860628
212;X58983.7862188656;58983,78622;6,158;2,628005631;823;222,8418488;19,66;4,393317337;-4,66;5,087965156;11276,8;3378,754574
213;X59034.828875612;59034,82888;7,856333397;3,646887193;606,2;326,4904126;14,94;4,91156869;-23,82;8,810090359;11540;4565,731112
214;X59085.8715323583;59085,87153;5,344333397;4,467103783;350;282,8553248;14,74;4,874611446;-29,82;7,096391182;7867,2;4261,099694
215;X59238.9995025973;59238,9995;8,911500086;2,850513718;1244,4;245,4233545;11,70000001;7,106906865;9,480000152;6,84212419;12302,6;3493,020524
216;X59290.0421593436;59290,04216;7,231166689;2,55526309;1205;253,2952194;16,62;7,080685916;0,640000076;6,017283419;13157,8;3836,39363
217;X59443.1701295826;59443,17013;4,778;3,546626124;583,4;274,1637141;20,04;4,472236128;-23,4;6,202113144;7808,2;4157,851377
218;X59545.2554430752;59545,25544;0,422;4,317378677;511,4;273,7947649;19,64;4,737184045;-24,88;6,302514068;6933,6;4246,402102
219;X59596.2980998215;59596,2981;-3,234;3,94009735;538,4;273,9193327;19,38;4,531710207;-24,74;6,149983448;7373,6;4290,559268
220;X59749.4260700605;59749,42607;4,368;4,458135379;634;278,5628218;18;4,796915406;-21,4;7,20773533;8695,8;4433,310515
221;X59851.5113835532;59851,51138;2,414;3,117593489;975,4;282,3331952;15,68;4,729781188;-7,98;5,36560862;18715,2;5743,645489
222;X59953.5966970458;59953,5967;0,864;3,148161714;909,4;278,5244264;15,46;5,163348632;-11,7;5,108490526;20778,8;7724,241552
223;X60004.6393537921;60004,63935;0,7;2,647841402;787,2;236,0466268;16,2;4,711651077;-12,34;4,907373792;15739,8;4750,624648
224;X60055.6820105385;60055,68201;-2,026;2,438716853;1152,2;276,041764;11,06;4,36138205;-12,48;4,913946322;29726;5927,638006
225;X60106.7246672848;60106,72467;1,37;2,507907013;1193,8;234,4854099;14,52;4,283304085;-9,3;4,93046894;21017,2;3600,199185
226;X60157.7673240311;60157,76732;0,834;2,61920166;607,2;282,514729;22,28;4,284518886;-18,9;5,500708698;8627,2;3958,59185
227;X60259.8526375238;60259,85264;2,874;2,534672758;659,2;223,3769136;19,96;4,485749413;-11,96;5,095077554;10005;3927,021486
228;X60361.9379510164;60361,93795;5,658;2,407353029;935,6;303,1502271;20,6;4,272988463;-6,48;4,89921546;12501,4;4107,255821
229;X60464.0232645091;60464,02326;5,182;2,494532703;777,6;218,1069608;19,92;4,306382124;-6,7;4,934039688;11152,8;3468,519194
230;X60566.1085780017;60566,10858;6,074;2,398478486;903,4;351,1777265;20,76;4,30700593;-6,18;4,886375858;11330,2;4727,807043
231;X60617.151234748;60617,15123;6,368;2,416189235;734;254,8820415;21,62;4,270517257;-6,98;5,041992318;9359,6;3624,475064
232;X60668.1938914944;60668,19389;6,428;2,347217816;979,2;324,3068024;20,82;4,272303913;-5,38;4,834810478;12838,2;4456,326845
233;X60872.3645184797;60872,36452;8,978;2,796531412;1128,6;281,0039263;23,6;4,592948289;-4,14;4,93913547;11334,8;4297,131745
234;X60974.4498319723;60974,44983;8,756;2,539955194;1057,8;282,8612311;23,82;4,48477026;-4,26;4,891936828;11517;3984,70363
235;X61076.535145465;61076,53515;8,953000038;2,95019846;1038,2;244,0538116;19,2;5,963086912;1,839999924;6,675818396;9840,8;3712,447496
236;X61127.5778022113;61127,5778;10,52900004;2,66260728;819,4;246,3790808;20,76;5,718599263;3,639999924;6,573357541;7032,2;3596,539879
237;X61382.7910859429;61382,79109;9,885000038;2,557752684;971,2;245,1130472;19,74;6,151092871;2,859999924;7,161140764;9604,8;3697,975888
238;X61638.0043696745;61638,00437;9,561000038;2,689682106;989,2;231,163562;19,6;5,950638023;2,859999924;7,263473762;9401;3625,927986
239;X61893.2176534062;61893,21765;10,82100004;2,724021418;712,8;259,5518824;20,88;6,183199078;4,699999924;6,832381082;5943;3840,677166
240;X62097.3882803915;62097,38828;8,953000038;2,783539749;1038,2;241,6093985;19,2;6,03485947;1,839999924;7,323772585;9840,8;3602,572314
241;X62148.4309371378;62148,43094;10,82100004;2,777164919;712,8;265,1478091;20,88;6,332475002;4,699999924;7,04378205;5943;3849,691302
242;X62403.6442208694;62403,64422;10,82100004;2,694687381;711,8;272,1590321;20,94;5,909771967;4,659999924;6,221864968;5931,2;3879,650975
243;X62607.8148478547;62607,81485;9,465000038;2,783084952;931,4;263,7561171;20,22;6,458190503;2,379999924;7,430467154;8631,2;3846,344378
244;X62811.98547484;62811,98547;3,232;2,772182634;1289;307,8804906;16,38;4,38874135;-7,3;5,15693908;21480,6;4726,339957
245;X62914.0707883327;62914,07079;3,268;2,783733434;680;274,0678115;19,74;4,858030605;-13,7;7,385045627;9689,4;4457,761938
246;X63118.241415318;63118,24142;3,678;2,598103349;745,8;282,8783152;16,02;4,578960946;-14,48;7,455678326;12308,2;4378,544694
247;X63169.2840720643;63169,28407;-0,402;2,812561439;746,8;280,5861654;18,28;4,756360563;-17,18;7,694968689;11211,8;4623,63325
248;X63424.4973557959;63424,49736;-0,876;3,708406278;567,6;254,2943544;20,6;4,373077841;-22,18;7,614460662;8017,4;3892,486223
249;X63628.6679827812;63628,66798;0,534;2,633829927;493;273,1806574;21,7;4,810307296;-23,5;6,562392205;6297,8;4315,608284
250;X63679.7106395275;63679,71064;0,726;2,75348562;485,2;275,2608773;22,86;4,865728981;-27,6;6,532588832;6220;4375,315631
251;X63934.9239232592;63934,92392;2,136;2,507561267;637,4;216,0680766;21,84;4,482533875;-15,7;5,182798265;8989;3714,510447
252;X64139.0945502445;64139,09455;1,516;2,60923995;720;221,9819533;19,22;4,625634737;-14,18;5,068297091;12257,4;4235,105933
253;X64190.1372069908;64190,13721;2,318;2,782064978;1010,4;326,0543856;17,28;4,605422021;-10,04;5,148885398;16817,2;4481,210198
254;X64445.3504907224;64445,35049;2,222;2,516360043;615;212,3149907;22,12;4,262669601;-15,98;5,126803947;8663;3317,149169
255;X64649.5211177077;64649,52112;3,762;2,464571821;720,2;225,5580878;20,2;4,285465769;-10,32;4,973404191;10812,6;3401,584226
256;X64700.563774454;64700,56377;3,576;2,54782717;722,2;254,2782301;21,42;4,305301518;-12,16;5,478594432;9999;3738,885938
257;X64955.7770581857;64955,77706;4,972;2,925584515;782,8;228,3675563;19,64;4,590494345;-6,96;5,235494018;11713,4;4027,170723
258;X65159.947685171;65159,94769;3,03;2,875825556;700,2;227,1103331;19,3;4,789178139;-10,82;5,082460772;12108,4;4455,43114
259;X65210.9903419173;65210,99034;3,126;3,025633196;1019,4;284,4577145;17,5;4,858321105;-8,68;5,168148975;16629,8;4686,852974
260;X65466.2036256489;65466,20363;2,32;2,782224838;712,4;224,8468202;18,94;4,732229542;-11,96;5,105532435;12282;4393,006076
261;X65670.3742526342;65670,37425;2,256;2,746822638;838;232,0039349;17,52;4,691341399;-10,52;5,091874734;14819,6;4384,056534
262;X65721.4169093805;65721,41691;5,398;2,482625751;1400;326,3797224;18,64;4,367732236;-5,6;4,874048313;17636,2;4333,161569
263;X65976.6301931122;65976,63019;4,518;2,624565216;915,8;339,1338404;20,54;4,282026381;-9,02;5,443038308;12121,2;4559,47478
264;X66487.0567605754;66487,05676;5,182;2,437354127;996,8;322,7199324;20,22;4,259160625;-7,04;4,983353772;13505,6;4204,789951
265;X66691.2273875607;66691,22739;6,464;2,34614911;1672,8;343,8988463;19,84;4,275480354;-4,2;4,807489856;20839,6;4570,645458
266;X66742.270044307;66742,27004;4,454;2,496232527;645,2;267,5535753;21,24;4,276116989;-9,74;5,084480584;9272,8;3868,092768
267;X66997.4833280387;66997,48333;5,376;2,488564275;961,8;314,5327799;20,7;4,258849041;-7,46;5,243952323;12998,8;4207,272392
268;X67201.653955024;67201,65396;6,434;2,37493957;621,8;211,7556571;21,78;4,249964631;-6,24;4,829731911;8328,4;3314,850948
269;X67252.6966117703;67252,69661;6,818;2,372800611;1033,6;330,3916258;21,3;4,267086071;-4,5;4,831973061;12388,2;4364,942758
270;X67507.9098955019;67507,9099;5,96;2,443841729;1319,4;303,6279554;20,2;4,366279829;-5,16;4,819690384;14419;4128,838309
271;X67712.0805224872;67712,08052;7,48;2,488961963;1183,6;342,5744179;21,88;4,45202483;-4,98;4,852236837;14058,6;4549,123361
272;X67763.1231792335;67763,12318;7,338;2,468099691;1198,8;313,2303114;22,14;4,420130218;-4,76;4,821624579;12772,6;4235,712809
273;X68018.3364629652;68018,33646;8,85;2,500928739;1145,2;281,9048691;23,5;4,443928878;-2,96;4,851900621;12092,6;4173,089438
274;X68222.5070899505;68222,50709;6,238;2,490111257;1297,2;288,5610499;20,46;4,422486647;-5,42;4,960811577;13932,6;4070,354048
275;X68324.5924034431;68324,5924;9,05;2,651037435;1028,8;240,82265;23,92;4,416337711;-3,54;4,854927767;9342,6;3576,639286
276;X68732.9336574137;68732,93366;8,774;2,828091093;814,8;233,3924396;23,26;4,592385723;-4,92;5,114682812;8093,2;3408,053451
277;X68783.97631416;68783,97631;8,782;2,707095361;869,8;236,5425262;23,42;4,593462668;-4,76;5,068869;8681,4;3390,599535
278;X68886.0616276527;68886,06163;7,606;2,640860448;894,4;234,0588895;22,32;4,602270292;-5,68;5,035957928;9685;3362,112495
279;X69039.1895978917;69039,1896;8,692;2,689033263;911,2;245,7981444;24,12;5,240553681;-4,9;6,212956745;8715,8;3711,551499
280;X69243.360224877;69243,36022;9,460000076;2,595839277;909,6;223,43107;14,25999999;6,505413528;7,999999848;7,578964088;8362,2;3389,992836
281;X69294.4028816233;69294,40288;8,339000038;2,667599483;918,4;226,2268518;17,9;6,217861536;1,279999924;7,56551862;8923,8;3473,421312
282;X69345.4455383696;69345,44554;8,115000038;2,731636674;872,4;217,699072;17,72;6,041646967;-0,240000076;8,197246161;8834;3360,596819
283;X69549.6161653549;69549,61617;5,002;2,701082324;954,6;334,1545833;19,52;4,444700216;-6,7;5,016283214;13778,8;5016,74451
284;X69753.7867923402;69753,78679;0,158;2,366697397;611,8;212,412831;18,32;4,316047217;-15,74;4,908267084;11211,4;3317,989631
285;X69804.8294490865;69804,82945;0,83;2,449636274;533,4;215,7178828;22,68;4,495668901;-19,84;4,825504307;7599,8;3479,675189
286;X70060.0427328182;70060,04273;1,98;2,579668115;495,2;215,6027336;22,08;4,40332378;-17,38;5,368841055;6966,8;3428,348911
287;X70264.2133598035;70264,21336;6,98;2,442600798;1074,4;305,8321502;21,82;4,313437125;-5,32;4,903715042;12713,2;4157,679833
288;X70315.2560165498;70315,25602;6,494;2,497672038;1089,8;318,7376335;21,1;4,366090911;-5,88;4,877268122;13023,8;4396,307204
289;X70774.6399272667;70774,63993;8,989000038;2,589356906;1320,4;303,3857148;18,4;5,659154234;2,399999924;6,952641968;14456;4616,028444
290;X70825.682584013;70825,68258;8,621000038;2,716190257;1106,2;285,2240902;18,32;6,046334278;2,599999924;7,282721165;11263;4525,190011
291;X71080.8958677447;71080,89587;4,25;2,603259703;797,4;229,8960603;21,46;4,269319431;-10,82;5,589363434;9893,4;3415,05988
292;X71285.06649473;71285,06649;3,51;2,569696476;738,2;218,062935;20,36;4,274582681;-10,74;5,318447141;11184,8;3342,254119
293;X71336.1091514763;71336,10915;5,274;2,491032009;747,2;230,4487002;21,66;4,257793123;-8,7;5,090066676;9510,2;3392,123919
294;X71489.2371217153;71489,23712;2,202;2,549104687;623,6;224,7523119;22,12;4,262267862;-16,06;5,142818554;8736,4;3445,741268
295;X71591.3224352079;71591,32244;1,212;2,551319563;588,2;236,9963071;20,34;4,462954985;-15,88;5,183354325;9450,2;3710,27379
296;X71795.4930621932;71795,49306;-0,504;2,708481094;596,8;216,6106892;21,1;4,516046819;-20,04;5,193431104;9613,4;3560,518533
297;X71846.5357189395;71846,53572;0,36;2,868890262;735;225,6437039;17,42;4,552920267;-13,26;5,384012518;13256,4;3833,131537
298;X72101.7490026712;72101,749;2,672;2,528662119;874,8;250,8430178;18,04;4,497656757;-9,86;4,864600083;15100,6;4732,934629
299;X72305.9196296565;72305,91963;0,88;2,379935172;893,4;221,1377112;16,14;4,264418875;-11,98;4,902668853;16485;3569,942975
300;X72356.9622864028;72356,96229;0,5;2,4717316;886,2;227,6459685;18,26;4,404965405;-14,84;5,298885652;15369;3819,101927
301;X72612.1755701344;72612,17557;2,74;2,42058336;1052,8;235,6669942;15,06;4,29095066;-7,44;4,984114546;18528,6;3750,747008
302;X72816.3461971197;72816,3462;0,034;2,995694254;583,2;309,6600574;19,38;4,634555186;-22,34;6,717414238;9100,8;5368,470956
303;X72867.388853866;72867,38885;-1,484;2,734160645;808,4;292,4003154;16,32;4,476679154;-18,8;6,672773864;14481;5120,021691
304;X73071.5594808513;73071,55948;-1,434;4,067053878;617,8;248,7461668;15,54;4,620920831;-17;7,166784661;9846;3967,900663
305;X73122.6021375977;73122,60214;1,366;2,690351622;708,2;227,9075903;18,06;4,689485864;-13,26;5,536845613;13115,6;4509,059674
306;X73173.644794344;73173,64479;0,1;2,861305542;1036,8;256,5356827;13,88;4,771002798;-10,38;4,997261742;21496,8;5034,814159
307;X73224.6874510903;73224,68745;1,324;2,648497289;680,2;229,7569648;19,12;4,777800784;-14,98;5,182477671;11622;4498,183587
308;X73275.7301078366;73275,73011;2,374;2,819544822;847,6;233,4810118;17,44;4,849384652;-10,18;5,159927307;14951,4;4502,085587
309;X73326.772764583;73326,77276;0,41;2,653286804;595,2;253,5778949;20,5;4,968715839;-18,26;5,898075993;10046;5002,681837
310;X73377.8154213293;73377,81542;3,894;2,70468748;783;228,0650671;19,36;4,47328316;-8,7;5,030398159;12023;3697,279693
311;X73479.9007348219;73479,90073;5,376;2,586111988;1433,8;381,2749178;19,78;4,268011303;-6,32;5,509128637;18433,2;4703,93077
312;X73633.0287050609;73633,02871;4,23;2,769946186;1392,8;382,3891194;20,68;4,310801899;-9,96;6,067168819;17732,6;4632,48916
313;X73684.0713618072;73684,07136;2,976;2,688925872;1132,8;374,7988689;21;4,299425382;-12,9;5,916768538;14773,2;4779,630162
314;X73735.1140185536;73735,11402;4,458;2,611580055;1376,8;380,1399462;20,72;4,30271717;-9,58;5,866105324;17294,8;4892,002435
315;X73786.1566752999;73786,15668;6,66;2,433782096;1900,6;293,979406;19,74;4,261414049;-3,58;5,100677937;23298,4;3878,783372
316;X73837.1993320462;73837,19933;4,458;2,628411222;1376,8;382,0544204;20,72;4,313566709;-9,58;6,019366188;17294,8;5092,209057
317;X73888.2419887925;73888,24199;2,306;2,482522178;859,8;291,0702881;21,6;4,300433844;-15,48;5,312853887;11254,8;4142,0986
318;X73939.2846455389;73939,28465;2,748;2,686322292;1149,8;354,1990404;20,98;4,298538789;-13,28;5,886134615;15225,4;4772,225506
319;X73990.3273022852;73990,3273;2,404;2,696699684;873,2;345,3098636;21,3;4,29647883;-14,38;5,800407696;11914;4457,24907
320;X74092.4126157778;74092,41262;3,982;2,816324464;1411,4;385,409179;20,34;4,300095705;-9,96;6,158403905;18096,8;4934,720966
321;X74143.4552725242;74143,45527;2,862;2,627343309;720;234,8539644;18,54;4,493198778;-9,68;4,945651635;11947;4286,646064
322;X74194.4979292705;74194,49793;0,394;2,506687758;600,4;222,6904306;22,08;4,302547121;-19,68;5,361774112;8957,8;3522,653382
323;X74245.5405860168;74245,54059;3,978;2,561422849;597,2;238,9125509;22,52;4,279905085;-12,66;5,370974042;7834,4;3697,245344
324;X74347.6258995095;74347,6259;2,634;2,561411393;805;346,1347758;22,3;4,304082821;-15,38;5,605116715;10276,2;4618,195397
325;X74398.6685562558;74398,66856;1,558;2,786713081;586;259,4781535;22,66;4,281058155;-18,08;5,852251121;8210,6;3876,414443
326;X74449.7112130021;74449,71121;2,976;2,650325795;1132,8;377,6390834;21;4,306545947;-12,9;5,992464208;14773,2;5067,660785
327;X74500.7538697484;74500,75387;2,316;2,565295929;851,2;350,4687676;22;4,295302482;-15,58;5,643119152;11148,8;4659,81253
328;X74551.7965264948;74551,79653;3,016;2,440182156;637,8;214,3095858;20,46;4,322410767;-12,12;5,1000433;9692,6;3382,909169
329;X74602.8391832411;74602,83918;1,972;2,640237992;878,8;348,9127579;21,7;4,316714163;-15,92;5,851437872;11779,2;4750,476317
330;X74653.8818399874;74653,88184;4,458;2,604256479;1376,8;382,6637432;20,72;4,308470036;-9,58;5,870178341;17294,8;4859,621921
331;X74704.9244967337;74704,9245;2,02;2,621012062;841,6;350,1479627;21,6;4,296893197;-16,14;5,702302234;11042;4511,623927
332;X74755.9671534801;74755,96715;2,976;2,666156093;896,6;329,3202875;20,94;4,289005992;-13,12;5,706824309;11921,2;4343,575447
333;X74807.0098102264;74807,00981;2,39;2,748562325;955,2;327,7242882;20,6;4,292026608;-13,86;5,892484951;13190,2;4259,051472
334;X74858.0524669727;74858,05247;2,11;2,609478426;936,8;314,5224429;21,94;4,279619364;-16,1;5,625106785;12454,6;4259,690091
335;X74909.095123719;74909,09512;2,68;2,736021423;932,8;324,5690012;21,04;4,300069233;-13,88;5,961112382;12710;4240,101463
336;X74960.1377804654;74960,13778;6,632;2,35134316;1586,2;301,9623723;20,02;4,252747654;-4,1;4,81607323;19568;4113,170003
337;X75011.1804372117;75011,18044;5,412;2,610493356;1401,4;347,745899;20,4;4,273643692;-7,2;5,601458562;17518,6;4533,60189
338;X75062.223093958;75062,22309;4,23;2,804960425;1048;300,1605789;20,94;4,258769372;-10,46;5,921087342;13630,4;3997,516745
339;X75113.2657507043;75113,26575;6,522;2,355552882;1394,2;292,6621632;20,26;4,247497316;-4,38;4,819732625;16497,4;4067,270578
340;X75164.3084074507;75164,30841;6,772;2,356642672;1582;222,3438905;20,42;4,245914805;-3,8;4,794688868;18624,6;3540,974516
341;X75215.351064197;75215,35106;7,12;2,341465496;1623,6;218,3811028;20,6;4,243977731;-3,5;4,788519872;19746,6;3349,051934
342;X75368.479034436;75368,47903;7,004;2,342478444;1682;220,9482053;20,38;4,247200078;-3,52;4,78854364;20441,8;3361,27328
343;X75674.7349749139;75674,73497;7,17;2,342587078;1569;216,1301803;20,7;4,244684563;-3,5;4,789672325;19119;3372,087796
344;X75878.9056018992;75878,9056;7,066;2,374891135;1523,2;228,6514595;20,74;4,273353653;-3,72;4,810481889;17993,2;3578,536801
345;X75929.9482586455;75929,94826;7,436;2,448691082;1358,4;250,3999009;21,94;4,42595536;-4,14;4,803053271;14541,8;3929,955991
346;X76083.0762288845;76083,07623;9,308;2,628741599;1221,2;349,8014249;23,92;4,528573076;-2,84;4,950859806;12612,6;4722,339965
347;X76185.1615423772;76185,16154;8,494;2,793555501;1425,2;279,5159712;22,42;4,494080218;-2,86;4,97653475;14818,2;3975,726936
348;X76389.3321693625;76389,33217;8,008;2,816841611;1274,4;283,1883751;22,1;4,52162733;-3,6;5,009836758;13338,8;3749,361951
349;X76440.3748261088;76440,37483;11,928;2,687516085;1486;289,3536278;24,68;4,436373814;0,58;4,989532792;14036,8;4065,857578
350;X76491.4174828551;76491,41748;9,898;2,769004758;1458,2;268,1343025;23,86;4,458297896;-1,8;4,973668038;13965,6;3943,209724
351;X76542.4601396014;76542,46014;10,496;2,780515876;1546,2;285,1112058;23,2;4,496658309;-0,42;4,977146506;15681,4;4209,711917
352;X76644.5454530941;76644,54545;9,902;2,728683025;1474;282,6269695;23,46;4,494045736;-1,64;4,981416446;14948;4081,472874
353;X76695.5881098404;76695,58811;9,998;2,687147245;1400,6;281,6882363;23,5;4,46682563;-1,58;4,958509875;14326,2;4120,652969
354;X76899.7587368257;76899,75874;8,752;2,755163283;1447,8;259,4271875;22,5;4,524637215;-2,66;4,955867526;15854,6;3800,253706
355;X76950.801393572;76950,80139;10,978;2,641153048;639;341,6938163;27,36;4,524967562;-2,58;4,912781895;6014;4746,715172
356;X77206.0146773037;77206,01468;10,524;2,900234952;1453;273,4305671;23,24;4,521418653;-0,48;5,040859647;14889,4;3872,089237
357;X77410.185304289;77410,1853;6,524;2,421084561;1544,6;223,4304278;19,88;4,275091089;-3,88;4,822863087;18292,6;3461,893309
358;X77461.2279610353;77461,22796;9,302;2,824483267;1523;277,0429474;22,22;4,480585976;-1,48;5,014601254;16571;3988,301625
359;X77716.4412447669;77716,44124;10,524;2,78214283;1453;306,5272734;23,24;4,548221676;-0,48;4,958625828;14889,4;4439,769501
360;X77920.6118717522;77920,61187;6,916;2,407040116;1562,2;225,4362575;20,22;4,278693913;-3,54;4,810319252;19065;3469,193703
361;X77971.6545284985;77971,65453;12,318;2,669120503;1127;333,1793488;25,92;4,505596594;0,18;4,908898;10788,2;4562,012717
362;X78226.8678122302;78226,86781;10,496;2,80360793;1546,2;270,6026183;23,2;4,528657518;-0,42;4,955601722;15681,4;4106,148383
363;X78431.0384392155;78431,03844;7,152;2,479660918;1402,4;263,0917529;21,16;4,414242625;-4,1;4,817292349;15877,6;3906,490725
364;X78482.0810959618;78482,0811;10,496;2,825531972;1546,2;256,0847253;23,2;4,503879159;-0,42;4,953483608;15681,4;3980,507625
365;X78737.2943796934;78737,29438;9,996;2,745515186;1360;307,2395177;22,88;4,527803702;-0,96;4,92426017;14050,8;4487,240952
366;X78941.4650066787;78941,46501;8,258;2,877347409;1522,6;258,2938202;21,44;4,491503478;-2,38;4,986972138;16318,8;3935,129863
367;X78992.507663425;78992,50766;11,096;2,700918621;1185;310,0767906;25,16;4,491850194;-0,92;4,895431325;12164,8;4419,534227
368;X79247.7209471567;79247,72095;8,506;2,789856047;1566;309,0209105;21,62;4,463599457;-2,22;4,919690085;17598;4515,155567
369;X79451.891574142;79451,89157;11,76;2,541268908;548,2;305,8234436;26,7;4,401410202;-1,3;4,891669036;4523,2;3895,439501
370;X79502.9342308883;79502,93423;11,928;2,563917479;1486;287,6167695;24,68;4,351617228;0,58;4,894252897;14036,8;4008,6744
371;X79758.1475146199;79758,14751;12,1;2,729529281;991,6;313,9123603;25,26;4,465020772;0,76;5,031934412;8941,2;4125,522409
372;X79962.3181416052;79962,31814;12,458;2,483281217;855,4;322,2089083;26,84;4,351076735;-0,3;4,907520773;7165,8;4030,164214
373;X80013.3607983515;80013,3608;12,686;2,490336522;838,8;310,9789834;27,08;4,365510748;-0,02;4,910518645;6944,6;3941,718659
374;X80268.5740820832;80268,57408;11,406;2,648277395;1220,6;291,3048627;25,02;4,419706052;-0,26;4,972798849;11506,8;3919,917735
375;X80472.7447090685;80472,74471;12,366;2,430184354;1210,4;372,6940311;25,24;4,305612919;0,94;4,895380581;10473,8;4265,708912
376;X80523.7873658148;80523,78737;14,388;2,692231658;663,2;239,3463249;28,9;4,457776081;0,98;4,937798137;5479;3516,660626
377;X80779.0006495464;80779,00065;12,062;2,614050035;1034,6;307,2250133;25,52;4,403624289;0,62;4,969079546;9475;3979,93497
378;X80983.1712765317;80983,17128;12,756;2,516286725;804,6;313,5717281;25,82;4,283580952;1,6;4,886501919;6897,6;4005,911088
379;X81034.213933278;81034,21393;10,658;2,751752012;764,6;285,2901736;24,12;4,452275222;-1,28;5,24379634;7418,2;3864,601509
380;X81544.6405007413;81544,6405;12,2385;2,574278774;634;265,5346653;16,58000001;6,791563622;10,99999992;7,446726606;5151;3627,194026
381;X81799.8537844729;81799,85378;10,164;2,841692954;562,2;241,7285495;23,64;5,002593045;-1,4;6,060249096;5809;3610,71127
382;X82004.0244114582;82004,02441;10,72500004;2,667406075;647,4;252,4530837;19,92;6,30242914;3,759999924;7,560232883;5851,2;3579,286399
383;X82055.0670682045;82055,06707;9,872;2,581752103;1098,6;312,7372338;20,08;4,593169316;0,88;5,311248363;14914,6;5126,28114
384;X82310.2803519362;82310,28035;10,708;2,433750657;1205;331,2783157;19,84;4,837617391;3,34;4,87064233;16917,2;5279,289898
385;X82514.4509789215;82514,45098;11,78349996;2,664754464;592,2;253,1264193;20,38000002;5,709668999;5,2;7,127325769;5342,4;3619,036549
386;X82565.4936356678;82565,49364;10,164;2,696517681;562,2;278,2223084;23,64;4,48523263;-1,4;5,234124944;5809;4301,565836
387;X82820.7069193994;82820,70692;10,164;2,648559656;562,2;242,7730183;23,64;4,623082584;-1,4;5,382928746;5809;3619,920941
388;X83075.920203131;83075,9202;10,594;2,704105667;535,8;255,4965119;24,46;4,838288959;-0,98;5,642617332;4939,6;3682,233095
389;X83126.9628598774;83126,96286;11,71749996;2,626603332;493,2;251,7185824;20,22000002;5,432440387;5,22;6,495705567;4585,6;3617,797642
390;X83331.1334868627;83331,13349;10,708;2,432388819;1205;332,9685002;19,84;4,687842749;3,34;4,87662055;16917,2;5344,555026
391;X83535.304113848;83535,30411;11,71749996;2,672369709;493,2;258,1941837;20,22000002;6,313878042;5,22;7,636063727;4585,6;3596,141411
392;X83586.3467705943;83586,34677;10,166;2,390638198;1427,2;271,5495427;18,3;4,439903242;3,56;4,899162771;20417,6;4324,345903
393;X83841.5600543259;83841,56005;10,708;2,42167761;1205;321,2814606;19,84;4,638060939;3,34;4,883829707;16917,2;5095,917259
394;X84045.7306813112;84045,73068;10,708;2,714179757;615,8;263,2480788;24,44;4,452193958;-0,84;5,219821502;5719,6;4028,304929
395;X84351.9866217892;84351,98662;11,132;2,664285839;528;248,1592733;24,92;4,471203494;-0,34;5,219994359;4769;3618,206619
396;X84556.1572487745;84556,15725;11,632;2,66597651;528,2;246,4925702;26;4,670586124;-0,26;5,418509432;4702,6;3607,23787
397;X84607.1999055208;84607,19991;12,494;2,585031216;450,6;242,7079492;27,2;5,107804233;1,44;5,531201024;3429;3545,682425
398;X84862.4131892524;84862,41319;11,632;2,670896529;528,2;249,7513877;26;5,172967235;-0,26;6,22076677;4702,6;3618,793646
399;X85066.5838162377;85066,58382;11,632;2,663017828;528,2;245,7771611;26;4,69353557;-0,26;5,421677429;4702,6;3609,20311
400;X85117.626472984;85117,62647;10,626;2,709569833;556,2;250,5851594;25,2;4,618726225;-1,24;5,423120973;5132,4;3618,966629
401;X85372.8397567157;85372,83976;10,626;2,699761731;850,8;258,6223527;20,39999999;8,335544862;5,000000152;7,67202956;7488,2;2874,853684
402;X85577.010383701;85577,01038;10,626;2,725253456;556,2;252,85687;25,2;4,771723628;-1,24;5,47828582;5132,4;3665,801313
403;X85628.0530404473;85628,05304;11,678;2,592557919;455,2;259,4962435;25,88;6,000885992;1,12;6,234852478;3868;3633,991762
404;X85781.1810106863;85781,18101;11,078;2,613754329;604,8;258,0611821;25,88;6,557677355;0,18;6,680971848;4995;3636,828759
405;X85883.2663241789;85883,26632;8,642;2,622362921;893,2;254,6361137;25,14;4,808332216;-3,2;5,014198702;8377;3896,926021
406;X86138.4796079105;86138,47961;8,784;2,495302551;719,6;231,567003;26,1;4,710711696;-3,74;4,91963404;6593,6;3781,603165
407;X86393.6928916422;86393,69289;7,08;2,635673761;845;261,9322108;23,7;4,433396066;-5,88;5,711818725;8449,6;3772,168263
408;X86648.9061753738;86648,90618;4,128;2,832482336;758,4;241,2078955;23,28;4,322220478;-12,72;6,225955798;7573,2;3505,678067
409;X86904.1194591054;86904,11946;2,482;2,544635293;551,4;216,8467757;22,12;4,46079432;-15,64;5,004411543;7455,2;3430,208394
410;X87159.332742837;87159,33274;-2,032;2,418172671;647,8;256,8410586;14,84;4,546720074;-17,32;5,013520009;17026;7011,246215
411;X87414.5460265687;87414,54603;0,318;2,474165347;481,8;214,2471503;19,98;4,684971672;-17,9;5,010994316;7852,6;3499,767976
412;X87720.8019670466;87720,80197;-7,17;2,918244558;338,2;265,6515851;19,02;4,577595876;-27,42;6,179680352;4377,8;4215,752395
413;X87976.0152507782;87976,01525;-3,33;3,502952744;411,8;280,7187121;17,56;4,603892785;-25,36;6,696788548;5340,4;4344,881008
414;X88129.1432210172;88129,14322;10,088;2,761227035;661;263,3043697;25,34;4,668399779;-12,56;6,729276508;5376;3788,54713
415;X88333.3138480025;88333,31385;-7,052;2,595519779;342,2;252,7470521;18;4,475727509;-27,76;6,065970247;4495,6;3835,810265
416;X88639.5697884805;88639,56979;-3,96;4,635344609;587,8;316,8098203;13,88;4,901483479;-23,92;8,584885108;11491;4478,12487
417;X88843.7404154658;88843,74042;-1,82;4,222260329;261,2;249,7015532;17,66;4,595369373;-29,5;6,005721142;3582,4;3865,980361
418;X88996.8683857047;88996,86839;-7,188;2,887166594;316,6;252,3443382;17,96;4,498672295;-27,86;6,075967566;4181,6;3838,698118
419;X89507.294953168;89507,29495;0,854;3,54657229;492,4;287,8991619;19,42;4,665948934;-23,96;7,293273103;5928;4142,164372
420;X89762.5082368996;89762,50824;8,774;3,190278506;1024,4;347,5076492;15,78;4,844469253;-11,6;7,042279929;11977,6;4805,873951
421;X90017.7215206312;90017,72152;9,754;3,819017748;1054,2;276,5664799;16,28;5,045205634;-7,42;6,943471375;11903;4071,016077
422;X90170.8494908702;90170,84949;1,75;3,225277949;618;293,0291784;19,96;4,842284463;-16,9;8,002693712;6957,2;4165,347605
423;X90528.1480880945;90528,14809;-0,492;4,028472038;857,6;373,845712;13,12;4,447997559;-17,9;7,453755438;11288,2;4883,116018
424;X90732.3187150798;90732,31872;-0,24;3,881941387;668,8;317,0839047;15,64;4,598049889;-20,12;7,138625967;8220,4;4330,432196
425;X91293.7879392894;91293,78794;1,46;5,37674929;479,8;300,4623439;12,8;4,790345517;-25,66;7,404015368;9107,2;4525,576959
426;X91446.9159095283;91446,91591;-6,722;4,308674817;916,4;338,2281646;15,7;4,554287042;-13,94;7,746881528;11799;4705,137787