;Abies;Acer campestre-type;Alnus;Artemisia;Betula;Buxus;Campanulaceae;Carpinus;Caryophyllaceae (periporate excl. Paronychioideae);Centaurea;Chenopodiaceae/Amaranthaceae;Corylus;Cyperaceae;Ephedra;Ericaceae;Euphorbiaceae;Fagus;Filipendula;Fraxinus;Poaceae;Hedera;Helianthemum;Ilex;Juniperus;Picea;Pinus;Plantaginaceae;Polygonum;Populus;Quercus;Ranunculaceae;Rosaceae;Rubiaceae;Salix;Sanguisorba;Saxifraga;Saxifragaceae;Scabiosa;Taxus;Thalictrum;Tilia;Trifolium-type;Ulmus;Urtica;Valeriana;Varia;Hippophae rhamnoides;Rumex;Asteraceae subf. Cichorioideae;Apiaceae;Fabaceae;Brassicaceae;Asteraceae subf. Asteroideae
NA.;0;0;0,111;0;0,214;0;0;0,007;0,003;0;0;0,019;0,012;0;0,003;0;0;0;0,022;0,07;0;0;0;0;0,326;0,089;0;0;0;0,026;0,003;0,003;0,003;0;0;0;0;0;0;0;0;0;0;0;0;0,018;0;0,007;0;0;0;0;0
NA.1;0,005424955;0;0,03074141;0,003616637;0,059674503;0;0;0,003616637;0;0;0,001808318;0,016274864;0,025316456;0;0,023508137;0;0,037974684;0;0,001808318;0,099457505;0;0;0;0;0,048824593;0,582278481;0,009041591;0;0;0,016274864;0,001808318;0,003616637;0;0;0;0;0;0;0;0;0;0;0,001808318;0;0;0,003616637;0,003616637;0,003616637;0,001808318;0,009041591;0,003616637;0,001808318;0
NA..2;0,005738881;0,00286944;0,116212339;0,005738881;0,119081779;0;0,00143472;0,025824964;0;0;0;0,133428981;0,008608321;0;0,010043042;0;0,284074605;0;0,004304161;0,045911047;0;0;0;0;0,028694405;0,101865136;0,005738881;0,00143472;0;0,076040172;0,00143472;0,00286944;0;0;0;0;0;0;0;0,00143472;0;0;0,007173601;0;0;0;0,00143472;0,00286944;0;0,00286944;0;0;0,00286944
X1484.5128537575;0,016835017;0,001683502;0,193602694;0;0,163299663;0;0;0,01010101;0;0;0,003367003;0,101010101;0,023569024;0;0;0;0,297979798;0;0,018518519;0,03030303;0;0;0;0;0,025252525;0,037037037;0,003367003;0;0;0,055555556;0,003367003;0;0;0,006734007;0;0;0;0;0;0;0;0;0,001683502;0,003367003;0;0,001683502;0;0,001683502;0;0;0;0;0
X2050.32347806955;0,008256881;0,001834862;0,142201835;0,006422018;0,21559633;0;0;0,009174312;0;0;0,000917431;0,088073394;0,032110092;0;0,001834862;0;0,265137615;0,001834862;0,014678899;0,051376147;0;0;0;0,000917431;0,009174312;0,043119266;0,00733945;0;0,001834862;0,062385321;0,001834862;0;0,000917431;0,005504587;0;0;0;0;0,001834862;0,000917431;0,002752294;0;0,003669725;0,008256881;0;0;0;0,001834862;0;0,005504587;0;0;0,002752294
X2522.432250149;0,017331023;0,001733102;0,16117851;0,008665511;0,355285962;0;0;0,005199307;0;0;0,001733102;0,083188908;0,012131716;0;0;0;0,268630849;0,003466205;0,003466205;0,017331023;0;0;0;0;0,005199307;0,005199307;0,005199307;0;0,001733102;0,022530329;0;0;0,001733102;0;0;0;0;0;0;0,001733102;0,001733102;0;0,001733102;0;0;0,006932409;0;0,003466205;0;0,003466205;0;0;0
X2990.20686476275;0,012131716;0;0,133448873;0,008665511;0,095320624;0;0;0,003466205;0;0;0;0,072790295;0,022530329;0;0;0;0,440207972;0;0,010398614;0,06932409;0;0;0;0;0,01559792;0,024263432;0,017331023;0;0,001733102;0,03812825;0;0;0,001733102;0,001733102;0;0;0;0;0;0;0,001733102;0;0,012131716;0,001733102;0;0,003466205;0;0,008665511;0;0;0;0,001733102;0,001733102
X3696.28244784293;0,005181347;0;0,183074266;0,005181347;0,129533679;0;0;0,001727116;0;0;0;0,094991364;0,01208981;0;0;0;0,440414508;0;0,015544041;0,034542314;0;0;0;0;0,006908463;0,006908463;0,006908463;0;0;0,037996546;0;0;0,001727116;0,001727116;0;0;0;0;0,001727116;0;0;0;0,008635579;0;0;0,005181347;0;0;0;0;0;0;0
X4037.06598576238;0,006265664;0;0,140350877;0,003759398;0,096491228;0;0;0,006265664;0;0;0;0,095238095;0,025062657;0;0;0;0,488721805;0;0,022556391;0,026315789;0;0;0;0;0,011278195;0,016290727;0,002506266;0;0;0,038847118;0;0;0;0,002506266;0;0;0;0;0,001253133;0;0;0;0,011278195;0;0;0;0;0;0,001253133;0,003759398;0;0;0
X4320.19919706118;0,002232143;0;0,125;0,002232143;0,098214286;0;0;0;0;0;0,002232143;0,091517857;0,026785714;0;0,002232143;0;0,491071429;0,002232143;0,017857143;0,033482143;0;0;0;0;0,017857143;0,029017857;0,002232143;0;0;0,024553571;0;0;0;0,006696429;0;0;0;0;0,004464286;0;0,002232143;0;0,017857143;0;0;0;0;0;0;0;0;0;0
X4482.6364298843;0,002024291;0;0,147773279;0,004048583;0,101214575;0;0;0;0;0;0;0,0951417;0,016194332;0;0,010121457;0;0,44534413;0,004048583;0,024291498;0,032388664;0;0;0;0;0,01417004;0,04048583;0,006072874;0;0;0,036437247;0;0;0;0;0;0;0;0;0,004048583;0;0,002024291;0;0,010121457;0;0;0;0;0,004048583;0;0;0;0;0
X4638.86130853074;0,007142857;0,001190476;0,132142857;0;0,051190476;0;0;0;0;0;0;0,110714286;0,01547619;0;0,005952381;0;0,541666667;0;0,011904762;0,01547619;0;0;0;0;0,010714286;0,032142857;0,001190476;0;0,001190476;0,033333333;0;0,001190476;0;0,001190476;0;0;0;0;0;0;0,005952381;0;0,011904762;0;0;0;0;0;0;0,007142857;0;0,001190476;0
X4806.21646323776;0;0,00228833;0,171624714;0,00228833;0,128146453;0;0;0;0;0;0;0,112128146;0,036613272;0;0,009153318;0;0,398169336;0,00228833;0,018306636;0,025171625;0;0;0;0;0,020594966;0,011441648;0,00228833;0;0;0,025171625;0;0,004576659;0;0,004576659;0;0;0;0;0;0;0,004576659;0;0,013729977;0;0;0,00228833;0;0;0;0,00228833;0;0,00228833;0
X5086.08994687134;0,003355705;0;0,149328859;0,001677852;0,248322148;0;0;0,003355705;0;0;0;0,095637584;0,021812081;0;0,005033557;0;0,256711409;0,003355705;0,010067114;0,041946309;0;0;0;0;0,016778523;0,046979866;0,006711409;0;0;0,062080537;0,005033557;0;0;0,005033557;0;0;0;0;0,003355705;0;0;0;0,008389262;0;0;0;0;0,001677852;0;0,001677852;0;0,001677852;0
X5394.77487725316;0,01;0;0,156;0,002;0,076;0;0;0;0;0;0;0,146;0,028;0;0;0;0,436;0;0,046;0,014;0;0;0;0;0,008;0,012;0,002;0;0;0,04;0;0;0;0,002;0;0;0;0;0;0;0,008;0;0,002;0;0;0,004;0;0,002;0;0,006;0;0;0
X5712.51958411371;0,002762431;0;0,129834254;0;0,127071823;0;0;0;0;0;0;0,179558011;0,005524862;0;0;0;0,386740331;0;0,046961326;0,008287293;0;0;0;0;0,008287293;0,013812155;0;0;0;0,052486188;0;0,005524862;0,002762431;0;0;0;0;0;0;0;0,008287293;0;0,013812155;0;0;0;0;0;0;0,008287293;0;0;0
X6081.28849752734;0,009063444;0,003021148;0,104229607;0;0,070996979;0;0;0;0;0;0;0,119335347;0,01510574;0;0;0;0,509063444;0;0,027190332;0,006042296;0;0;0;0;0,019637462;0,013595166;0;0;0;0,058912387;0,001510574;0,004531722;0;0,003021148;0;0;0;0;0;0;0,012084592;0;0,01510574;0;0;0,001510574;0;0,001510574;0;0,004531722;0;0;0
X6468.15573773184;0,003350084;0,005025126;0,112227806;0;0,102177554;0;0;0;0;0;0;0,092127303;0,011725293;0;0,008375209;0;0,4639866;0,001675042;0,025125628;0,008375209;0,001675042;0;0;0;0,011725293;0,006700168;0;0;0;0,123953099;0;0,001675042;0;0;0;0;0;0;0;0;0,015075377;0;0,003350084;0;0;0,001675042;0;0;0;0;0;0;0
X6851.13539194259;0,009345794;0;0,08411215;0;0,142523364;0;0;0;0;0;0;0,130841121;0,025700935;0;0,002336449;0;0,207943925;0;0,03271028;0,014018692;0;0;0;0;0,007009346;0,028037383;0;0;0;0,275700935;0;0;0;0,004672897;0;0;0;0;0;0;0,011682243;0;0,011682243;0;0;0;0;0;0;0,011682243;0;0;0
X7146.88923347441;0;0;0,100649351;0,003246753;0,13961039;0;0,006493506;0;0;0;0,003246753;0,12012987;0,025974026;0;0,019480519;0;0,155844156;0;0,038961039;0,019480519;0;0,003246753;0;0;0,022727273;0,074675325;0,006493506;0;0;0,178571429;0,00974026;0,006493506;0,006493506;0;0;0;0;0;0;0,003246753;0,00974026;0;0,00974026;0;0;0,012987013;0;0,003246753;0,003246753;0,016233766;0;0;0
X7381.64218854179;0,002496879;0,001248439;0,109862672;0,001248439;0,323345818;0;0;0;0;0;0;0,144818976;0,014981273;0;0,007490637;0;0,053682896;0,001248439;0,033707865;0,039950062;0;0,001248439;0;0;0,011235955;0,024968789;0;0;0;0,173533084;0;0,004993758;0,003745318;0,001248439;0;0;0;0;0;0;0,006242197;0;0,02372035;0;0;0,006242197;0;0;0;0,008739076;0;0;0
X7626.33365086709;0,001567398;0;0,092476489;0,001567398;0,327586207;0;0;0;0;0;0;0,130094044;0,014106583;0;0,010971787;0,001567398;0,026645768;0;0,032915361;0,067398119;0,003134796;0;0;0;0,023510972;0,040752351;0;0;0;0,152037618;0,001567398;0,006269592;0,001567398;0;0;0;0;0;0;0;0,014106583;0;0,037617555;0;0;0,004702194;0;0,001567398;0;0,003134796;0;0,001567398;0,001567398
X8364.55460629008;0;0;0,023076923;0;0,287179487;0;0;0;0;0;0;0,128205128;0,056410256;0;0,017948718;0;0,005128205;0,002564103;0,041025641;0,051282051;0;0;0;0;0,005128205;0,030769231;0;0;0;0,194871795;0,012820513;0,015384615;0,020512821;0;0;0;0;0;0;0;0,030769231;0;0,041025641;0;0;0,017948718;0;0;0;0,017948718;0;0;0
X9463.16016809434;0,002457002;0;0,031941032;0,004914005;0,272727273;0;0,002457002;0;0;0;0;0,113022113;0,027027027;0;0,002457002;0;0,00982801;0,004914005;0,046683047;0,071253071;0;0;0;0;0,007371007;0,041769042;0;0;0;0,233415233;0,004914005;0,014742015;0,007371007;0;0;0;0;0;0;0;0,004914005;0;0,068796069;0;0;0,007371007;0;0,004914005;0;0,012285012;0;0,002457002;0
X10511.5404967373;0;0,001692047;0,055837563;0,001692047;0,250423012;0;0,001692047;0;0,001692047;0;0;0,138747885;0,025380711;0;0,013536379;0;0,003384095;0,005076142;0,050761421;0,062605753;0;0,001692047;0;0;0,016920474;0,040609137;0;0;0;0,187817259;0,00676819;0,023688663;0,005076142;0;0;0;0;0;0;0;0,015228426;0;0,065989848;0;0,001692047;0;0;0;0;0,020304569;0;0,001692047;0
X11556.4903987633;0,002415459;0,004830918;0,019323671;0,004830918;0,185990338;0;0;0;0;0;0;0,243961353;0,079710145;0;0;0;0,002415459;0,004830918;0,019323671;0,106280193;0;0;0;0;0,009661836;0,060386473;0;0;0;0,176328502;0,004830918;0,012077295;0;0;0,002415459;0;0;0;0;0;0,016908213;0;0,026570048;0;0,002415459;0,002415459;0;0;0;0,012077295;0;0;0
X12048.5705061313;0,002012072;0,002012072;0,010060362;0,002012072;0,183098592;0;0,002012072;0;0,002012072;0;0;0,338028169;0,024144869;0;0;0;0,002012072;0,004024145;0,010060362;0,07444668;0,002012072;0;0;0;0,00804829;0,068410463;0;0;0;0,132796781;0,002012072;0,026156942;0,002012072;0;0;0;0;0;0;0,002012072;0,010060362;0;0,058350101;0;0;0,006036217;0;0;0;0,024144869;0;0,002012072;0
X12561.6753357203;0;0;0;0,003942181;0,061760841;0;0;0;0;0;0;0,074901445;0,346911958;0;0;0;0;0,005256242;0,006570302;0,266754271;0;0;0;0;0;0,156373193;0;0;0;0,032851511;0,006570302;0,00131406;0,005256242;0,002628121;0;0;0;0;0;0;0;0;0,015768725;0;0;0,002628121;0;0,006570302;0;0,003942181;0;0;0
X13081.2475240051;0;0;0,00250941;0,006273526;0,265997491;0;0;0;0;0;0;0,04642409;0,159347553;0;0;0;0;0,011292346;0;0,051442911;0;0;0;0;0;0,391468005;0;0;0;0,001254705;0,010037641;0,033877039;0;0,006273526;0;0;0;0;0;0,001254705;0;0;0;0;0;0,003764115;0;0,001254705;0;0,007528231;0;0;0
X13593.0370388191;0;0;0;0,009419152;0,037676609;0;0;0;0;0;0;0,003139717;0,442700157;0;0;0;0;0,001569859;0,001569859;0,117739403;0;0;0;0,014128728;0;0,328100471;0;0;0;0,003139717;0,003139717;0,001569859;0,009419152;0,015698587;0;0;0;0;0;0,001569859;0;0;0;0;0;0,003139717;0;0;0;0,003139717;0;0,003139717;0
X14107.0731101623;0;0;0;0,023346304;0,038910506;0;0;0;0,003891051;0;0;0,003891051;0,513618677;0;0;0;0;0,003891051;0;0,155642023;0;0;0;0,023346304;0;0,13618677;0;0;0;0;0,003891051;0;0,019455253;0,031128405;0;0;0;0;0;0,007782101;0;0;0;0;0;0,003891051;0,007782101;0;0;0,003891051;0;0,019455253;0
X14486.0735312958;0;0;0;0,003496503;0,017482517;0;0;0;0,003496503;0;0,005244755;0;0,603146853;0;0;0;0;0,001748252;0;0,153846154;0;0;0;0,054195804;0;0,064685315;0;0;0,001748252;0;0,003496503;0;0,008741259;0,024475524;0;0;0;0;0;0,003496503;0;0;0;0;0;0,003496503;0,003496503;0,005244755;0,005244755;0,003496503;0;0,02972028;0
X14754.0406131275;0;0;0;0,014619883;0,046783626;0;0;0;0;0;0;0;0,461988304;0;0;0;0;0;0;0,19005848;0;0;0;0,043859649;0;0,073099415;0;0;0;0;0;0;0,01754386;0,040935673;0;0;0;0;0;0,01754386;0;0;0;0;0;0,005847953;0,014619883;0;0,002923977;0,002923977;0;0,061403509;0,005847953
X15415.2506161785;0;0;0;0,006369427;0,097664544;0;0;0;0,002123142;0;0;0;0,367303609;0;0;0;0;0,002123142;0;0,059447983;0;0;0;0;0;0,441613588;0;0;0,004246285;0;0,002123142;0,006369427;0;0,002123142;0;0;0;0;0;0;0;0;0;0;0;0;0;0;0;0,004246285;0;0,004246285;0
X15516.9752320325;0;0;0;0,001785714;0,030357143;0;0;0;0;0;0;0;0,435714286;0;0;0;0;0,001785714;0;0,055357143;0;0;0;0;0;0,439285714;0;0;0,003571429;0;0,003571429;0,005357143;0,001785714;0,008928571;0;0;0;0;0;0;0;0;0;0;0;0,001785714;0;0;0;0;0;0,010714286;0
X15618.6998478865;0;0;0;0,005964215;0,103379722;0;0;0;0;0;0;0;0,292246521;0;0;0;0;0;0;0,10139165;0;0;0;0,011928429;0;0,457256461;0;0;0,005964215;0;0,005964215;0;0,003976143;0,001988072;0;0;0;0;0;0,001988072;0;0;0;0,001988072;0;0;0,003976143;0;0;0;0;0,001988072;0
X15771.2867716675;0;0;0;0,002670227;0,053404539;0;0;0;0;0;0,001335113;0;0,547396529;0;0;0;0;0,001335113;0;0,104138852;0;0;0;0,038718291;0;0,178905207;0;0,001335113;0,016021362;0;0,001335113;0,001335113;0,005340454;0,020026702;0;0;0;0;0;0,00400534;0;0;0;0,001335113;0;0,00400534;0;0,001335113;0,001335113;0,002670227;0;0,012016021;0
X15898.442541485;0;0;0;0,009514748;0,031398668;0;0;0;0,000951475;0;0;0;0,684110371;0;0;0;0;0;0;0,081826832;0;0;0;0,019980971;0;0,122740247;0;0,000951475;0,002854424;0;0,00190295;0,000951475;0,002854424;0,004757374;0;0;0;0;0;0,005708849;0;0;0;0,00190295;0;0,002854424;0;0;0,000951475;0;0;0,02188392;0,00190295
X16025.5983113025;0;0;0;0,012006861;0,041166381;0;0;0;0;0;0;0;0,432246998;0;0;0;0;0;0;0,205831904;0;0;0;0,058319039;0;0,137221269;0;0;0,012006861;0;0,006861063;0,006861063;0,015437393;0,024013722;0;0;0;0;0;0,003430532;0;0;0;0,008576329;0;0,003430532;0;0;0,003430532;0,008576329;0;0,018867925;0,001715266
X16178.1852350835;0;0;0;0,035363458;0,090373281;0;0;0;0;0;0;0;0,469548134;0;0;0;0;0;0;0,143418468;0;0,001964637;0;0,090373281;0;0,070726916;0;0;0;0;0,007858546;0,003929273;0,00589391;0,029469548;0;0;0;0;0;0,00589391;0;0;0;0,001964637;0;0,003929273;0,001964637;0,003929273;0;0,011787819;0;0,015717092;0,00589391
X16330.7721588645;0;0;0;0,004477612;0,008955224;0;0,001492537;0;0,002985075;0;0,001492537;0;0,640298507;0;0;0;0;0;0;0,092537313;0;0;0;0,195522388;0;0,01641791;0;0;0;0;0,002985075;0,002985075;0;0,005970149;0;0;0;0;0;0;0;0;0;0;0;0;0,002985075;0;0;0,001492537;0;0,01641791;0,002985075
X16585.0836984995;0;0;0;0,011142061;0,008356546;0;0;0;0;0;0;0;0,417827298;0,005571031;0;0;0;0;0;0,167130919;0;0;0;0,236768802;0;0,013927577;0;0;0;0;0,005571031;0,011142061;0,002785515;0,038997214;0;0;0;0;0;0,005571031;0;0;0;0;0;0,002785515;0,036211699;0;0;0,005571031;0;0,030640669;0
X16839.3952381345;0;0;0;0,033333333;0,007017544;0;0;0;0,007017544;0;0,007017544;0;0,692982456;0;0;0;0;0;0;0,096491228;0;0,012280702;0;0,007017544;0;0,019298246;0;0;0;0;0,010526316;0,010526316;0,001754386;0,029824561;0;0;0;0;0;0,00877193;0;0;0;0;0;0,005263158;0,001754386;0,003508772;0,001754386;0;0;0,040350877;0,003508772
X17042.8444698425;0;0;0;0,023529412;0,009803922;0;0,001960784;0;0,003921569;0;0;0;0,715686275;0;0;0;0;0;0;0,088235294;0;0,005882353;0;0,003921569;0;0,011764706;0,001960784;0;0;0;0,015686275;0,009803922;0;0,009803922;0;0;0;0;0;0,007843137;0;0;0;0;0;0,001960784;0;0;0;0;0;0,08627451;0,001960784
X17246.2937015505;0;0;0;0,011980831;0,004792332;0;0;0;0,00399361;0;0;0;0,839456869;0;0;0;0;0,000798722;0;0,057507987;0;0,005591054;0;0,001597444;0;0,007188498;0;0;0;0;0,004792332;0,00399361;0,000798722;0,000798722;0;0;0;0;0;0,010383387;0;0;0;0;0;0,002396166;0;0;0,002396166;0,002396166;0;0,038338658;0,000798722
X17551.4675491125;0;0;0;0,009981851;0,001814882;0;0;0;0,005444646;0;0,003629764;0;0,797640653;0;0;0;0;0,000907441;0;0,086206897;0;0,004537205;0;0,006352087;0;0,009981851;0;0;0;0;0,004537205;0,004537205;0,000907441;0,006352087;0;0;0;0;0;0,013611615;0;0;0;0;0;0,000907441;0,000907441;0,000907441;0,003629764;0,000907441;0;0,0353902;0,000907441
X17805.7790887475;0;0;0;0,011013216;0;0;0;0;0,004405286;0;0,004405286;0;0,767621145;0,001101322;0;0;0;0;0;0,109030837;0;0,001101322;0;0,00660793;0;0,016519824;0;0;0;0;0,004405286;0,007709251;0;0,002202643;0;0;0;0;0;0,005506608;0;0;0;0;0;0,001101322;0;0;0,004405286;0;0;0,051762115;0,001101322
X18060.0906283825;0;0;0;0,013757524;0,006018917;0;0;0;0,003439381;0;0,002579536;0;0,784178848;0;0;0;0;0;0;0,079105761;0;0,003439381;0;0,000859845;0;0,014617369;0;0;0;0;0,003439381;0,003439381;0,002579536;0,005159071;0;0;0;0;0;0,008598452;0;0;0;0;0;0,00171969;0;0;0,003439381;0;0;0,061049011;0,002579536
X22281.6621863235;0;0;0,002770083;0,024930748;0,087257618;0;0;0;0,015235457;0;0,002770083;0,002770083;0,40166205;0;0;0;0;0,013850416;0;0,220221607;0;0;0;0,002770083;0,024930748;0,066481994;0,002770083;0;0;0;0,01800554;0,005540166;0,001385042;0;0;0;0;0;0;0,047091413;0;0;0;0;0;0,005540166;0;0,009695291;0,006925208;0,005540166;0;0,023545706;0,008310249
X22459.680264068;0;0;0;0,020989505;0,107946027;0;0,00149925;0;0,010494753;0;0,00149925;0,002998501;0,364317841;0;0;0;0;0,017991004;0;0,259370315;0;0,004497751;0;0,00149925;0,020989505;0,065967016;0,002998501;0;0;0;0,014992504;0,007496252;0,002998501;0;0;0;0;0;0;0,04047976;0;0;0;0;0;0;0;0,002998501;0,011994003;0,007496252;0;0,026986507;0,00149925
X22637.6983418125;0;0;0,002624672;0,018372703;0,086614173;0;0;0;0,000874891;0;0,001749781;0,000874891;0,464566929;0;0;0;0;0,004374453;0;0,253718285;0;0,002624672;0;0,003499563;0,017497813;0,039370079;0,003499563;0;0;0;0,010498688;0,006124234;0,002624672;0,001749781;0;0;0;0;0;0,021872266;0,000874891;0;0;0;0;0,006124234;0;0,018372703;0,003499563;0,005249344;0;0,020997375;0,001749781
X23197.1837290095;0;0;0,001248439;0,026217228;0,038701623;0;0,001248439;0;0,018726592;0;0,006242197;0;0,483146067;0;0;0;0;0,004993758;0;0,22721598;0;0,002496879;0;0,001248439;0,012484395;0,041198502;0;0;0;0;0,028714107;0,008739076;0;0;0;0;0;0;0;0,038701623;0;0;0;0;0;0,009987516;0;0,008739076;0,007490637;0;0;0,029962547;0,002496879
X23654.9445003525;0;0;0;0,016752577;0,019329897;0;0;0;0,014175258;0;0,003865979;0,00257732;0,460051546;0;0;0;0;0,00128866;0;0,31314433;0;0,005154639;0;0;0,00257732;0,025773196;0,003865979;0;0;0;0,007731959;0,006443299;0,00257732;0,00128866;0;0;0;0;0;0,038659794;0;0;0;0;0;0,005154639;0;0,016752577;0,005154639;0,005154639;0;0,038659794;0,003865979
X24036.411809805;0;0;0;0,01164295;0,058214748;0;0,003880983;0;0,027166882;0;0,001293661;0,003880983;0,505821475;0;0,001293661;0;0;0,006468305;0;0,21992238;0;0,003880983;0;0,001293661;0,012936611;0,040103493;0,001293661;0,001293661;0;0;0,018111255;0,005174644;0;0;0;0;0,001293661;0;0;0,027166882;0;0;0;0;0;0,005174644;0;0,001293661;0,007761966;0,001293661;0;0,028460543;0,003880983
X24265.2921954765;0;0;0,002680965;0,017426273;0,109919571;0;0;0;0,008042895;0;0;0;0,41152815;0;0;0;0;0,013404826;0;0,194369973;0;0,004021448;0;0,002680965;0,012064343;0,092493298;0,002680965;0,001340483;0;0;0,017426273;0,012064343;0;0;0;0;0;0;0;0,048257373;0;0;0;0;0;0,008042895;0;0,008042895;0,00536193;0,008042895;0;0,020107239;0
X24494.172581148;0;0;0;0,025287356;0,050574713;0;0,001149425;0;0,009195402;0;0,001149425;0;0,495402299;0;0;0;0;0,008045977;0;0,244827586;0;0,005747126;0;0,003448276;0,014942529;0,051724138;0,009195402;0,001149425;0;0;0,009195402;0,004597701;0,005747126;0;0;0;0,002298851;0;0;0,025287356;0;0;0;0;0;0;0;0,002298851;0,004597701;0,003448276;0;0,018390805;0,002298851
X24824.7775826735;0;0;0;0,025862069;0,038793103;0;0;0;0,014367816;0;0,002873563;0;0,49137931;0;0;0;0;0;0;0,270114943;0;0;0;0;0,00862069;0,028735632;0,001436782;0;0;0;0,015804598;0,002873563;0,001436782;0,002873563;0;0;0,001436782;0;0;0,05316092;0;0;0;0;0;0;0;0;0,005747126;0,001436782;0;0,031609195;0,001436782
X25180.8137381625;0;0;0;0,008333333;0,026666667;0;0;0;0,013333333;0;0,006666667;0;0,421666667;0;0;0;0;0,005;0;0,32;0;0,005;0;0;0,005;0,025;0,001666667;0,001666667;0;0;0,011666667;0,005;0,001666667;0,001666667;0;0;0;0;0;0,03;0;0;0;0;0;0,011666667;0;0,045;0;0,015;0;0,035;0,003333333
X25943.7483570675;0;0;0,001176471;0,011764706;0,035294118;0;0;0;0,016470588;0;0,003529412;0;0,531764706;0;0;0;0;0,003529412;0;0,236470588;0;0,002352941;0;0;0,003529412;0,024705882;0,001176471;0;0;0;0,005882353;0,002352941;0,002352941;0;0;0;0;0;0;0,044705882;0;0;0;0;0;0,007058824;0;0,015294118;0,005882353;0,003529412;0;0,04;0,001176471
X26706.6829759725;0;0;0;0,010895884;0,052058111;0;0,001210654;0;0,003631961;0;0,004842615;0,001210654;0,504842615;0;0;0;0;0,008474576;0;0,282082324;0;0,002421308;0;0,003631961;0,002421308;0,033898305;0;0;0;0;0,010895884;0,001210654;0,003631961;0,001210654;0;0;0,001210654;0;0;0,023002421;0;0;0;0;0;0,008474576;0;0,008474576;0,004842615;0,002421308;0;0,018159806;0,004842615
X27723.9291345125;0;0;0;0,012622721;0,089761571;0;0;0;0,007012623;0;0;0,001402525;0,43197756;0;0;0;0;0,016830295;0;0,298737728;0;0,001402525;0;0,014025245;0,005610098;0,037868163;0,002805049;0;0;0;0,007012623;0,007012623;0,004207574;0,002805049;0;0;0;0;0;0,025245442;0;0;0;0;0;0,005610098;0;0,004207574;0,005610098;0;0;0,01542777;0,002805049
X28232.5522137825;0;0;0;0,053045187;0,121807466;0;0;0;0,009823183;0;0,011787819;0,003929273;0,351669941;0;0;0;0;0,031434185;0;0,21021611;0;0,001964637;0;0,011787819;0,00589391;0,031434185;0,003929273;0,001964637;0;0;0,023575639;0,007858546;0,003929273;0,003929273;0;0;0,001964637;0;0;0,064833006;0;0;0;0;0;0,009823183;0,003929273;0,001964637;0,003929273;0,00589391;0;0,017681729;0
X28741.1752930525;0;0;0,001811594;0,014492754;0,201086957;0;0;0;0,003623188;0;0;0,001811594;0,315217391;0;0;0;0;0,025362319;0;0,233695652;0;0,003623188;0;0,023550725;0,012681159;0,045289855;0,009057971;0,001811594;0;0;0,016304348;0,003623188;0,001811594;0,007246377;0;0;0;0,001811594;0;0,030797101;0;0;0;0;0;0,007246377;0,001811594;0,001811594;0,001811594;0,016304348;0;0,012681159;0,003623188
X29249.7983723225;0;0;0;0,045283019;0,132075472;0;0;0;0,00754717;0;0,003773585;0,005660377;0,290566038;0;0;0;0;0,011320755;0;0,277358491;0;0,005660377;0;0,00754717;0,003773585;0,035849057;0,013207547;0;0;0;0,035849057;0,003773585;0,003773585;0,001886792;0;0;0;0;0;0,049056604;0;0;0;0;0;0,011320755;0,001886792;0,00754717;0,001886792;0,011320755;0;0,028301887;0,003773585
X29758.4214515925;0;0;0,001988072;0,039761431;0,115308151;0;0;0;0,009940358;0;0;0,007952286;0,280318091;0;0;0;0;0,011928429;0;0,308151093;0;0,009940358;0;0,007952286;0,001988072;0,019880716;0,005964215;0;0;0;0,017892644;0,005964215;0,005964215;0,013916501;0;0;0;0;0;0,047713718;0;0;0;0;0;0,001988072;0;0,005964215;0,009940358;0,007952286;0;0,059642147;0,001988072
X30775.6676101325;0,001883239;0;0,001883239;0,043314501;0,092278719;0;0;0;0,005649718;0;0,001883239;0,001883239;0,299435028;0;0;0;0;0,011299435;0;0,357815443;0;0,011299435;0;0,007532957;0;0,020715631;0,011299435;0,003766478;0;0;0,011299435;0,003766478;0,003766478;0,007532957;0;0;0;0;0;0,048964218;0;0;0;0;0;0,011299435;0,001883239;0,003766478;0,005649718;0,005649718;0;0,020715631;0,003766478
X31284.2906894025;0;0;0;0,036679537;0,069498069;0;0;0;0,00965251;0;0,00965251;0;0,341698842;0;0;0;0;0,007722008;0;0,324324324;0;0,011583012;0;0,003861004;0;0,027027027;0;0,001930502;0;0;0,027027027;0,001930502;0,007722008;0,005791506;0;0;0;0;0;0,054054054;0;0;0;0;0;0,005791506;0;0,005791506;0,001930502;0,003861004;0;0,034749035;0,007722008
X31792.9137686725;0;0;0;0,105461394;0,060263653;0;0;0;0,001883239;0;0,015065913;0,005649718;0,210922787;0;0;0;0;0,007532957;0;0,357815443;0;0,028248588;0;0,003766478;0,003766478;0,032015066;0,005649718;0,001883239;0;0;0,02259887;0,001883239;0,007532957;0,020715631;0;0;0,001883239;0,001883239;0;0,048964218;0;0;0;0;0,001883239;0,009416196;0;0,007532957;0,003766478;0,013182674;0;0,015065913;0,003766478
X32810.1599272125;0,00148368;0;0,004451039;0,112759644;0,043026706;0;0;0;0,008902077;0;0,020771513;0,008902077;0,240356083;0;0;0;0;0,00148368;0;0,28189911;0;0,022255193;0;0,002967359;0,004451039;0,037091988;0,002967359;0;0;0,002967359;0,037091988;0,00148368;0,010385757;0,013353116;0;0;0,00148368;0;0;0,074183976;0;0;0;0;0;0,008902077;0;0,010385757;0,008902077;0,005934718;0;0,028189911;0,002967359
X34081.7176253875;0;0;0,005607477;0,065420561;0,035514019;0;0;0,003738318;0,009345794;0;0,014953271;0,01682243;0,276635514;0;0;0;0;0,001869159;0;0,287850467;0;0,020560748;0;0;0,018691589;0,059813084;0;0;0;0;0,037383178;0,005607477;0,009345794;0,007476636;0;0;0;0;0;0,056074766;0;0;0;0;0,001869159;0,003738318;0;0,013084112;0,007476636;0,003738318;0;0,028037383;0,009345794
X35353.2753235625;0;0;0,005405405;0,072072072;0,028828829;0;0;0,001801802;0,009009009;0;0,016216216;0,016216216;0,25045045;0;0;0;0;0;0;0,302702703;0;0,014414414;0;0;0,025225225;0,077477477;0,003603604;0;0;0,003603604;0,032432432;0,001801802;0,007207207;0,009009009;0;0;0,001801802;0;0;0,059459459;0;0;0,003603604;0;0;0,005405405;0;0,014414414;0,007207207;0,003603604;0;0,023423423;0,003603604
X36624.8330217375;0,001795332;0;0,003590664;0,08438061;0,035906643;0;0,001795332;0;0,014362657;0;0,010771993;0,017953321;0,245960503;0,001795332;0;0;0;0;0;0,265709156;0;0,007181329;0;0,001795332;0,023339318;0,057450628;0;0;0;0,001795332;0,041292639;0,005385996;0,014362657;0,005385996;0;0;0,001795332;0;0;0,070017953;0;0;0;0;0;0,007181329;0;0,016157989;0,017953321;0,007181329;0;0,030520646;0,007181329
X37896.3907199125;0;0;0,003868472;0,048355899;0,052224371;0;0;0,001934236;0,001934236;0;0,00967118;0,011605416;0,263056093;0;0;0;0;0,005802708;0;0,33655706;0;0,021276596;0;0;0,023210832;0,065764023;0,003868472;0;0;0,001934236;0,032882012;0,00967118;0,001934236;0,001934236;0;0;0,003868472;0;0;0,042553191;0;0;0;0;0;0,00967118;0;0,007736944;0,013539652;0,003868472;0;0,013539652;0,007736944
X38608.4630308905;0,002;0;0,022;0,06;0,078;0;0;0,002;0,008;0;0,01;0,05;0,188;0;0,002;0;0;0,002;0,002;0,214;0;0,008;0;0,004;0,074;0,132;0,004;0;0;0;0,028;0,006;0,002;0,004;0;0;0,002;0;0;0,032;0;0;0;0;0;0,008;0;0,012;0,01;0;0;0,026;0,008
X39167.9484180875;0,002028398;0;0,012170385;0,056795132;0,127789047;0;0;0;0,002028398;0;0,014198783;0,020283976;0,188640974;0;0;0;0;0,010141988;0;0,15821501;0;0,004056795;0;0,002028398;0,064908722;0,172413793;0;0;0;0;0,030425963;0,006085193;0;0,004056795;0;0;0;0;0;0,028397566;0;0;0;0;0;0,00811359;0;0,006085193;0,006085193;0,010141988;0;0,058823529;0,006085193
X39473.1222656495;0;0;0,005964215;0,035785288;0,077534791;0;0;0,001988072;0,011928429;0;0,005964215;0,009940358;0,149105368;0;0,001988072;0;0;0;0;0,133200795;0;0,003976143;0;0;0,123260437;0,292246521;0;0;0;0,001988072;0,02584493;0,007952286;0,003976143;0;0;0;0;0;0;0,03777336;0;0;0;0;0;0;0,001988072;0,001988072;0,003976143;0,003976143;0;0,055666004;0,001988072
X39727.4338052845;0;0;0,017475728;0,021359223;0,05631068;0;0;0,001941748;0,00776699;0;0,003883495;0,017475728;0,163106796;0;0;0;0;0,001941748;0;0,166990291;0;0,005825243;0;0;0,165048544;0,277669903;0,003883495;0;0;0;0,021359223;0,001941748;0;0;0;0;0;0;0;0,027184466;0;0;0;0;0;0,005825243;0;0,00776699;0,005825243;0;0;0,017475728;0,001941748
X39981.7453449195;0;0;0,009225092;0,046125461;0,04797048;0;0;0,003690037;0,007380074;0;0,011070111;0,007380074;0,17896679;0;0;0;0;0,007380074;0;0,086715867;0;0,007380074;0;0;0,160516605;0,29704797;0;0;0;0;0,025830258;0;0,001845018;0,001845018;0;0;0;0;0;0,046125461;0,003690037;0;0,003690037;0;0;0,005535055;0;0,001845018;0,012915129;0,005535055;0;0,018450185;0,001845018
X40439.5061162625;0;0;0,0125;0,044642857;0,083928571;0;0;0;0,021428571;0;0,005357143;0,025;0,173214286;0;0;0;0;0;0;0,1875;0;0;0;0,003571429;0,085714286;0,2125;0;0;0;0,003571429;0,017857143;0,003571429;0,008928571;0,003571429;0;0;0;0;0;0,041071429;0;0;0;0;0;0,003571429;0;0,008928571;0,014285714;0;0;0,035714286;0,003571429
X41202.4407351675;0,001901141;0;0,001901141;0,057034221;0,076045627;0;0;0,001901141;0,003802281;0;0;0,020912548;0,22243346;0;0;0;0;0;0;0,203422053;0;0,001901141;0;0,001901141;0,072243346;0,184410646;0,005703422;0;0;0,001901141;0,02661597;0;0,001901141;0,001901141;0;0;0;0;0;0,038022814;0;0;0;0;0;0,007604563;0;0,009505703;0,005703422;0;0;0,043726236;0,007604563
X41456.7522748025;0;0;0,005736138;0,072657744;0,07456979;0;0;0,001912046;0,021032505;0;0,021032505;0,028680688;0,217973231;0;0,001912046;0;0;0,003824092;0;0,181644359;0;0,001912046;0;0;0,043977055;0,170172084;0;0;0;0;0,017208413;0;0,001912046;0,001912046;0;0;0;0;0;0,047801147;0;0;0;0;0;0,001912046;0;0,003824092;0,001912046;0,009560229;0;0,061185468;0,005736138
X41609.3391985835;0;0;0,010752688;0,112903226;0,091397849;0;0,001792115;0,003584229;0,010752688;0;0,014336918;0,034050179;0,168458781;0;0;0;0;0;0;0,211469534;0;0;0;0;0,051971326;0,136200717;0,003584229;0;0;0;0,016129032;0,005376344;0,001792115;0,005376344;0;0;0,001792115;0;0;0,037634409;0;0;0;0;0;0,005376344;0;0,005376344;0,012544803;0,001792115;0;0,053763441;0,001792115
X41711.0638144375;0;0;0;0,081466395;0,109979633;0;0;0,010183299;0,00203666;0;0,00814664;0,030549898;0,211812627;0,00203666;0;0;0;0,00610998;0,00203666;0,185336049;0;0,00203666;0;0;0,026476578;0,079429735;0;0;0;0,00203666;0,034623218;0,014256619;0,010183299;0,00407332;0;0;0;0;0;0,044806517;0;0;0,00203666;0;0;0,014256619;0;0,018329939;0,00814664;0,00610998;0;0,077393075;0,00610998
X41812.7884302915;0;0;0,012024048;0,108216433;0,098196393;0;0,002004008;0;0,014028056;0;0,018036072;0,032064128;0,184368737;0;0;0;0;0,008016032;0;0,234468938;0;0,002004008;0;0;0,012024048;0,114228457;0;0;0;0;0,018036072;0;0,004008016;0,002004008;0;0;0;0;0;0,044088176;0;0;0;0;0;0,006012024;0;0,01002004;0,012024048;0;0;0,062124248;0,002004008
X42016.2376619995;0;0;0,007619048;0,135238095;0,064761905;0;0;0,001904762;0,017142857;0;0,015238095;0,019047619;0,198095238;0;0;0;0;0,007619048;0;0,131428571;0;0,005714286;0;0;0,047619048;0,226666667;0;0;0;0;0,022857143;0;0,005714286;0,001904762;0;0;0;0;0;0,045714286;0;0;0;0;0;0;0;0,003809524;0,00952381;0,003809524;0;0,022857143;0,005714286
X42423.1361254155;0,004056795;0;0,010141988;0,014198783;0,119675456;0;0;0;0,002028398;0;0,002028398;0,010141988;0,172413793;0;0,002028398;0;0;0,004056795;0;0,170385396;0;0,002028398;0;0,002028398;0,089249493;0,302231237;0,002028398;0;0;0,002028398;0,00811359;0,006085193;0,006085193;0;0;0;0;0;0;0,032454361;0;0;0;0;0;0,010141988;0;0,004056795;0,004056795;0;0;0,016227181;0,002028398
X42982.6215126125;0,003514938;0;0,010544815;0,012302285;0,158172232;0;0;0,008787346;0,001757469;0;0;0,014059754;0,110720562;0;0;0;0;0,003514938;0;0,112478032;0;0,001757469;0;0,001757469;0,094903339;0,360281195;0;0,001757469;0;0,008787346;0,019332162;0,001757469;0,003514938;0,001757469;0;0;0;0;0;0,038664323;0;0;0,001757469;0;0;0,005272408;0;0,007029877;0,005272408;0,001757469;0;0,005272408;0,003514938
X43592.9692077365;0;0;0,021978022;0,010989011;0,131868132;0;0;0,005494505;0;0;0,001831502;0,012820513;0,208791209;0;0;0;0,001831502;0,001831502;0;0,117216117;0;0,001831502;0;0,005494505;0,095238095;0,302197802;0;0;0;0,003663004;0,014652015;0,001831502;0;0;0;0;0,003663004;0;0;0,027472527;0;0;0,003663004;0;0;0,001831502;0;0,001831502;0,005494505;0,001831502;0;0,014652015;0
X44254.1792107875;0,001890359;0;0,007561437;0,011342155;0,107750473;0;0;0,005671078;0,001890359;0;0,003780718;0,013232514;0,228733459;0;0;0;0;0,001890359;0;0,124763705;0;0;0;0;0,107750473;0,264650284;0,001890359;0;0;0,009451796;0,018903592;0;0,005671078;0,003780718;0;0;0;0;0;0,035916824;0;0;0;0;0;0,003780718;0;0,005671078;0,005671078;0,007561437;0;0,011342155;0,009451796
X44813.6645979845;0,001669449;0;0,011686144;0,016694491;0,091819699;0;0;0,001669449;0,005008347;0;0,001669449;0,011686144;0,250417362;0;0;0;0;0,008347245;0;0,123539232;0;0,001669449;0;0;0,125208681;0,277128548;0,001669449;0;0;0,001669449;0,011686144;0;0,001669449;0;0;0;0;0;0;0,026711185;0;0;0;0;0;0,001669449;0;0,001669449;0,001669449;0,005008347;0;0,016694491;0,001669449
X45525.7369089625;0;0;0,007490637;0,016853933;0,074906367;0;0;0,001872659;0,003745318;0;0;0,011235955;0,254681648;0;0;0;0;0,003745318;0;0,134831461;0;0;0;0;0,132958801;0,264044944;0,001872659;0;0;0,003745318;0,026217228;0,003745318;0,003745318;0;0;0;0;0;0;0,031835206;0;0;0;0;0;0,001872659;0;0,005617978;0;0;0;0,013108614;0,001872659
X46288.6715278675;0;0;0;0,003952569;0,061264822;0;0,001976285;0;0,001976285;0;0;0,007905138;0,272727273;0;0;0;0;0,001976285;0;0,112648221;0;0;0;0,003952569;0,152173913;0,274703557;0;0,001976285;0;0,007905138;0,019762846;0,009881423;0;0;0;0;0;0;0;0,023715415;0;0;0,001976285;0;0;0,005928854;0;0,011857708;0,005928854;0;0;0,011857708;0,003952569
X47051.6061467725;0;0;0,01141925;0,009787928;0,055464927;0;0;0,001631321;0,003262643;0;0;0,017944535;0,221859706;0;0;0;0;0,008156607;0;0,120717781;0;0;0;0;0,153344209;0,30995106;0;0;0;0,008156607;0,017944535;0,003262643;0,003262643;0;0;0;0;0;0;0,016313214;0;0;0,001631321;0;0;0,001631321;0,001631321;0,003262643;0,009787928;0,004893964;0;0,01141925;0,003262643
X47560.2292260425;0;0;0,017241379;0,010971787;0,067398119;0;0;0,003134796;0,007836991;0;0,001567398;0,015673981;0,274294671;0;0;0;0;0;0;0,10815047;0;0;0;0;0,130094044;0,264890282;0;0;0;0,006269592;0,010971787;0;0,003134796;0,001567398;0;0;0;0;0;0,032915361;0;0;0;0;0,001567398;0,004702194;0;0,006269592;0,004702194;0,004702194;0;0,017241379;0,004702194
X48068.8523053125;0;0;0,010582011;0,005291005;0,066666667;0;0;0,006349206;0,001058201;0;0,003174603;0,015873016;0,210582011;0;0;0;0;0,006349206;0;0,11957672;0;0,001058201;0;0;0,184126984;0,31005291;0,001058201;0,002116402;0;0,010582011;0,00952381;0;0;0,001058201;0;0;0;0;0;0,021164021;0;0;0;0;0;0,003174603;0;0,002116402;0,002116402;0,001058201;0;0,004232804;0,001058201
X48577.4753845825;0;0;0,008080808;0,014141414;0,068686869;0;0;0;0,002020202;0;0;0,01010101;0,260606061;0;0;0;0;0,004040404;0;0,115151515;0;0;0;0,002020202;0,165656566;0,303030303;0;0;0;0,002020202;0,008080808;0,002020202;0,002020202;0;0;0;0;0;0;0,014141414;0;0;0,002020202;0;0;0,002020202;0;0,006060606;0;0,002020202;0;0,004040404;0,002020202
X49086.0984638525;0;0;0,006802721;0,010204082;0,037414966;0;0;0,005102041;0,003401361;0;0;0,00170068;0,386054422;0;0,00170068;0;0;0;0;0,115646259;0;0;0;0,003401361;0,141156463;0,234693878;0;0;0;0,006802721;0,008503401;0;0,003401361;0;0;0;0;0;0;0,018707483;0;0;0;0;0;0,00170068;0;0,003401361;0;0,00170068;0;0,006802721;0,00170068
X49594.7215431225;0,001194743;0;0,003584229;0,014336918;0,03823178;0;0;0,001194743;0,003584229;0;0;0,007168459;0,548387097;0;0;0;0;0,001194743;0;0,063321386;0;0,002389486;0;0;0,100358423;0,154121864;0;0,001194743;0;0;0,005973716;0,001194743;0,003584229;0,001194743;0;0;0;0;0;0,022700119;0;0;0;0;0;0,003584229;0;0;0,003584229;0,001194743;0;0,013142174;0,003584229
X50611.9677016625;0,002985075;0;0,005970149;0,019402985;0,047761194;0;0;0,004477612;0,001492537;0;0,001492537;0,019402985;0,249253731;0;0;0;0,001492537;0,001492537;0;0,094029851;0;0;0;0;0,208955224;0,252238806;0,001492537;0,001492537;0;0,005970149;0,013432836;0,007462687;0,004477612;0;0;0;0;0;0;0,025373134;0;0;0;0;0;0,005970149;0;0,002985075;0,001492537;0,002985075;0;0,011940299;0,004477612
X51629.2138602025;0,001508296;0;0,007541478;0,021116139;0,075414781;0;0;0,007541478;0;0;0;0,006033183;0,147812971;0;0,001508296;0;0;0,006033183;0;0,085972851;0;0,001508296;0;0;0,230769231;0,345399698;0;0;0;0,004524887;0,003016591;0,001508296;0,004524887;0;0;0;0;0;0;0,022624434;0;0;0;0;0;0,004524887;0;0,001508296;0,001508296;0,004524887;0;0,006033183;0,007541478
X52646.4600187425;0;0;0,011844332;0,030456853;0,07106599;0;0;0,003384095;0,001692047;0;0;0,016920474;0,133671743;0;0,001692047;0;0;0,00676819;0;0,113367174;0;0,001692047;0;0,001692047;0,204737733;0,357021997;0;0;0;0,003384095;0,001692047;0;0;0;0;0;0;0;0;0,015228426;0;0;0;0;0;0,003384095;0;0;0,00676819;0,005076142;0;0,003384095;0,005076142
X53663.7061772825;0;0;0,009693053;0,012924071;0,093699515;0;0;0;0,004846527;0;0,001615509;0,011308562;0,135702746;0;0,004846527;0;0;0,006462036;0;0,077544426;0;0,001615509;0;0;0,185783522;0,386106624;0,001615509;0,001615509;0;0,004846527;0,004846527;0;0,008077544;0;0;0;0;0;0;0,024232633;0;0;0;0;0;0,008077544;0;0,004846527;0;0;0;0,008077544;0,001615509
X54172.3292565525;0;0;0,007259528;0,007259528;0,078039927;0;0;0,001814882;0;0;0;0,010889292;0,154264973;0;0,001814882;0;0;0,005444646;0;0,068965517;0;0;0;0;0,239564428;0,379310345;0;0;0;0,003629764;0;0,003629764;0,001814882;0;0;0;0;0;0;0,025408348;0;0;0;0;0;0,001814882;0;0;0,003629764;0,003629764;0;0,001814882;0
X54477.5031041145;0;0;0,005738881;0,00286944;0,100430416;0;0;0,004304161;0;0;0;0,011477762;0,024390244;0;0;0;0,00143472;0,00286944;0;0,021520803;0;0;0;0;0,387374462;0,417503587;0;0;0;0,007173601;0,00286944;0,00143472;0;0;0;0;0;0;0;0,00286944;0,00143472;0;0,00143472;0;0;0;0;0;0;0;0;0;0,00286944
X54680.9523358225;0,001597444;0;0,015974441;0;0,099041534;0;0;0,028753994;0;0;0;0,02715655;0,00798722;0;0;0;0,001597444;0,001597444;0,003194888;0,014376997;0;0;0;0;0,410543131;0,349840256;0;0;0;0,028753994;0,001597444;0;0;0;0;0;0;0;0;0;0;0;0,003194888;0;0;0,001597444;0;0,001597444;0;0;0;0;0,001597444
X55036.9884913115;0,001592357;0;0,015923567;0,001592357;0,093949045;0;0;0,01910828;0;0;0;0,054140127;0,003184713;0;0;0;0,001592357;0;0,003184713;0,006369427;0;0;0;0;0,374203822;0,339171975;0;0;0;0,079617834;0,001592357;0;0,001592357;0;0;0;0;0;0;0;0;0;0;0;0;0,001592357;0;0;0;0;0;0,001592357;0
X55189.5754150925;0;0;0,001730104;0,001730104;0,138408304;0;0;0;0;0;0;0,057093426;0,010380623;0;0;0;0;0;0,003460208;0,01384083;0;0;0;0;0,23183391;0,429065744;0;0;0;0,102076125;0,001730104;0;0;0;0;0;0;0;0;0;0,003460208;0;0,005190311;0;0;0;0;0;0;0;0;0;0
X55342.1623388735;0;0;0,01320132;0;0,163366337;0;0;0,008250825;0;0;0;0,067656766;0,01320132;0;0;0;0;0,001650165;0;0,008250825;0;0;0;0;0,196369637;0,405940594;0;0;0;0,115511551;0,001650165;0;0;0;0;0;0;0;0;0;0;0;0,004950495;0;0;0;0;0;0;0;0;0;0
X55469.318108691;0;0;0,013793103;0,003448276;0,163793103;0;0;0,00862069;0,001724138;0;0;0,010344828;0,112068966;0;0;0;0,001724138;0,001724138;0;0,034482759;0;0;0;0,001724138;0,124137931;0,484482759;0;0;0;0,012068966;0,003448276;0,001724138;0,003448276;0;0;0;0;0;0;0,00862069;0;0;0,003448276;0;0;0,001724138;0;0,001724138;0;0;0;0,001724138;0
X55596.4738785085;0;0;0,018489985;0,01540832;0,303543914;0;0;0,001540832;0;0;0;0,00770416;0,030816641;0;0;0;0;0,006163328;0;0,05238829;0;0;0;0;0,024653313;0,505392912;0;0;0;0,00770416;0,009244992;0,003081664;0;0;0;0;0;0;0;0,001540832;0;0;0,003081664;0;0;0,003081664;0;0;0;0,003081664;0;0;0,003081664
X55825.35426418;0;0;0,008460237;0,069373942;0,345177665;0;0,001692047;0;0;0;0;0;0,093062606;0;0,001692047;0;0;0,003384095;0;0,116751269;0;0,003384095;0;0,00676819;0,028764805;0,223350254;0,00676819;0;0;0;0,0321489;0,003384095;0,00676819;0,001692047;0;0;0;0;0;0,013536379;0;0;0;0;0;0,003384095;0,001692047;0,001692047;0,003384095;0,005076142;0;0,00676819;0,011844332
X55952.5100339975;0;0;0,001584786;0,076069731;0,335974643;0;0;0;0;0;0;0;0,087163233;0;0;0;0;0,006339144;0;0,175911252;0;0,004754358;0;0,023771791;0,033280507;0,187004754;0,004754358;0;0;0;0,012678288;0,001584786;0;0,001584786;0;0;0;0;0;0,006339144;0;0;0;0;0;0,001584786;0,001584786;0,009508716;0,004754358;0,006339144;0;0,004754358;0,012678288
X56206.8215736325;0;0;0,005084746;0,098305085;0,266101695;0;0;0;0,006779661;0;0,010169492;0;0,113559322;0;0;0;0;0,005084746;0;0,203389831;0;0,008474576;0;0,011864407;0,049152542;0,155932203;0,003389831;0;0;0;0,001694915;0;0;0,005084746;0;0;0;0;0;0,025423729;0;0;0;0;0;0,001694915;0;0,005084746;0,003389831;0,003389831;0;0,006779661;0,010169492
X56511.9954211945;0;0;0,014440433;0,093862816;0,232851986;0;0;0;0;0;0,003610108;0,003610108;0,119133574;0;0;0;0;0,009025271;0;0,14801444;0;0,005415162;0;0,007220217;0,066787004;0,193140794;0,007220217;0;0;0;0,02166065;0,003610108;0,009025271;0;0;0;0;0;0;0,02166065;0;0;0;0;0;0,007220217;0,009025271;0;0,007220217;0,007220217;0;0,005415162;0,003610108
X56766.3069608295;0;0;0,025179856;0,111510791;0,131294964;0;0;0,003597122;0;0;0,008992806;0,003597122;0,077338129;0;0,001798561;0;0;0,010791367;0;0,161870504;0;0;0;0,007194245;0,118705036;0,260791367;0,008992806;0;0;0;0,003597122;0,001798561;0,008992806;0;0;0;0;0;0;0,014388489;0;0;0,001798561;0;0;0,003597122;0,005395683;0,003597122;0,003597122;0,001798561;0;0,012589928;0,007194245
X56969.7561925375;0,001647446;0;0,004942339;0,084019769;0,10708402;0;0;0,004942339;0;0;0,008237232;0,001647446;0,064250412;0;0;0;0;0,003294893;0;0,116968699;0;0,006589786;0;0,008237232;0,245469522;0,275123558;0,001647446;0,001647446;0;0;0,003294893;0,001647446;0,001647446;0,006589786;0;0;0;0;0;0,019769357;0;0;0;0;0,004942339;0,003294893;0;0,004942339;0,001647446;0,006589786;0;0,003294893;0,006589786
X57274.9300400995;0;0;0,015570934;0,010380623;0,079584775;0;0;0,005190311;0;0;0,001730104;0,005190311;0,022491349;0;0,001730104;0;0;0;0;0,10899654;0;0;0;0;0,288927336;0,435986159;0,005190311;0;0;0,001730104;0,005190311;0,001730104;0,005190311;0;0;0;0;0;0;0,001730104;0;0;0;0;0;0;0;0;0;0,001730104;0;0;0,001730104
X57580.1038876615;0;0;0,010769231;0,001538462;0,067692308;0;0;0;0;0;0;0,001538462;0,015384615;0;0;0;0,001538462;0,001538462;0;0,055384615;0;0;0;0;0,309230769;0,513846154;0,001538462;0;0;0,001538462;0,003076923;0;0,003076923;0;0;0;0;0;0;0,003076923;0;0;0;0;0;0,003076923;0;0;0;0,004615385;0;0;0,001538462
X58037.8646590045;0;0;0,00610998;0,00407332;0,022403259;0;0;0,00203666;0;0;0,00203666;0;0,010183299;0;0;0;0,00203666;0,00407332;0;0,054989817;0;0;0;0;0,224032587;0,635437882;0,00203666;0;0;0,00610998;0,00203666;0;0,00407332;0;0;0;0;0;0;0;0,00203666;0;0,00203666;0;0;0;0,00203666;0;0,00610998;0,00610998;0;0;0
X58597.3500462015;0;0;0,007541478;0,003770739;0,042986425;0;0;0,002262443;0;0,000754148;0;0,003016591;0,016591252;0;0;0;0,002262443;0,003770739;0,000754148;0,056561086;0;0;0;0,001508296;0,247360483;0,595776772;0;0,000754148;0;0,000754148;0,000754148;0,000754148;0,002262443;0;0;0;0;0;0;0,000754148;0;0,000754148;0;0;0;0,002262443;0;0;0,000754148;0,002262443;0;0,002262443;0,000754148
X59105.9731254715;0,00998004;0;0,013972056;0,005988024;0,061876248;0;0;0,001996008;0,001996008;0;0;0,005988024;0,01996008;0;0;0;0,005988024;0,003992016;0,001996008;0,047904192;0;0;0;0;0,25748503;0,550898204;0;0;0;0;0,001996008;0;0;0;0;0;0;0;0;0;0;0;0;0;0;0;0,001996008;0;0;0,001996008;0;0,001996008;0,001996008
X59614.5962047415;0,002828854;0;0,026874116;0,002828854;0,087694484;0;0;0;0;0;0;0,004243281;0,014144272;0;0;0;0,001414427;0,001414427;0;0,03960396;0;0;0;0;0,428571429;0,381895332;0,001414427;0;0;0,001414427;0,001414427;0;0,001414427;0,001414427;0;0;0;0;0;0;0;0;0;0;0;0;0;0;0;0;0;0;0,001414427
X60021.4946681575;0,018489985;0;0,013867488;0,001540832;0,072419106;0;0;0,003081664;0;0;0;0,006163328;0,001540832;0;0;0;0,003081664;0;0,001540832;0,012326656;0;0;0;0;0,573189522;0,275808937;0,001540832;0;0;0,010785824;0;0;0;0;0;0;0;0;0;0;0;0;0;0;0;0;0;0;0;0,003081664;0;0,001540832;0
X60326.6685157195;0,006756757;0;0,036036036;0,002252252;0,240990991;0;0;0,047297297;0;0;0;0,033783784;0,004504505;0;0;0;0,002252252;0,002252252;0;0,002252252;0;0;0;0;0,382882883;0,202702703;0;0;0;0,027027027;0;0;0;0;0;0;0;0;0;0;0;0;0,006756757;0;0;0;0;0;0;0;0;0,002252252;0
X60530.1177474275;0;0;0,011605416;0,001934236;0,249516441;0;0;0,03868472;0;0;0;0,054158607;0,001934236;0;0;0;0,003868472;0;0,003868472;0,007736944;0;0;0;0;0,350096712;0,212765957;0;0,001934236;0;0,046421663;0;0;0;0;0;0;0;0;0;0;0,001934236;0;0,007736944;0;0;0,001934236;0;0,001934236;0;0;0;0,001934236;0
X60682.7046712085;0;0;0,018939394;0,001893939;0,244318182;0;0;0,018939394;0;0;0;0,03219697;0,007575758;0;0;0;0,001893939;0;0,003787879;0,013257576;0;0;0;0;0,289772727;0,339015152;0,001893939;0;0;0,013257576;0,001893939;0;0;0;0;0;0;0;0;0,001893939;0;0;0,003787879;0;0;0,003787879;0;0;0;0;0;0;0,001893939
X60886.1539029165;0,001470588;0;0,007352941;0,001470588;0,242647059;0;0;0,001470588;0;0;0;0,008823529;0,001470588;0;0;0;0,001470588;0,002941176;0;0,001470588;0;0;0;0;0,183823529;0,529411765;0;0;0;0,011764706;0;0;0;0;0;0;0;0;0;0;0;0;0,001470588;0;0;0;0;0;0;0,001470588;0;0,001470588;0
X61089.6031346245;0;0;0;0,005076142;0,265651438;0;0;0;0,001692047;0;0;0;0,005076142;0;0;0;0;0,001692047;0;0,015228426;0;0;0;0;0,094754653;0,602368866;0;0;0;0;0,001692047;0;0,001692047;0;0;0;0;0;0;0;0;0;0;0;0;0;0,001692047;0;0;0,003384095;0;0;0
X61242.1900584055;0;0;0,006637168;0,005530973;0,256637168;0;0;0;0,001106195;0;0;0,001106195;0,007743363;0;0;0;0;0;0;0,009955752;0;0;0;0;0,037610619;0,661504425;0;0;0;0;0,003318584;0;0;0;0;0;0;0;0;0;0;0;0;0;0;0,001106195;0;0;0,002212389;0,001106195;0;0,003318584;0,001106195
X61420.20813615;0;0;0,002183406;0,030567686;0,161572052;0;0,002183406;0;0;0;0,002183406;0;0,008733624;0;0;0;0;0,002183406;0;0,019650655;0;0;0;0;0,026200873;0,722707424;0,002183406;0;0;0;0,006550218;0,002183406;0,004366812;0;0;0;0;0;0;0,004366812;0;0;0;0;0;0;0;0;0;0;0;0;0,002183406
X61496.5015980405;0;0;0,003952569;0,013833992;0,201581028;0;0;0;0;0;0,001976285;0;0,009881423;0;0;0;0;0,001976285;0;0,02173913;0;0;0;0;0,02173913;0,703557312;0;0;0;0;0,005928854;0,003952569;0;0;0;0;0;0;0;0;0;0;0;0;0;0,001976285;0;0;0,003952569;0,001976285;0;0,001976285;0
X61598.2262138945;0,001976285;0;0,005928854;0,011857708;0,193675889;0;0,003952569;0,001976285;0;0;0;0,001976285;0,02173913;0;0;0;0;0,003952569;0;0,023715415;0;0;0;0;0,130434783;0,583003953;0;0;0;0,005928854;0,001976285;0,001976285;0,001976285;0;0;0;0;0;0;0;0;0;0;0;0;0;0;0;0;0;0;0;0,003952569
X61750.8131376755;0;0;0,020484171;0;0,376163873;0;0;0,011173184;0;0;0;0,011173184;0,011173184;0;0;0;0;0;0,001862197;0,016759777;0;0;0;0;0,180633147;0,348230912;0;0;0;0,011173184;0,001862197;0;0;0;0;0;0;0;0;0;0,003724395;0;0,003724395;0;0;0;0;0;0;0;0;0,001862197;0
X61852.5377535295;0;0;0,008368201;0,0027894;0,30125523;0;0;0,0013947;0;0;0;0,009762901;0,009762901;0;0;0;0;0,0041841;0,0027894;0,011157601;0;0;0;0;0,057182706;0,569037657;0;0;0;0,013947001;0;0;0;0;0;0;0;0;0;0;0,0027894;0;0,0027894;0;0;0,0013947;0;0;0;0;0;0,0013947;0
X61954.2623693835;0;0;0,003350084;0,005025126;0,316582915;0;0;0;0;0;0;0;0,003350084;0;0;0;0;0,003350084;0,001675042;0,020100503;0;0;0;0;0,011725293;0,626465662;0;0;0;0,001675042;0;0,001675042;0;0;0;0;0;0;0;0,001675042;0;0;0;0;0;0;0;0,001675042;0;0;0;0,001675042;0
X62157.7116010915;0;0;0,001432665;0,00286533;0,23782235;0;0;0;0;0;0;0;0,007163324;0;0;0;0;0;0;0,014326648;0;0;0;0;0,014326648;0,706303725;0;0;0;0,004297994;0,001432665;0,001432665;0;0;0;0;0;0;0;0;0;0;0;0;0;0;0;0;0,001432665;0,00286533;0;0,001432665;0,00286533
X62234.005062982;0;0;0,007285974;0;0,504553734;0;0;0;0;0;0;0;0,007285974;0;0;0;0;0,001821494;0;0,016393443;0;0;0;0;0,007285974;0,448087432;0;0;0;0;0,001821494;0,001821494;0;0;0;0;0;0;0;0;0;0;0,001821494;0;0;0;0;0;0;0;0;0,001821494;0
X62310.2985248725;0;0;0,012750455;0,010928962;0,555555556;0;0;0,001821494;0;0;0;0;0,036429872;0;0;0;0;0,001821494;0,001821494;0,10564663;0;0;0;0,018214936;0,016393443;0,213114754;0,001821494;0;0;0;0,001821494;0,001821494;0;0,003642987;0;0;0;0;0;0;0;0;0;0;0;0,003642987;0;0,001821494;0;0,003642987;0;0,005464481;0,001821494
X62539.178910544;0,001464129;0;0,010248902;0,020497804;0,332357247;0;0;0;0;0;0;0,004392387;0,042459736;0;0;0;0;0;0;0,191800878;0;0,001464129;0;0,200585652;0,03806735;0,11420205;0,002928258;0,001464129;0;0;0,001464129;0,002928258;0;0;0;0;0;0;0;0,007320644;0;0;0,001464129;0;0;0;0,007320644;0,004392387;0;0,005856515;0;0,001464129;0,005856515
X62768.0592962155;0,012269939;0;0,028220859;0,05398773;0,126380368;0;0;0,020858896;0;0;0,002453988;0,013496933;0,111656442;0;0;0;0;0,002453988;0,001226994;0,160736196;0;0,004907975;0;0,006134969;0,116564417;0,250306748;0,009815951;0,001226994;0;0;0,008588957;0,002453988;0,004907975;0,001226994;0;0;0;0;0;0,020858896;0;0;0,001226994;0;0,001226994;0,004907975;0;0,002453988;0,002453988;0,004907975;0;0,018404908;0,003680982
X63022.3708358505;0,010968921;0;0,021937843;0,016453382;0,069469835;0;0;0,018281536;0,003656307;0;0,003656307;0,001828154;0,067641682;0;0,001828154;0;0;0;0;0,120658135;0;0,003656307;0;0;0,206581353;0,413162706;0;0;0;0,001828154;0,001828154;0;0,001828154;0,001828154;0;0;0;0;0;0,007312614;0;0;0,001828154;0;0;0,001828154;0;0;0,001828154;0,003656307;0;0,010968921;0,005484461
X63276.6823754855;0,007575758;0;0,003787879;0,022727273;0,064393939;0;0,001893939;0,005681818;0;0;0;0;0,035984848;0;0,001893939;0;0;0;0;0,077651515;0;0;0;0;0,265151515;0,488636364;0,001893939;0;0;0,001893939;0,003787879;0;0;0,001893939;0;0;0;0;0;0,005681818;0;0;0;0;0;0;0,001893939;0;0,001893939;0;0;0,003787879;0,001893939
X63734.4431468285;0,001754386;0;0,003508772;0,015789474;0,077192982;0;0;0,001754386;0;0;0,001754386;0,001754386;0,029824561;0;0;0;0;0;0;0,071929825;0;0,001754386;0;0;0,233333333;0,538596491;0,003508772;0;0;0;0,001754386;0;0;0;0;0;0;0;0;0,001754386;0;0;0;0;0;0;0;0,003508772;0;0;0;0,007017544;0,003508772
X63988.7546864635;0,006153846;0;0,004615385;0;0,066153846;0,001538462;0;0,001538462;0;0;0;0,006153846;0,006153846;0;0,001538462;0;0,001538462;0;0;0,023076923;0;0;0;0;0,338461538;0,532307692;0;0;0;0,001538462;0,001538462;0;0,001538462;0;0;0;0;0;0;0;0;0;0;0;0;0,001538462;0;0;0,001538462;0;0;0;0,003076923
X64548.2400736605;0,001620746;0;0,024311183;0;0,137763371;0;0;0,001620746;0;0;0;0,001620746;0,012965964;0;0,003241491;0;0;0;0;0,038897893;0;0;0;0,001620746;0,322528363;0,437601297;0;0;0;0,011345219;0,001620746;0;0;0;0;0;0;0;0;0;0;0;0,001620746;0;0;0;0;0,001620746;0;0;0;0;0
X64955.1385370765;0,00625;0;0,010416667;0,004166667;0,104166667;0;0;0,00625;0,002083333;0;0;0,00625;0,002083333;0;0;0;0;0;0,002083333;0,022916667;0;0;0;0;0,329166667;0,495833333;0;0,002083333;0;0,004166667;0,002083333;0;0;0;0;0;0;0;0;0;0;0;0;0;0;0;0;0;0;0;0;0;0
X65311.1746925655;0,051964512;0;0,022813688;0;0,021546261;0;0;0,012674271;0;0;0;0,003802281;0,002534854;0;0;0;0;0;0;0,002534854;0;0;0;0;0,349809886;0,524714829;0;0;0;0,005069708;0;0;0;0;0;0;0;0;0;0,001267427;0;0;0;0;0;0;0;0;0;0,001267427;0;0;0
X65616.3485401275;0,084179971;0;0,023222061;0;0,034833091;0;0;0,013062409;0;0;0;0,002902758;0,001451379;0;0;0;0;0;0;0,010159652;0;0;0;0;0,348330914;0,464441219;0;0;0;0,01161103;0;0,001451379;0;0;0;0,001451379;0;0;0;0;0;0;0;0;0;0;0;0;0;0;0;0,002902758;0
X65870.6600797625;0,260775862;0,002155172;0,094827586;0;0,034482759;0;0;0,045258621;0;0;0;0,010775862;0,012931034;0;0;0;0;0;0,002155172;0,028017241;0;0;0;0;0,396551724;0,081896552;0;0;0;0,019396552;0;0;0;0;0;0;0;0;0,004310345;0;0;0;0,002155172;0;0;0,002155172;0;0;0;0,002155172;0;0;0
X66124.9716193975;0,174351585;0;0,073487032;0;0,047550432;0;0;0,067723343;0;0;0,001440922;0,007204611;0,010086455;0;0,002881844;0;0;0;0,001440922;0,024495677;0;0;0;0;0,282420749;0,273775216;0;0,001440922;0;0,018731988;0,001440922;0;0;0;0;0;0;0;0;0;0;0;0,004322767;0;0;0;0;0;0,001440922;0;0;0,004322767;0,001440922
X66379.2831590325;0,3;0,002739726;0,184931507;0;0,010958904;0,015068493;0;0,25890411;0;0;0;0,030136986;0,001369863;0;0;0;0;0;0,008219178;0,001369863;0;0;0,001369863;0;0,124657534;0,010958904;0;0;0;0,017808219;0;0;0;0;0;0;0;0;0,009589041;0;0,001369863;0;0,020547945;0;0;0;0;0;0;0;0;0;0
X66837.0439303755;0,38028169;0,001760563;0,13028169;0;0,007042254;0,007042254;0;0,195422535;0;0;0;0,088028169;0,003521127;0;0;0;0;0;0,003521127;0,003521127;0;0;0,003521127;0;0,133802817;0,007042254;0;0;0;0,012323944;0;0;0;0;0;0;0;0;0,01056338;0;0;0;0,012323944;0;0;0;0;0;0;0;0;0;0
X67142.2177779375;0,3977813;0;0,115689382;0;0,004754358;0,00792393;0;0,244057052;0;0;0;0,069730586;0;0;0;0;0;0;0,00792393;0;0,003169572;0;0,006339144;0;0,083993661;0,001584786;0;0;0;0,020602219;0;0;0;0;0;0;0;0;0,011093502;0;0,001584786;0;0,023771791;0;0;0;0;0;0;0;0;0;0
X67447.3916254995;0,394990366;0;0,082851638;0;0,001926782;0,005780347;0;0,292870906;0;0;0;0,08477842;0,001926782;0;0;0;0;0;0,007707129;0,001926782;0;0;0;0;0,088631985;0,001926782;0;0;0;0,01734104;0;0;0;0;0;0;0;0;0,003853565;0;0,001926782;0;0,011560694;0;0;0;0;0;0;0;0;0;0
X67752.5654730615;0,379132231;0,002066116;0,08677686;0;0;0;0;0,261363636;0;0;0;0,140495868;0,001033058;0;0;0;0;0;0,005165289;0,004132231;0,001033058;0;0;0;0,068181818;0,006198347;0;0;0;0,01446281;0,001033058;0;0;0;0;0;0;0;0,002066116;0,001033058;0,002066116;0;0,023760331;0;0;0;0;0;0;0;0;0;0
X68006.8770126965;0,081034483;0,003448276;0,075862069;0;0,001724138;0;0;0,079310345;0;0;0;0,637931034;0;0;0;0;0;0,001724138;0,017241379;0,001724138;0;0;0;0;0,036206897;0,005172414;0;0;0;0,024137931;0;0;0;0;0;0;0;0;0,020689655;0;0,003448276;0;0,00862069;0;0;0,001724138;0;0;0;0;0;0;0
X68261.1885523315;0,029542097;0,005908419;0,078286558;0;0,008862629;0;0;0,026587888;0;0;0;0,615952733;0;0;0;0;0;0;0,041358936;0,004431315;0,007385524;0;0;0;0,033973412;0,004431315;0;0;0;0,047267356;0;0;0;0;0;0;0;0;0,075332349;0;0,004431315;0;0,016248154;0;0;0;0;0;0;0;0;0;0
X68515.5000919665;0,011569053;0,003615329;0,04483008;0;0,000723066;0;0;0,007953724;0;0;0;0,585683297;0,001446132;0;0;0;0;0,000723066;0,026753435;0,007230658;0,000723066;0;0,001446132;0;0,033984093;0,002169197;0;0;0;0,078091106;0;0;0;0;0;0;0;0;0,171366594;0;0,003615329;0;0,018076645;0;0;0;0;0;0;0;0;0;0
X68718.9493236745;0,003592814;0,004790419;0,047904192;0,001197605;0,001197605;0;0;0,00239521;0;0;0;0,604790419;0,004790419;0;0;0;0;0;0,02754491;0,00239521;0,001197605;0;0,00239521;0;0,022754491;0,013173653;0;0;0;0,08502994;0;0;0;0;0;0;0;0;0,152095808;0;0,005988024;0;0,015568862;0;0;0,001197605;0;0;0;0;0;0;0
X68871.5362474555;0,003488372;0,001162791;0,06627907;0,001162791;0,001162791;0;0;0;0;0;0;0,555813953;0,002325581;0;0;0;0;0;0,027906977;0,004651163;0,002325581;0;0,001162791;0;0,05;0,006976744;0;0;0;0,15;0;0;0;0;0;0;0;0;0,098837209;0;0,004651163;0;0,022093023;0;0;0;0;0;0;0;0;0;0
X69227.5724029445;0;0,001532176;0,019918284;0;0,000510725;0;0;0;0;0;0;0,681307457;0,002042901;0;0,000510725;0;0;0;0,036772217;0,004085802;0,000510725;0;0;0;0,016853933;0,009703779;0;0;0;0,175178754;0,000510725;0;0;0;0;0;0;0;0,009193054;0;0,002553626;0;0,038304392;0;0;0;0;0;0,000510725;0;0;0;0
X69431.0216346525;0;0,002453988;0,009815951;0;0,002453988;0;0;0;0;0;0;0,753374233;0;0;0;0;0;0;0,03803681;0,001226994;0;0;0;0;0,008588957;0,011042945;0;0;0;0,121472393;0;0;0;0;0;0;0;0;0;0;0,014723926;0;0,036809816;0;0;0;0;0;0;0;0;0;0
X69685.3331742875;0;0;0,006472492;0;0,015102481;0;0;0;0;0;0;0,650485437;0,003236246;0;0;0;0;0;0,045307443;0,004314995;0,001078749;0;0;0;0,005393743;0,014023732;0;0;0;0,220064725;0;0;0;0;0;0;0;0;0,002157497;0;0,003236246;0;0,029126214;0;0;0;0;0;0;0;0;0;0
X69812.488944105;0;0,001811594;0,009057971;0;0,038043478;0;0;0;0;0;0;0,331521739;0,003623188;0;0;0;0;0;0,05615942;0,003623188;0,009057971;0;0;0;0,010869565;0,048913043;0;0;0;0,427536232;0;0;0;0;0;0;0;0;0;0;0,003623188;0;0,05615942;0;0;0;0;0;0;0;0;0;0
X69939.6447139225;0;0,00166113;0,003322259;0,00166113;0,064784053;0;0;0;0;0;0;0,024916944;0,008305648;0;0;0;0;0,003322259;0,07807309;0,009966777;0,026578073;0;0;0;0,004983389;0,117940199;0;0;0;0,456810631;0,00166113;0;0;0;0;0;0;0;0;0;0,016611296;0;0,172757475;0;0;0,003322259;0;0;0;0,003322259;0;0;0
X69990.5070218495;0;0;0,006067961;0,019417476;0,507281553;0;0;0;0;0;0;0,004854369;0,007281553;0;0;0;0;0;0;0,015776699;0,001213592;0;0,001213592;0;0,001213592;0,372572816;0;0;0;0,013349515;0;0;0;0;0;0;0;0;0;0,003640777;0;0;0,036407767;0;0;0,002427184;0;0;0;0,002427184;0;0,003640777;0,001213592
X70041.3693297765;0;0;0,001612903;0,020967742;0,259677419;0;0;0;0;0;0,006451613;0;0,006451613;0;0;0;0;0;0;0,053225806;0;0,001612903;0;0,003225806;0;0,620967742;0;0;0;0,001612903;0;0,001612903;0,001612903;0;0;0;0;0;0;0,00483871;0;0;0,001612903;0;0;0,00483871;0;0;0;0,003225806;0;0,006451613;0
X70600.8547169735;0;0;0,001317523;0,080368906;0,071146245;0;0;0;0,001317523;0;0,018445323;0,011857708;0,328063241;0,002635046;0;0;0;0,001317523;0;0,191040843;0;0,031620553;0;0,031620553;0;0,102766798;0,006587615;0;0;0;0,003952569;0,009222661;0,001317523;0,021080369;0;0;0;0;0;0,018445323;0;0;0;0;0;0,005270092;0,005270092;0,007905138;0,001317523;0,002635046;0;0,039525692;0,003952569
X70956.8908724625;0;0;0,010174419;0,082848837;0,034883721;0;0;0;0,002906977;0;0,036337209;0,005813953;0,308139535;0,005813953;0;0;0;0,002906977;0;0,219476744;0;0,015988372;0;0,013081395;0;0,055232558;0;0;0;0;0,01744186;0,007267442;0,00872093;0,020348837;0;0;0;0;0;0,04505814;0;0;0;0;0;0,00872093;0;0,011627907;0,001453488;0,001453488;0;0,075581395;0,00872093
X71465.5139517325;0;0;0,026845638;0,083892617;0,070469799;0;0;0;0,005033557;0;0,016778523;0,045302013;0,144295302;0,001677852;0;0;0;0,003355705;0;0,27852349;0;0,018456376;0;0,010067114;0;0,05704698;0;0;0;0,010067114;0,011744966;0,011744966;0,013422819;0,020134228;0;0;0;0;0;0,077181208;0,001677852;0;0,003355705;0;0;0,020134228;0,003355705;0,003355705;0,005033557;0,010067114;0;0,041946309;0,005033557