T_ann;P_ann
12,33;833
12,78;815
12,66;822
14,08;761
12,33;833
10,24;952
11,14;901
11,71;871
12,02;837
12,48;807
11,56;879
13,18;792
10,09;954
10,09;954
9,82;968
11,61;878
11,61;878
12,09;857
12,09;857
10,76;922
11,61;878
9,33;990
10,27;941
10,02;954
9,92;964
11,71;871
14,23;738
14,11;746
13,26;794
12,75;812
12,81;816
12,47;815
12,67;800
11,51;871
11,51;871
10,87;916
11,65;869
12,17;832
12,02;837
11,23;888
10,61;926
10,61;926
15,23;703
12,04;1088
12,04;1088
10,4;1058
10,32;1065
10,28;959
10,75;1050
10,97;1040
9,81;960
11,57;1028
8,29;910
11,45;1009
12,89;837
12,96;851
9,4;1060
9,05;1068
8,92;1073
11,29;1081
10,75;1089
10,75;1089
10,08;888
9,45;881
10,45;842
10,94;847
11,93;812
12,01;372
11,42;389
12;421
10,9;399
10,95;395
11,55;394
11,8;362
9,88;369
9,44;375
11,5;380
11,59;406
12,68;433
12,21;423
11,67;383
10,87;321
10,18;349
11,48;340
9,01;1039
10,46;1035
12,03;976
12,12;973
9,95;1047
10,39;1043
10,09;1050
15,8;1003
13,28;407
10,72;451
10,98;437
11,47;350
10,89;338
10,23;313
10,43;295
8,93;352
8,52;370
9,49;349
9,97;331
11,89;325
10,43;269
10,33;269
8,92;324
11,05;306
10,11;323
9,28;350
10,73;369
10,43;369
10,56;370
10,43;381
10,9;380
11,14;386
11;386
10,61;389
10,91;379
10,22;383
10,31;396
10,04;379
9,22;394
9,53;387
11,65;381
11,27;377
10,97;368
10,68;358
10,12;361
11,04;337
0,72;510
0,75;512
0,88;616
0,88;616
1,76;514
-2,87;523
-2,7;501
-0,53;602
-1;570
-0,16;515
-0,36;521
0,22;519
-0,38;523
-0,18;518
-2,38;538
-0,26;473
7,78;713
7,77;712
8,17;700
9,13;662
9,13;662
7,78;713
7,77;712
8,17;700
9,13;662
9,13;662
7,78;713
7,77;712
8,17;700
9,13;662
9,13;662
7,77;712
8,17;700
7,71;712
7,71;712
7,71;712
7,45;729
7,45;729
7,45;729
7,45;729
8,26;696
8,26;696
8,26;696
8,26;696
9,41;656
9,41;656
9,41;656
9,41;656
9,41;656
9,41;656
11,12;526
10,65;539
11,09;526
10,38;544
11,09;526
11,07;526
11,12;526
10,97;528
11,12;526
10,11;547
10,11;552
10,27;547
10,27;547
10,83;532
11,97;528
10,61;538
10,01;584
11,81;528
10,84;545
10,51;574
11,22;534
11,29;529
9,59;603
10,53;553
10,38;544
10,38;544
10,22;548
11,44;533
10,15;586
10,51;574
9,56;605
11,78;526
11,84;527
9,14;614
9,37;608
9,59;603
11,22;534
13,76;553
9,56;605
11,17;539
11,38;533
11,27;538
10,42;555
11,11;538
10,96;553
11,38;528
11,56;542
10,62;557
10,96;553
10,96;553
11,69;536
9,03;618
12,03;524
11,98;523
11,98;523
10,68;537
11,12;526
11,16;525
11,16;525
11,14;524
10,96;528
10,32;573
9,59;603
9,73;606
9,59;603
11,27;538
10,42;555
10,15;586
11,08;541
11,22;534
10,83;547
10,2;582
10,53;572
11,44;533
11,17;539
11,17;539
11,84;527
11,61;530
11,17;539
11,17;539
11,17;506
11,17;506
11,17;506
11,17;506
11,17;506
11,17;506
11,17;506
11,17;506
11,48;510
11,48;510
11,48;510
11,48;510
11,48;510
6,78;660
6,78;660
6,78;660
6,58;668
6,48;633
7,38;616
7,71;609
7,71;609
10,72;471
9,69;565
7,71;609
8,3;767
8,3;767
8,3;767
6,62;1132
10,22;522
10,53;500
7,71;609
9,48;511
9,08;519
7,44;566
13,49;788
13,48;787
13,48;787
13,48;787
13,48;787
13,32;788
13,32;788
13,32;788
13,32;788
11,64;811
11,64;811
11,64;811
11,64;811
13;810
13;810
13;810
13,13;808
13,18;790
13,18;790
13,18;790
11,62;785
11,62;785
2,28;984
3,96;1021
7,43;1079
9,72;1047
7,79;1019
6,75;1328
10,98;846
NA;NA
6,63;985
4,64;1003
15,02;671
8,84;949
9,26;1038
7,4;1212
9,96;1024
NA;NA
9,29;1030
-0,46;949
1,86;1018
4,87;1452
3,46;1455
1,03;1193
7,73;989
6,02;1445
9,29;1030
14,09;721
21,76;182
21,72;176
20,93;175
19,14;313
19,12;274
18,83;304
18,71;303
18,75;337
18,78;344
19,32;305
17,37;503
17,06;490
17,06;490
17,06;490
17,07;504
16,98;515
15,94;580
15,53;546
15,07;594
15,07;594
15,07;594
15,07;594
15,07;594
16,32;677
16,07;696
10,87;813
9,86;846
11,49;855
15,03;768
16,47;696
14,3;852
17,07;650
13,63;538
9,53;533
12,12;725
12,38;719
13,59;667
14,29;670
15,44;550
15,44;568
15,3;593
15,28;602
14,62;714
14,19;741
13,16;825
5,5;922
11,08;911
8,93;975
8,06;887
8,06;887
8,06;887
8,06;887
8,06;887
8,06;887
8,06;887
8,35;864
8,35;864
8,35;864
8,77;839
8,77;839
8,77;839
8,77;839
8,77;839
8,77;839
8,77;839
8,77;839
8,77;839
7,42;962
7,42;962
7,42;962
7,42;962
7,42;962
7,42;962
7,42;962
7,42;962
7,42;962
7,42;962
7,42;962
6,32;1108
6,32;1108
6,32;1108
6,32;1108
6,32;1108
8,73;847
8,88;833
9,84;759
9,12;822
10,08;732
8,72;833
8,77;839
8,63;849
8,77;839
8,77;839
8,23;866
8,23;866
8,06;887
8,06;887
8,06;887
8,34;871
8,59;842
7,78;914
7,42;958
6,78;1033
7,42;962
7,42;962
7,43;955
6,78;1033
7,32;952
7,69;920
7,71;916
7,71;916
6,88;1011
7,32;984
6,32;1108
6,32;1108
17,76;475
12,86;555
7,11;1421
7,11;1421
10,03;1276
9,18;859
7,96;1065
7,96;1065
7,96;1065
7,96;1065
8,43;1043
8,43;1043
8,12;1120
NA;NA
7,66;586
6,11;652
5,58;822
5,51;613
-0,3;416
-0,3;416
-1,87;461
-1,87;461
-1,77;482
-2,25;455
-2,08;449
18,02;505
10,8;765
11,81;442
11,87;879
16,96;530
11,84;786
12,15;500
12,86;564
16,52;616
14,49;741
14,82;802
17,41;690
17,42;741
15,55;425
15,89;401
10,65;623
14,42;445
12,25;525
13,15;492
13,14;490
7,59;725
7,66;702
9,73;614
13,42;453
12,7;505
16,99;576
15,87;623
14,41;694
15,7;611
9,67;590
10,31;641
12,18;853
11,42;864
13,33;842
8,27;998
11,02;877
11,02;877
13,17;878
12,96;895
12,57;897
12,12;884
14,94;394
6,15;1134
7,83;1011
7,08;1012
8,98;842
9,92;804
10,86;799
5,8;1118
6,78;1011
6,53;1061
7,06;1043
10,17;783
10,96;759
11,62;750
11,39;828
16,36;543
14,52;570
14,59;548
12,68;639
12,68;639
13,28;555
13,22;568
14,08;514
13,18;950
12,5;997
11,06;1119
9,12;1325
8,73;1346
10,67;1037
10,53;1141
10,6;1065
13,73;770
14,05;686
15,59;658
15,4;676
15,67;682
13,46;819
12,62;915
10,22;1320
10,53;1202
10,06;1314
12,65;942
12,94;928
13,93;766
11,77;975
11,9;902
12,3;898
13,09;994
11,68;975
11,41;982
13,32;1309
11,42;1416
15,47;813
10,2;483
10,01;493
10,17;492
9,97;513
10,36;511
9,76;546
10,18;515
7,64;704
4,68;982
7,64;704
10,18;515
10,76;486
11,87;444
12,55;419
14,32;513
14,87;502
14,14;527
14,14;527
13,5;548
15,53;492
6,88;1063
10,35;1150
8,89;1308
1,86;1103
5,46;861
5,46;861
5,46;861
2,42;1063
6,08;847
7,55;741
7,55;741
9,99;592
9,99;592
8,49;682
14,17;795
14,26;778
14,57;763
14,87;746
14,47;764
13,02;789
13,33;776
13,01;812
14,17;1088
14,15;1106
12,99;1174
15,08;420
15,08;422
15,04;421
15,08;422
15,04;425
15,01;428
14,92;427
14,88;427
15,02;433
15,11;437
15,03;433
14,87;436
14,74;428
14,74;428
14,74;428
14,64;429
14,39;464
12,9;477
12,12;482
11,03;506
9,74;547
9,08;574
7,62;642
7,29;666
6,46;701
12,93;461
12,4;470
13,42;457
14,14;456
9,94;529
10,03;523
11,14;480
12,17;451
13,01;441
10,57;588
11,71;558
11,99;502
12,14;489
12,17;478
14,71;455
14,89;450
14,91;441
13,07;452
11,82;477
10,4;548
9,73;598
9,99;579
10,81;538
11,77;506
12,15;489
11,49;611
12,3;661
11,78;681
10,72;660
10,78;688
10,17;686
9,32;691
11,61;722
11,58;726
10,73;720
11,86;748
6,28;828
7,61;794
7,33;807
7,83;789
8,55;776
9,93;774
10,49;784
10,43;781
11,27;791
12,08;672
12,46;686
12,1;676
11,91;695
12,25;702
12,97;703
8,49;887
8,26;888
7,88;900
8;910
9,17;888
11,57;905
11,4;881
8,97;899
8,46;906
7,04;938
10,07;836
11,68;814
10,83;774
11,24;755
14,21;731
12,94;983
13,56;975
13,05;1029
12,85;1066
14,37;1121
14,47;1095
14,3;1092
13,54;1097
12,66;1083
14,4;1087
14,87;1123
14,89;1077
14,3;1091
12,43;924
12,5;942
11,14;942
13,22;1039
19,88;126
20,23;139
20,26;164
20,04;201
20,04;198
19,88;176
15,38;202
18,81;99
17,89;105
17,02;168
16,75;284
17,68;109
17,22;120
16,53;118
16,2;130
16,42;143
16,49;156
16,12;170
14,75;207
13,33;189
12,95;226
12,56;327
9,74;562
9,89;555
10,27;540
12,22;404
12,23;394
12,18;420
13,25;371
13,16;783
14,45;646
14,2;725
14,08;767
12,62;575
12,79;569
13,04;583
14,36;596
15,54;636
15,62;681
15,01;773
13,02;883
13,02;883
13,08;851
9,12;879
12,62;1040
14,57;1112
16,92;1053
17,78;1010
18,12;985
18,84;913
18,85;966
19,03;963
19,62;955
13,61;1223
13,66;1240
14,17;1285
15,57;1235
15,97;1258
17,94;1092
18,24;1077
19,11;1020
12,95;1178
13,1;1193
13,93;1194
12,81;1190
14,62;1181
13,82;1221
13,62;1217
13,82;1208
13,09;1241
13,14;1236
15,98;680
16,93;663
18,11;607
18,94;956
18,6;1007
19,12;946
19,06;969
18,95;982
18,95;982
18,95;982
17,89;496
18,56;490
17,18;499
17,18;499
8,38;1316
NA;NA
NA;NA
NA;NA
NA;NA
NA;NA
NA;NA
NA;NA
NA;NA
NA;NA
11,99;478
NA;NA
11,29;503
11,42;527
11,33;516
11,12;518
11,73;528
11,73;528
11,54;529
11,95;515
12,03;503
NA;NA
NA;NA
12,03;503
11,99;478
NA;NA
NA;NA
NA;NA
NA;NA
NA;NA
NA;NA
NA;NA
8,85;482
15,32;358
15,32;362
15,2;365
15,2;365
14,82;376
14,23;397
11,26;520
13,19;453
13,67;424
12,7;452
12,43;455
13,55;429
13,84;430
1,14;1588
13,22;1402
10,42;1479
12,06;1279
8,31;1127
8,31;1127
8,31;1127
7,3;1046
14,56;391
14,54;400
11,34;868
8,79;903
6,96;462
8,24;693
10,98;807
10,98;807
17,96;239
12,89;535
6,96;785
6,84;801
7,54;720
7,77;691
7,75;699
7,33;752
6,83;802
6,3;867
5,69;932
5,33;968
7,51;744
7,63;729
8,38;655
7,38;743
7,9;697
9,37;570
10,45;499
10,65;505
12,49;1099
14,12;406
15,3;351
15,67;331
15,67;331
14,38;391
14,38;391
14,6;379
11,94;745
8,02;949
8,97;1117
8,97;1117
8,97;1117
8,97;1117
8,97;1117
8,97;1117
8,97;1117
8,63;1119
8,63;1119
8,63;1119
8,63;1119
8,63;1119
8,63;1119
14,63;381
14,63;389
14,63;381
14,62;381
15,22;350
14,62;384
14,62;382
14,54;398
12,04;745
10,87;674
12,55;506
12,55;506
1,03;1070
-1,92;830
2,62;1023
10,33;741
3,79;1067
3,79;1067
3,79;1067
1,25;1210
3,79;1067
4,42;926
2,78;1145
2,78;1145
2,78;1145
-4,86;394
12,95;985
7,68;792
7,4;1609
7,16;1519
6,66;1414
7,42;1609
7,63;1657
6,43;1455
7,32;1519
7,92;1553
13,7;625
9,42;699
23,03;110
18,26;41
14,44;405
14,58;410
17,96;578
15;456
14,32;408
16,68;583
16,68;583
16,68;583
18;574
12,43;567
14,86;388
17,75;608
14,89;427
14,38;442
11,98;551
12,06;540
14,77;453
14,76;401
14,64;392
15,22;574
17,78;615
15,12;445
15,65;351
16,34;617
12,03;386
16,54;617
14,91;412
16,39;620
15,24;572
14,42;422
11,79;395
15,24;572
15,24;572
16,67;501
12,03;385
14,43;440
17,17;270
14,53;419
14,51;410
14,33;425
17,87;579
14,8;456
14,99;392
14,4;419
13,95;394
14,72;393
17,82;597
15;392
16,43;602
16,89;567
16,89;567
16,89;567
11,33;403
14,76;379
12,41;583
12,4;596
14,54;408
16,77;516
14,49;422
9,81;478
14,42;422
17,78;605
17,83;591
14,68;410
17,52;548
17,9;588
12,39;597
14,75;389
17,98;579
16,92;571
16,92;571
16,92;571
10,12;1323
14,73;389
14,73;389
15,27;493
15,06;437
12,59;745
10,38;640
12,38;1339
7,48;1440
10,53;1405
9,67;983
15,69;370
14,72;395
15,65;360
14,69;385
14,68;381
14,63;388
15,69;370
11,66;446
14,63;388
12,17;463
9,93;617
15,66;445
17,6;498
14,56;391
17,07;564
11,32;876
6,27;1120
9,99;966
17,86;245
17,39;260
17,49;255
17,49;255
16,38;290
16,26;293
17,29;245
17,56;253
17,6;249
16,94;257
NA;NA
15,96;340
17,51;314
NA;NA
NA;NA
17,12;249
17,12;249
17,72;229
NA;NA
17,76;475
NA;NA
NA;NA
NA;NA
NA;NA
NA;NA
NA;NA
NA;NA
NA;NA
NA;NA
NA;NA
NA;NA
NA;NA
NA;NA
NA;NA
NA;NA
NA;NA
NA;NA
NA;NA
NA;NA
NA;NA
NA;NA
NA;NA
NA;NA
NA;NA
NA;NA
NA;NA
NA;NA
NA;NA
NA;NA
NA;NA
NA;NA
NA;NA
NA;NA
NA;NA
NA;NA
NA;NA
NA;NA
NA;NA
NA;NA
NA;NA
NA;NA
NA;NA
NA;NA
NA;NA
NA;NA
NA;NA
NA;NA
NA;NA
NA;NA
NA;NA
NA;NA
NA;NA
NA;NA
NA;NA
NA;NA
NA;NA
NA;NA
NA;NA
NA;NA
NA;NA
NA;NA
NA;NA
NA;NA
NA;NA
NA;NA
NA;NA
NA;NA
NA;NA
NA;NA
NA;NA
NA;NA
NA;NA
NA;NA
NA;NA
NA;NA
NA;NA
NA;NA
NA;NA
NA;NA
NA;NA
NA;NA
NA;NA
NA;NA
NA;NA
NA;NA
NA;NA
NA;NA
NA;NA
NA;NA
NA;NA
NA;NA
NA;NA
NA;NA
NA;NA
NA;NA
NA;NA
NA;NA
NA;NA
NA;NA
NA;NA
NA;NA
NA;NA
NA;NA
NA;NA
NA;NA
NA;NA
NA;NA
NA;NA
NA;NA
NA;NA
NA;NA
NA;NA
NA;NA
NA;NA
NA;NA
NA;NA
NA;NA
NA;NA
NA;NA
NA;NA
NA;NA
NA;NA
NA;NA
NA;NA
NA;NA
NA;NA
NA;NA
NA;NA
NA;NA
NA;NA
NA;NA
NA;NA
NA;NA
NA;NA
NA;NA
NA;NA
NA;NA
NA;NA
NA;NA
NA;NA
NA;NA
NA;NA
NA;NA
NA;NA
NA;NA
NA;NA
NA;NA
NA;NA
NA;NA
NA;NA
NA;NA
NA;NA
NA;NA
NA;NA
NA;NA
NA;NA
NA;NA
NA;NA
NA;NA
NA;NA
NA;NA
NA;NA
NA;NA
NA;NA
NA;NA
NA;NA
NA;NA
NA;NA
NA;NA
NA;NA
NA;NA
NA;NA
NA;NA
NA;NA
NA;NA
NA;NA
NA;NA
NA;NA
NA;NA
NA;NA
NA;NA
NA;NA
NA;NA
NA;NA
NA;NA
NA;NA
NA;NA
NA;NA
NA;NA
NA;NA
NA;NA
NA;NA
NA;NA
NA;NA
NA;NA
NA;NA
NA;NA
NA;NA
NA;NA
NA;NA
NA;NA
NA;NA
NA;NA
NA;NA
NA;NA
NA;NA
NA;NA
NA;NA
NA;NA
NA;NA
NA;NA
NA;NA
NA;NA
NA;NA
NA;NA
NA;NA
NA;NA
NA;NA
NA;NA
NA;NA
NA;NA
NA;NA
NA;NA
NA;NA
NA;NA
NA;NA
NA;NA
NA;NA
NA;NA
NA;NA
NA;NA
NA;NA
NA;NA
NA;NA
NA;NA
NA;NA
NA;NA
NA;NA
NA;NA
NA;NA
NA;NA
NA;NA
NA;NA
NA;NA
NA;NA
NA;NA
NA;NA
NA;NA
NA;NA
NA;NA
NA;NA
NA;NA
NA;NA
NA;NA
NA;NA
NA;NA
NA;NA
NA;NA
NA;NA
NA;NA
NA;NA
NA;NA
NA;NA
NA;NA
NA;NA
NA;NA
NA;NA
NA;NA
NA;NA
NA;NA
NA;NA
NA;NA
NA;NA
NA;NA
NA;NA
NA;NA
NA;NA
NA;NA
NA;NA
NA;NA
NA;NA
NA;NA
NA;NA
NA;NA
13,63;651
15,77;954
11,05;929
7,68;792
12,04;538
9,02;683
14,97;525
13,07;430
7,48;1497
7,81;846
11,78;529
8,91;841
13,12;260
14,17;210
14,97;935
16,1;304
16,54;681
17,97;506
13,24;989
14,09;1243
1,54;991
7,69;644
7,95;1147
7,95;1147
7,95;1147
8,75;1115
8,75;1115
8,75;1115
8,75;1115
8,75;1115
8,75;1115
8,75;1115
8,75;1115
8,75;1115
8,75;1115
8,75;1115
8,75;1115
9,48;1090
9,48;1090
11,17;1396
10,3;895
12,48;488
6,37;1479
7,81;1440
10,53;895
10,66;1022
10,66;1022
7,79;683
4,48;1361
1,77;1008
14,67;387
14,64;399
14,67;387
14,67;382
14,64;384
14,73;381
14,82;378
10,43;623
10,67;1300
1,47;761
1,39;774
1,39;774
1,39;774
1,39;782
1,18;812
1,47;761
1,47;761
1,47;761
1,47;761
1,47;761
1,39;774
1,39;774
1,39;774
1,15;787
1,27;773
1,06;808
1,06;808
1,06;808
1,06;808
0,69;886
0,69;886
0,69;886
0,69;886
0,69;886
1,15;787
0,58;901
0,58;901
1,15;787
1,27;773
1,27;773
1,27;773
1,27;773
1,27;773
1,18;812
1,18;812
5,64;1278
5,94;1107
4,34;1806
12,31;1649
12,31;1649
9,22;347
8,44;982
12,39;1331
13,95;394
14,83;738
11,66;446
10,34;552
14,61;915
12,23;1011
10,44;553
10,92;1072
12,41;1347
11,54;765
14,48;421
14,75;389
14,51;410
11,26;506
17,06;575
15,24;572
10,11;525
14,92;373
13,58;395
14,42;425
12,38;1339
6,14;900
6,14;900
10,62;506
10,33;775
1,93;1094
1,54;1122
10,92;532
5,04;1033
10,92;539
14,32;408
12,59;1424
7,02;1309
14,68;395
9,57;1348
14,64;392
14,73;389
15,69;370
15,65;360
14,67;387
9,96;957
14,88;737
1,48;1120
16,73;569
7,02;1301
8,83;1301
10,22;425
10,93;380
9,69;381
9,67;397
9,77;391
11,69;438
9,41;403
8,95;504
6,9;451
6,9;451
9,03;439
12,16;432
11,62;458
11,92;462
10,22;473
9,57;527
10,87;503
10,39;601
13,96;692
13,33;683
NA;NA
12,39;702
7,24;658
10,61;651
7,31;637
8,52;535
6,36;627
11,71;568
13,01;576
13,57;577
9,08;599
8,65;607
13,1;824
14,22;827
13,89;889
8,22;572
7,77;585
7,48;588
17,63;606
12,23;370
11,23;1384
12,83;1194
11,36;1373
11,38;1388
10,65;1437
10,65;1437
16,95;447
8,63;1072
9,79;411
17,62;508
10,53;1472
14,54;388
14,54;388
9,03;1556
12,98;931
9,71;1097
8,31;1544
9,49;1421
8,04;1451
8,43;1413
8,86;1582
NA;NA
NA;NA
NA;NA
NA;NA
NA;NA
NA;NA
NA;NA
NA;NA
NA;NA
NA;NA
NA;NA
NA;NA
NA;NA
NA;NA
NA;NA
NA;NA
NA;NA
-6,9;207
0,65;456
0,95;442
-2,17;335
-3,02;402
0,09;416
-4,47;315
-12,45;293
-11,62;385
-11,62;385
0,9;399
8,8;327
-4,99;364
-7,01;383
NA;NA
-0,53;243
-0,93;255
6,33;705
7,46;409
5,41;660
-10,32;351
-10,72;317
-8,42;347
-0,72;537
5,94;606
-6,69;450
-12,76;306
1,66;447
4,75;517
0,17;429
-8,55;399
1,1;396
-7,17;442
5,3;639
-2,72;371
-1,97;349
4,12;584
-5,08;409
7,38;710
4,38;743
0,7;521
-2,17;542
-4,3;536
-4,3;536
-14,14;264
-14,36;271
-12,81;299
4,39;688
-2,74;615
4,52;678
-4,6;497
-14,27;201
-14,27;201
-14,27;201
-14,27;201
-14,27;201
-14,59;194
-14,59;194
-14,59;194
-14,59;194
-14,59;194
-14,59;194
-14,53;203
-14,53;203
-14,53;203
-14,53;203
-14,53;203
-6,12;422
-6,12;422
-6,12;422
-6,12;422
-6,12;422
-6,12;422
-6,12;422
-6,12;422
-6,12;422
-6,12;422
-6,12;422
-6,12;422
-6,12;422
-6,12;422
-6,12;422
-6,12;422
-6,12;422
-6,12;422
-6,12;422
-6,12;422
-6,12;422
-6,12;422
-6,12;422
-6,12;422
-6,12;422
-6,12;422
-6,12;422
-6,12;422
-6,12;422
-6,12;422
-6,12;422
-6,12;422
-6,12;422
-6,12;422
-6,12;422
-12,57;309
-15,48;232
-15,48;232
-15,48;232
0,69;1500
3,22;1482
3,43;1469
3,89;1476
-0,93;252
0,17;383
-0,97;229
-1,85;256
-0,96;230
-1,37;246
-0,79;228
-0,74;238
-1,82;269
-0,51;241
-1,2;279
-1,36;358
0,12;369
-0,74;319
-1,48;351
-0,7;395
-0,2;345
0,09;309
0,2;321
0,15;344
-1,35;347
-1,26;384
-1,15;367
0,28;363
-0,39;338
-0,12;440
-0,07;432
-0,08;441
0,09;396
-0,15;418
-0,57;309
0,03;352
-1,01;314
-0,83;310
-2,14;352
-0,93;322
-1,98;374
-2,49;426
-2,31;409
-2,48;414
-2,72;414
-3,02;409
-2,95;419
-2,71;415
-0,27;619
-0,9;253
-0,65;654
-0,64;644
0,31;581
-0,92;765
-0,9;737
-0,1;465
0,03;426
-0,09;498
0,22;451
0,13;415
0,19;390
-0,23;449
-1,69;287
-0,63;253
-0,62;612
-0,55;590
-3,46;375
-5,12;414
-2,97;352
-3,96;354
-4,29;353
-2;357
-2,43;359
-2,17;352
-3,23;376
-3,41;376
-2,88;359
0,17;380
-1,99;370
0,14;358
-0,95;231
-0,9;253
-0,22;327
0,17;380
-0,65;228
-0,99;254
-0,91;286
-2,14;352
0,14;358
0,02;360
-0,28;292
-0,87;238
-1,96;388
-0,18;356
-0,09;294
-0,83;288
-1,99;370
-0,32;289
-0,32;289
-0,95;251
-0,77;241
-0,92;247
-0,87;238
-0,93;252
-0,95;231
-0,18;358
0,22;409
-0,93;252
-2;357
-0,24;292
-0,18;358
-0,47;553
-0,35;561
-1,57;335
-0,32;533
-0,36;553
0,17;510
-0,17;519
-0,17;546
-0,23;554
-0,17;557
-0,63;575
-2,81;740
0,03;608
-0,83;288
0,02;434
0,14;460
0,03;480
0,09;419
0,15;415
0,08;424
0,14;417
0,02;434
-0,09;498
0,09;489
0,12;377
-0,03;437
0,04;423
-0,06;433
0,01;446
0,23;451
0,27;453
0,03;459
-0,28;470
0,17;492
-0,22;449
-0,93;252
0,24;513
-0,01;547
0,38;513
-1,62;762
-1,92;851
-0,06;554
0,4;486
0,17;492
-0,38;587
-1,21;604
-0,95;251
-0,38;573
-0,16;534
-1,49;650
-0,42;595
-0,08;566
-0,02;504
-0,67;225
-1,45;232
-1,77;252
-1,22;238
-0,67;510
-1,17;495
-1,49;517
-1,61;481
-1,66;484
-1,67;484
-1,76;491
-1,76;489
-1,8;493
-0,23;500
-1,45;490
-0,76;492
-1,27;498
0,32;493
-0,03;498
-0,03;498
0,03;493
-0,51;507
-1,2;493
-14,66;194
-8,66;336
-9,91;494
-11,43;144
-11,58;172
-13,57;275
-13,56;275
-13,56;275
-13,56;275
-13,56;275
-13,56;275
-15,15;300
-15,15;300
-15,15;300
-15,15;300
-15,15;300
-15,15;300
-15,15;300
-15,15;300
-15,15;300
-12,58;177
-11,05;452
-11,15;453
-11;445
-9,16;503
-8,38;349
-12,09;149
-6,2;477
-13,88;309
-12,58;177
-13,47;151
NA;NA
NA;NA
NA;NA
-4,06;405
-4,06;405
NA;NA
-12,57;174
-12,88;174
-13,27;134
-12,93;142
-11,7;224
-11,7;224
-11,7;224
-11,7;224
-11,7;224
-11,7;224
-11,7;224
-11,7;224
-11,7;224
-6,86;424
-6,86;424
-4,08;593
-4,55;608
-7,25;554
-7,53;528
-7,24;536
-5,61;603
-4,95;615
NA;NA
-7,48;453
-7,48;453
-7,48;453
-7,41;381
-4,82;582
-6,12;422
-6,12;422
-6,12;422
-6,12;422
-6,12;422
-6,12;422
-6,12;422
-6,12;422
-6,12;422
-6,12;422
-6,12;422
-6,12;422
-6,12;422
-6,12;422
-6,12;422
-6,12;422
-6,12;422
-6,12;422
-6,12;422
-6,12;422
-6,12;422
-6,12;422
-6,12;422
-6,12;422
-6,12;422
-6,12;422
-6,12;422
-6,12;422
-6,12;422
-6,12;422
-6,12;422
-6,12;422
-6,12;422
-13,32;194
-11,78;141
-11,78;141
-11,22;142
-11,22;142
-11,22;142
-11,43;144
-12,1;155
-8,48;347
-7,11;475
-7,15;502
-10,78;386
-10,78;386
-11,66;385
-11,12;391
-10,48;342
-5,31;458
-3,78;410
-2,64;550
-10,78;386
-10,78;386
-10,48;342
-10,48;342
-10,48;342
-6,29;412
-7,19;394
-10,91;365
-11,12;374
-10,93;378
-11,28;376
-13,21;281
-13,15;290
-12,92;293
-15,38;260
-15,27;257
-15,34;236
-16,13;248
-15,53;254
-12,47;296
-12,47;296
-12,47;296
-12,4;314
-16,39;286
-13,33;283
-14,38;284
-14,61;271
-14,61;271
-14,56;270
-10,47;403
-12,98;318
-12,67;317
-13,09;319
-13;319
-12,93;318
-12,4;314
-12,58;309
-12,55;316
-12,55;316
-12,47;315
-12,9;304
-12,87;305
-12,87;305
-12,52;294
-14,35;325
-13,8;239
-13,8;239
-13,8;239
-13,8;239
-13,8;239
-13,8;239
-14,44;217
-14,25;227
-14,72;226
-14,72;226
-14,72;226
-14,72;226
-15,75;231
-14,73;196
-14,73;196
-14,7;194
-14,24;209
-14,55;196
-14,37;204
-14,23;204
-15,02;198
-14,97;201
-14,26;234
-14,09;231
-14,75;196
-14,3;192
-14,7;195
-13,7;208
-14,77;226
-14,37;204
-14,99;199
-14,5;206
-14,22;234
-10,69;267
-10,69;267
-10,69;267
-10,69;267
-13,7;208
-13,7;208
-15,49;249
-15,3;270
-4,29;496
-4,31;456
-11,07;256
-11,91;155
-6,12;407
-4,29;496
-13,27;302
-6,12;407
-11,07;256
-15,49;249
-15,49;249
-4,29;496
-3,62;515
-13,27;302
-3,62;515
-11,91;155
-11,07;256
-15,93;251
-13,7;208
-13,27;302
-13,27;302
-12,03;206
-12,03;206
-12,34;197
-7,39;494
-9,01;269
-7,69;284
-7,69;284
-10,3;300
-10,57;260
-10,57;260
-10,3;300
-10,45;248
-10,45;248
-10,45;248
-10,3;300
-10,81;262
-10,45;248
-10,45;248
-10,6;288
-10,6;288
-10,6;288
-10,6;288
-10,6;288
-11;283
-11;283
-10,63;324
-10,63;324
-10,63;324
-10,63;324
-10,63;324
-10,12;287
-10,12;287
-10,12;287
-10,12;287
-10,13;248
-15,33;229
-8,91;265
-9,85;276
-10,13;248
-10,07;267
-10,28;274
-9,85;276
-9,97;484
-10;486
-9,97;484
-10,03;486
-9,93;494
-9,95;498
-9,93;494
-9,97;498
-9,93;491
-10;497
-9,84;498
-10;497
-10,12;463
-10,1;463
-10,14;465
-10,14;464
-10,25;458
-8,86;494
-8,88;494
-10,87;359
-10,68;357
-6,75;394
-6,2;477
-5,76;454
-7,76;355
-8,42;347
-7,01;383
-3,43;486
-14,97;164
-0,97;560
1,71;355
1,71;355
1,71;355
1,71;355
1,71;355
1,71;355
1,71;355
1,71;355
1,71;355
1,71;355
1,71;355
1,71;355
1,71;355
1,71;355
1,71;355
1,71;355
1,71;355
1,71;355
3,97;235
1,51;290
1,13;310
1,1;312
0,78;306
0,93;316
0,83;289
3,97;237
4,74;237
4,78;222
4,62;191
3,18;198
2,3;220
1,62;242
2,09;278
-10,48;176
0,53;507
0,11;639
1,56;703
1,03;512
-0,43;493
-0,08;453
-0,39;494
-0,91;563
2,47;965
2,03;527
0,2;435
-0,08;532
-2,57;429
2,76;901
1,01;809
-0,17;483
-2,71;451
-2,74;409
-2,42;427
3,17;1326
0,73;921
1,24;539
-2,53;395
3,91;1239
3,27;1402
1,02;827
4,52;1060
2,63;1425
1,28;691
3,38;1804
0,45;1033
2,77;1291
-0,25;900
5,83;1554
2,71;1171
0,73;1001
4,82;1347
2,82;1157
1,74;791
5,08;1870
-0,42;1015
2,35;1076
6,02;1300
4,71;945
3,65;1054
6,32;1819
0,67;889
1,85;676
0,58;931
5,62;2516
3,43;2209
2,16;693
-0,06;608
0,33;528
0,03;665
-2,39;1162
0,17;595
0,56;583
0,86;630
4;3370
-1,41;994
1,31;652
2,99;683
2,37;714
2,13;723
7,18;2252
5,58;1134
0,61;779
0,94;695
3,47;757
2,66;838
5,77;2871
-0,74;1701
1,16;917
3,89;814
4,35;827
4,03;847
6,01;2493
2,99;1092
4,26;1008
5,37;970
6,06;863
5,57;866
6,19;2392
3,25;1586
4,58;1253
7,34;1012
6,17;1793
7,12;1127
-0,58;479
-0,62;473
-0,63;470
-0,67;493
-0,26;485
-0,47;477
7,58;1791
6,91;2029
7,43;2137
5,72;2157
6,01;2064
6,24;1561
5,63;1220
6,05;904
3,12;681
5,96;2668
5,24;3474
6,32;3568
5;3625
6,35;3059
3,01;2603
3,58;2486
2,76;2935
5,19;2904
6,28;2879
5,6;3405
5,8;1634
5,82;1597
4,91;1455
5,89;1608
5,76;1761
3,16;1107
4,97;1218
5,22;1118
4,91;1190
5,79;1015
4,22;897
4,56;888
4,67;846
5,63;874
2,47;593
1,53;740
3,21;748
2,82;813
3,03;937
2,98;867
2,03;876
1,56;885
3,88;790
1,12;680
6,02;2136
7,42;2152
5,57;2108
5,53;2244
6,02;1868
6,17;2033
5,64;1144
5,79;1712
5,44;2066
3,35;773
6,23;2914
-2,13;461
-2,52;513
-2,32;501
-2,38;495
-1,75;469
-1,99;476
-0,23;466
0,16;444
0,72;385
0,43;380
-1,16;517
-0,2;516
-0,1;518
0;520
-0,85;525
-1,36;527
-1,26;536
-0,46;515
-0,32;523
-0,33;536
-0,23;466
-0,25;474
0,29;431
0,63;387
-1,22;525
-0,96;527
-0,98;483
4,12;1344
4,23;1261
4,44;1292
3,98;1242
4,44;1435
2,52;1362
1,23;821
1,49;884
-0,92;865
2,53;838
6,65;1523
1,36;989
4,82;1137
6,8;1594
5,89;1608
-0,74;1701
1,53;1012
0,57;1258
3,11;1073
5,91;1745
1,14;1029
1,27;1004
0,09;1364
3,62;1066
1,9;1110
1,94;1085
-1,72;1870
3,2;817
3,72;816
1,84;903
2,13;845
3,03;858
3,42;838
5,58;1471
6,04;1496
6,04;1633
5,97;1716
5,94;1376
6,09;1480
5,83;1762
6,2;1755
6,21;1754
6,19;1732
5,86;1744
6,87;1437
6,46;1728
7,11;1550
5,82;1737
6,43;1509
6,21;1566
6,32;1751
6,36;1717
6,82;1220
7,14;1183
7,18;1215
6,88;1226
1;1070
1,02;1068
1,53;1035
1,1;987
0,25;1334
1,83;996
2,49;1033
2,62;966
1,47;670
-0,12;607
NA;NA
2,1;716
0,37;553
1,72;663
-0,57;481
0,18;690
2,38;716
-1,41;603
2,62;966
-0,68;495
3,06;845
-0,33;603
-0,8;601
6,36;1226
6,15;1281
4,67;1262
5,76;1308
4,27;1114
3,36;1155
3,18;1176
1,3;840
-0,81;690
0,35;505
-2,3;1186
-2,3;1161
-2,18;983
-2,61;921
-2,7;1051
-1,61;842
-0,57;714
-0,4;548
-2;1121
-1,83;1203
-1,97;904
-0,13;734
-0,33;645
-1,07;769
0,15;641
-0,81;854
0,08;547
-0,7;825
0,2;647
0,54;608
0,42;616
2,12;693
3,32;623
3,67;798
4,31;786
4,08;790
3,98;806
4,7;827
5,2;803
5,13;807
5,67;835
5,41;904
5,74;2895
-1,39;486
2,24;1023
1,76;723
1,24;707
-0,86;534
1,22;577
-1,42;549
3,88;572
0,81;632
-0,15;653
0,28;644
-4,95;414
-5,04;421
NA;NA
-5,58;404
-6,24;449
-5,7;428
NA;NA
NA;NA
NA;NA
-4,86;418
-3,98;572
-3,8;235
-3,8;235
-3,8;235
-3,8;235
-3,8;235
-1,83;262
-2,01;281
-7,64;201
-7,62;203
-9,72;273
-9,72;273
-6,94;210
-6,94;210
-9,72;273
-9,72;273
-9,72;273
-4,74;294
-4,74;294
-4,74;294
-4,74;294
0,39;538
0,73;448
1,46;380
0,61;415
0,61;415
0,73;448
0,54;496
0,54;496
-2,66;926
-5,51;974
-0,62;606
-2,68;625
-2,68;625
-2,68;625
8,11;1566
8,12;1546
8,12;1546
8,37;1515
8,45;1488
8,5;1483
7,91;1642
7,91;1642
8,16;1756
8,16;1756
8,12;1755
7,95;782
7,95;782
7,95;782
7,95;782
7,95;782
7,95;782
7,95;782
7,95;782
7,95;782
7,89;941
7,89;941
7,89;941
7,89;941
7,89;941
7,89;941
7,89;941
7,89;941
7,89;941
7,69;937
6,68;1029
6;1109
5;1243
5,88;1134
4,27;1356
4,27;1356
3,92;1377
3,92;1377
3,92;1377
2,98;1527
1,84;1713
1,84;1713
1,84;1713
1,84;1713
0,57;1867
1,84;1713
0,57;1867
0,57;1867
0,57;1867
0,57;1867
-0,76;1800
-0,76;1800
-0,48;1824
-1,06;1711
-1,06;1711
-1,06;1711
17,97;470
14,62;536
16,32;506
16,81;526
18,29;455
9,68;672
9,61;672
10,92;627
9,46;674
15,54;537
16;515
9,34;677
10,16;638
12,81;576
12,96;577
11,47;605
9,64;676
16,5;511
13,88;545
16,32;506
12,11;614
14,16;542
14,82;553
13,81;552
13,52;559
6,26;749
6,26;749
6,26;749
0,8;904
0,8;904
0,8;904
9,92;694
9,92;694
9,92;694
11,89;562
11,71;559
11,71;559
0,8;904
0,8;904
10,02;677
6,05;815
11,48;607
11,48;607
11,48;607
11,48;607
12,65;490
12,65;490
12,64;488
10,02;677
10,02;677
10,02;677
10,02;677
7,52;764
7,52;764
7,52;764
7,52;764
7,05;729
7,05;729
7,05;729
6,25;800
6,25;800
6,25;800
6,25;800
6,02;812
6,02;812
6,02;812
3,56;746
3,56;746
3,56;746
3,56;746
17,34;526
16,98;555
15,52;639
16,4;611
15,77;622
NA;NA
16,27;504
16,27;504
15,97;580
15,97;580
NA;NA
16,22;629
2,89;561
13,92;2121
1,82;728
10,41;641
8,18;690
8,18;690
8,18;690
8,18;690
8,18;690
8,18;690
8,18;690
8,18;690
8,18;690
8,18;690
8,18;690
8,18;690
8,18;690
8,18;690
8,18;690
8,18;690
7,24;805
7,24;805
7,24;805
7,24;805
7,24;805
7,24;805
7,24;805
7,24;805
7,24;805
7,24;805
7,24;805
7,24;805
7,24;805
7,24;805
9,53;526
9,53;526
9,53;526
9,53;526
9,53;526
9,53;526
9,53;526
9,53;526
9,53;526
6,73;872
6,73;872
6,73;872
6,73;872
6,73;872
6,73;872
6,73;872
6,73;872
6,73;872
6,73;872
6,73;872
6,73;872
6,73;872
6,73;872
6,73;872
6,73;872
6,73;872
6,1;957
6,1;957
6,1;957
6,1;957
6,1;957
6,1;957
6,1;957
6,1;957
6,24;890
6,24;890
6,24;890
6,24;890
6,24;890
6,24;890
6,24;890
6,24;890
6,24;890
6,24;890
6,24;890
6,24;890
6,24;890
6,24;890
6,24;890
6,24;890
6,24;890
6,24;890
6,24;890
6,24;890
6,16;877
6,16;877
6,16;877
6,16;877
6,16;877
6,16;877
6,16;877
6,16;877
6,16;877
6,16;877
6,16;877
6,16;877
6,16;877
6,16;877
7,23;1407
7,23;1407
7,23;1407
7,23;1407
7,23;1421
7,23;1421
7,23;1421
7,23;1421
7,23;1421
7,23;1421
7,23;1421
7,23;1421
7,22;1441
7,22;1441
7,22;1441
7,22;1441
7,22;1441
7,23;1421
7,23;1421
7,23;1421
7,23;1421
7,23;1421
7,23;1421
7,22;1441
7,22;1441
7,22;1441
7,22;1441
7,22;1441
7,23;1457
7,23;1457
7,23;1457
7,23;1457
7,23;1457
7,23;1457
7,23;1457
7,23;1457
7,23;1457
7,23;1457
7,23;1457
7,23;1457
7,23;1457
7,23;1457
7,23;1457
7,23;1457
7,23;1457
7,23;1457
7,23;1457
7,17;1569
7,17;1569
7,17;1569
7,17;1569
7,17;1569
7,17;1569
7,17;1569
7,17;1569
7,17;1569
7,17;1569
7,17;1569
7,38;1591
7,38;1591
7,38;1591
7,38;1591
7,38;1591
6,49;804
6,49;804
6,49;804
6,49;804
6,49;804
7,34;1459
7,34;1459
7,34;1459
7,34;1459
7,34;1459
6,92;1842
6,92;1842
6,92;1842
6,92;1842
6,92;1842
7,34;1459
7,34;1459
7,34;1459
7,34;1459
7,34;1459
6,63;775
6,63;775
6,63;775
6,63;775
6,63;775
7,24;693
7,24;693
7,24;693
7,24;693
7,24;693
7,24;693
7,24;693
7,24;693
6,6;1928
6,6;1928
6,6;1928
6,6;1928
6,6;1928
7,22;1727
7,22;1727
7,22;1727
7,22;1727
7,22;1727
7,22;1727
6,73;754
6,73;754
6,73;754
6,73;754
6,68;758
6,68;758
6,68;758
6,68;758
7,08;682
7,08;682
7,08;682
7,08;682
7,08;682
7,03;698
7,03;698
7,03;698
7,03;698
7,33;655
7,33;655
7,33;655
7,33;655
7,23;679
7,23;679
7,23;679
7,23;679
7,23;679
6,47;1934
6,47;1934
6,47;1934
6,47;1934
6,47;1934
6,47;1934
6,47;1934
6,47;1934
6,47;1934
6,47;1934
6,47;1934
6,47;1934
6,47;1934
6,47;1934
6,47;1934
6,85;721
6,85;721
6,85;721
6,85;721
9,91;792
9,91;792
9,91;792
9,91;792
9,81;776
9,81;776
9,81;776
9,81;776
9,81;776
9,81;776
9,81;776
9,82;775
9,82;775
9,82;775
9,77;770
9,77;770
9,77;770
9,91;780
9,91;780
9,91;780
9,77;770
9,77;770
9,77;770
9,77;770
9,85;793
9,83;788
9,83;788
9,83;788
9,83;788
9,83;788
9,83;788
9,83;788
9,83;788
9,84;769
9,84;769
9,84;769
9,84;769
9,84;769
9,84;769
9,84;769
9,95;766
9,95;766
9,95;766
9,95;766
9,95;766
9,95;766
9,95;766
9,96;765
9,96;765
9,96;765
9,96;765
8,56;674
8,56;674
8,56;674
8,56;674
8,56;674
8,56;674
8,56;674
8,56;674
8,56;674
8,56;674
8,56;674
8,5;702
8,5;702
8,5;702
8,5;702
8,5;702
8,5;702
8,5;702
8,5;702
8,5;702
8,5;702
8,5;702
8,5;702
8,5;702
8,5;702
8,5;702
8,5;702
8,48;703
8,48;703
8,48;703
8,48;703
8,03;823
8,03;823
8,03;823
8,03;823
8,03;823
8,03;823
8,03;823
8,03;823
8,03;823
8,52;639
8,52;639
8,52;639
8,52;639
8,72;620
8,72;620
8,72;620
8,72;620
8,68;615
8,68;615
8,68;615
8,68;615
8,68;615
8,68;615
8,68;615
8,73;640
8,73;640
8,73;640
8,73;640
8,73;640
8,73;640
8,73;640
8,73;640
8,73;640
8,73;640
8,63;628
8,63;628
8,63;628
8,63;628
8,43;645
8,43;645
8,43;645
8,43;645
8,54;600
8,73;569
8,73;569
8,51;614
8,67;586
8,53;616
8,53;616
8,75;572
8,75;572
8,67;583
8,62;575
8,62;575
8,66;566
8,68;574
8,8;552
8,76;554
8,8;552
8,56;610
8,49;617
8,49;609
8,48;604
8,46;601
8,46;601
8,42;596
8,6;549
8,47;548
8,4;590
8,49;556
8,49;556
8,47;554
8,19;571
8,24;570
8,24;570
8,36;573
8,18;574
8,18;574
8,18;574
8,18;574
8,18;574
8,12;576
8,12;576
8,12;576
8,12;576
8,12;576
8,27;566
8,27;566
8,27;566
NA;NA
NA;NA
NA;NA
NA;NA
NA;NA
NA;NA
NA;NA
NA;NA
NA;NA
NA;NA
NA;NA
NA;NA
NA;NA
8,17;602
8,16;604
8,17;597
8,17;597
8,22;593
8,18;569
8,18;569
8,18;569
7,85;616
7,87;609
7,97;593
NA;NA
NA;NA
17,68;585
17,88;563
17,88;563
17,88;563
18,08;533
18,13;526
18,13;526
17,91;554
17,91;554
17,91;554
18,22;525
18,22;525
18,22;525
17,91;554
17,99;539
17,93;539
18,03;533
18,03;533
18,03;533
18,03;533
17,98;535
17,98;535
17,83;540
17,83;529
17,83;529
17,83;529
17,83;529
NA;NA
NA;NA
13,18;375
13,18;375
13,18;375
13,61;369
14,38;416
14,42;428
NA;NA
NA;NA
15,92;891
15,92;891
15,92;891
16,38;454
16,38;454
16,38;454
16,9;650
16,9;650
13,32;310
13,22;309
13,22;309
13,07;309
12,9;306
12,92;305
12,77;306
11,79;294
12,83;302
9,85;272
9,85;272
13,11;300
11,57;283
12,34;285
13,37;299
11,31;274
12,47;278
12,47;278
6,31;828
18,78;245
18,78;245
18,24;240
18,24;240
18,91;401
17,98;382
16,25;431
19,72;66
18,69;93
14,45;299
16,57;188
18,5;44
18,5;44
18,76;42
16,75;430
17,76;313
NA;NA
11,91;440
11,8;475
11,8;475
11,25;490
12,02;455
12,02;455
11,3;499
11,04;510
11,58;420
11,52;454
6,98;808
NA;NA
9,87;573
17,38;183
11,85;120
13,07;127
11,44;567
11,44;567
11,44;567
11,44;567
12,96;210
12,95;210
17,23;378
16,77;860
16,83;824
16,86;835
17,75;275
17,82;292
17,35;352
17,63;415
17,53;408
13,08;128
11,83;125
10,35;143
11,09;119
11,12;119
12,47;99
12,47;99
12,34;104
12,37;105
12,48;101
16,48;141
17,3;323
17,95;425
17,33;381
17,63;415
17,34;424
17,34;424
17,34;424
17,34;424
17,43;429
17,33;428
17,5;454
17,04;854
9,77;146
9,83;139
15,74;396
15,74;396
17,66;509
17,29;540
15,82;573
15,33;416
10,38;234
NA;NA
3,23;1491
7,43;747
8,9;756
-1,06;425
0,58;1498
8,02;1657
-0,88;451
1,15;572
8,36;625
4,09;629
5,46;615
6,43;590
4,98;771
8,36;625
6,86;1311
5,43;590
5,43;590
1,86;769
-2,61;921
-1,39;486
8,9;1055
NA;NA
7,42;1399
11,41;987
3,58;1467
3,67;1460
2,71;1511
6,11;1412
NA;NA
NA;NA
12,13;496
12,63;1253
8,55;1667
8,42;1023
9,37;556
11,36;643
7,79;660
6,78;667
8;485
2,6;980
7,37;1925
12,18;787
6,88;794
6,35;541
NA;NA
10,12;1327
5,41;669
8,96;785
2,81;1633
7,46;551
-0,48;877
6,4;618
7,99;562
8,89;752
8,89;752
10,96;795
12,37;795
10,84;809
10,44;816
2,67;1620
8,62;509
2,16;622
9,19;906
16,89;552
4,86;566
4,81;627
13,45;1000
NA;NA
5,86;890
7,52;654
7,64;633
7,64;633
3,69;606
4,15;631
-0,58;588
11,47;511
2,05;511
2,69;690
0,97;1593
0,47;539
12,02;623
4,17;602
2,2;494
5,48;606
7,69;671
4,25;656
-1,46;557
6,78;660
6,78;660
-2,34;885
5,69;653
6,91;1343
6,78;2235
8,46;514
10,05;1112
4,47;760
9,25;1332
12,08;766
9,23;906
6,74;616
0,09;1319
12,36;761
9,19;815
6,42;644
14,57;212
7,64;676
1,91;551
7,57;676
11,43;518
6,07;1074
3,89;1092
5,55;638
-2,44;488
11,53;569
4,25;597
5,23;678
3,11;607
3,11;607
5,5;632
12,42;783
7,97;1740
4,33;1384
7,33;552
10,28;870
7,17;591
7,17;591
1,42;673
5,93;903
2,35;1247
5,22;614
6,87;684
6,58;648
8,45;691
3,84;1146
9,59;1297
9,59;1297
8,23;1378
5,32;604
-0,68;602
8,47;515
8,47;515
18,01;243
-0,32;575
1,79;1359
11,78;872
11,78;872
0,44;529
2,67;1565
4,45;603
8,04;1776
2,25;493
9,39;1165
8,99;1101
4,64;1630
12,98;873
9,97;555
0,61;477
8,48;850
11,17;1043
11,22;504
7,93;545
12,41;783
5,52;684
9,6;651
5,57;687
3,88;619
7,85;725
5,17;1072
6,94;1816
8,06;685
14,69;541
NA;NA
10,64;574
10,67;605
10,62;547
9,79;1028
8,03;1204
6,69;615
4,56;595
6,04;642
2,53;1670
10,55;775
2,11;542
10,07;514
7,66;539
4,36;652
6,56;623
9,8;600
9,96;535
NA;NA
NA;NA
3,12;650
8,45;524
8,45;524
8,32;1155
-0,81;801
0,56;617
NA;NA
5,14;786
-0,44;549
-1,9;525
8,58;572
8,61;2085
14,57;564
1,73;1375
5,29;1186
7,49;651
7,8;1286
7,8;1286
-1,01;445
10,07;668
-2,53;497
8,83;742
8,58;569
8,37;886
1,94;936
5,28;1843
6,34;640
6,94;1017
6,34;640
7,86;1686
2,22;924
6,97;865
8,78;1943
11,54;744
7,52;621
16,88;691
14,63;388
5,66;683
7,69;671
5,78;1445
-1,56;843
1,15;1379
9,29;1801
14,58;385
15,62;369
3,57;907
7,67;1740
8,67;1422
2,02;1067
11,43;518
7,8;2148
5,17;1542
11,84;512
7,77;603
7,27;500
8,98;802
12,46;769
5,32;603
10,3;895
10,55;799
7,29;712
7,8;1286
6,52;1155
11,79;445
-0,31;1149
5,74;2895
-0,24;1407
NA;NA
7,88;1445
7,94;664
8,43;519
7,55;630
7,73;580
5,16;869
7,61;588
8,6;515
8,2;1053
5,69;1652
9,33;851
9,54;869
5,73;1609
9,07;926
1,98;645
4,19;636
4;610
1,04;656
9,05;546
1,93;1054
7,78;719
5,66;695
4,18;388
10,5;844
3,12;1186
2,15;1097
2,15;1097
11,41;987
0,17;1309
9,15;1241
5,78;1421
-0,43;1140
-0,33;1144
11,29;1386
2,92;1560
1,5;1045
1,03;583
6,17;1289
7,98;1323
10,47;1372
8,87;1065
3,53;977
9,38;1284
3,79;804
-0,3;1062
-0,15;1301
1,77;1389
4,59;696
-2,65;898
12,18;575
2,62;1649
4,46;687
1,5;1033
1,5;1033
7,26;616
10,07;410
-0,13;1254
-0,78;1752
-1,43;962
1,64;1343
6,51;1399
3,12;1336
5,8;1300
2,03;1295
4,81;1259
-1,06;992
6,33;1291
3,19;696
2,6;935
4,53;1270
-1,07;622
5,41;1038
2,93;1335
7,15;1267
0,58;1150
1,24;1057
7,73;1113
6,34;1184
7,43;1221
8,27;802
3,78;745
2,17;737
1,93;746
1,56;733
-0,08;1057
-0,63;981
-0,76;997
1,28;1112
-0,45;777
4,12;1144
-2,33;975
9,36;950
9,5;817
11,06;1038
8,01;527
6,38;1018
5,8;1054
6,3;1389
8,41;1197
12,81;631
6,99;1290
6,85;1271
6,07;1471
8,82;751
7,29;1683
11,91;807
NA;NA
NA;NA
NA;NA
6,78;1070
8,5;1295
11,3;864
11,3;864
11,05;902
11,7;752
11,27;782
11,37;803
11,31;830
11,31;830
11,3;705
11,22;720
12,23;370
7,79;890
5,73;920
4,13;915
10,24;631
8,82;629
9,13;545
5,23;1524
5,23;1524
7,85;923
8,27;791
8,8;731
9,02;527
16,77;873
9,18;545
4,92;1489
5,84;1078
5,56;1162
5,78;1035
6,41;776
6,73;681
12,19;763
6,62;614
6,64;1264
10,67;981
6,16;322
9,67;825
1,72;1313
6,64;1909
13,64;1680
14,6;1344
16,72;890
16,63;893
12,82;1218
17,91;845
9,48;876
5,77;644
2,4;897
2,4;897
5,87;830
2,4;897
2,4;897
2,4;897
6,16;1089
5,12;1284
6,15;1091
4,63;1352
5,84;1165
5,62;658
7,33;776
5,96;631
5,89;640
6,17;1070
5,92;630
12,12;391
14,32;753
13,16;993
8,82;1093
8,03;822
3,72;1359
4,29;1303
6,98;1934
6,98;1934
3,47;781
5,75;981
5,46;1177
7,67;773
8,72;698
8,47;733
7,34;787
7,93;723
8,17;499
7,87;739
2,71;865
5,08;1266
5,18;842
7,29;758
7,63;587
7,56;751
2,4;897
6,37;822
7,02;710
8,63;555
8,85;1041
6,92;622
8,52;536
8,88;853
6,37;708
6,95;687
6,72;677
NA;NA
17,88;345
14,6;882
14,6;882
8,33;1564
8,12;1632
9,35;1337
9,39;1315
8,91;1488
10,03;1043
8,69;1549
8,96;1381
9,4;1308
8,41;1556
-10,8;277
12,13;573
5,83;1291
-1,11;257
10,77;932
6,4;1103
-6,2;506
-11,01;384
-11,59;283
-6,87;469
NA;NA
-7,22;385
-10,39;346
-14,7;242
-11,12;391
-11,02;386
-10,87;359
-0,09;597
NA;NA
-14,92;198
-14,22;206
-3,78;410
11,25;857
-8,48;347
-10,93;378
1,42;451
7,67;1321
NA;NA
9,68;1206
10,95;1018
-2,53;536
-5,31;458
-10,83;390
-10,9;387
-13,22;179
-16,02;251
0,59;471
-11,72;402
-13,9;275
8,87;913
8,75;927
8,32;963
9,81;837
8,61;939
8,78;929
12,08;773
11,87;696
11,94;760
11,98;736
11,82;682
12,06;771
8,74;927
8,03;982
9,01;902
8,32;963
11,41;686
12;738
12,66;749
12,65;750
12,67;748
12,25;834
13,61;441
9,13;543
-13,75;266
NA;NA
12,17;876
11,64;730
11,62;662
11,5;672
11,5;672
11,68;662
11,72;663
11,2;655
11,2;655
10,97;658
11,53;746
10,67;823
10,67;823
10,78;818
11,24;755
11,71;721
11,68;715
11,69;742
11,71;710
11,12;777
11,58;804
11,08;629
10,62;1160
12,34;791
9,47;1243
9,55;1220
8,3;2178
10,25;1390
9,83;1588
10,37;1390
6,82;596
10,4;1562
9,34;1017
6,94;1017
2,91;1414
8,18;501
6,29;728
6,78;660
8,85;686
12,88;468
6,99;1290
10,04;878
6,56;1342
NA;NA
12,13;496
7,11;1046
9,27;848
9,7;879
9,42;1043
9,65;881
9,9;1852
6,82;596
10,25;1390
9,51;1036
9,07;1949
7,8;1788
8,11;1600
9,42;1048
8,36;2161
7,01;754
6,14;900
8,07;1569
9,29;1367
9,23;2068
10,4;1562
13,58;1079
10,24;1382
15,26;640
13,97;2117
4,1;730
10,12;796
9,46;601
9,63;570
9,63;570
9,57;606
22,87;97
14,94;1164
13,35;100
14,27;679
13,88;758
7,4;1121
5,14;632
10,23;1152
11,78;757
5,87;553
4,99;631
4,47;581
4,84;680
4,47;665
4,92;600
4,21;655
6,97;697
1,67;563
4,72;634
4,34;657
0,43;1837
-1,53;1066
NA;NA
5,1;1527
5,31;1509
5,31;1509
8,56;1339
-1,17;495
18,06;470
18,06;465
4,75;709
9,2;1030
9,39;978
-2,74;759
9,23;659
3,46;912
1,35;1017
9,42;607
9,56;591
9,15;663
23,73;103
5,7;1009
8,69;527
8,86;759
8,86;756
8,86;759
8,85;763
8,9;754
-1,13;496
1,55;892
-0,82;867
1,19;824
4,4;1233
2,47;1358
0,43;380
-14,18;502
0,2;647
3,34;614
2,12;693
0,42;616
5,44;896
-0,56;647
6,14;1281
5,92;1315
3,37;1168
6,49;1574
1,25;1010
6,91;1558
5,98;1604
-0,41;1627
1,65;1009
0,57;1258
3,32;1084
2,53;838
5,91;1745
6,78;1019
11,16;391
5,63;680
5,63;668
5,44;672
4,85;628
4,91;628
5,48;646
4,82;628
4,67;690
5,57;686
4,78;682
4,78;682
5,48;645
4,98;658
4,95;659
5,12;652
12,45;746
13,02;470
13,04;493
11,83;678
5,1;1303
9,58;837
12,06;456
13,56;673
9,29;977
4,62;847
3,61;611
1,81;621
-3,29;595
14,78;1125
5,65;653
5,45;664
4,65;714
5,76;675
5,41;664
6,97;720
5,72;634
6,28;629
5,42;660
11,29;967
9,03;1359
9,03;1359
9,03;1359
9,03;1359
9,03;1359
8,98;1363
8,98;1364
8,94;1365
8,93;1369
8,93;1369
8,83;1390
8,72;1427
8,7;1424
8,68;1431
8,82;1380
8,78;1388
8,8;1383
8,78;1388
8,5;1498
8,78;1414
8,57;1522
8,82;1413
8,3;1656
8,3;1656
8,11;1741
8,62;1532
8,78;1469
NA;NA
NA;NA
1,74;1528
2,04;1513
2,04;1513
2,89;1439
2,89;1439
2,89;1439
2,89;1439
2,23;1480
2,98;1405
2,89;1439
1,79;1527
2,89;1439
3,72;1359
3,65;1358
4,58;1301
3,88;1344
4,58;1301
4,57;1301
4,47;1300
4,3;1325
5,23;1241
5,23;1241
5,81;1182
5,81;1182
5,81;1182
6,22;1137
7,68;1003
13,69;256
14;251
14,5;239
14,61;234
15,22;213
15,74;194
15,5;226
16,82;186
18,57;148
19,34;127
19,34;127
20,33;97
20,6;94
21,28;81
21,96;68
22,52;60
23,07;51
23,08;51
24,03;57
24,81;56
25,38;54
19,56;383
19,56;383
19,56;383
19,56;383
19,56;382
19,41;359
NA;NA
19,27;347
19,41;371
19,2;463
19,37;381
19,3;379
19,16;404
18,96;369
19,25;415
18,95;426
18,25;520
18,18;508
18,37;440
18,28;438
17,74;591
17,74;591
18,15;502
18,02;524
17,79;579
17,68;592
17,55;602
17,11;605
17,67;600
17,05;659
17,12;588
16,49;614
17,12;590
16,25;647
16,94;609
15,38;738
15,44;711
16,38;665
15,06;695
15;739
14,97;775
14,61;732
14,23;828
13,93;863
12,85;916
12,85;916
12,74;924
12,44;934
13,14;885
11,12;943
10,9;947
10,92;948
11,07;945
11,07;945
10,63;947
9,66;948
2,84;1057
8,86;613
2,84;1057
11,45;456
3,71;915
3,69;930
0,07;478
14,67;639
14,67;764
10,68;808
11,67;1251
9,34;791
11,91;807
8,98;1454
10,48;649
11,48;807
14,26;397
15,29;215
15,46;542
6,47;1334
11,88;803
12,02;772
11,86;818
11,59;1174
14,03;987
11,98;727
10,47;1372
6,66;1414
10,67;1390
14,97;935
3,87;1026
10,69;821
8,32;1789
0,66;1327
18,81;811
7,68;792
11,91;799
9,54;673
14,81;218
10,08;819
13,07;430
11,78;775
11,19;1286
11,59;1188
12,04;538
14,58;789
2,36;1058
7,59;1665
13,13;766
18,26;457
0,76;1002
0,77;1005
-0,1;1101
11,72;1233
8,97;805
2,86;1068
15,64;955
7,46;1612
7,32;1581
15,21;558
10,86;1259
15,34;537
11,52;932
14,27;908
11,85;800
6,07;1303
6,65;497
12,38;587
11,42;1088
11,71;1240
13,1;606
8,67;1684
13,14;254
11,96;797
1,17;816
7,17;570
2,04;633
1,74;821
0,48;945
2,85;900
-1,99;544
7,58;568
10,28;804
7,12;513
9,21;694
2,82;1041
3,19;976
1,74;1102
8,37;587
8,32;573
8,94;658
8,71;630
1,7;236
2,09;228
4,21;761
9,85;759
10,99;843
9,47;721
8,51;600
17,77;492
17,7;497
17,7;497
17,7;497
17,7;497
17,77;492
17,77;492
17,77;492
17,77;492
17,75;500
17,75;500
17,74;499
9,76;330
9,74;328
9,74;328
9,74;328
9,74;328
9,74;328
9,74;328
9,74;328
9,74;328
9,76;330
9,55;337
8,93;358
8,93;358
8,93;358
9,08;358
8,4;378
9,72;328
9,72;328
9,48;336
9,48;336
9,48;336
9,12;350
9,48;336
9,45;338
9,45;338
9,45;338
9,45;338
9,71;328
9,71;328
9,71;328
10,33;365
10,33;365
9,98;376
6,07;855
4,35;811
4,35;811
3,78;787
3,52;773
3,21;738
3,77;772
2,99;729
2,58;716
2,37;727
2,11;704
1,73;709
2,01;697
1,07;698
1,73;709
1,73;709
1,07;698
1,73;709
0,92;696
1,07;698
0,92;696
0,92;696
0,92;696
-0,78;703
-0,78;703
-0,78;703
6,19;601
6,29;618
6,47;628
8,56;583
9,46;598
9,63;570
9,74;553
9,57;606
10,08;792
10,13;798
10,08;792
9,97;789
10,14;773
9,91;793
9,97;792
10,27;757
10,3;763
7,33;1573
7,38;1559
3,96;1005
3,96;1005
3,96;1005
7,23;2019
7,59;1754
7,62;1938
7,56;1999
7,49;2063
7,13;2288
7,33;2255
7,22;2289
7,37;2175
7,84;2074
7,76;2144
7,34;2190
5,77;2529
7,05;2031
5,89;2650
7,4;2046
6,2;2787
6,81;2445
7,28;2244
7,12;2360
6,61;2498
7,1;2313
6,65;2404
5,89;2769
5,65;2845
7,56;2548
7,35;2473
7,34;2342
6,96;2431
7,17;2350
6,94;2450
6,88;2483
6,93;1765
7,38;2193
16,38;859
14,97;891
16,03;910
16,03;910
16,03;910
16,81;871
16,03;910
16,29;899
16,72;803
15,38;570
15,38;570
15,38;570
15,38;570
11,42;872
15,16;902
16,25;876
16,25;876
16,25;876
16,17;877
16,17;877
16,17;877
NA;NA
NA;NA
NA;NA
NA;NA
16,23;605
16,62;590
16,82;586
16,82;586
17,15;573
17,08;584
17,08;584
17,08;584
17,08;584
15,92;635
NA;NA
NA;NA
NA;NA
NA;NA
15,25;406
13,92;454
10,89;574
10,89;574
8,85;672
8,62;689
6,73;811
6,73;811
5,58;887
1,54;1117
4,63;932
15,49;417
1,86;1103
5,09;921
3,64;996
0,75;1168
2,13;1080
11,29;967
11,29;967
11,29;967
11,29;967
11,29;967
8,61;658
9,15;692
9,03;666
9,03;666
9,03;666
9,03;666
9,14;694
9,14;694
9,15;692
9,15;692
8,52;674
8,52;674
8,52;674
8,52;674
8,64;647
9,22;663
6,82;613
8,16;637
8,16;637
8,12;644
8,08;648
8,08;648
8,08;648
8,08;652
8,08;648
8,09;647
8,09;647
8,02;655
8;656
8;656
8,06;651
8,06;651
8,06;651
8,06;651
7,98;658
8,04;653
8,04;653
8,02;655
8,03;653
8,03;655
8,03;655
8,03;655
8,03;653
7,98;657
7,98;657
7,99;656
7,99;656
7,92;662
7,88;668
7,88;665
7,92;662
7,93;659
7,96;657
7,9;668
7,88;671
7,88;671
-13,3;251
-13,26;253
-12,88;263
-12,17;309
-12,16;310
-12,15;309
-12,15;309
-12,36;297
-13,6;274
-13,6;274
-13,63;267
-13,81;263
-13,63;267
-13,8;270
-13,8;270
-13,94;233
-14,56;224
-14,56;224
-14,55;187
-14,32;225
-14,3;224
-14,33;223
-14,32;225
-14,08;219
-14,08;219
-14,7;183
-14,74;184
-14,69;181
-14,77;186
-14,8;185
-14,8;185
-14,72;186
-15,36;176
-15,35;177
-15,21;179
-15,21;179
-15,23;178
-15,25;175
-15,21;173
-15,19;174
-15,24;170
-15,22;170
-15,22;170
-15,32;178
-14,94;175
-15,16;167
-15,17;180
-15,18;180
-14,68;256
-14,65;260
-14,25;270
-14,34;312
-12,85;291
-12,66;298
-13,46;304
-14,18;302
-13,27;292
-12,73;286
-14,01;317
-14,91;136
-15,03;141
-15,03;141
-14,9;169
-14,73;172
-14,59;175
-14,81;172
-14,84;173
-14,96;168
-14,83;172
-12,92;227
-12,94;238
-12,64;246
-12,63;236
-12,51;236
-12,3;234
-12,4;236
-13,27;225
-13,01;224
-13,37;223
-13,38;226
-12,51;242
-12,36;148
-11,61;149
-12,56;154
-11,42;154
-12,73;155
-11,6;149
-12,59;153
-12,53;160
-12,41;157
-11,72;155
-12,92;227
-12,94;238
-12,64;246
-12,63;236
-12,4;236
-12,3;234
-12,51;236
-12,51;242
-13,37;223
-13,38;226
-13,27;225
-13,01;224
-11,43;158
-11,82;159
NA;NA
-11,78;162
-11,77;164
-12,71;174
-11,39;170
-12,88;176
1,26;1139
1,26;1139
1,26;1139
1,26;1139
1,26;1139
1,26;1139
1,26;1139
1,26;1139
1,26;1139
1,26;1139
1,26;1139
1,26;1139
1,26;1139
1,26;1139
1,26;1139
1,26;1139
3,12;1032
3,12;1032
3,12;1032
2,43;1078
2,43;1078
2,43;1078
2,43;1078
2,43;1078
2,43;1078
2,43;1078
2,43;1078
2,43;1078
2,57;946
2,57;946
2,57;946
2,57;946
1,87;1003
1,87;1003
1,87;1003
1,87;1003
1,87;1003
1,87;1003
1,32;1030
1,32;1030
1,32;1030
1,5;1033
1,5;1033
2,03;1313
2,03;1313
2,03;1313
2,03;1313
2,03;1313
1,99;1323
1,99;1323
1,99;1323
1,99;1323
1,99;1323
1,99;1323
1,99;1323
1,99;1323
1,99;1323
1,99;1323
1,99;1323
0,15;1313
0,15;1313
0,15;1313
1,99;1323
1,99;1323
1,99;1323
3,93;1209
3,93;1209
-0,15;1301
-0,15;1301
-0,15;1301
4,69;1254
5,23;1520
5,1;1527
5,1;1527
5,37;1506
5,31;1509
-0,23;1060
-0,23;1060
-0,23;1060
-0,34;1051
-0,34;1051
-0,34;1051
-0,23;1060
-0,23;1060
-0,23;1060
-3,4;561
-3,4;561
-3,4;561
-2,07;820
-2,07;820
-2,07;820
8,13;593
8,21;600
5,59;1028
5,59;1028
5,91;880
2,79;1243
7,91;696
7,91;696
7,91;696
7,91;696
7,91;696
7,91;696
7,91;696
7,91;696
7,91;696
7,91;696
7,91;696
7,91;696
7,91;696
7,91;696
7,91;696
7,91;696
7,91;696
7,91;696
7,91;696
7,91;696
7,91;696
7,91;696
7,91;696
7,91;696
7,91;696
7,91;696
7,91;696
7,91;696
7,91;696
7,91;696
7,91;696
7,91;696
7,16;519
7,16;519
7,16;519
7,16;519
7,16;519
7,16;519
7,16;519
7,15;518
7,16;519
7,15;518
7,15;518
7,15;518
7,15;518
7,15;518
7,15;518
7,15;518
7,15;518
7,15;518
7,15;518
7,15;518
7,15;518
7,15;518
7,15;518
7,15;518
7,15;518
7,15;518
7,15;518
7,15;518
7,15;518
7,15;518
7,51;660
7,51;657
7,51;657
7,51;657
7,51;657
7,51;657
7,51;657
7,51;657
7,51;657
7,51;657
7,51;657
7,51;657
7,51;657
7,51;657
7,52;659
7,52;659
7,52;659
7,52;659
7,52;659
7,52;659
7,52;659
7,52;659
7,52;659
7,52;659
7,52;659
7,52;659
7,52;659
7,52;659
7,52;659
7,53;656
6,44;628
6,44;628
6,44;628
6,44;628
6,44;628
6,44;628
6,44;628
6,44;628
6,44;628
6,44;628
6,44;628
6,44;628
6,44;628
6,44;628
6,44;628
6,44;628
6,44;628
6,44;628
6,44;628
6,44;628
6,43;628
6,43;628
6,43;628
6,47;628
6,47;628
6,47;628
6,44;628
6,47;628
6,47;628
6,44;628
7,89;956
8,82;751
-3,67;245
-3,67;245
-4,33;250
-3,67;210
-4,33;250
-4,33;250
-3,87;222
-4,4;237
-4,81;243
-2,13;278
-4,77;317
-2,98;291
-2,98;291
-3;292
-3,13;295
-4,4;237
-3,52;265
-3,52;265
-4,24;249
-3,44;264
-4,1;224
-1,55;277
-5,44;266
-4,61;337
-5,93;339
-4,64;333
-5,53;293
-3,44;264
-5,53;293
-5,53;293
-3,5;223
-5,53;293
-5,53;293
-2,7;370
-2,68;370
-2,63;289
-2,63;289
-2,63;289
-2,63;289
-2,63;289
-2,63;289
-2,56;381
-6,2;323
-5,46;304
-7,47;344
-6,58;326
-6,98;342
-6,98;342
-6,58;326
-6,98;342
-2,24;424
-1;404
-2,23;419
-2,42;458
-2,22;449
-1,93;441
-1,17;331
-1,17;331
-1,19;330
-1,19;330
-1,69;523
0,99;382
-1,19;330
-2,88;545
-1,17;331
-3,48;537
-2,85;671
-2,78;643
-3,43;540
-3,62;557
-2,61;634
-3,96;554
-3,92;540
-2,57;614
1,73;404
-0,44;545
-0,44;545
-2,85;654
1,37;427
1,32;428
-3,02;337
-3,83;373
-3,69;365
0,82;435
-1,33;575
-0,32;505
-4,84;403
-3,02;711
-1,25;567
-4,84;403
1,3;593
-1,25;567
-1,25;567
-1,6;578
-1,25;567
0,74;593
-1,25;567
-1,25;567
-1,25;567
2,23;437
0,8;462
0,5;473
-3,23;680
1,3;455
0,54;498
1,38;453
0,37;484
1,21;479
2,53;420
1,84;455
0,8;462
0,54;498
1,06;487
0,66;494
0,66;494
0,71;493
0,88;490
1,18;480
0,63;506
0,95;474
0,24;528
0,32;529
0,47;541
-4,02;710
-4,7;729
-4,7;729
-4,68;731
-0,16;559
-0,46;569
-4,69;992
-3,03;720
-0,46;569
-2,63;992
-2,12;662
-2,63;992
-6;772
-5,61;772
-0,13;545
-3,81;753
-2,2;310
-5,18;763
-5,69;768
-1,33;575
-0,32;505
-0,32;505
-0,31;522
-0,99;477
-1,51;484
-0,99;477
-5,81;298
2,92;427
2,53;422
2,32;415
2,08;428
2,38;402
1,6;373
2,16;365
2,64;346
2,31;434
2,14;441
1,96;524
2,08;479
2,85;534
2,12;561
2,11;548
3,62;476
3,17;466
3,88;419
3,21;429
3,58;346
4,42;394
3,18;414
4,58;385
4,24;413
3,66;446
3,66;446
3,33;475
3,45;449
3,12;516
3,03;556
2,75;584
1,53;662
1,06;671
1,47;582
0,77;536
1,13;438
0,72;481
1,65;496
2,25;478
2,44;443
2,34;469
2,07;508
2,23;514
0,73;648
0,78;617
0,53;590
0,13;620
-0,27;635
-0,56;655
-0,8;667
-0,95;680
-0,95;680
-1,33;705
-0,66;661
1,75;572
2,69;594
2,82;579
2,47;592
2,12;594
1,66;615
2,18;554
1,55;584
1,8;575
1,73;561
2,34;464
2,02;483
1,32;611
1,37;623
1,43;591
0,49;795
0,76;761
0,74;714
0,78;742
0,63;773
0,4;789
0,41;803
0,11;730
-0,94;714
-1,33;740
-2,03;784
-2,03;784
-2,35;805
-2,98;834
-2,98;834
-2,98;834
-2,98;834
0,96;486
1,04;552
1,76;503
1,89;507
-6,37;564
-6,26;564
-6,56;568
-7,11;582
-7,25;581
-7,55;581
-8,38;609
-6,26;564
-7,55;581
-7,55;581
2,63;408
-5,88;567
-5,88;567
-5,88;567
-5,88;567
-5,88;567
-5,88;567
-5,88;567
-5,95;401
-5,95;401
-5,95;401
-5,95;411
-5,95;421
-5,72;448
-9,11;270
-8,92;271
-8,92;271
-8,17;316
NA;NA
-6,86;369
-6,52;399
-6,86;369
-6,86;369
-6,86;369
-6,86;369
-5,55;430
-5,72;448
-5,72;448
-5,72;448
3,21;429
2,91;507
2,91;507
2,97;518
2,14;497
2,32;489
2,17;542
1,35;610
1,87;550
1,92;568
2,34;524
2,34;524
1,93;546
1,61;588
1,62;540
2,35;460
1,07;596
1,07;596
1,21;595
0,43;701
0,43;701
0,62;748
0,97;499
1,07;572
1,23;575
1,23;563
1,45;664
1,18;634
1,21;581
1,48;518
1,72;509
1,95;502
2,12;495
1,87;512
2,85;352
-8,66;332
-8,66;332
-8,78;337
-8,29;352
-8,29;352
-8,29;352
-8,29;352
-8,29;352
-8,29;352
-8,29;352
-8,29;352
2,28;345
-6,91;404
-6,88;408
-6,77;402
0,66;699
0,66;699
0,66;699
0,52;696
-3,91;433
-3,62;428
-3,87;421
-3,85;409
-3,79;422
-3,79;422
-3,79;422
-3,81;422
-3,54;456
-3,49;458
-3,69;453
-3,7;427
-7,18;352
-3,49;458
-6,97;399
-8,95;273
-8,95;273
-7,05;393
-6,98;400
-8,95;273
-6,95;401
-6,93;403
-6,98;400
-8,95;273
-7,18;352
0,95;693
0,74;690
0,84;675
0,83;678
0,79;699
-8,74;333
1,12;442
0,62;693
0,62;693
0,62;693
0,74;690
0,55;698
0,55;698
0,54;695
0,55;698
0,55;698
1,56;540
1,57;536
1,44;541
2,12;495
1,44;541
1,44;541
0,62;506
-0,27;542
2,28;345
2,51;422
2,35;388
-4,02;422
-8,79;336
-8,66;332
-8,66;339
5,55;696
5,55;696
5,55;696
5,55;696
5,55;696
5,55;696
5,55;696
5,55;696
5,55;696
5,55;696
5,55;696
5,55;696
5,55;696
5,55;696
5,55;696
5,55;696
-2,95;170
-3,09;167
-3,13;166
-3,13;166
-3,15;165
-3,15;165
-2,96;182
-2,66;179
-3,16;196
-2,84;201
-2,52;204
-2,87;181
-4,48;157
-4,71;150
-2,95;133
-5,24;139
NA;NA
5,81;1065
5,81;1044
5,53;1068
5,5;1066
5,51;1088
5,77;1063
5,8;1056
5,56;1066
4,93;1113
5,58;1076
4,83;1129
14,05;1071
14,24;969
14,26;913
13,91;1058
14,12;985
14,78;1148
14,77;1151
14,78;1158
14,78;1158
14,78;1155
14,79;1144
14,79;1144
13,29;766
13,71;768
14,34;759
12,62;734
13,4;756
11,78;671
12,64;696
11,76;673
10,45;652
11,18;655
8,9;649
9,07;650
7,47;685
13,63;733
13,29;766
13,71;768
14,34;759
12,54;698
13,73;735
13,93;752
14,04;751
14,33;759
14,38;754
14,44;775
14,43;771
14,42;767
14,43;768
14,4;758
13,38;730
13,9;765
13,9;765
13,88;758
13,89;764
14,33;759
14,38;755
14,38;755
14,28;771
14,02;765
14,3;1189
14,25;1158
14,27;1178
14,25;1158
14,25;1158
14,25;1158
14,38;1165
14,38;1157
14,77;1132
NA;NA
NA;NA
14,74;551
14,74;551
12,96;271
12,96;271
12,96;276
12,96;276
14,27;698
14,27;698
14,27;698
14,27;698
14,27;698
14,27;698
14,27;698
14,27;698
14,27;698
14,27;698
14,27;698
14,27;698
14,27;698
14,2;696
14,2;696
14,2;696
14,27;698
14,27;698
14,27;698
14,27;698
14,27;694
14,28;701
14,27;698
14,2;696
14,27;694
17,23;385
17,19;377
17,25;383
17,32;407
17,37;409
17,38;415
17,37;418
17,07;611
17,11;606
17,14;583
17,17;575
17,19;565
17,22;550
-11,77;164
-11,84;165
-11,95;168
-11,84;165
-11,88;163
-12,83;178
-11,84;161
-11,82;165
-12,83;178
-12,83;178
-11,85;177
-12,47;152
-12,67;156
-12,55;146
-12,43;164
-12,01;163
-11,91;161
-11,92;160
15,66;365
13,18;403
14,57;379
17,95;239
18,09;297
18,02;315
17,86;308
18,01;243
18;235
17,96;237
17,62;255
NA;NA
NA;NA
18,13;215
18,01;213
17,9;214
18,15;265
18,15;254
18,12;247
13,16;993
13,48;979
6,85;1317
11,34;421
11,16;436
12,29;381
11,84;443
9,27;606
8,93;673
8,36;749
7,3;903
7,58;864
8,33;747
8,08;782
8,1;783
7,03;948
8,41;750
10,33;476
9,99;518
9,73;548
8,33;747
7,23;923
6,37;1065
8,99;659
8,57;741
9,87;552
10,14;534
9,81;491
9,81;491
10,88;412
11,85;378
10,5;407
10,45;410
10,67;426
8,88;656
11,72;383
11,65;389
12,35;413
10,11;522
10,52;478
9,2;640
14,05;357
14,05;357
13,12;389
13,24;379
13,96;358
14,44;347
13,96;358
13,96;358
14,21;349
14,21;349
13,73;369
14,77;341
15,13;337
15,09;337
15,21;336
14,28;358
14,33;359
12,88;429
13,17;413
13,51;387
15,08;334
15,12;330
13,21;362
13,54;351
12,53;376
13,94;337
13,72;356
9,02;680
14,75;361
15,13;344
14,36;366
14,28;374
13,76;454
12,03;369
12,77;348
10,01;548
10,42;505
12,25;424
15,73;364
10,21;444
13,6;475
13,73;466
13,38;480
10,36;469
10,43;461
10,36;469
10,38;467
10,12;457
9,98;477
9,55;540
9,72;509
9,34;572
9,75;504
9,79;491
9,77;497
9,4;561
9,08;616
9,32;579
10,42;436
11,54;405
12,47;373
12,92;354
13,51;352
13,01;340
8,45;766
7,65;890
7,77;869
7,74;873
8,45;766
14,44;347
8,12;816
8,76;692
8,83;677
15,93;603
15,96;596
15,95;598
15,98;599
16,02;593
15,97;593
16,13;581
16,01;595
16,01;592
15,87;604
15,79;612
15,83;615
15,5;638
15,63;626
16,07;596
16,11;590
8,12;655
7,79;678
7,42;721
6,95;778
16,24;485
16,24;485
15,8;529
16,26;429
16,22;436
16,16;431
15,76;436
14,21;539
14,36;536
14,48;527
14,48;527
14,33;540
12,95;635
12,95;635
12,44;676
12,44;676
14,9;485
14,9;485
14,9;485
14,9;485
14,9;485
14,9;485
14,9;485
14,24;531
14,24;531
14,24;531
14,24;531
14,24;531
14,38;523
14,38;523
14,38;523
14,38;523
14,38;523
7,7;1207
7,7;1207
11,12;828
11,4;798
12,12;711
14,9;752
14,27;785
14,05;807
14,12;789
12,51;877
13;842
12,51;877
12,51;877
13,38;836
13,29;1202
13,73;1194
9,53;807
14,27;515
13,98;524
16,92;571
5,59;1163
15,58;494
10,29;580
10,59;555
10,29;580
1,54;1117
1,46;1117
5,58;887
6,97;792
8,4;697
7,58;753
6,98;792
6,98;792
6,98;792
4,56;936
13,86;540
8,53;633
8,65;624
11,52;449
12,27;1021
12,54;1023
12,58;1030
12,62;1043
12,48;1035
12,23;1042
12,23;1042
11,7;1039
11,2;1058
11,68;1035
11,49;1042
11,27;1052
11,56;1055
11,56;1055
8,48;1012
8,68;1025
9,47;826
3,98;1393
8,27;1143
5,68;1138
14,38;406
14,47;391
14,45;394
14,35;401
14,39;406
14,31;401
14,59;402
14,58;396
14,57;403
12,03;399
12,07;406
12,81;402
12,9;401
13,89;341
13,54;352
13,47;363
12,9;374
14,39;327
14,61;370
14,67;365
14,63;364
14,65;362
14,21;361
13,74;365
14,13;364
14,92;339
14,78;346
14,88;341
14,87;335
14,82;365
14,54;381
14,63;382
14,77;391
14,67;394
14,92;384
14,62;403
12,63;400
13,33;404
12,01;441
11,67;409
8,48;765
9,33;612
9,33;612
9,71;560
9,53;586
9,53;586
5,92;1318
5,92;1318
5,92;1318
5,92;1318
5,92;1318
10,47;485
10,58;478
10,99;455
10,27;510
10,27;510
10,27;510
10,57;482
10,54;485
12,74;431
12,37;441
12,77;424
12,36;413
10,11;505
9,21;630
10,12;511
8,73;709
8,73;709
6,19;1326
6,57;1230
6,99;1128
7,89;897
6,68;1215
5,24;1380
6,21;1288
7,93;759
7,98;744
11,24;443
11,33;435
11,67;411
6,19;1326
6,25;1301
6,68;1215
7,16;1098
7,21;1090
7,51;1015
8,55;775
8,42;786
9,91;543
10,14;519
10,14;519
10,14;519
10,14;519
9,95;541
11,77;397
10,32;500
10,32;500
10,36;501
10,36;501
10,32;500
10,32;500
14,21;342
14,74;337
14,23;411
14,46;400
14,49;400
5,92;1318
14,54;399
14,81;395
14,59;407
14,71;404
14,95;379
14,88;377
14,99;378
14,93;380
14,86;384
14,02;430
14,73;390
14,61;398
14,81;383
14,72;385
14,86;379
14,61;392
14,48;405
14,47;403
14,23;417
14,11;432
14,28;420
15,18;367
14,49;395
14,47;406
14,62;392
14,33;410
14,3;413
14,58;398
14,47;402
14,58;393
13,68;333
13,54;334
14,18;326
14,96;381
14,55;409
14,05;432
14,61;391
14,37;406
15,07;325
14,88;329
14,98;333
14,48;342
14,58;395
NA;NA
10;1475
10;1475
9,91;1464
10,01;1472
9,63;1451
9,41;1440
8,79;1437
7,63;925
12,67;1081
12,57;998
7,26;1033
11,63;423
11,57;423
11,56;423
11,53;419
11,62;414
11,79;412
7,93;721
8,63;733
8,9;689
9,14;646
6,69;1199
6,85;1142
6,14;900
6,2;842
5,75;947
6,14;900
6,14;900
5,64;965
5,04;1033
4,75;1073
16,03;384
15,72;403
15,96;377
15,64;382
15,43;356
15,61;341
15,07;372
14,81;394
14,2;430
14,14;430
14,23;423
14,06;423
13,76;430
13,27;442
13,09;460
12,87;468
12,49;487
13,75;426
12,61;484
12,75;476
15,76;369
15,72;367
15,92;372
15,43;337
15,76;378
15,45;339
15,24;335
15,18;330
15,3;330
15,17;330
14,68;386
14,63;391
14,59;396
14,68;386
15,38;353
15,4;363
15,15;365
15,26;368
14,76;386
14,99;376
15,46;349
14,54;393
14,64;390
14,87;381
15,24;372
15,39;372
15,33;371
14,04;434
14,11;429
14,12;430
14,63;397
14,53;402
14,53;402
14,54;399
14,68;392
14,64;393
14,37;412
14,24;421
14,3;421
14,4;404
14,17;427
13,95;439
14,04;434
14,08;431
13,92;439
13,92;439
13,95;439
13,8;445
14,13;429
14,18;426
13,25;455
12,74;487
12,57;490
12,79;472
13,04;466
13,77;437
13,92;439
13,98;438
14,22;420
14,25;417
14,25;417
14,42;413
14,42;412
14,42;412
14,59;406
14,58;401
14,61;397
14,43;405
14,43;420
14,54;409
14,53;403
14,61;397
14,73;393
14,73;390
14,73;393
14,59;392
14,54;394
14,59;393
14,54;400
14,63;397
14,62;428
14,68;397
14,64;392
14,64;397
14,72;394
14,7;394
14,6;394
14,21;417
14,2;421
14,34;405
13,62;454
13,65;452
14,03;428
17,32;407
17,24;400
12,15;391
11,94;397
12,04;389
12,44;407
12,05;397
11,97;401
14;543
12,4;559
11,94;567
10,48;592
10,11;592
10,11;592
7,34;677
7,28;658
7,28;658
6,23;682
8,32;628
8,32;628
8,83;609
8,83;609
10,33;562
10,33;562
10,33;562
10,33;562
11,53;541
11,41;542
11,41;542
11,41;542
13,4;517
11,33;543
8,26;565
8,6;580
8,3;560
9,03;579
8,66;585
8,55;528
8,67;583
8,59;607
8,97;587
8,71;608
8,61;511
9,07;592
8,6;580
8,26;570
8,66;585
9,03;579
8,29;554
8,63;561
9,14;546
8,94;513
8,88;550
8,78;583
8,45;578
8,28;558
8,28;543
8,59;564
8,48;512
8,95;550
8,98;554
8,72;509
8,56;566
8,98;579
8,53;620
8,62;562
8,26;544
8,52;615
8,28;566
8,3;560
9;563
8,57;610
8,4;602
8,74;569
8,96;543
8,5;581
8,74;569
9;520
8,26;543
8,58;595
9,07;556
8,53;554
8,5;555
8,23;561
8,26;565
8,19;564
8,95;563
5,27;1517
5,34;1508
4,61;1575
5,22;1517
4,67;1567
5,27;1517
5,37;1506
5,27;1516
5,6;1486
5,31;1506
5,45;1503
4,92;1542
5,49;1498
5,07;1526
5,44;1502
4,74;1558
5,23;1520
4,61;1575
4,92;1543
5,44;1502
9,33;1090
8,93;1118
8,01;1154
8,57;1125
8,57;1125
8,57;1125
8,57;1125
8,57;1125
8,46;1134
8,46;1134
8,46;1134
8,78;1112
8,57;1125
8,57;1125
8,57;1125
8,57;1125
8,57;1125
8,38;1137
8,38;1137
8,38;1137
8,38;1137
8,38;1137
8,38;1137
8,38;1137
8,57;1125
8,57;1125
8,57;1125
8,57;1125
8,57;1125
8,93;1118
8,57;1125
8,46;1134
8,46;1134
8,46;1134
8,93;1118
8,93;1118
8,93;1118
8,57;1125
8,57;1125
8,57;1125
8,57;1125
8,57;1125
8,57;1125
8,38;1137
8,38;1137
8,38;1137
7,57;1166
7,57;1166
7,57;1166
8,57;1125
8,78;1112
9,78;1099
9,78;1099
10,55;1085
9,78;1099
9,78;1099
10,04;1093
10,04;1093
9,28;1107
10;1092
10;1092
8,61;1128
8,61;1128
8,01;1154
8,01;1154
8,01;1154
8,61;1128
8,75;1115
8,75;1115
9,48;1090
9,33;1090
5,36;648
5,52;649
5,45;626
5,35;638
5,41;652
5,49;643
5,25;672
5,51;643
5,27;672
NA;NA
14,5;781
14,67;764
NA;NA
NA;NA
NA;NA
NA;NA
NA;NA
15,87;624
15,87;624
13,51;760
10,3;864
NA;NA
NA;NA
13,21;763
11,34;988
12,73;708
12,73;708
12,73;708
12,73;704
16,27;621
16,27;621
12,97;888
12,97;888
12,97;888
18,38;726
18,38;726
16,23;618
15,75;621
15,38;624
15,38;614
14,14;592
14,7;595
14,73;594
14,48;605
-2,19;630
-2,08;594
-1,52;611
-1,52;611
-1,47;609
-1,8;598
-1,68;619
-1,61;592
NA;NA
-1,09;654
-1,48;660
-1,26;663
NA;NA
-1,23;668
-1,45;667
-1,4;669
-1,42;671
NA;NA
NA;NA
-1,45;670
-1,45;670
-1,42;670
-1,48;670
-1,4;678
-2,02;579
NA;NA
NA;NA
-1,26;700
-1,14;706
-1,18;709
-1,27;704
-1,13;701
-1,13;701
NA;NA
-1,3;719
-1,3;719
-1,15;711
NA;NA
-1,47;691
NA;NA
NA;NA
NA;NA
-0,96;703
-1,03;688
NA;NA
-0,72;686
-1,34;683
NA;NA
NA;NA
-1,42;719
-1,42;719
-1,3;721
-0,47;632
-1,29;688
-1,29;695
0,16;649
-1,32;712
-1,33;719
-1,62;738
-1,03;737
NA;NA
-1,37;744
-1,37;744
-1,43;780
-0,4;735
-0,23;745
-0,06;757
NA;NA
1;747
2,07;749
-0,86;718
2,81;808
2,45;806
2,58;802
2,88;788
2,88;788
2,88;788
2,32;807
2,61;838
3,49;763
NA;NA
3,47;752
NA;NA
3,33;812
3,98;786
3,98;786
4,1;792
3,81;806
3,83;812
2,19;807
NA;NA
2,77;811
3,88;798
3,88;798
3,87;797
3,76;801
3,83;795
3,83;798
-1,65;625
-1,84;619
-1,82;621
-1,81;627
-1,33;612
-1,4;611
-1,71;631
-0,43;530
NA;NA
-1,82;595
-2,41;608
NA;NA
-1,35;585
-1,17;575
NA;NA
NA;NA
NA;NA
NA;NA
NA;NA
NA;NA
NA;NA
NA;NA
NA;NA
NA;NA
NA;NA
NA;NA
NA;NA
NA;NA
NA;NA
NA;NA
NA;NA
-1,77;628
-2,71;634
-1,29;636
-1,47;608
-1,69;641
-2,1;602
-1,09;617
-1,54;624
3,42;775
3,42;773
3,42;773
3,38;770
3,65;800
4,05;787
3,86;772
NA;NA
3,59;774
NA;NA
NA;NA
NA;NA
NA;NA
3,44;772
-0,83;703
-1,14;661
-1,35;663
-1,33;662
-1,33;662
-1,47;658
-1,47;658
-1,44;658
-1,4;665
-1,46;661
-1,47;660
-0,86;718
-1,56;674
NA;NA
NA;NA
NA;NA
NA;NA
-1,65;739
NA;NA
NA;NA
4,21;790
-1,23;633
-1,15;627
-1,23;633
-1,23;664
-1,72;630
-1,23;624
-1,77;641
3,52;765
-1,2;543
-2,19;598
-2,38;593
-2,38;593
-2,46;594
-2,38;591
-1,85;606
-1,94;608
-2,13;604
-2,17;603
-2,52;607
-1,95;596
-1,92;616
-2,11;612
-2,21;613
-1,53;666
4,19;841
4,28;835
-0,83;542
-1,14;517
-0,81;605
-0,53;600
NA;NA
NA;NA
NA;NA
NA;NA
NA;NA
NA;NA
NA;NA
NA;NA
NA;NA
NA;NA
NA;NA
NA;NA
NA;NA
NA;NA
NA;NA
NA;NA
NA;NA
NA;NA
NA;NA
NA;NA
NA;NA
NA;NA
NA;NA
NA;NA
NA;NA
NA;NA
NA;NA
NA;NA
NA;NA
NA;NA
NA;NA
3,06;715
3,06;715
3,18;713
3,09;722
3,23;714
4,03;798
4,39;790
4,36;790
4,29;790
4,18;789
3,64;616
3,64;616
3,64;616
3,67;615
3,64;615
3,64;615
3,64;616
3,64;616
3,65;616
3,4;638
4,13;575
3,36;666
3,38;623
3,38;631
3,39;635
3,43;639
3,29;663
4,13;573
4,09;575
3,38;663
4,09;575
4,06;577
4,1;574
4,1;574
4,13;573
4,12;566
4,12;565
4,12;565
4,15;565
4,15;565
4,27;725
6,69;699
6,61;701
6,37;696
6,24;692
6,29;690
7,05;709
6,52;700
6,42;708
6,46;705
6,49;710
6,38;711
6,33;704
6,29;703
6,3;693
6,31;692
6,27;686
6,27;686
6,27;686
6,63;693
6,63;693
6,63;693
5,6;690
6,63;693
6,62;690
6,62;690
6,68;687
6,37;691
5,64;692
NA;NA
5,62;690
5,93;667
5,93;667
7,03;728
4,71;659
5,11;676
5,11;678
5,14;676
4,92;665
4,92;665
5,08;711
5,35;702
5,32;699
5,39;693
5,39;693
5,39;697
5,4;689
5,4;693
7,05;709
5,39;704
5,43;692
6,36;697
5,52;697
NA;NA
8,63;539
7,68;517
7,68;517
7,68;517
7,68;517
7,68;517
7,68;517
7,68;517
7,68;517
7,68;517
7,68;517
8,96;1014
8,97;1018
8,97;1018
8,97;1018
8,97;1018
8,97;1018
8,97;1018
8,97;1018
8,91;1021
8,91;1021
8,91;1021
8,91;1021
8,98;1020
9,68;994
9,68;994
9,68;994
9,68;994
9,68;994
9,78;989
9,78;989
8,55;1029
8,55;1029
8,55;1029
8,58;1032
8,58;1032
8,58;1032
8,58;1032
8,72;1018
8,72;1018
8,72;1018
8,72;1018
8,72;1018
8,72;1018
8,72;1018
8,52;1035
8,52;1035
8,52;1035
8,52;1035
8,52;1035
8,52;1035
8,52;1035
8,52;1035
8,58;1029
8,58;1023
8,58;1023
8,58;1029
8,58;1029
8,52;1035
8,52;1035
8,52;1035
8,52;1035
8,52;1035
8,88;1030
8,88;1030
8,88;1030
8,88;1030
8,92;1033
8,92;1033
8,92;1033
8,98;1014
8,98;1014
8,98;1014
8,98;1014
8,99;1012
9;1022
9;1022
9,04;1021
9,04;1021
9,04;1021
9,04;1021
9,04;1021
9,05;1025
9,05;1025
8,51;1029
8,51;1029
8,51;1029
8,51;1029
8,51;1029
8,51;1029
9,37;1006
9,37;1006
9,02;1032
9,02;1032
8,73;1021
8,77;1021
8,77;1021
8,77;1021
8,77;1021
8,93;1009
8,93;1009
8,98;1011
10,34;1406
10,26;1469
10,34;1406
10,34;1406
10,26;1469
10,16;1524
10,16;1524
10,16;1524
10,34;1406
10,34;1406
10,37;1390
10,37;1390
10,34;1406
10,25;1387
10,25;1387
10,27;1523
10,16;1524
9,43;1774
9,43;1774
10,16;1524
10,16;1524
10,16;1524
10,16;1524
10,16;1524
10,34;1406
10,34;1406
10,34;1406
10,25;1387
10,25;1387
10,25;1387
10,42;745
9,3;764
8,73;778
8,28;783
7,3;801
6,01;823
6,38;813
5,95;835
5,01;866
3,6;1014
4,19;894
3,43;940
9,41;1942
9,41;1942
9,91;1657
9,53;2029
9,46;2049
10,18;1440
12,87;1189
9,75;1826
9,07;1989
9,14;1885
8,41;1725
11,58;1319
12,22;1239
10,92;1650
11,32;1523
11,78;757
7,47;1108
10,23;1152
9,15;663
9,72;571
9,56;591
11,2;393
14,29;437
13,58;465
8,21;615
8,39;572
8,33;575
8,14;619
8,13;618
8,22;605
8,23;599
8,18;630
8,17;635
8,11;572
8,31;550
8,37;569
8,33;547
8,28;591
-14,69;185
-14,69;181
NA;NA
-15,21;179
-15,36;176
-15,23;174
-15,12;196
-15,24;170
-14,88;175
-15,17;179
-14,08;219
-14,32;225
-14,3;224
-14,56;224
-13,94;233
-14,27;213
-10,46;259
-10,2;248
-10,88;286
-10,78;286
-9,48;258
-9,97;309
-10,03;335
-9,77;368
-9,17;383
-8,88;407
-8,28;459
-7,1;533
-8,57;644
-9,08;611
-9,8;619
-8,45;574
-7,11;553
-7,78;572
-7,95;592
-9,73;260
-10,54;259
-10,42;286
-10,38;293
-10,24;293
-10,17;290
-9,97;284
-9,82;285
-10,07;287
-10,07;278
-9,76;269
-9,68;268
-9,54;276
-10,3;236
-10,49;277
-10,59;289
-10,96;283
11,18;1522
11,18;1522
11,18;1522
11,18;1522
11,18;1522
11,18;1522
11,18;1522
11,18;1522
11,18;1522
11,18;1522
11,18;1522
11,18;1522
11,18;1522
11,18;1522
11,18;1522
11,06;1507
11,06;1507
11,06;1507
11,06;1507
11,06;1507
11,06;1507
11,06;1507
11,06;1507
11,06;1507
11,06;1507
11,06;1507
11,06;1507
11,06;1507
11,06;1507
11,06;1507
11,32;1305
11,32;1305
11,32;1305
11,32;1305
11,32;1305
NA;NA
NA;NA
NA;NA
NA;NA
NA;NA
6,94;221
6,35;249
6,27;260
5,67;311
-0,72;458
11,68;1754
13,82;1551
14,19;2156
12,5;2313
12,69;2294
11,97;2127
10,97;1918
10,47;1927
NA;NA
9,17;1603
9,03;1403
14,55;1426
15,28;1616
7,43;2433
15,95;1925
NA;NA
16,81;2049
12,66;1971
11,98;2062
16,32;1864
9,09;2436
15,34;1796
15,53;1663
15,82;1439
14,28;1699
14,68;1848
13,55;2248
NA;NA
6,07;1006
NA;NA
13,12;2178
9,74;1758
8,33;1595
10,92;1768
7,52;1613
13,09;2110
NA;NA
17,31;2349
16,55;2064
NA;NA
4,68;1148
6,33;1203
6,5;1203
6,51;1149
5,17;1128
5,52;1077
6,01;944
6,7;1056
6,85;1046
6,93;1070
4,94;1247
5,8;1164
7,05;1116
7,58;1064
7,49;1092
14,75;1682
12,36;2415
10,38;2098
6,46;2032
8,11;1616
9,68;1520
9,02;1232
7,82;1352
9,54;1242
9,2;1331
14,68;1618
13,9;1776
16,55;2013
13,46;2227
14,77;2022
17,26;2249
17,31;2349
NA;NA
NA;NA
NA;NA
NA;NA
14,9;1226
NA;NA
NA;NA
NA;NA
NA;NA
NA;NA
8,11;638
8,39;644
6,48;808
6,46;814
6,43;591
7,46;551
-13,92;225
-13,87;230
-13,87;228
-13,86;230
-13,84;228
-13,81;230
-13,81;234
-13,84;235
-13,83;235
-13,88;230
-13,88;231
-13,89;228
-13,88;228
-13,89;227
-13,54;244
-13,68;261
-13,66;262
-13,67;262
-13,68;256
-13,66;258
-13,66;258
-13,63;265
-13,27;263
-12,92;269
-12,85;269
-12,82;266
-12,84;268
-12,82;267
-12,83;267
-12,79;266
-12,81;268
4,48;694
4,48;694
4,48;694
4,48;694
4,48;694
4,48;694
4,48;694
4,48;694
4,48;694
4,48;694
4,48;694
4,48;694
4,48;694
4,48;694
4,48;694
4,48;694
4,48;694
4,48;694
4,48;694
4,48;694
4,48;694
4,48;694
4,48;694
4,48;694
4,48;694
4,48;694
4,48;694
4,52;696
4,52;696
4,52;696
4,52;696
4,52;696
4,52;696
4,52;696
4,52;696
4,52;696
4,52;696
4,52;696
4,48;694
4,75;709
5,62;560
5,61;561
5,8;553
5,86;553
4,92;584
4,73;591
4,72;593
0,7;521
-2,19;534
-4,3;536
4,82;577
5,61;561
5,8;553
5,86;553
5,67;559
5,87;553
5,87;553
5,67;559
5,83;551
5,43;558
4,92;584
4,68;592
4,68;592
4,72;597
4,78;592
4,98;632
4,98;632
4,98;632
4,98;632
5,12;624
6,51;550
6,51;550
6,55;548
6,53;547
4,67;597
5,2;640
5,2;638
5,2;638
5,2;635
5,2;635
5,22;633
5,27;634
4,33;553
4,33;553
4,39;550
4,04;550
3,92;543
3,92;544
4,62;525
4,62;525
4,58;525
4,52;582
4,53;582
4,52;579
4,55;577
4,54;581
4,57;581
4,52;579
4,72;565
4,72;565
4,67;568
4,82;565
0,86;534
0,81;531
0,87;529
0,96;531
0,32;568
0,16;571
0,98;530
0,5;557
0,82;544
0,52;551
0,92;522
1,19;501
1,21;504
1,2;502
1,21;504
NA;NA
1,2;510
NA;NA
0,85;542
0,97;526
4,48;694
4,48;694
4,42;688
4,48;694
4,75;709
4,38;691
4,39;687
4,26;680
4,73;594
2,38;468
2,38;468
4,24;627
4,18;624
4,1;626
4,1;620
0,7;521
-2,17;542
-4,3;536
-4,3;536
1,15;554
0,98;550
1,03;549
0,13;619
0,31;624
0,12;628
0,3;621
0,32;622
0,28;624
0,3;626
0,3;626
0,31;624
0,28;624
0,28;624
0,28;624
0,31;624
1,18;565
1,18;565
1,21;566
1,23;565
-0,31;589
-0,31;589
-0,3;591
-0,3;591
-0,29;643
-0,29;643
-0,2;636
-0,08;633
-0,4;595
-0,24;602
NA;NA
NA;NA
10,44;535
10,44;535
NA;NA
NA;NA
NA;NA
NA;NA
10,17;531
11,35;430
11,53;397
11,53;397
11,53;397
NA;NA
10,17;531
10,13;531
10,17;531
NA;NA
11,21;435
NA;NA
NA;NA
NA;NA
1,62;596
1,62;596
1,62;596
1,62;596
5,26;650
5,26;650
-7,33;426
-10,08;461
1,5;609
1,5;607
1,78;583
1,78;583
3,21;558
3,15;568
3,12;567
3,03;568
3,03;552
2,67;568
2,7;577
2,57;638
3,16;557
0,48;612
0,48;612
0,73;619
0,73;619
0,73;619
0,55;586
0,99;553
1,27;578
0,95;598
0,84;612
0,27;636
1,79;524
1,95;513
1,92;515
2,07;509
1,67;531
1,67;531
1,67;531
1,59;439
-0,09;628
0,36;584
-0,42;595
-1,54;514
0,34;629
0,24;613
1,91;574
0,92;567
-5,46;611
-5,57;623
-5,46;611
-5,57;623
-5,46;611
-2,02;657
0,38;583
0,23;608
0,32;602
-0,75;618
-0,83;620
-1,01;634
-0,96;635
-0,63;613
-0,75;629
-0,8;630
-1,63;612
-1,75;606
-1,84;610
-1,83;607
2,66;294
4,58;647
6,17;626
6,21;628
4,6;634
4,52;637
4,52;637
4,52;637
4,72;619
-6,37;564
-6,26;564
-6,56;568
-7,11;582
-7,25;581
-7,55;581
-8,38;609
-6,26;564
-7,55;581
-7,55;581
-5,88;567
-5,88;567
-5,88;567
-5,88;567
-5,88;567
-5,88;567
-5,88;567
-8,17;617
-8,17;617
-8,17;617
-8,17;617
-8,17;617
-8,17;617
-8,17;617
-8,17;617
-8,17;617
-8,17;617
-8,17;617
-8,17;617
-8,17;617
2,99;699
2,58;711
2,82;718
9,72;498
9,29;520
4,69;701
4,69;701
4,69;701
2,28;610
2,28;610
2,28;610
0,01;557
-0,01;557
0,22;549
2,67;600
2,68;598
5,15;637
4,52;578
4,51;580
4,52;578
4,52;583
-1,88;681
4,8;594
4,55;686
-3,41;455
5,12;568
4,28;513
4,27;513
4,28;514
4,27;512
4,28;513
4,28;513
4,27;514
4,23;518
4,28;513
4,45;509
4,41;513
4,38;515
4,44;511
4,41;515
4,52;580
4,81;577
4,66;577
4,69;574
4,66;575
4,64;576
4,66;575
4,67;578
4,67;579
4,7;576
5,02;620
7,87;608
7,48;668
7,77;668
7,99;616
7,57;778
7,63;692
8,27;676
8,06;803
8,24;764
8,74;598
8,33;632
7,8;681
7,66;721
7,98;810
7,68;775
7,67;724
1,93;1054
1,93;1054
1,93;1054
1,31;1050
1,31;1050
1,31;1050
1,86;949
1,86;949
4,96;1000
2,1;958
3,76;1048
3,76;1048
-0,23;980
3,27;1024
3,68;1274
3,68;1274
4,04;1236
4,04;1236
4,6;1194
4,6;1194
5,09;1152
5,09;1152
2,87;1360
2,87;1360
2,87;1360
2,87;1360
1,49;1530
1,49;1530
1,49;1530
-0,03;1590
-0,03;1590
-0,03;1590
-1,09;1422
-0,03;1590
4,04;1236
4,85;1185
6,67;938
0,53;1572
0,18;1557
0,72;1578
1,45;1571
1,15;1573
1,15;1573
2,58;1509
4,58;1320
2,4;1524
6,38;1123
3,68;1141
4,43;1114
4,43;1114
3,45;1137
2,93;1149
2,93;1149
3,45;1137
-1,22;1098
-1,22;1098
-1,22;1098
-1,22;1098
-1,22;1098
-1,22;1098
-1,22;1098
-1,22;1098
-0,3;1145
-0,3;1145
-0,3;1145
1,98;1194
1,98;1194
-1,37;1088
0,67;1177
0,96;1191
2,01;1201
9,94;851
10,32;824
10,6;805
8,96;880
8,56;887
5,78;1026
8,26;906
8,26;906
6,44;985
5,51;1031
4,21;1064
4,67;1046
3,89;1061
4,67;1046
12,31;786
1,93;1054
1,54;1051
1,56;1053
8,02;1202
8,02;1202
8,02;1202
8,02;1202
8,02;1202
6,65;1340
6,65;1340
6,65;1340
6,65;1340
6,65;1340
6,65;1340
6,65;1340
5,21;1481
5,21;1481
4,88;1517
4,88;1517
4,88;1517
4,34;1558
4,34;1558
4,88;1517
4,88;1517
4,88;1517
4,88;1517
4,88;1517
2,12;1504
2,12;1504
2,12;1504
1,99;1507
1,99;1501
1,99;1501
1,99;1501
2,23;1500
2,23;1500
2,44;1500
2,44;1500
2,62;1493
2,44;1500
2,62;1493
2,78;1488
2,78;1488
2,78;1488
4,09;1430
4,09;1430
3,42;1461
3,42;1461
3,98;1433
4,38;1412
4,73;1396
4,73;1396
5,76;1342
5,76;1342
5,94;1320
7,19;1243
6,82;1264
8,11;1173
8,11;1173
8,11;1173
8,11;1173
7,7;1200
9,6;1051
9,3;1063
9,3;1063
10,32;1002
10,32;1002
13,18;701
13,18;701
13,18;701
13,18;701
12,7;723
12,7;723
12,7;723
8,42;1002
8,25;1013
7,85;1041
7,85;1041
7,85;1041
7,85;1041
7,85;1041
7,85;1041
9,72;900
8,8;920
9,55;874
8,29;1010
8,29;1010
8,29;1010
8,75;966
8,75;966
8,75;966
8,75;966
8,75;966
6,52;1036
6,52;1036
6,52;1036
6,52;1036
7,01;1001
7,01;1001
6,42;1074
6,62;1069
8,43;967
8,43;967
8,93;948
8,93;948
8,93;948
8,93;948
8,2;933
8,2;933
8,2;933
4,97;1154
4,97;1154
6,24;1080
7,95;974
7,95;974
5,63;1075
5,63;1075
4,26;1128
4,1;1130
3,69;1147
2,34;1177
2,83;1170
2,83;1170
2,83;1170
2,83;1170
10,92;847
10,92;847
9,75;949
9,75;949
9,57;970
9,57;970
9,48;977
9,48;977
9,48;977
9,48;977
9,48;977
9,48;977
9,66;948
7,89;612
11,53;535
11,53;535
11,2;545
11,2;545
11,2;545
11,2;545
11,7;529
11,25;548
12,02;539
11,23;542
11,1;537
11,14;545
11,54;545
11,58;548
10,86;547
13,34;482
13,34;482
15,62;451
15,77;449
15,77;452
15,23;466
14,89;473
15,72;451
15,53;462
14,96;481
14,58;501
14,32;514
13,59;527
4,73;779
4,73;779
5,8;731
NA;NA
7,82;630
9,11;576
9,9;575
9,9;575
9,9;575
6,9;656
7,22;637
7,22;637
6,9;656
10,1;565
9,86;578
10,2;570
10,77;542
10,07;547
10,52;533
10,62;509
1,63;537
1,65;530
-6,58;397
-6,94;377
-5,39;518
-5,39;518
-5,82;590
-5,36;470
1,54;540
1,54;540
1,54;540
1,65;530
1,28;615
1,17;605
1,42;589
1,42;589
1,57;546
1,88;515
1,63;532
1,82;556
1,73;460
-2,29;1013
-2,29;1013
-2,29;1013
-2,29;1013
-2,29;1013
-2,29;1013
-2,29;1013
-2,29;1013
-2,29;1013
-2,29;1013
-2,29;1013
-2,29;1013
-2,29;1013
-2,29;1013
-2,29;1013
-2,29;1013
-2,29;1013
-2,29;1013
-2,29;1013
-2,29;1013
-2,29;1013
-2,29;1013
-1,84;986
-1,84;986
-1,84;986
-1,84;986
-1,84;986
-1,84;986
-1,84;986
-1,84;986
-1,84;986
-1,84;986
-1,84;986
-1,84;986
-1,84;986
-1,84;986
-2,13;996
-2,13;996
-2,13;996
-2,13;996
-2,13;996
-2,13;996
-2,13;996
-2,13;996
-2,13;996
-2,13;996
-2,13;996
-2,13;996
-2,13;996
-2,13;996
-2,29;1013
-2,29;1013
-2,29;1013
-2,29;1013
-2,29;1013
-2,29;1013
-2,29;1013
-2,29;1013
-2,29;1013
-2,29;1013
-2,29;1013
-0,61;2563
-0,61;2563
-0,61;2563
-0,61;2563
-0,61;2563
-0,61;2563
-0,61;2563
-0,61;2563
-0,61;2563
-0,13;1597
-0,13;1597
-0,13;1597
-0,13;1597
-0,13;1597
-0,57;1708
-0,57;1708
-0,57;1708
-0,57;1708
-0,57;1708
-0,57;1708
-0,57;1708
-0,57;1708
-0,57;1708
-0,57;1708
-0,57;1708
-0,57;1708
-0,57;1708
-0,57;1708
-0,57;1708
-0,57;1708
-0,57;1708
-0,57;1708
1,7;1484
1,7;1484
1,7;1484
1,7;1484
1,7;1484
1,82;1462
1,82;1462
1,82;1462
1,82;1462
1,82;1462
0,68;1654
0,68;1654
0,68;1654
0,68;1654
0,68;1654
0,68;1654
0,68;1654
0,68;1654
0,68;1654
-0,73;1264
-0,73;1264
-0,73;1264
-0,73;1264
-0,73;1264
-0,53;1310
-0,53;1310
-0,53;1310
-0,53;1310
-0,53;1310
-0,51;1183
-0,51;1183
-0,51;1183
-0,51;1183
-0,51;1183
-0,51;1183
-0,51;1183
-0,51;1183
-0,51;1183
-2,38;1162
-2,38;1162
-2,38;1162
-2,38;1162
-2,38;1162
-2,38;1162
-2,38;1162
-2,38;1162
-2,38;1162
-2,61;1182
-2,61;1182
-2,61;1182
-2,61;1182
-2,61;1182
-2,06;1064
-2,06;1064
-2,06;1064
-2,06;1064
-2,29;1013
-2,29;1013
-2,29;1013
-2,29;1013
-2,29;1013
-2,29;1013
-2,29;1013
-2,29;1013
-2,29;1013
-2,29;1013
-2,29;1013
-2,29;1013
-2,29;1013
-2,29;1013
-2,29;1013
-2,29;1013
-2,29;1013
-2,29;1013
-2,29;1013
-2,29;1013
-2,29;1013
-2,29;1013
-3,38;1367
-3,38;1367
-3,38;1367
-3,38;1367
-3,38;1367
-2,24;1086
-2,24;1086
-2,24;1086
-2,24;1086
-2,24;1086
-1,09;906
-1,09;906
-1,09;906
-1,09;906
-1,09;906
-0,78;859
-0,78;859
-0,78;859
-0,78;859
-0,78;859
-1,17;893
-1,17;893
-1,17;893
-1,17;893
-1,17;893
-1,62;959
-1,62;959
-1,62;959
-1,62;959
-1,62;959
-2,75;1107
-2,75;1107
-2,75;1107
-2,75;1107
-2,75;1107
-1,83;990
-1,83;990
-1,83;990
-1,83;990
-1,83;990
-1,77;978
-1,77;978
-1,77;978
-1,77;978
-1,77;978
-1,77;978
-1,77;978
-1,77;978
-1,77;978
-1,77;978
-1,8;946
-1,8;946
-1,8;946
-1,8;946
-1,8;946
-2,53;1036
-2,53;1036
-2,53;1036
-2,53;1036
-2,53;1036
-2,53;1036
-2,53;1036
-2,53;1036
-2,53;1036
-2,53;1036
-2,53;1036
-2,53;1036
-2,53;1036
-2,53;1036
-2,53;1036
-2,53;1036
-2,53;1036
-2,53;1036
-1,78;920
-1,78;920
-1,78;920
-1,78;920
-1,78;920
-1,78;920
-1,78;920
-1,78;920
-1,78;920
-3,03;1139
-3,03;1139
-3,03;1139
-3,03;1139
-3,03;1139
6,79;642
7,59;667
6,9;658
7,44;584
7,38;587
7,37;592
7,44;585
7,38;587
7,28;596
7,28;596
7,15;612
7,15;610
7,44;584
7,38;587
7,37;592
7,44;585
7,38;587
7,28;596
7,28;596
7,15;612
7,37;592
7,44;585
7,28;596
15,95;1142
15,83;1103
15,83;1103
15,85;1099
15,17;993
14,75;909
14,23;845
13,76;824
13,78;778
13,36;717
12,64;584
12,64;584
12,21;522
12,61;494
12,61;494
11,43;435
11,09;406
11,44;426
10,59;368
9,83;322
9,83;322
9,83;322
9,28;303
9,08;294
7;1850
6,58;1909
6,95;1753
6,59;1861
6,74;1962
9,27;848
9,2;859
6,23;2005
5,89;1612
6,52;1951
6,06;1999
9,32;850
9,13;861
9,62;855
8,99;848
0,79;449
0,63;456
0,74;451
0,8;451
0,72;458
0,63;470
0,93;481
1,15;483
0,62;456
1,34;465
0,66;466
1,42;458
1,47;452
1,48;442
1,56;423
1,19;375
0,93;402
1,28;382
1,28;382
1,28;382
1,28;382
1,93;412
1,93;412
1,14;386
1,14;386
1,61;420
1,81;412
1,14;386
1,61;420
1,21;380
1,61;420
1,61;420
1,28;376
1,16;384
1,13;386
1,56;414
1,16;409
1,15;387
1,53;433
1,57;423
1,16;384
1,58;423
1,28;383
1,58;423
1,28;382
1,2;386
1,22;391
1,28;382
1,05;410
1,08;413
-6,19;442
1,28;382
1,19;375
1,19;375
1,26;376
1,1;393
1,12;402
1,22;391
1,09;401
1,17;428
1,15;418
1,19;418
1,1;425
1,17;399
1,18;418
1,12;398
1,22;388
1,22;404
1,78;407
1,67;468
1,68;469
2,32;353
2,26;346
1,26;465
1,78;407
1,57;424
1,81;412
1,81;412
-8,93;445
-8,93;445
-8,92;447
-8,97;435
-8,97;436
-8,88;437
-8,88;437
-8,9;437
-4,65;527
1,26;465
1,93;412
-8,93;356
-8,22;353
-8,21;354
-8,36;348
-8,33;352
-8,19;351
-8,08;350
-8,07;348
-8,67;357
-8,67;359
-8,77;364
-8,77;364
-8,77;364
-8,55;379
-8,55;379
-8,28;394
-8,28;394
-8,28;394
-8,03;414
-8,03;414
-8,03;414
-7,6;434
-7,61;433
-7,56;455
-7,56;455
-7,41;457
-7,22;459
-7,22;459
-7,16;468
-7,16;468
-6,98;485
-6,73;493
-6,73;493
-6,73;493
-6,33;501
-6,33;501
-5,94;502
-5,94;502
-5,58;507
-5,55;500
-5,55;500
-5,31;505
-5,31;505
-5,22;512
-5,22;512
-5,03;506
-4,86;514
-4,86;514
-4,61;528
-4,61;528
-4,12;533
-4,12;533
-4,12;533
-3,73;539
-3,73;539
-3,35;537
-3,35;537
-2,92;536
-2,92;536
-2,98;545
-2,98;545
-2,81;540
-2,81;540
-2,48;538
-2,48;538
-2,25;542
-2,05;538
-2,05;538
-1,72;542
-1,72;542
-1,51;537
-1,51;537
-1,37;529
-1,37;529
-1,04;517
-1,04;517
-0,77;508
-0,77;508
-0,55;505
-0,55;505
-0,34;506
-0,21;505
-0,21;505
-0,21;505
-0,07;500
-0,07;500
-0,07;500
0,12;493
0,12;493
0,18;488
0,24;480
0,24;480
0,24;480
0,78;465
0,78;465
0,83;471
0,92;491
0,92;491
NA;NA
-5,72;423
-9,17;346
-6,1;443
-5,79;415
-6,12;414
-4,97;503
-4,54;496
-4,1;509
-3,91;515
-3,92;524
-3,39;519
-3,23;519
-3,33;552
-2,67;525
-2,22;517
-2,6;544
-2,14;559
-1,85;575
-1,82;575
-1,68;545
-1,23;551
-1,45;547
-2,03;511
-0,97;530
-1,27;527
-1,23;523
0,07;482
0,54;491
0,51;475
1,02;436
1,85;463
1,84;466
1,77;449
1,59;444
0,93;399
1,93;350
1,6;452
1,59;424
1,28;382
0,88;400
1,16;409
1,56;448
1,78;407
9,35;899
8,38;856
8,38;856
13,07;430
13,07;430
14,66;519
8,02;778
6,71;769
6,23;778
6,23;778
7,1;785
7,1;785
7,1;785
7,55;782
7,55;782
15,67;713
15,67;713
15,55;705
15,67;713
15,55;816
15,55;816
15,54;873
15,54;873
15,52;880
15,52;880
12,63;779
12,63;779
15,82;1641
7,75;809
7,75;809
7,51;822
7,51;822
10,64;754
10,64;754
12,02;349
12,02;349
12,02;349
12,49;315
12,49;315
-5,48;537
-0,78;610
-0,81;610
-0,62;599
-0,61;602
-0,64;602
-0,67;612
0,53;551
0,67;562
0,66;567
0,3;616
0,25;596
-3,48;509
-3,85;441
-3,84;445
-4,16;462
-4,31;466
-3,76;522
-3,73;527
-2,97;505
-3,78;413
-3,8;438
-3,84;441
-3,73;527
-4,29;489
-3,8;611
-3,78;413
-5,15;467
-5,15;467
-5,12;475
-5,32;435
-5,69;549
-5,55;643
-6,2;569
-5,64;508
5,45;566
5,45;557
5,1;553
5,58;553
5,14;541
4,97;553
5,1;548
5,11;574
4,82;575
4,84;579
4,79;593
5,22;652
1,07;710
1,07;710
1,07;710
1,07;710
1,39;678
1,39;678
1,39;678
1,39;678
1,39;678
1,39;678
1,07;710
1,07;710
1,31;731
1,31;731
1,31;731
1,31;731
1,31;731
1,31;731
1,31;731
1,31;731
1,41;725
1,41;725
1,41;725
1,41;725
1,63;715
1,63;715
1,67;705
1,63;715
2,03;681
2,03;681
2,03;681
2,03;681
2,03;681
2,03;681
0,77;715
0,77;715
0,77;715
0,77;715
0,77;715
0,77;715
2,03;681
1,31;731
1,31;731
1,31;731
1,31;731
1,31;731
1,67;705
1,67;705
2,03;681
2,03;681
2,03;681
NA;NA
1,98;671
1,31;731
1,31;731
1,31;731
1,31;731
1,31;731
1,31;731
1,67;705
2,03;681
2,03;681
1,87;689
1,67;705
-2,37;478
-2,19;555
-1,01;449
-0,91;457
-1,01;459
-1,15;507
-1,02;506
-0,87;585
-0,85;590
-0,87;592
-0,81;561
-0,71;551
-0,27;522
-0,28;525
0,15;521
-0,37;586
-0,42;609
-0,59;575
-0,59;567
-0,67;595
-0,03;622
0,71;642
0,97;634
0,42;666
0,74;586
0,25;580
0,32;575
1,41;683
1,61;609
2,04;577
1,8;598
1,54;627
0,97;613
0,85;617
0,78;625
1,13;631
1,22;640
1,41;619
1,7;637
1,83;630
1,58;650
1,85;664
2,15;671
2,24;660
2,45;639
2,83;633
3,23;622
2,97;605
2,88;626
3,18;622
3,02;630
2,32;633
2,38;612
2,44;617
2,69;589
2,62;600
2,53;637
2,88;630
2,75;650
2,81;631
3,22;630
3,28;615
3,62;602
3,65;625
3,84;649
4,01;652
4,07;655
4,13;685
5,28;728
5,51;684
5,43;686
4,58;684
4,48;667
4,27;680
4,28;659
4,59;689
4,54;708
4,6;683
5,48;701
4,58;654
4,47;640
3,9;643
3,75;656
3,96;622
3,92;600
3,52;617
3,56;632
3,62;632
3,54;647
3,91;617
4,31;649
4,44;660
3,79;648
3,98;658
3,94;664
4,12;662
-0,13;595
-1,44;485
-1,89;454
-2,48;481
-1,9;473
-2,28;469
-0,83;430
-1,28;429
-2,07;449
-1,58;457
-1,12;456
-1,23;469
-0,54;463
-0,72;470
-1,01;463
-1,18;494
-0,98;453
5,58;673
6,1;608
5,22;653
5,25;656
5,02;666
5,27;674
5,26;672
5,43;647
5,51;648
4,77;685
4,68;687
4,82;675
4,85;674
4,88;678
4,93;661
5,38;636
5,38;629
5,38;629
5,01;655
5,2;611
5,12;645
5,44;642
5,45;653
5,43;673
6,27;1036
6,95;911
7,01;880
6,91;870
5,95;1038
6,12;988
6,59;909
6,51;874
6,33;876
6,12;987
5,62;741
5,93;712
5,33;731
5,38;697
4,1;643
2,48;638
2,73;634
3,2;598
4,14;732
4,59;658
5,03;672
4,79;696
4,12;829
4,41;767
4,52;752
4,53;780
5,47;731
5,69;743
5,89;742
5,47;801
5,65;600
5,56;621
5,43;604
5,14;638
5,3;637
5,5;624
5,97;659
5,81;645
5,92;662
6,03;658
6,08;641
6,41;597
6,04;645
5,94;647
6,07;645
6,02;647
6,55;607
6,34;628
6,12;650
6,1;637
6,25;632
6,63;593
6,18;642
6,67;591
6,61;597
3,91;711
3,96;708
5,1;689
4,78;692
5,33;682
5,35;666
5,37;655
5,26;655
4,98;676
5,02;667
4,98;665
4,91;664
5,02;641
5,15;633
5,08;642
5,02;650
5,22;641
5,02;697
4,92;700
5,1;689
4,23;628
4,31;630
4,12;640
3,94;650
4,57;637
4,57;637
4,57;637
4,57;637
4,57;637
4,57;637
6,62;2319
6,77;2271
6,86;2228
7,62;1449
11,44;795
11,17;759
8,38;630
9,43;604
9,43;604
10,65;551
11,36;483
8,74;438
6,9;451
8,42;474
8,28;674
6,13;514
6,93;468
5,31;539
3,33;619
7,25;589
10,28;727
11,41;840
12,94;1120
13,28;1219
14,09;1631
12,77;965
1,46;883
3,84;816
4,38;775
9,91;793
10,31;858
10,98;971
12,52;1150
12,8;1586
13,33;1822
5,74;631
5,74;631
5,11;693
6,51;819
5,36;681
6,15;634
3,57;636
2,1;621
1,95;634
3,63;1011
6,31;679
6,26;668
4,54;733
6,33;615
7;1368
7;1368
7;1368
6,88;1425
6,88;1425
6,88;1425
3,82;1407
4,21;1389
4,88;1253
4,13;1343
4,27;1386
3,93;1431
3,82;1389
4,38;1362
4,65;1300
5,93;1113
4,62;1347
4,78;1327
4,4;1408
5,54;1158
4,79;1310
6,16;1072
5,84;1170
5,13;1289
6,1;1102
4,63;1352
5,08;1293
6,16;1072
5,8;1176
7,95;630
7,95;630
7,95;630
7,95;630
7,95;630
7,95;630
7,95;630
7,95;630
7,92;630
7,92;630
7,92;630
7,92;630
7,92;630
7,92;630
7,92;630
7,92;630
7,92;630
7,92;630
7,92;630
7,92;630
2,31;897
2,31;897
2,32;897
9,6;651
6,77;669
6,77;669
6,77;669
7,21;619
7,21;619
7,21;619
6,86;644
6,86;644
6,86;644
6,97;625
6,97;625
6,97;625
6,92;626
6,92;626
6,92;626
6,83;653
6,83;653
6,83;653
7,09;626
7,09;626
7,09;626
7,06;628
7,06;628
7,06;628
6,66;663
6,68;662
6,76;674
6,64;690
6,67;693
7,59;667
7,49;670
7,59;667
7,54;631
8,61;559
0,48;1081
9,28;656
10,02;679
0,03;1073
10,92;457
4,92;606
8,35;654
8,6;698
2,1;1018
8,26;591
8,37;587
8,57;577
8,12;575
8,57;617
8,33;620
8,41;533
8,18;576
8,47;580
8,28;597
8,28;591
8,12;571
8,17;565
8,13;567
8,28;582
8,14;569
8,42;564
8,19;563
8,16;617
8,25;536
8,17;560
8,16;541
8,41;519
8,41;536
8,18;636
8,12;569
8,38;585
8,2;568
8,12;569
8,5;576
8,28;569
8,19;583
8,6;607
8,79;609
8,46;568
8,45;556
8,38;581
8,08;546
8,25;600
8,87;630
8,58;533
8,51;564
8,14;620
8,29;578
8,72;629
8,38;566
8,53;604
8,85;613
3,64;345
3,64;345
3,64;345
3,64;345
3,64;345
3,64;345
3,64;345
3,64;345
3,64;345
3,64;345
8,88;708
8,88;708
8,88;708
8,88;708
8,88;708
8,88;708
8,88;708
8,88;708
8,88;708
8,88;708
8,88;708
-1,63;469
-1,63;469
-1,63;469
-1,63;469
-1,63;469
-1,63;469
5,02;542
5,02;542
5,02;542
5,02;542
5,02;542
5,02;542
5,02;542
5,02;542
5,02;542
5,02;542
5,02;542
5,02;542
5,02;542
5,02;542
5,02;542
5,02;542
2,27;726
2,63;723
3,27;722
3,31;720
3,99;706
4,1;717
3,77;717
4,55;695
6,31;666
2,71;720
1,89;741
2,42;728
1,89;741
2,12;733
1,95;736
6,23;593
5,92;599
8,45;596
5,77;648
5,38;657
5,38;657
1,5;730
5,02;684
5,43;678
5,92;669
6,68;662
6,66;663
6,64;690
7,6;668
7,54;667
7,54;667
7,63;666
