"";"CLDE";"TAIG";"CLMX";"COCO";"TEDE";"COMX";"WAMX";"XERO";"TUND";"COST";"WAST";"CODE";"HODE";"AQUA";"ANTH"
"1";0,652630006915041;4,14070492965776;26,3245288852451;27,4872205261593;24,0122742451749;25,1749658860892;21,0342609564314;0,652630006915041;0;0;0;0;0;0;0
"2";0;2,66287609379578;25,939285210685;25,939285210685;21,294915666895;21,294915666895;18,6320395730992;0;0;0;0;0;0;0;0
"3";0;3,38867910363548;24,1483359259594;24,1483359259594;21,1182046036329;21,1182046036329;17,7295254999975;0;0;0;0;0;0;0;2,64362706237922
"4";0;3,41121146168976;23,9459897458911;23,9459897458911;21,1293740905596;21,1293740905596;17,7181626288699;0;0;0;0;0;0;0;2,66287609379578
"5";0;3,97212509593766;25,0527650643851;25,0527650643851;24,5468912165359;24,5468912165359;20,5747661205982;0;0;0;0;0;0;0;2,62466929133726
"6";0;4,3649320245506;25,8798092999584;25,8798092999584;24,6597540678092;24,6597540678092;20,2948220432586;0,743391941675029;0;0;0;0;0;0;2,53397960362332
"7";0;4,04334315303698;25,6888324923659;25,6888324923659;25,5116614881877;24,8655723359335;21,4683183351508;0,646089152254199;0;0;3,46608734279589;3,60290319970566;3,60290319970566;0;2,31072489519726
"8";0;3,69949652112338;25,0561568913268;25,0561568913268;23,8077532688158;23,8077532688158;20,1082567476924;0;0;0;2,07930984025102;1,38620656016734;1,38620656016734;0;2,41725821022538
"9";0;3,22042450938048;24,9091554535559;24,9091554535559;22,4480683453711;22,4480683453711;19,2276438359906;0,728647950008473;0;0;0;0;0;0;2,4994844829309
"10";0;2,40145586910568;23,1122815987974;23,1122815987974;24,0516944493944;23,3654920110369;23,7088458953612;2,05860731507248;0;0;3,60218380365852;0;0;0;2,40145586910568
"11";0;2,43326777794962;23,9009887670319;23,9009887670319;24,1752204843012;24,1752204843012;21,7419527063516;0;0;2,10021215335711;3,64990166692443;0;0;0;3,14343571889292
"12";0;3,28115184756946;26,4695255637731;26,4695255637731;24,3303279788575;24,3303279788575;21,049176131288;0;0;0;0;0;0;0;3,87572916955566
"13";0;3,78504037128336;27,7634100684861;27,7634100684861;27,3275793457783;27,3275793457783;23,542538974495;0,721393209883008;0;0;0;0;0;0;2,48259245671182
"14";0;4,15099617330216;30,4252019124904;30,4252019124904;27,5932330380182;27,5932330380182;23,4422368647161;0;0;0;2,03809866146027;0;0;0;2,3858557568109
"15";0,728647950008473;5,04357051026733;30,9044140918012;30,9044140918012;26,042541407101;26,042541407101;20,9989708968336;0;0;0;2,18594385002542;0;0;0;2,4994844829309
"16";0;4,87918554811182;32,4958531963571;32,4958531963571;25,9448126921377;25,9448126921377;21,0656271440259;0;0;0;0;0;0;0;1,51692955301728
"17";0;4,96655480858378;35,863093957468;35,863093957468;26,4680794427492;26,4680794427492;21,5015246341654;0;0;0;0;0;0;0;0
"18";0;4,87918554811182;36,7522991288095;36,7522991288095;25,6006658776248;25,6006658776248;20,721480329513;0;0;0;0;0;0;0;0
"19";0;4,79583152331272;38,6227067331228;38,6227067331228;27,9526583478851;27,2166782756911;23,1568268245724;0;0;0;0;0;0;0;0
"20";0;4,6152974848634;38,8304667382787;38,8304667382787;26,8523703816224;26,1661679432649;22,237072896759;0;0;0;0;1,37240487671498;1,37240487671498;0;0
"21";0;4,41648914230366;36,9436561059134;36,9436561059134;23,7981611702601;23,7981611702601;19,3816720279564;0;0;0;0;0;0;0;0
"22";0;3,87572916955566;34,3523713455019;34,3523713455019;22,5255312041785;22,5255312041785;18,6498020346228;0;0;0;0;0;0;0;0
"23";0;3,69949652112338;32,7302734704754;32,7302734704754;25,6645089492036;25,6645089492036;21,9650124280802;0;0;0;3,62588731533807;1,38620656016734;1,38620656016734;0;0
"24";0;3,85254529670422;33,5770254134798;33,5770254134798;22,7475378084608;22,7475378084608;18,8949925117566;0;0;0;0;0;0;0;1,48678388335006
"25";0;3,85254529670422;33,1780693473086;33,1780693473086;23,613235806464;23,613235806464;19,7606905097598;0;0;0;0;0;0;0;1,48678388335006
"26";0;3,57977859857488;34,1285333826639;34,1285333826639;28,4802536740951;28,4802536740951;24,9004750755202;0;0;0;0;0;0;0;0
"27";0;3,18138525193226;34,3881495951147;34,3881495951147;28,5826876033717;28,5826876033717;25,4013023514394;0;0;0;0;0;0;0;1,42842712113851
"28";0;2,53397960362332;33,1134354308443;33,1134354308443;27,6035626885922;27,6035626885922;25,0695830849689;0;0;0;0;0;0;0;0
"29";0;2,34022125321916;40,313203738616;40,313203738616;28,4738673746795;28,4738673746795;26,1336461214603;0;0;0;0;0;0;0;0
"30";0;2,32538328182848;40,5657721455957;40,5657721455957;29,3206612021914;29,3206612021914;26,9952779203629;0;0;0;0;0;0;0;0
"31";0,686202438357492;3,08765830746317;39,0531582427145;39,0531582427145;30,1660932090883;30,1660932090883;27,0784349016251;0;0;0;0;0;0;0;1,37240487671498
"32";0;2,46592945576472;39,6478035743286;39,6478035743286;30,7316456128214;30,7316456128214;28,2657161570567;0;0;0;0;0;0;0;0
"33";0;2,53397960362332;39,8727338396947;39,8727338396947;31,6520694204677;31,6520694204677;29,1180898168444;0;0;0;0;0;0;0;0
"34";0;3,20076521462972;40,3445393885829;40,3445393885829;33,156469095935;33,156469095935;29,9557038813052;0;0;0;0;0;0;0;0
"35";0;3,18138525193226;41,8354611341832;41,8354611341832;34,6235477102087;34,6235477102087;31,4421624582765;0;0;0;0;0;0;0;0
"36";0;3,18138525193226;42,49152719538;42,49152719538;35,2314750543164;35,2314750543164;32,0500898023841;0;0;0;0;0;0;0;0
"37";0;3,14343571889292;43,3531689908215;43,3531689908215;36,2780666840535;36,2780666840535;33,1346309651606;0;0;0;0;0;0;0;0
"38";0;3,10652304625174;42,968892366123;42,968892366123;36,2820820772407;36,2820820772407;33,1755590309889;0,686202438357492;0;0;0;0;0;0;0
"39";0;3,05299110987588;42,0832160819546;42,0832160819546;38,2037461906645;38,2037461906645;35,1507550807886;0,665880039057407;0;0;0;0;0;0;0
"40";0;2,60599477958204;43,1923104224008;43,1923104224008;39,5823064481262;39,5823064481262;36,9763116685441;0;0;0;0;0;0;0;0
"41";0;1,6790703107475;41,8147076350491;41,8147076350491;40,3551548764185;40,3551548764185;38,676084565671;0;0;0;0;0;0;0;0
"42";0;1,75022602518661;38,6301018662541;38,6301018662541;41,246577880042;41,246577880042;39,4963518548554;0;0;0;0;0;0;0;0
"43";0;0;33,276835147248;33,276835147248;39,1006120466032;39,1006120466032;39,1006120466032;0;0;0;0;0;0;0;0
"44";0;0;33,4345374640386;33,4345374640386;39,242365471607;39,242365471607;39,242365471607;0;0;0;0;0;0;0;0
"45";0;0;35,2241508289452;35,2241508289452;39,4905877736959;39,4905877736959;39,4905877736959;0;0;0;0;0;0;0;0
"46";0;0;35,5576207730175;35,5576207730175;38,9374066594696;38,9374066594696;38,9374066594696;0;0;0;2,12132034355964;0;0;0;0
"47";0,728647950008473;0,728647950008473;35,3538548959555;35,3538548959555;38,7930370165243;38,7930370165243;38,0643890665158;0;0;0;0;0;0;0;0
"48";0;0;35,6246062694445;35,6246062694445;37,4300654796338;37,4300654796338;37,4300654796338;0;0;0;0;0;0;0;0
"49";0;0;36,0280156112019;36,0280156112019;36,7978000111973;36,7978000111973;36,7978000111973;0;0;0;0;0;0;0;0
"50";0;0;36,6864856299072;36,6864856299072;35,1635046275115;35,1635046275115;35,1635046275115;0;0;0;0;0;0;0;0
"51";0;0;36,0004843300137;36,0004843300137;35,2029133921481;34,5028426743624;35,2029133921481;0;0;0;0;0;0;0;0
"52";0;0;36,3746808289923;36,3746808289923;31,1911595208873;31,1911595208873;31,1911595208873;0;0;0;0;0;0;0;0
"53";0;0;36,4357286019759;36,4357286019759;29,6145708267758;29,6145708267758;29,6145708267758;0;0;0;0;0;0;0;0
"54";0;2,18594385002542;39,3095352298184;39,3095352298184;31,6603929207231;31,6603929207231;29,4744490706977;0;0;0;0;0;0;0;0
"55";0;1,99764011717222;36,7630824118209;36,7630824118209;34,5934768354171;33,9275967963597;32,5958367182449;0;0;0;0;1,33176007811481;1,33176007811481;0;0
"56";0,721393209883008;0,721393209883008;34,2228621729148;34,2228621729148;28,3509370880383;28,3509370880383;27,6295438781553;0;0;0;0;1,44278641976602;1,44278641976602;0;0
"57";0,743391941675029;0,743391941675029;33,3845848082999;33,3845848082999;27,7719522424897;27,7719522424897;27,0285603008147;0;0;0;0;0;0;0;0
"58";0;0;29,6604316899694;29,6604316899694;25,6546575945446;25,6546575945446;25,6546575945446;0;0;0;0;0;0;0;0
"59";0;0;32,2557487985031;32,2557487985031;27,6392573325455;27,6392573325455;27,6392573325455;0;0;0;0;0;0;0;0
"60";0;0;29,728608295961;29,728608295961;25,936990532904;25,215597323021;25,936990532904;0;0;0;0;0;0;0;0
"61";0;0;29,2439094163259;29,2439094163259;28,9978403103885;28,338613915853;28,9978403103885;0;0;0;0;0;0;0;0
"62";0;0,721393209883008;30,3494871380451;30,3494871380451;24,3217512006469;24,3217512006469;23,6003579907639;0;0;0;0;0;0;0;0
"63";0;0,700070717785703;32,745440636309;32,745440636309;27,3623492423415;26,6622785245558;26,6622785245558;0;0;0;0;0;0;0;0
"64";0;0;29,8233958044312;29,8233958044312;23,6155372857618;23,6155372857618;23,6155372857618;0;0;0;0;0;0;0;1,50177200298053
"65";0;0;28,4567299336934;28,4567299336934;22,5338440220134;22,5338440220134;24,5924513370859;1,37240487671498;0;0;0;0;0;0;0
"66";0;0;30,1637349151593;30,1637349151593;21,5981956774722;21,5981956774722;21,5981956774722;0;0;0;0;0;0;0;0
"67";0;0;30,0256105853166;30,0256105853166;24,9807087505791;24,9807087505791;27,0393160656516;1,37240487671498;0;0;0;0;0;0;0
"68";0;0;29,4225009704033;29,4225009704033;21,9935579304217;21,9935579304217;21,9935579304217;0;0;0;0;0;0;0;0
"69";0;0;26,9840581073144;26,9840581073144;22,0522508929721;22,0522508929721;22,0522508929721;0;0;0;0;0;0;0;0
"70";0;0;26,3511199245415;26,3511199245415;21,2064088198551;21,2064088198551;23,2857186601061;1,38620656016734;0;0;0;0;0;0;0
"71";0;0;15,0689697956692;15,0689697956692;15,2215505312034;15,2215505312034;16,5937672500216;0,914811145878816;0;0;0;0;0;0;0
"72";0;0,665880039057407;4,66116027340184;4,66116027340184;1,99764011717222;1,99764011717222;1,33176007811481;0;0;0;0;1,33176007811481;1,33176007811481;0;0
"73";0;0;1,73205080756887;1,73205080756887;0,577350269189625;0,577350269189625;0,577350269189625;0;0;1,73205080756887;1,73205080756887;2,1602468994693;2,1602468994693;0;0
"74";0,626783170528009;1,76067658955569;3,64102610113972;3,64102610113972;4,26780927166773;4,26780927166773;2,50713268211204;0;0;0;0;3,52135317911138;3,52135317911138;0;0
"75";0;0;0;0;2,01777812740365;2,01777812740365;2,01777812740365;0;0;0;2,01777812740365;2,6903708365382;2,6903708365382;0;0
"76";0;0;0;0;0;0;0;0;0;0;0;1,54777401309248;1,54777401309248;0;0
"77";0;0;0;0;0;0;0;0;0;0;0;3,28115184756946;3,28115184756946;0;0
"78";0;0;0;0;0;0;0;0;0;3,27936537887067;1,76836609446907;6,46864747285012;6,46864747285012;0;0
"79";0;0;0;0;0;0;0;0;0;3,57878363521635;0;4,99230176602706;4,99230176602706;0;0
"80";0;0;0;0;0;0;0;0;0;2,10021215335711;0;5,07176224573152;5,07176224573152;0;0
"81";0;0;0;0;0;0;0;0;0;2,07930984025102;0;5,41964473186276;5,41964473186276;0;0
"82";0;0;0;0;0;0;0;0;0;2,10021215335711;0;5,44822616241578;5,44822616241578;0;0
"83";0;0;0;0;0;0;0;0;0;2,14264068170776;0;5,86205052551036;5,86205052551036;0;0
"84";0;0;0;0;0;0;0;0;0;0;0;6,2302749963876;6,2302749963876;0;0
"85";0;0;0;0;0;0;0;0;0;0;0;6,29814787589708;6,29814787589708;0;0
"86";0;0;0;0;0;0;0;0;0;0;0;6,65701055081666;6,65701055081666;0;0
"87";0;0;0;0;0;0;0;0;0;0;0;8,042189577387;8,042189577387;0;0
"88";0;0;0;0;0;0;0;0;0;0;2,16417962964902;9,33675847722334;9,33675847722334;0;0
"89";0;0;0;0;0;0;0;0;0;0;2,16417962964902;9,628306171226;9,628306171226;0;0
"90";0;0;0;0;0;0;0;0;0;0;2,16417962964902;9,90841612435012;9,90841612435012;0;0
"91";0;0;0;0;0;0;0;0;0;0;3,67423461417477;9,79795897113272;9,79795897113272;0;0
"92";0;0;0;0;0;0;0;0;0;2,01777812740365;3,5556795613296;10,4964215619533;10,4964215619533;0;0
"93";0;0;0;0;0;0;0;0;0;0;5,24205458431119;10,3275891154182;10,3275891154182;0;0
"94";0;0;0;0;0;0;0;0;0;0;3,5556795613296;10,4964215619533;10,4964215619533;0;0
"95";0;0;0;0;0;0;0;0;0;0;3,64990166692443;9,46783588941544;9,46783588941544;0;0
"96";0;0;0;0;0;0;0;0;0;0;3,72388868506773;9,33675847722334;9,33675847722334;0;0
"97";0;0;0;0;0;0;0;0;0;0;3,74922672439635;8,042189577387;8,042189577387;0;0
"98";0;0;0;0;0;0;0;0;0;0;3,80096940543498;6,33287163598748;6,33287163598748;0;0
"99";0;0;0;0;0;0;0;0;0;0;3,82739286854808;5,66061420620496;5,66061420620496;0;0
"100";0;0;0;0;0;0;0;0;0;2,14264068170776;4,77207787789839;5,50665345951898;5,50665345951898;0;0
"101";0;0;0;0;0;0;0;0;0;2,10021215335711;4,71515357833938;5,07176224573152;5,07176224573152;0;0
"102";0;0;0;0;0;0;0;0;0;2,01777812740365;4,60589684147244;4,56696210375594;4,56696210375594;0;0
"103";0;0;0;0;0;0;0;0;0;4,97242115677281;4,2426406871193;4,9844089694046;4,9844089694046;0;0
"104";0;0;1,82375627662299;1,82375627662299;0,607918758874329;0,607918758874329;0,607918758874329;0;0;3,33948707334576;3,33948707334576;4,12010723812514;4,12010723812514;0;0
"105";0;0;1,82375627662299;1,82375627662299;0,607918758874329;0,607918758874329;0,607918758874329;0;0;1,82375627662299;3,33948707334576;2,90426972037648;2,90426972037648;0;0
"106";0;0;0;0;0;0;0;0;0;2,16417962964902;0;3,20076521462972;3,20076521462972;0;0
"107";0;0;0;0;0;0;0;0;0;0;0;3,74165738677394;3,74165738677394;0;0
"108";0;0;0;0;0;0;0;0;0;0;0;4,02266307087956;4,02266307087956;0;0
"109";0;0;0;0;0;0;0;0;0;0;0;4,39051201395474;4,39051201395474;0;0
"110";0;0;0;0;0;0;0;0;0;0;0;4,39051201395474;4,39051201395474;0;0
"111";0;0;0;0;0;0;0;0;0;3,38071050813627;4,40383983697575;5,62711743747792;5,62711743747792;0;0
"112";0;0;0;0;0;0;0;0;0;3,57878363521635;3,57878363521635;4,59096101888516;4,59096101888516;0;0
"113";0;0;0;0;0;0;0;0;0;2,10021215335711;2,10021215335711;4,66501620979218;4,66501620979218;0;0
"114";0;0;0;0;0;0;0;0;0;0;0;4,63997971598;4,63997971598;0;0
"115";0;0;0;0;0;0;0;0;0;0;0;4,66501620979218;4,66501620979218;0;0
"116";0;0;0;0;0;0;0;0;0;0;0;4,6152974848634;4,6152974848634;0;0
"117";0;0;0;0;0;0;0;0;0;0;1,80516500344295;4,32315338293864;4,32315338293864;0;0
"118";0;0;0;0;0;0;0;0;0;0;0;1,42842712113851;1,42842712113851;0;0
"119";0;0;0;0;0;0;0;0;0;0;2,05860731507248;0;0;0;0
"120";0;0;0;0;0;0;0;0;0;0;5,25764749130799;4,20556324388056;4,20556324388056;0;0
"121";0;0;0;0;0;0;0;0;0;0;3,72388868506773;0;0;0;0
"122";0;0;0;0;0;0;0;0;0;0;0;1,4142135623731;1,4142135623731;0;0
"123";0;0;0;0;0;0;0;0;0;0;3,51033187982874;5,37583540377058;5,37583540377058;0;0
"124";0;0;0;0;0;0;0;0;0;0;2,23017582502509;3,26061021089128;3,26061021089128;0;0
"125";0;0;0;0;0;0;0;0;0;0;0;3,24037034920394;3,24037034920394;0;0
"126";0;0;0;0;0;0;0;0;0;0;3,83761289440098;5,28105201812674;5,28105201812674;0;0
"127";0;0;0;0;0;0;0;0;0;0;3,62588731533807;3,1248529377161;3,1248529377161;0;0
"128";0;0;0;0;0;0;0;0;0;0;0;3,07059789431496;3,07059789431496;0;0
"129";0;0;1,86134407617493;1,86134407617493;0,620448025391643;0,620448025391643;0,620448025391643;0;0;0;0;5,18970023007468;5,18970023007468;0;0
"130";0;0;0;0;0;0;0;0;0;0;0;3,22042450938048;3,22042450938048;0;0
"131";0;0;0;0;0;0;0;0;0;0;0;4,54357715446434;4,54357715446434;0;0
"132";0;0;0;0;1,9382674567626;1,9382674567626;1,9382674567626;0;0;1,9382674567626;0;5,31225355771684;5,31225355771684;0;0
"133";0;0;0;0;0;0;0;0;0;0;0;5,61176740295156;5,61176740295156;0;0
"134";0;0;0;0;0;0;0;0;0;0;0;4,89897948556636;4,89897948556636;0;0
"135";0;0;0;0;0;0;0;0;0;0;0;3,89435657690322;3,89435657690322;0;0
"136";0;0;0;0;0;0;0;0;0;0;0;2,48259245671182;2,48259245671182;0;0
"137";0;0;0;0;0;0;0;0;0;0;0;2,46592945576472;2,46592945576472;0;0
"138";0;0;0;0;0;0;0;0;0;0;0;2,48259245671182;2,48259245671182;0;0
"139";0;0;0;0;0;0;0;0;0;0;0;2,48259245671182;2,48259245671182;0;0
"140";0;0;0;0;0;0;0;0;0;0;0;2,48259245671182;2,48259245671182;0;0
"141";0;0;0;0;0;0;0;0;0;0;3,68496232930827;4,47997493727326;4,47997493727326;0;0
"142";0;0;0;0;0;0;0;0;0;0;2,18594385002542;3,22042450938048;3,22042450938048;0;0
"143";0;1,22474487139159;2,12132034355964;3,34606521495123;0,707106781186548;1,93185165257814;0,707106781186548;0;0;0;0;3,74165738677394;3,74165738677394;0;0
"144";0;0;0;0;0;0;0;0;0;1,80516500344295;0;6,53596872185374;6,53596872185374;0;0
"145";0;0;0;0;0;0;0;0;0;0;0;3,80720965548586;3,80720965548586;0;0
"146";0;0;0;0;0;0;0;0;0;0;0;3,72042795366552;3,72042795366552;0;0
"147";0;0;0;0;0;0;0;0;0;0;0;3,1248529377161;3,1248529377161;0;0
"148";0;0;0;0;0;0;0;0;0;0;0;3,85254529670422;3,85254529670422;0;0
"149";0;0;0;0;0;0;0;0;0;0;0;4,39051201395474;4,39051201395474;0;0
"150";0,626783170528009;0,626783170528009;0,626783170528009;0,626783170528009;0,626783170528009;0,626783170528009;0;0;0;0;0;3,98210281850468;3,98210281850468;0;0
"151";0;0;0;0;0;0;0;0;0;0;0;5,97513587408468;5,97513587408468;0;0
"152";0;0,700070717785703;0;0,700070717785703;0;0,700070717785703;0;0;0;0;0;7,0982839877418;7,0982839877418;0;0
"153";0;0;0;0;0;0;0;0;0;0;1,91880644720049;7,56461938702104;7,56461938702104;0;0
"154";0;0;0;0;0;0;0;0;0;2,05860731507248;0;7,27994798605302;7,27994798605302;0;0
"155";0;0;0;0;0;0;0;0;0;0;0;7,44776781823128;7,44776781823128;0;0
"156";0;0;0;0;0;0;0;0;0;0;0;6,81440704318976;6,81440704318976;0;0
"157";0;0;0;0;0;0;0;0;0;0;0;7,3124430017363;7,3124430017363;0;0
"158";0;0;0;0;0;0;0;0;0;0;0;6,3961151011291;6,3961151011291;0;0
"159";0;0;0;0;0;0;0;0;0;0;0;6,35274251346778;6,35274251346778;0;0
"160";0;0;0;0;0;0;0;0;0;0;0;4,90784642401728;4,90784642401728;0;0
"161";0;0;0;0;0;0;0;0;0;0;2,20794021658197;4,79583152331272;4,79583152331272;0;0
"162";0;0;0;0;0;0;0;0;0;0;2,16417962964902;5,15474815790534;5,15474815790534;0;0
"163";0;0;0;0;0;0;0;0;0;0;3,64990166692443;5,07176224573152;5,07176224573152;0;0
"164";0;0;0;0;0;0;0;0;0;0;3,57878363521635;4,99230176602706;4,99230176602706;0;0
"165";0;0;0;0;0;0;0;0;0;0;3,40168025708304;6,04939786436874;6,04939786436874;0;0
"166";0;0;0;0;0;0;0;0;0;0;3,74922672439635;5,18324023960334;5,18324023960334;0;0
"167";0;0;0;0;0;0;0;0;0;0;3,88139374339995;5,3324274592999;5,3324274592999;0;0
"168";0;0;0;0;0;0;0;0;0;0;4,08368345837865;5,97051579208442;5,97051579208442;0;0
"169";0;0;0;0;0;0;0;0;0;0;4,08368345837865;5,97051579208442;5,97051579208442;0;0
"170";0;0;0;0;0;0;0;0;0;0;4,0236370577394;6,27529364610356;6,27529364610356;0;0
"171";0;0;0;0;0;0;0;0;0;0;3,85419754419483;6,05885116332748;6,05885116332748;0;0
"172";0;0;0;0;0;0;0;0;0;0;3,67423461417477;6,16441400296898;6,16441400296898;0;0
"173";0;0;0;0;0;0;0;0;0;0;3,57878363521635;6,3488339329118;6,3488339329118;0;0
"174";0;0;0;0;0;0;0;0;0;0;3,35998120295493;7,27782416333242;7,27782416333242;0;0
"175";0;0;0;0;0;0;0;0;0;0;4,63265997689646;5,71098805946788;5,71098805946788;0;0
"176";0;0;0;0;0;0;0;0;0;0;5,51828381933004;5,39147115034928;5,39147115034928;0;0
"177";0;0;0;0;0;0;0;0;0;0;11,1548575234834;7,13923129891808;7,13923129891808;0;0
"178";0;0;0;0;0;0;0;0;0;0;7,174385775825;4,39051201395474;4,39051201395474;0;0
"179";0;0;0;0;0;0;0;0;0;0;2,10021215335711;0;0;0;0
"180";0;0;0;0;0;0;0;0;0;0;0;3,52135317911138;3,52135317911138;0;0
"181";0;0;0;0;0;0;0;0;0;0;0;0;0;0;0
"182";0;0;0;0;0;0;0;0;0;0;0;0;0;0;0
"183";0;0;0;0;0;0;0;0;0;0;2,01777812740365;3,7156384591555;3,7156384591555;0;0
"184";0;0;0;0;0;0;0;0;0;0;0;3,20076521462972;3,20076521462972;0;0
"185";0;0;0;0;0;0;0;0;0;0;0;3,26061021089128;3,26061021089128;0;0
"186";0;0;0;0;0;0;0;0;0;0;0;3,16227766016838;3,16227766016838;0;0
"187";0;0;0;0;0;0;0;0;0;0;0;2,4994844829309;2,4994844829309;0;0
"188";0;0;0;0;0;0;0;0;0;0;0;2,41725821022538;2,41725821022538;0;0
"189";0,620448025391643;0,620448025391643;0,620448025391643;0,620448025391643;0,620448025391643;0,620448025391643;0;0;0;0;3,38071050813627;4,50761401084836;4,50761401084836;0;0
"190";0;0;0;0;0;0;0;0;0;0;0;3,30200330200496;3,30200330200496;0;0
"191";0;0;3,96544059356883;3,96544059356883;1,32181353118961;1,32181353118961;1,32181353118961;0;0;0;0;3,99719002424048;3,99719002424048;0;0
"192";0;0;3,46608734279589;3,46608734279589;1,15536244759863;1,15536244759863;1,15536244759863;0;0;0;3,46608734279589;6,35406804823424;6,35406804823424;0;0
"193";0;0;0;0;0;0;0;0;0;0;4,71515357833938;3,14343571889292;3,14343571889292;0;0
"194";0;0;0;0;0;0;0;0;0;0;4,80114782194458;1,44278641976602;1,44278641976602;0;0
"195";0;0;0;0;0;0;0;0;0;0;4,55342122582713;0;0;0;0
"196";0;0;0;0;0;0;0;0;0;0;4,63265997689646;0;0;0;0
"197";0;0;0;0;0;0;0;0;0;0;3,60218380365852;1,37240487671498;1,37240487671498;0;0
"198";0;0;0;0;0;0;0;0;0;0;6,13827728781378;2,8887415229139;2,8887415229139;0;0
"199";0;0;0;0;0;0;0;0;0;0;4,77207787789839;2,46592945576472;2,46592945576472;0;0
"200";0;0;0;0;0;0;0;0;0;0;4,71515357833938;1,40014143557141;1,40014143557141;0;0
"201";0;0;0;0;0;0;0;0;0;0;6,30834486582084;2,26778683805536;2,26778683805536;0;0
"202";0;0;0;0;0;0;0;0;0;0;3,99431414069367;0;0;0;0
"203";0;0,80586927435926;0,80586927435926;0,80586927435926;0,80586927435926;0,80586927435926;0;0;0;0;0;1,61173854871852;1,61173854871852;0;0
"204";0;0;1,88034951158403;1,88034951158403;0,626783170528009;0,626783170528009;0,626783170528009;0;0;1,88034951158403;3,76069902316806;4,40778532015472;4,40778532015472;0;0
"205";0;0;0;0;0;0;0;0;0;0;2,10021215335711;4,66501620979218;4,66501620979218;0;0
"206";0;0;0;0;0;0;0;0;0;0;0;4,24264068711928;4,24264068711928;0;0
"207";0;0;0;0;0;0;0;0;0;0;0;4,21923929139126;4,21923929139126;0;0
"208";0;0;0;0;0;0;0;0;0;0;0;3,76319228337008;3,76319228337008;0;0
"209";0;0;0;0;0;0;1,99764011717222;1,33176007811481;0;0;0;3,05299110987588;3,05299110987588;0;0
"210";0,614160388218045;0,614160388218045;0,614160388218045;0,614160388218045;0,614160388218045;0,614160388218045;1,84248116465414;1,22832077643609;0;0;1,84248116465414;2,91998558035372;2,91998558035372;0;0
"211";0;0;0;0;0;0;0;0;0;0;0;3,26061021089128;3,26061021089128;0;0
"212";0;0,758464776508639;0,758464776508639;0,758464776508639;0,758464776508639;0,758464776508639;0;0;0;0;0;3,30200330200496;3,30200330200496;0;0
"213";0;0;0;0;1,9382674567626;1,9382674567626;1,9382674567626;0;0;1,9382674567626;0;3,00152866251958;3,00152866251958;0;0
"214";0;0;0;0;0;0;0;0;0;0;0;3,3665016461207;3,3665016461207;0;0
"215";0;0;0;0;0;0;0;0;0;0;0;2,64362706237922;2,64362706237922;0;0
"216";0;0;0;0;0;0;0;0;0;0;1,99764011717222;5,40823415706246;5,40823415706246;0;0
"217";0;0;0;0;0;0;0;0;0;0;0;4,05336724867926;4,05336724867926;0;0
"218";0;0,714213560569253;0,714213560569253;0,714213560569253;0,714213560569253;0,714213560569253;0;0;0;0;0;2,46592945576472;2,46592945576472;0;0
"219";0,583383351196948;0,583383351196948;0,583383351196948;0,583383351196948;0,583383351196948;0,583383351196948;0;0;0;1,75015005359084;3,5003001071817;4,34634976762352;4,34634976762352;0;0
"220";0;0;0;0;0;0;0;0;0;0;0;4,04334315303698;4,04334315303698;0;0
"221";0;0;0;0;0;0;0;0;0;0;1,75015005359084;6,81315459979176;6,81315459979176;0;0
"222";0;0;0;0;0;0;0;0;0;0;0;6,71156055214024;6,71156055214024;0;0
"223";0;0;0;0;0;0;0;0;0;0;2,10021215335711;4,86653555589926;4,86653555589926;0;0
"224";0;0;0;0;0;0;0;0;0;0;0;0;0;0;0
"225";0;0;0;0;0;0;0;0;0;0;1,9382674567626;2,31072489519726;2,31072489519726;0;0
"226";0;0;0;0;0;0;0;0;0;0;0;0;0;0;0
"227";0;1,50177200298053;0,750886001490266;1,50177200298053;0,750886001490266;1,50177200298053;0;0;0;0;0;0;0;0;0
"228";0,571354776817116;0,571354776817116;0,571354776817116;0,571354776817116;0,571354776817116;0,571354776817116;0;0;0;3,22118503936848;1,71406433045135;2,14745669291232;2,14745669291232;0;0
"229";0;0;0;0;0;0;0;0;0;0;0;0;0;0;0
"230";0;0;2,27539432952592;2,27539432952592;0,758464776508639;0,758464776508639;0,758464776508639;0;0;0;0;3,03385910603456;3,03385910603456;0;0
"231";0;0;0;0;0;0;0;0;0;1,91880644720049;1,91880644720049;6,52676634512004;6,52676634512004;0;0
"232";0;0;0;0;0;0;0;0;0;0;0;6,77306600462074;6,77306600462074;0;0
"233";0;0;0;0;0;0;0;0;0;0;0;5,97513587408468;5,97513587408468;0;0
"234";0;0;0;0;0;0;0;0;0;0;0;4,44287411871894;4,44287411871894;0;0
"235";0;0;0;0;0;0;0;0;0;0;0;4,85097051048726;4,85097051048726;0;0
"236";0;0;0;0;0;0;0;0;0;0;0;4,74234076362796;4,74234076362796;0;0
"237";0;0;0;0;0;0;0;0;0;0;4,37188770005085;4,76888540869218;4,76888540869218;0;0
"238";0;0;0;0;0;0;0;0;0;0;2,98878500747303;4,67767004126256;4,67767004126256;0;0
"239";0;0,693103280083672;0,693103280083672;0,693103280083672;0,693103280083672;0,693103280083672;0;0;0;0;0;3,1248529377161;3,1248529377161;0;0
"240";0;0;0;0;0;0;0;0;0;0;1,99764011717222;4,71048609437318;4,71048609437318;0;0
"241";0;0;0;0;0;0;0;0;0;0;0;0;0;0;0
"242";0;0;0;0;0;0;0;0;0;0;0;0;0;0;0
"243";0,659226394535546;0,659226394535546;0,659226394535546;0,659226394535546;0,659226394535546;0,659226394535546;0;0;0;0;1,97767918360664;3,65867404229026;3,65867404229026;0;0
"244";0;0;0;0;0;0;0;0;0;0;0;0;0;0;0
"245";0;0,707106781186548;0,707106781186548;0,707106781186548;0,707106781186548;0,707106781186548;0;0;0;0;0;1,4142135623731;1,4142135623731;0;0
"246";0;0;0;0;0;0;0;0;0;0;3,31922300837265;4,09218485854252;4,09218485854252;0;0
"247";0;0;0;0;0;0;0;0;0;0;0;3,1248529377161;3,1248529377161;0;0
"248";0;0;0;0;0;0;0;0;0;0;0;2,44948974278318;2,44948974278318;0;0
"249";0,601721667814315;0,601721667814315;0,601721667814315;0,601721667814315;0,601721667814315;0,601721667814315;0;0;0;0;1,80516500344295;4,42563067783018;4,42563067783018;0;0
"250";0;0;0;0;0;0;0;0;0;0;0;2,3858557568109;2,3858557568109;0;0
"251";0;0;0;0;0;0;0;0;0;0;0;3,5607441753893;3,5607441753893;0;0
"252";0,601721667814315;0,601721667814315;0,601721667814315;0,601721667814315;0,601721667814315;0,601721667814315;0;0;0;0;1,80516500344295;5,10746425134422;5,10746425134422;0;0
"253";0;0;0;0;0;0;0;0;0;0;0;3,74165738677394;3,74165738677394;0;0
"254";0;0;0;0;0;0;0;0;0;0;0;3,89926930017264;3,89926930017264;0;0
"255";0;0;0;0;0;0;0;0;0;1,86134407617493;1,86134407617493;5,7408246473925;5,7408246473925;0;0
"256";0;0;0;0;0;0;0;0;0;0;0;3,20076521462972;3,20076521462972;0;0
"257";0;0,707106781186548;0,707106781186548;0,707106781186548;0,707106781186548;0,707106781186548;0;0;0;0;0;3,16227766016838;3,16227766016838;0;0
"258";0;0;0;0;0;0;0;0;0;0;1,91880644720049;3,57544628728186;3,57544628728186;0;0
"259";0;0;0;0;0;0;0;0;0;0;0;1,56347191994114;1,56347191994114;0;0
"260";0;0,789680635205131;0;0,789680635205131;0;0,789680635205131;0;0;0;0;0;0;0;0;0
"261";1,10640766945755;1,10640766945755;1,10640766945755;1,10640766945755;1,10640766945755;1,10640766945755;0;0;0;3,61033000688589;1,80516500344295;3,41625867454372;3,41625867454372;0;0
"262";0;0;0;0;0;0;0;0;0;0;0;0;0;0;0
"263";0;1,48678388335006;0,743391941675029;1,48678388335006;0,743391941675029;1,48678388335006;0;0;0;0;0;0;0;0;0
"264";1,1667667023939;1,1667667023939;1,1667667023939;1,1667667023939;1,1667667023939;1,1667667023939;0;0;0;0;0;3,33994158620566;3,33994158620566;0;0
"265";0;0;0;0;0;0;0;0;0;0;0;0;0;0;0
"266";0;0;0;0;0;0;0;0;0;0;0;1,57936127041026;1,57936127041026;0;0
"267";0;0;0;0;0;0;0;0;0;0;1,78670302297491;6,08455797347036;6,08455797347036;0;0
"268";0;0;0;0;0;0;0;0;0;0;0;4,87918554811182;4,87918554811182;0;0
"269";0;0;0;0;0;0;0;0;0;0;0;4,93696530002252;4,93696530002252;0;0
"270";0,633167356155465;0,633167356155465;0,633167356155465;0,633167356155465;0,633167356155465;0,633167356155465;0;0;0;0;7,18461629925009;6,71156055214024;6,71156055214024;0;0
"271";0;0;0;0;0;0;0;0;0;0;3,96544059356883;5,4277688010179;5,4277688010179;0;0
"272";0;0;0;0;0;0;0;0;0;0;0;5,46060269733862;5,46060269733862;0;0
"273";0;0;0;0;0;0;0;0;0;0;1,95789002074512;6,82229580290584;6,82229580290584;0;0
"274";0;0;0;0;0;0;0;0;0;0;2,34520787991171;3,3665016461207;3,3665016461207;0;0
"275";0;0;0;0;0;0;2,29839263304862;1,53226175536575;0;0;0;0;0;0;0
"276";0;0;0;0;0;0;0;0;0;0;5,28511423078371;1,26633471231093;1,26633471231093;0;0
"277";0;0,583383351196948;0;0,583383351196948;0;0,583383351196948;0;0;0;0;3,25976232571764;0;0;0;0
"278";0,659226394535546;0,659226394535546;0,659226394535546;0,659226394535546;0,659226394535546;0,659226394535546;0;0;0;3,51033187982874;0;1,31845278907109;1,31845278907109;0;0
"279";0,721393209883008;0,721393209883008;0,721393209883008;0,721393209883008;0,721393209883008;0,721393209883008;0;0;0;0;0;0;0;0;0
"280";0;0,750886001490266;0;0,750886001490266;0;0,750886001490266;0;0;0;0;0;0;0;0;0
"281";0;1,21663388897481;0;1,21663388897481;0;1,21663388897481;0;0;0;0;0;1,40014143557141;1,40014143557141;0;0
"282";0,601721667814315;2,04609242927127;0,601721667814315;2,04609242927127;0,601721667814315;2,04609242927127;0;0;0;1,80516500344295;1,80516500344295;3,43410882883404;3,43410882883404;0;0
"283";0;1,45213486018824;0;1,45213486018824;0;1,45213486018824;0;0;0;1,82375627662299;0;1,21583751774866;1,21583751774866;0;0
"284";0;2,14685348351399;2,5843566090168;4,08512094027659;1,2921783045084;2,79294263576819;0,646089152254199;0;0;0;0;0;0;0;0
"285";0,639602149066831;1,78772314364093;0,639602149066831;1,78772314364093;0,639602149066831;1,78772314364093;0;0;0;1,91880644720049;0;0;0;0;0
"286";0;0;0;0;0;0;0;0;0;0;0;0;0;0;0
"287";0;1,24974224146545;0;1,24974224146545;0;1,24974224146545;0;0;0;0;0;0;0;0;0
"288";1,17762152359329;1,17762152359329;1,17762152359329;1,17762152359329;1,17762152359329;1,17762152359329;0;0;0;0;0;1,33176007811481;1,33176007811481;0;0
"289";0,766130877682874;0,766130877682874;0,766130877682874;0,766130877682874;0,766130877682874;0,766130877682874;0;0;0;0;0;0;0;0;0
"290";0;0;0;0;0;0;0;0;0;0;0;1,53226175536575;1,53226175536575;0;0
"291";0;0;0;0;0;0;0;0;0;0;0;4,14830635678982;4,14830635678982;0;0
"292";0;0;0;0;0;0;0;0;0;0;0;3,20076521462972;3,20076521462972;0;0
"293";0;0;0;0;0;0;0;0;0;0;0;2,34022125321916;2,34022125321916;0;0
"294";0,646089152254199;0,646089152254199;0,646089152254199;0,646089152254199;0,646089152254199;0,646089152254199;0;0;0;0;1,9382674567626;4,29370696702798;4,29370696702798;0;1,2921783045084
"295";0;0;0;0;0;0;0;0;0;0;0;3,45738172206846;3,45738172206846;0;0
"296";0;0;0;0;0;0;0;0;0;0;0;3,45738172206846;3,45738172206846;0;0
"297";0;0;0;0;0;0;0;0;0;0;0;4,7279136927516;4,7279136927516;0;0
"298";0;0;0;0;0;0;0;0;0;0;0;3,1248529377161;3,1248529377161;0;0
"299";0;0;0;0;0;0;0;0;0;0;0;2,43326777794962;2,43326777794962;0;0
"300";0,589455364823024;0,589455364823024;0,589455364823024;0,589455364823024;0,589455364823024;0,589455364823024;0;0;0;1,76836609446907;0;4,37248717182756;4,37248717182756;0;0
"301";0;0;0;0;0;0;0;0;0;0;0;1,50177200298053;1,50177200298053;0;0
"302";0;0;0;0;0;0;0;0;0;0;0;0;0;0;0
"303";0;0;0;0;0;0;0;0;0;0;1,91880644720049;4,5924839782964;4,5924839782964;0;0
"304";0;0;0;0;0;0;0;0;0;0;0;0;0;0;0
"305";0;1,22474487139159;2,12132034355964;3,34606521495123;0,707106781186548;1,93185165257814;0,707106781186548;0;0;0;0;0;0;0;0
"306";1,10716143882132;1,10716143882132;2,76790359705331;2,76790359705331;1,66074215823198;1,66074215823198;0,553580719410662;0;0;1,66074215823199;0;1,10716143882132;1,10716143882132;0;0
"307";0;0;0;0;0;0;0;0;0;1,95789002074512;0;0;0;0;0
"308";0;0;0;0;0;0;0;0;0;0;0;1,4142135623731;1,4142135623731;0;0
"309";1,35873244097352;1,35873244097352;1,35873244097352;1,35873244097352;1,35873244097352;1,35873244097352;0;0;0;0;0;2,71746488194704;2,71746488194704;0;0
"310";0;0;0;0;0;0;0;0;0;0;0;0;0;0;0
"311";0;0;0;0;0;0;0;0;0;0;0;1,62823916876412;1,62823916876412;0;0
"312";0,639602149066831;0,639602149066831;0,639602149066831;0,639602149066831;0,639602149066831;0,639602149066831;0;0;0;4,47721504346781;0;5,7309659514774;5,7309659514774;0;0
"313";0;0;0;0;0;0;0;0;0;3,64990166692443;0;3,72042795366552;3,72042795366552;0;0
"314";0;0;0;0;0;0;0;0;0;2,20794021658197;0;2,51661147842358;2,51661147842358;0;0
"315";0;0;0;0;0;0;0;0;0;0;0;0;0;0;0
"316";0;0;0;0;0;0;0;0;0;0;0;0;0;0;0
"317";0;0,721393209883008;0;0,721393209883008;0;0,721393209883008;0;0;0;0;0;0;0;0;0
"318";1,25356634105602;1,25356634105602;1,25356634105602;1,25356634105602;1,25356634105602;1,25356634105602;0;0;0;5,28202976866707;0;2,50713268211204;2,50713268211204;0;0
"319";0;0;0;0;0;0;0;0;0;0;0;0;0;0;0
"320";0;1,31233464566863;0;1,31233464566863;0;1,31233464566863;0;0;0;0;0;0;0;0;0
"321";0,679366220486758;0,679366220486758;0,679366220486758;0,679366220486758;0,679366220486758;0,679366220486758;0;0;0;0;4,07619732292056;2,3858557568109;2,3858557568109;0;0
"322";0;0;0;0;0;0;0;0;0;0;0;0;0;0;0
"323";0;0;0;0;2,18594385002542;2,18594385002542;2,18594385002542;0;0;0;0;2,9145918000339;2,9145918000339;0;0
"324";0;0;0;0;1,8995020684664;1,8995020684664;1,8995020684664;0;0;1,8995020684664;5,28511423078371;4,23463570965112;4,23463570965112;0;0
"325";0;0,721393209883008;0;0,721393209883008;0;0,721393209883008;0;0;0;0;4,80114782194458;1,44278641976602;1,44278641976602;0;0
"326";0;2,07549808665108;2,03809866146027;4,11359674811135;0,679366220486758;2,75486430713784;0,679366220486758;0;0;0;4,63265997689646;0;0;0;0
"327";0,607918758874329;1,72108111665625;0,607918758874329;1,72108111665625;0,607918758874329;1,72108111665625;0;0;0;3,33948707334576;4,35640458056472;2,43167503549732;2,43167503549732;0;0
"328";0;0;0;0;0;0;0;0;0;2,03809866146027;3,57878363521635;0;0;0;0
"329";0;1,20072793455284;0;1,20072793455284;0;1,20072793455284;0;0;0;0;3,60218380365852;0;0;0;0
"330";0;0;0;0;0;0;0;0;0;0;5,32239795005793;1,26633471231093;1,26633471231093;0;0
"331";0;0,766130877682874;0;0,766130877682874;0;0,766130877682874;0;0;0;0;3,88139374339995;0;0;0;0
"332";0;1,90173238519636;4,85172296058569;6,06035206569838;2,07930984025101;3,2879389453637;3,46551640041836;1,38620656016734;0;0;2,07930984025102;1,38620656016734;1,38620656016734;0;0
"333";0;1,76170474359457;0;1,76170474359457;0;1,76170474359457;0;0;0;1,8995020684664;0;4,78974419950006;4,78974419950006;0;0
"334";0;2,1320071635561;2,55840859626732;4,05081361075659;1,27920429813366;2,77160931262293;0,639602149066831;0;0;1,91880644720049;1,91880644720049;2,2962419891482;2,2962419891482;0;0
"335";0;1,15536244759863;0;1,15536244759863;0;1,15536244759863;0;0;0;1,9382674567626;0;2,31072489519726;2,31072489519726;0;0
"336";0;0;0;0;0;0;0;0;0;0;0;2,55159524569872;2,55159524569872;0;0
"337";0;0;0;0;0;0;0;0;0;0;0;2,53397960362332;2,53397960362332;0;0
"338";0;2,44754075210703;1,2921783045084;2,44754075210703;1,2921783045084;2,44754075210703;0;0;0;0;0;2,31072489519726;2,31072489519726;0;0
"339";0,652630006915041;0,652630006915041;0,652630006915041;0,652630006915041;2,61052002766016;2,61052002766016;1,95789002074512;0;0;0;1,95789002074512;2,32538328182848;2,32538328182848;0;0
"340";0;0;0;0;0;0;0;0;0;2,3931721056524;0;2,66287609379578;2,66287609379578;0;0
"341";0;1,30299738979102;2,32166101963872;3,62465840942974;0,77388700654624;2,07688439633726;0,77388700654624;0;0;2,32166101963872;0;3,34466936883352;3,34466936883352;0;0
"342";0,714213560569253;0,714213560569253;0,714213560569253;0,714213560569253;0,714213560569253;0,714213560569253;0;0;0;3,69889418364708;2,14264068170776;3,18138525193226;3,18138525193226;0;0
"343";0;0;0;0;0;0;0;0;0;2,36904190561539;0;3,99719002424048;3,99719002424048;0;0
"344";0;0;0;0;0;0;0;0;0;2,29839263304862;0;3,92317528894976;3,92317528894976;0;0
"345";0;0;0;0;0;0;0;0;0;0;1,97767918360664;4,9175180882894;4,9175180882894;0;0
"346";0;0;0;0;0;0;0;0;0;0;0;4,46967806201096;4,46967806201096;0;0
"347";0;0,721393209883008;0;0,721393209883008;0;0,721393209883008;0;0;0;0;0;4,74234076362796;4,74234076362796;0;0
"348";0;0;0;0;0;0;0;0;0;0;4,15861968050202;6,02618627614734;6,02618627614734;0;0
"349";0;0;0;0;0;0;0;0;0;0;0;5,18803071026014;5,18803071026014;0;0
"350";0;0;0;0;0;0;0;0;0;0;0;4,96655480858378;4,96655480858378;0;0
"351";0;0;0;0;0;0;0;0;0;2,12132034355964;2,12132034355964;7,1399055026066;7,1399055026066;0;0
"352";0;0,922687027843868;0;0,922687027843868;0;0,922687027843868;0;0;0;0;0;1,84537405568774;1,84537405568774;0;0
"353";0;2,33503339427533;0;2,33503339427533;2,49284690951645;4,82788030379178;2,49284690951645;0;0;0;0;0;0;0;0
"354";0;0,714213560569253;0;0,714213560569253;2,14264068170776;2,85685424227701;2,14264068170776;0;0;4,77207787789839;2,14264068170776;1,42842712113851;1,42842712113851;0;0
"355";0;0;0;0;0;0;0;0;0;2,41760782307778;0;0;0;0;0
"356";0;0;0;0;0;0;0;0;0;0;0;0;0;0;0
"357";0;0;0;0;1,9382674567626;1,9382674567626;1,9382674567626;0;0;0;0;7,1214883507786;7,1214883507786;0;0
"358";0;0;0;0;0;0;0;0;0;0;0;6,38652490032754;6,38652490032754;0;0
"359";0;0;0;0;0;0;0;0;0;0;0;5,3775011725362;5,3775011725362;0;0
"360";0;0;0;0;0;0;0;0;0;0;0;3,87572916955566;3,87572916955566;0;0
"361";0;0;0;0;0;0;0;0;0;0;0;3,87572916955566;3,87572916955566;0;0
"362";0;0;0;0;0;0;0;0;0;0;0;3,85254529670422;3,85254529670422;0;0
"363";0;0,693103280083672;0,693103280083672;0,693103280083672;0,693103280083672;0,693103280083672;0;0;0;0;0;3,69949652112338;3,69949652112338;0;0
"364";0;0;0;0;0;0;0;0;0;0;1,91880644720049;4,82116061427514;4,82116061427514;0;0
"365";0;0;0;0;0;0;0;0;0;0;2,16417962964902;3,78504037128336;3,78504037128336;0;0
"366";0;1,93185165257814;1,22474487139159;1,93185165257814;1,22474487139159;1,93185165257814;0;0;0;0;0;3,74165738677394;3,74165738677394;0;0
"367";0;1,97839019147392;1,24974224146545;1,97839019147392;1,24974224146545;1,97839019147392;0;0;0;0;2,18594385002542;5,7199089923114;5,7199089923114;0;0
"368";0;0;0;0;0;0;0;0;0;0;2,07930984025102;3,1248529377161;3,1248529377161;0;0
"369";0;0;0;0;2,01777812740365;2,01777812740365;2,01777812740365;0;0;0;0;3,63841933236058;3,63841933236058;0;0
"370";0;0;0;0;0;0;0;0;0;0;0;1,64495664165994;1,64495664165994;0;0
"371";0;1,30299738979102;1,30299738979102;1,30299738979102;1,30299738979102;1,30299738979102;0;0;0;0;0;3,94745710330304;3,94745710330304;0;0
"372";0;0;0;0;0;0;0;0;0;2,32166101963872;2,32166101963872;7,30666584788458;7,30666584788458;0;0
"373";0;0;0;0;0;0;0;0;0;0;0;5,7829955883334;5,7829955883334;0;0
"374";0;0;0;0;0;0;0;0;0;0;0;6,9589432720207;6,9589432720207;0;0
"375";0;0;0;0;0;0;0;0;0;4,40383983697575;0;7,32211461134512;7,32211461134512;0;0
"376";0;0;0;0;0;0;0;0;0;3,60218380365852;0;6,57488080890696;6,57488080890696;0;0
"377";0;0;0;0;0;0;0;0;0;3,64990166692443;0;5,12056938923694;5,12056938923694;0;0
"378";0;0;0;0;0;0;0;0;0;3,74922672439635;0;4,67772040939744;4,67772040939744;0;0
"379";0;0;0;0;0;0;0;0;0;2,16417962964902;0;3,92537887647784;3,92537887647784;0;0
"380";0;0;0;0;0;0;0;0;0;2,20794021658197;0;1,47196014438798;1,47196014438798;0;0
"381";0;0;0;0;0;0;0;0;0;2,23017582502509;0;1,48678388335006;1,48678388335006;0;0
"382";0;0;0;0;0;0;0;0;0;0;0;0;0;0;0
"383";0;0;0;0;0;0;0;0;0;0;0;0;0;0;0
"384";0;0;0;0;0;0;0;0;0;0;0;0;0;0;0
"385";0;0;0;0;0;0;0;0;0;0;0;0;0;0;0
"386";0;0;0;0;0;0;0;0;0;0;0;0;0;0;0
"387";0;0;0;0;0;0;0;0;0;0;0;0;0;0;0
"388";0;0;0;0;0;0;0;0;0;0;0;0;0;0;0
"389";0;0;0;0;0;0;0;0;0;0;0;1,22832077643609;1,22832077643609;0;0
"390";0;0;0;0;0;0;0;0;0;0;0;1,31845278907109;1,31845278907109;0;0
"391";0;0;0;0;0;0;0;0;0;0;0;0;0;0;0
"392";0;0;0;0;0;0;0;0;0;0;0;0;0;0;0
"393";0;0,77388700654624;0;0,77388700654624;0;0,77388700654624;0;0;0;0;0;2,60599477958204;2,60599477958204;0;0
"394";0;0,672592709134549;0;0,672592709134549;0;0,672592709134549;0;0;0;2,01777812740365;2,01777812740365;4,41578331258406;4,41578331258406;0;0
"395";0;0;0;0;0;0;0;0;0;0;0;3,76319228337008;3,76319228337008;0;0
"396";0;0;0;0;0;0;0;0;0;0;0;3,89926930017264;3,89926930017264;0;0
"397";0;0,766130877682874;0,766130877682874;0,766130877682874;0,766130877682874;0,766130877682874;0;0;0;0;0;3,92317528894976;3,92317528894976;0;0
"398";0;0,700070717785703;0,700070717785703;0,700070717785703;0,700070717785703;0,700070717785703;0;0;0;0;0;5,61938072696266;5,61938072696266;0;0
"399";0;0,614160388218045;0,614160388218045;0,614160388218045;0,614160388218045;0,614160388218045;0;0;0;0;0;5,59325280098668;5,59325280098668;0;0
"400";0;0,679366220486758;0,679366220486758;0,679366220486758;0,679366220486758;0,679366220486758;0;0;0;0;0;6,35103420700058;6,35103420700058;0;0
"401";0;0;2,03809866146027;2,03809866146027;0,679366220486758;0,679366220486758;0,679366220486758;0;0;0;0;4,59096101888516;4,59096101888516;0;0
"402";0,758464776508639;0,758464776508639;0,758464776508639;0,758464776508639;0,758464776508639;0,758464776508639;0;0;0;0;2,27539432952592;5,93341869532092;5,93341869532092;0;0
"403";0;0;0;0;0;0;0;0;0;0;0;5,7588918347921;5,7588918347921;0;0
"404";0;0;0;0;0;0;0;0;0;0;0;7,3970714892167;7,3970714892167;0;0
"405";0;0,559471295136132;0,559471295136132;0,559471295136132;0,559471295136132;0,559471295136132;0;0;0;0;1,6784138854084;7,93367721375044;7,93367721375044;0;0
"406";0,693103280083672;0,693103280083672;0,693103280083672;0,693103280083672;0,693103280083672;0,693103280083672;0;0;0;0;0;9,46960203550166;9,46960203550166;0;0
"407";0,659226394535546;2,48856341568067;3,80701620475176;4,46624259928731;2,48856341568067;3,14778981021622;0,659226394535546;0;0;0;0;9,36819838333022;9,36819838333022;0;0
"408";0,686202438357492;0,686202438357492;0,686202438357492;0,686202438357492;0,686202438357492;0,686202438357492;0;0;0;0;0;8,69726857874594;8,69726857874594;0;0
"409";0;0;0;0;0;0;0;0;0;0;0;8,35551337253508;8,35551337253508;0;0
"410";0;0;0;0;0;0;0;0;0;0;0;7,77551413184368;7,77551413184368;0;0
"411";0;0;0;0;0;0;0;0;0;0;2,05860731507248;7,41986856829828;7,41986856829828;0;0
"412";0;0;0;0;0;0;0;0;0;0;0;7,68272472253424;7,68272472253424;0;0
"413";0;0;0;0;0;0;0;0;0;0;0;8,16285253932864;8,16285253932864;0;0
"414";0;0;0;0;0;0;0;0;0;0;0;8,21220945190368;8,21220945190368;0;0
"415";0;0;0;0;0;0;0;0;0;0;0;8,37620712663648;8,37620712663648;0;0
"416";0;0,665880039057407;0,665880039057407;0,665880039057407;0,665880039057407;0,665880039057407;0;0;0;0;0;8,0087609034371;8,0087609034371;0;0
"417";0;0;0;0;0;0;0;0;0;1,91880644720049;0;8,15829251465856;8,15829251465856;0;0
"418";0;0;0;0;0;0;0;0;0;0;0;9,17570350627356;9,17570350627356;0;0
"419";0;0,679366220486758;0,679366220486758;0,679366220486758;0,679366220486758;0,679366220486758;0;0;0;0;0;9,12677903284084;9,12677903284084;0;0
"420";0;0;0;0;0;0;0;0;0;0;0;9,59655707141;9,59655707141;0;0
"421";0;0;0;0;0;0;0;0;0;0;0;8,37620712663648;8,37620712663648;0;0
"422";0;0;0;0;0;0;0;0;0;0;0;5,7256098972644;5,7256098972644;0;0
"423";0;0;0;0;0;0;0;0;0;0;0;5,30165322156404;5,30165322156404;0;0
"424";0;0;0;0;0;0;0;0;0;0;0;5,15474815790534;5,15474815790534;0;0
"425";0;0;0;0;0;0;0;0;0;0;0;5,76636522772174;5,76636522772174;0;0
"426";0,413691841347294;0,827383682694588;0,827383682694588;0,827383682694588;0,827383682694588;0,827383682694588;0;0;0;0;2,48215104808377;3,75597957267282;3,75597957267282;0;0
"427";0;0,686202438357492;0,686202438357492;0,686202438357492;1,37240487671498;0,686202438357492;0,686202438357492;0;0;0;0;6,39081757590758;6,39081757590758;0;0
"428";0;0;0;0;0;0;2,18594385002542;1,45729590001695;0;0;0;4,31492256025886;4,31492256025886;0;0
"429";0,652630006915041;1,30526001383008;1,30526001383008;1,30526001383008;1,30526001383008;1,30526001383008;0;0;0;0;0;3,63064329565856;3,63064329565856;0;0
"430";0;0;0;0;0;0;0;0;0;0;0;0;0;0;0
"431";0;0,639602149066831;0,639602149066831;0,639602149066831;0,639602149066831;0,639602149066831;1,91880644720049;1,27920429813366;0;1,91880644720049;0;0;0;0;0
"432";0,721393209883008;0,721393209883008;0,721393209883008;0,721393209883008;0,721393209883008;0,721393209883008;0;0;0;2,16417962964902;2,16417962964902;2,88557283953204;2,88557283953204;0;0
"433";0;0;0;0;0;0;0;0;0;0;0;0;0;0;0
"434";0;0;0;0;0;0;0;0;0;0;0;0;0;0;0
"435";0,693103280083672;0,693103280083672;0,693103280083672;0,693103280083672;0,693103280083672;0,693103280083672;0;0;0;2,07930984025102;2,07930984025102;6,02618627614734;6,02618627614734;0;0
"436";0;0;0;0;0;0;0;0;0;0;0;4,90784642401728;4,90784642401728;0;0
"437";0;0;0;0;0;0;0;0;0;0;0;4,87918554811182;4,87918554811182;0;0
"438";0;0;0;0;0;0;0;0;0;0;0;4,96655480858378;4,96655480858378;0;0
"439";0;0;0;0;0;0;0;0;0;0;0;4,99662807649634;4,99662807649634;0;0
"440";0;0;0;0;0;0;0;0;0;0;0;5,02719875007218;5,02719875007218;0;0
"441";0;0;0;0;0;0;0;0;0;0;0;6,53002672852492;6,53002672852492;0;0
"442";0;0;0;0;0;0;0;0;0;0;0;7,49544225295058;7,49544225295058;0;0
"443";0;1,94717828845161;0,714213560569253;1,94717828845161;0,714213560569253;1,94717828845161;0;0;0;0;0;7,89757272089746;7,89757272089746;0;0
"444";0,728647950008473;0,728647950008473;0,728647950008473;0,728647950008473;0,728647950008473;0,728647950008473;0;0;0;0;0;7,53534706963936;7,53534706963936;0;0
"445";0;0;0;0;0;0;0;0;0;0;0;5,05828102190376;5,05828102190376;0;0
"446";0;0;0;0;0;0;0;0;0;0;2,2526580044708;5,2713597906568;5,2713597906568;0;0
"447";0;0;0;0;0;0;0;0;0;0;3,8765349135252;6,52264655937216;6,52264655937216;0;0
"448";0;0;0;0;0;0;0;0;0;0;0;5,92565625579612;5,92565625579612;0;0
"449";0;1,37240487671498;0,686202438357492;1,37240487671498;0,686202438357492;1,37240487671498;0;0;0;0;0;6,06918046002182;6,06918046002182;0;0
"450";0;0;0;0;0;0;0;0;0;0;2,07930984025102;9,12984515784934;9,12984515784934;0;0
"451";0;0;0;0;0;0;0;0;0;0;0;10,1783373716579;10,1783373716579;0;0
"452";0;0;0;0;0;0;0;0;0;0;0;7,89495426078096;7,89495426078096;0;0
"453";0;0;0;0;0;0;0;0;0;1,8995020684664;0;5,6959646767235;5,6959646767235;0;0
"454";0;0;0;0;0;0;0;0;0;0;0;4,74234076362796;4,74234076362796;0;0
"455";0;0;0;0;0;0;0;0;0;0;0;4,85097051048726;4,85097051048726;0;0
"456";0;0;0;0;0;0;0;0;0;0;0;4,90784642401728;4,90784642401728;0;0
"457";0;0;0;0;0;0;0;0;0;0;0;4,44287411871894;4,44287411871894;0;0
"458";0;1,20072793455284;1,20072793455284;1,20072793455284;1,20072793455284;1,20072793455284;0;0;0;0;0;5,05126075626834;5,05126075626834;0;0
"459";0;0;1,95789002074512;1,95789002074512;0,652630006915041;0,652630006915041;0,652630006915041;0;0;3,48807492274272;1,95789002074512;6,38968131697778;6,38968131697778;0;0
"460";0;0;0;0;0;0;0;0;0;0;0;5,41619885318992;5,41619885318992;0;0
"461";0;0;0;0;0;0;0;0;0;0;0;5,49523111639552;5,49523111639552;0;0
"462";0;0;0;0;0;0;0;0;0;0;0;3,99719002424048;3,99719002424048;0;0
"463";0;1,30299738979102;1,30299738979102;1,30299738979102;1,30299738979102;1,30299738979102;0;0;0;0;0;3,34466936883352;3,34466936883352;0;0
"464";0;1,1852265204432;1,1852265204432;1,1852265204432;1,1852265204432;1,1852265204432;0;0;0;0;2,01777812740365;3,07059789431496;3,07059789431496;0;0
"465";0;0;0;0;0;0;0;0;0;1,82375627662299;3,33948707334576;3,4421622333125;3,4421622333125;0;0
"466";0;0;0;0;0;0;0;0;0;0;1,95789002074512;0;0;0;0
"467";0,659226394535546;1,82933702114513;0,659226394535546;1,82933702114513;0,659226394535546;1,82933702114513;0;0;0;0;0;0;0;0;0
"468";1,21663388897481;1,21663388897481;1,21663388897481;1,21663388897481;1,21663388897481;1,21663388897481;0;0;0;2,10021215335711;0;1,40014143557141;1,40014143557141;0;0
"469";1,62018517460197;1,62018517460197;1,62018517460197;1,62018517460197;1,62018517460197;1,62018517460197;0;0;0;0;0;0;0;0;0
"470";1,20862910511269;1,20862910511269;1,20862910511269;1,20862910511269;1,20862910511269;1,20862910511269;0;0;0;0;2,07930984025102;0;0;0;0
"471";1,1481209945741;1,1481209945741;1,1481209945741;1,1481209945741;1,1481209945741;1,1481209945741;0;0;0;3,83761289440098;3,4443629837223;2,55840859626732;2,55840859626732;0;1,27920429813366
"472";0,700070717785703;0,700070717785703;0,700070717785703;0,700070717785703;0,700070717785703;0,700070717785703;0;0;0;0;0;0;0;0;0
"473";0;0,659226394535546;0;0,659226394535546;0;0,659226394535546;0;0;0;0;0;0;0;0;0
"474";0,758464776508639;0,758464776508639;0,758464776508639;0,758464776508639;3,03385910603456;3,03385910603456;2,27539432952592;0;0;2,27539432952592;0;1,51692955301728;1,51692955301728;0;0
"475";0;0;0;0;0;0;0;0;0;0;0;0;0;0;0
"476";0;1,26698980181166;0;1,26698980181166;0;1,26698980181166;0;0;0;0;0;0;0;0;0
"477";1,04880884817015;1,04880884817015;1,04880884817015;1,04880884817015;1,04880884817015;1,04880884817015;0;0;0;1,6431676725155;3,28633534503099;1,09544511501033;1,09544511501033;0;0
"478";1,1481209945741;1,1481209945741;1,1481209945741;1,1481209945741;1,1481209945741;1,1481209945741;0;0;0;0;0;0;0;0;0
"479";1,54421999229882;1,54421999229882;1,54421999229882;1,54421999229882;1,54421999229882;1,54421999229882;0;0;0;0;0;0;0;0;0
"480";2,64695866709531;2,64695866709531;2,64695866709531;2,64695866709531;2,64695866709531;2,64695866709531;0;0;0;0;2,57120810342359;0;0;0;0
"481";1,72869086103423;1,72869086103423;4,17104961418041;4,17104961418041;2,54281044541629;2,54281044541629;0,814119584382061;0;0;0;4,88471750629236;1,62823916876412;1,62823916876412;0;0
"482";1,46794661232525;1,46794661232525;1,46794661232525;1,46794661232525;1,46794661232525;1,46794661232525;0;0;0;1,86134407617493;0;4,50761401084836;4,50761401084836;0;0
"483";1,1481209945741;1,1481209945741;3,06692744177459;3,06692744177459;1,78772314364093;1,78772314364093;0,639602149066831;0;0;1,91880644720049;1,91880644720049;3,57544628728186;3,57544628728186;0;0
"484";0;0;0;0;0;0;0;0;0;0;2,18594385002542;2,4994844829309;2,4994844829309;0;0
"485";0;0,700070717785703;0,700070717785703;0,700070717785703;0,700070717785703;0,700070717785703;0;0;0;2,10021215335711;0;3,72042795366552;3,72042795366552;0;0
"486";1,06066017177982;2,09143657818424;1,06066017177982;2,09143657818424;1,06066017177982;2,09143657818424;0;0;0;3,18198051533946;3,09232921921326;3,24037034920394;3,24037034920394;0;0
"487";0,721393209883008;4,12686906788794;2,88557283953203;4,12686906788794;2,88557283953203;4,12686906788794;0;0;0;0;0;3,92537887647784;3,92537887647784;0;0
"488";1,96268943823892;1,96268943823892;6,29104869753698;6,29104869753698;3,40547585800494;3,40547585800494;1,44278641976602;0;0;0;2,16417962964902;1,44278641976602;1,44278641976602;0;0
"489";1,21663388897481;2,43326777794962;1,21663388897481;2,43326777794962;1,21663388897481;2,43326777794962;0;0;0;2,10021215335711;2,10021215335711;1,40014143557141;1,40014143557141;0;0
"490";1,14096529386384;3,14209110312834;1,14096529386384;3,14209110312834;1,14096529386384;3,14209110312834;0;0;0;1,8995020684664;5,32239795005793;0;0;0;0
"491";1,78037208769465;3,28113641895444;1,78037208769465;3,28113641895444;1,78037208769465;3,28113641895444;0;0;0;5,34111626308395;1,9382674567626;0;0;0;0
"492";3,35600397165834;4,42340467537512;3,35600397165834;4,42340467537512;3,35600397165834;4,42340467537512;0;0;0;3,20220211115034;1,6961866584571;0;0;0;0
"493";1,75254916376933;2,88644258279701;1,75254916376933;2,88644258279701;3,63289867535336;4,76679209438104;1,88034951158403;0;0;1,88034951158403;1,88034951158403;0;0;0;0
"494";0,750886001490266;0,750886001490266;0,750886001490266;0,750886001490266;0,750886001490266;0,750886001490266;0;0;0;2,2526580044708;2,2526580044708;0;0;0;0
"495";1,19113534864994;2,29086336475288;1,19113534864994;2,29086336475288;1,19113534864994;2,29086336475288;0;0;0;1,78670302297491;1,78670302297491;2,19945603220588;2,19945603220588;0;0
"496";0;0;0;0;1,86134407617493;1,86134407617493;1,86134407617493;0;0;6,57933208004196;1,86134407617493;2,9358932246505;2,9358932246505;0;0
"497";0;0;0;0;0;0;0;0;0;6,36396103067892;4,74341649025257;1,4142135623731;1,4142135623731;0;0
"498";1,65892510992064;2,21839640505677;3,33733899532904;3,89681029046517;2,21839640505677;2,7778677001929;0,559471295136132;0;0;4,17746568055263;3,18341739981792;0;0;0;0
"499";0,646089152254199;2,88318261386087;2,5843566090168;4,82145007062347;4,75826564730429;6,99535910891096;4,11217649505009;0;0;1,9382674567626;0;0;0;0;0
"500";0,583383351196948;2,7145841410623;8,34854871184821;10,4797495017136;7,43663705821693;9,56783784808228;8,60340376061082;1,1667667023939;0;0;1,75015005359084;0;0;0;0
"501";0,547722557505166;2,62136669283794;3,69414910201562;5,76779323734839;5,73174603130238;7,80539016663515;5,18402347379721;0;0;1,6431676725155;0;1,09544511501033;1,09544511501033;0;0
"502";1,14270955363423;2,21643790009039;6,07795892345404;7,1516872699102;9,52700039991019;10,6007287463664;8,38429084627596;0;0;1,71406433045135;0;1,14270955363423;1,14270955363423;0;0
"503";0,693103280083672;2,59483566528003;1,38620656016734;2,59483566528003;3,46551640041836;4,67414550553105;2,07930984025102;0;0;2,07930984025102;0;0;0;0;0
"504";0,541895556035288;1,62568666810586;3,25137333621173;3,25137333621173;2,16758222414115;2,16758222414115;0,541895556035288;0;0;1,62568666810586;1,62568666810586;2,16758222414116;2,16758222414116;0;0
"505";1,20344333562863;1,20344333562863;1,20344333562863;1,20344333562863;1,20344333562863;1,20344333562863;0;0;0;1,80516500344295;1,80516500344295;0;0;0;0
